Record,County,Year,Month,Population (000s),Avg. Household Size,Avg. Age,% Female,% White,% Democrats,Avg. Education (Yrs.),Avg. Income (000s),% Home Owners,Unemployment Rate,Avg. Commute (mins),Rainfall (Inches),Num. Starbucks,Num. Microbreweries,Avg. Worker Hours (per day)*,Avg. Employee Wage (000s)*,Log of Help Desk Employees*,Log of Complaints (per day)*
2,1,,1,56.58272286,2,32,0.469285187,0.003451161,,17.1748584,70.7944295,0.353454,0.028272214,47,3.714164783,0,2,11.98603245,113.4668659,7.972064894,3.303124998
3,1,3,1,274.5125455,8,19,0.577322653,0.009758953,0.454849581,15.07224771,192.3583502,0.512114636,0.025857951,10,3.716792465,2,2,8.484582062,141.3169016,8.969164125,4.916081387
5,1,,1,274.6786373,8,25,0.507274082,0.902224748,0.528014,16.14215015,109.6699679,0.583297126,0.155056921,24,9.762991522,5,10,9.412305639,38.97356754,6.824611277,4.036795042
6,1,6,1,189.3409271,3,43,0.570740133,0.867857622,0.351395474,12.35768193,10.45699307,0.236907583,0.163909547,61,9.472002596,1,1,11.53204551,35.78036908,7.064091029,3.685967199
8,1,8,1,139.135211,6,60,0.518991075,0.330099374,0.202731532,,63.01239898,0.667707344,0.042504902,7,3.542436829,2,5,13.11514011,59.54861964,8.230280214,3.155028663
9,1,9,1,261.5238337,2,63,0.546002879,0.109700959,0.042541148,15.87344497,,0.307715542,0.121448616,17,9.445857919,5,5,7.263024983,55.95900707,6.526049965,4.211441932
10,1,10,1,25.41036688,4,57,0.436406203,0.081121189,0.851125043,14.32805182,100.887489,0.586253792,0.108025685,,3.043803465,0,1,8.071139902,112.1261612,8.142279803,2.772795613
11,1,11,1,144.8484295,8,61,0.439791434,0.059327334,0.02607928,17.75428152,163.0306318,0.257990382,0.194332687,53,9.057229651,1,4,11.30793418,90.42031094,8.615868356,3.242006467
12,1,1,2,149.5684303,7,72,0.423390373,0.142238277,0.469076158,16.81049311,9.272887329,0.496458853,0.100698767,60,2.006988709,1,1,11.89471839,155.0988249,9.789436787,4.271907477
14,1,3,2,53.31230061,8,52,0.498659617,0.672740502,0.53797159,15.47543012,51.91924748,0.309582152,0.141122357,25,9.472268905,0,1,,88.70547221,10.52825569,2.993609929
19,1,8,2,165.7327431,8,67,0.482286653,0.000689823,0.240121855,16.51163761,171.3038867,0.347925428,0.08933883,17,,1,3,12.173132,68.54328817,8.346264007,3.97558421
21,1,10,2,144.3653666,6,60,0.500097483,0.055994504,0.0578289,16.07453698,121.2629312,0.63242423,0.103203958,26,2.062973884,2,1,12.48585388,73.81032754,8.971707751,3.531134216
24,1,2,3,232.7554885,2,55,0.571681576,0.874808569,,13.35128314,93.63215935,0.529032566,0.138800521,71,6.577808,2,2,10.97293508,17.69539077,5.945870155,3.811669316
29,1,7,3,41.26555598,5,46,0.424248087,0.063586926,0.349899151,18.10096521,151.9681654,0.595217362,0.117243367,36,4.718302668,0,1,11.05609178,142.9559966,10.11218356,3.213563641
32,1,10,3,51.67677341,2,45,0.505937133,0.284066026,0.627592525,15.58396459,95.46944717,0.32834462,0.014066206,25,3.143267333,0,0,13.21331366,63.20005495,8.426627322,2.883140384
33,,11,3,13.05721689,5,26,0.542611003,0.549830633,0.479820403,16.0794862,19.51571659,0.457146579,0.077654531,32,7.526628174,0,0,12.93304789,74.6493818,7.86609578,3.047723288
35,1,2,4,120.9392817,8,32,0.531151509,0.50969712,0.252474746,14.41328683,58.91962601,0.335100752,0.149943705,16,7.313700293,2,2,13.11849268,100.604021,8.236985367,
37,1,4,4,7.737420124,5,69,0.470059912,0.065736754,0.669338764,14.82000798,136.2475888,0.485203197,0.144047465,62,8.869975784,0,0,8.344448876,77.14568555,8.688897751,2.57250847
41,1,8,4,77.0461907,1,40,0.470459242,0.50805125,0.551610413,17.18222329,39.98525683,0.337497396,0.088465953,62,2.648723368,1,1,9.101235161,86.24531336,10.20247032,3.050104363
46,1,2,5,174.2498841,6,52,0.546856077,0.202648779,0.017284639,13.13195186,61.72125872,0.483152282,0.014396574,18,7.40514465,3,1,12.96219548,105.429996,7.924390952,4.67757657
47,1,3,5,89.8437435,7,23,0.523146185,0.021747531,0.823766804,13.78540096,37.13951291,0.565810549,0.043467584,46,8.918978982,1,1,9.325222758,72.04066143,8.650445515,3.615420811
51,1,7,5,250.8177854,5,35,0.572358692,0.033880686,0.411746626,18.46765467,2.973112102,0.513685892,0.113978842,,8.135965954,5,,14.25980815,166.6681205,10.5196163,5.671173694
56,1,1,6,19.88348969,7,70,0.508437857,0.141604179,0.3802752,16.23233712,112.1238675,0.462208119,0.186507905,29,6.589854561,0,0,10.01796507,53.20460488,8.035930134,3.050057564
58,1,3,6,13.04590709,8,57,0.481405778,0.42698328,0.622611322,17.47766594,175.5518517,0.246011273,0.030071419,71,6.693119405,0,0,10.15425885,92.47138233,8.308517707,3.65008236
62,1,7,6,220.0804538,1,37,0.470533096,0.707247951,0.206260486,15.45452035,116.4351398,0.472747569,0.115641689,49,7.198360941,2,4,12.14140019,70.95116021,8.282800389,4.844171278
66,1,11,6,273.6913032,7,50,0.427598932,0.502672478,0.296941771,16.23748612,161.401842,0.609475119,0.060609883,28,5.3344624,5,8,10.57638118,143.1277979,9.152762357,6.1115345
67,1,1,7,193.6491946,5,31,0.495324455,0.575476454,0.577740691,18.44055831,156.5789031,0.402666257,0.180453498,53,8.633722948,3,1,13.68919906,113.5141762,9.378398126,5.028859011
69,1,3,7,104.8488228,1,62,0.532302302,0.049152432,0.759641809,15.82868221,22.88124114,0.421696624,0.162612016,19,9.537564076,1,3,13.3492679,73.90973226,8.698535794,3.419741906
70,1,4,7,141.7104244,4,29,0.499052028,0.004709476,0.251420066,15.54242681,107.6783653,0.605988348,0.177733887,8,9.860294189,2,1,9.745792674,122.3291111,,4.589081028
71,1,5,7,138.8981236,1,35,0.443226559,0.080004289,0.240010728,18.2400806,22.72092395,0.207963294,0.180874482,37,5.173027847,,4,14.13337811,142.0411582,10.26675622,4.286344626
72,1,6,7,98.32791475,1,43,0.538520929,0.797709305,0.180084683,16.20963042,147.1388535,0.419756899,0.16639692,61,8.881095514,1,0,,86.18787843,9.121811579,3.396660001
73,1,7,7,44.96840224,3,64,0.573776729,0.064545956,0.024469216,15.41487075,88.13767564,0.273876235,0.041526487,19,3.380340716,0,0,9.119372641,96.58367771,8.238745282,3.420509173
77,1,11,7,18.84616879,1,59,0.488943062,0.000144727,0.022764747,18.68730489,149.8473441,0.67837263,0.03306469,60,8.595250155,0,0,12.82628049,84.9820527,9.652560989,3.149106404
78,1,1,8,206.0783964,8,49,0.439223561,0.256448347,0.062090888,17.67186284,130.0717753,0.353191611,0.045080699,62,3.42554947,2,8,8.817701577,74.54802592,9.635403154,4.161356117
79,1,2,8,196.8738111,3,38,0.450177,0.673732785,0.148625274,13.4896669,146.3059515,0.580347547,0.1538869,49,9.364106778,1,,9.605370501,70.71773469,7.210741002,4.382472512
84,1,7,8,217.8965485,4,29,0.500032764,0.000272051,0.681671918,16.33232577,148.5190251,0.237287346,0.138369345,11,3.384301719,2,2,9.62906987,87.05668794,9.25813974,4.343488354
86,1,9,8,143.2278809,1,48,0.455668843,0.230421286,0.839638729,18.07921578,14.98317031,0.404070812,0.022831032,31,8.506657949,1,5,10.04400877,149.89737,,3.850011637
87,1,10,8,82.24868166,8,71,0.524764981,0.428167679,0.197179301,16.19653412,51.86170947,0.518886582,0.091935117,53,2.169941811,0,2,14.10918562,97.45952483,10.21837124,2.724999871
88,1,11,8,227.4587677,6,26,0.522466714,0.001575556,0.13899108,13.58244577,41.49862685,0.664464602,0.140696516,,2.721144476,2,9,11.21246987,134.5951268,8.424939742,5.004978467
89,1,1,9,210.4806559,7,42,0.485129163,0.255685087,0.052542037,13.58673659,90.5473148,0.201835239,0.050298757,66,7.54586277,4,2,7.659298103,52.47291151,7.318596206,3.521367838
90,1,2,9,183.6266632,5,20,0.429770611,0.148262473,0.883581168,15.09326443,163.1022405,0.592980413,0.090973811,12,7.042562401,1,7,8.940702462,90.80850154,7.881404924,4.388594568
92,1,4,9,84.63358283,5,39,0.447493554,0.071810083,0.45853499999999997,17.08739851,185.9207776,0.395342508,0.180416184,59,2.856424444,1,1,12.49299917,97.80907334,8.985998339,3.763517806
94,1,6,9,222.3067682,3,71,0.504819689,0.001014952,0.418198757,13.54299263,179.8187081,0.53072045,0.105756641,38,6.059998918,4,4,8.634995907,94.95372072,7.269991815,5.008066836
95,1,7,9,197.1164269,1,29,0.550112412,0.094895446,0.315027993,17.14373002,6.569707704,0.653668724,0.008197613,25,6.24884815,1,5,9.524294454,101.1370292,9.048588909,3.970128849
97,1,9,9,172.8190232,8,72,0.495290166,0.266347109,0.030291426,20.50445982,88.72376069,0.447404107,0.127913663,36,8.457734024,1,1,10.83581101,137.8873653,11.67162202,3.613683593
102,1,3,10,296.2685882,4,41,0.556331688,0.453764763,0.043792969,18.82153065,89.07818083,0.497596849,0.155320713,22,5.997857094,5,5,11.45640592,130.7041628,10.91281184,4.635854484
105,1,6,10,76.76078854,7,52,0.513926908,0.894923197,0.442904255,17.77890929,29.17182164,0.627833083,0.137763973,,4.158975893,1,1,8.877171826,118.2136138,9.754343652,3.27719844
107,,8,10,17.9327294,8,37,0.505954038,0.881539433,0.475285226,12.25443242,100.5136431,0.600417018,0.191225145,33,2.025173059,0,0,11.47468468,45.61443691,6.94936935,2.833401987
109,1,10,10,155.4485056,3,66,0.435891713,0.350462132,0.036056838,16.28857785,159.4733289,0.589118665,0.094672557,10,2.206329824,1,6,13.60476547,90.75549812,9.209530939,3.576310432
110,1,11,10,169.9627132,8,33,0.475150359,0.359116758,0.539925469,,112.9270739,0.268785389,0.117578818,53,7.254548106,1,5,10.55273678,99.34726239,7.105473556,3.590702559
114,1,4,11,99.4630326,8,25,0.449072412,0.855326053,0.305805904,12.49581189,84.9542882,0.387706821,0.079835477,69,9.063924288,0,1,10.60878438,95.09109348,7.217568765,3.762775089
115,1,5,11,70.53983124,7,21,0.5205622,0.052210682,0.501681666,14.07767578,59.33316392,0.581680162,0.038212086,46,2.744404079,0,0,7.82093099,61.97356371,5.641861979,4.244038348
119,1,9,11,88.36652644,5,51,0.480876071,0.003981317,0.101926437,15.1432959,90.18364216,0.220704705,0.095811909,33,5.038777304,1,3,8.968497724,103.8504704,7.936995449,3.608953744
121,1,11,11,254.3797384,6,27,0.431960005,0.117756703,0.692571288,19.29804279,139.9426815,0.459819703,0.154578468,21,9.525727516,5,7,13.16557933,102.9210985,10.33115865,4.055278589
122,1,1,12,216.2598956,6,26,0.539323597,0.081449172,0.356159321,12.28744255,112.4328884,0.603324523,0.118649145,8,6.022541428,2,2,7.937468082,79.2397972,5.874936164,4.479374118
123,1,2,12,102.1568612,6,65,0.430606169,0.914718166,0.450411817,,103.7428993,0.330602301,0.159544384,56,5.713818794,1,4,13.9149678,122.0395866,9.82993559,3.541605825
127,1,6,12,123.188554,5,62,0.555641289,0.013167749,0.576322607,15.00705192,170.7885536,0.673477414,0.068563484,14,5.726839167,2,1,9.448362177,95.16876168,8.896724355,3.515251943
128,1,7,12,48.83346683,2,51,0.480803967,0.072911155,0.820883522,18.19332047,122.3478533,0.659998374,0.009888634,6,7.122754602,0,0,12.5518447,128.8783872,9.103689409,3.353451146
130,1,9,12,133.5447432,4,47,0.490021931,0.747929486,0.198948892,12.85937967,181.7425787,0.289332836,0.092406449,12,2.75626424,1,4,9.699655371,16.99994423,5.399310743,3.340552567
131,1,10,12,104.0377517,7,20,0.544416041,0.200890669,0.712029961,15.44076647,30.0115925,0.236928596,0.047420687,20,8.776508293,1,1,10.13375915,60.8881313,8.267518305,3.375509268
136,2,4,1,79.4869066,,50,0.530946724,0.497946124,0.567279156,13.65151985,18.97541618,0.385343621,0.015105491,16,7.127404589,0,3,10.5841777,5.285540725,5.168355391,2.78537746
137,2,5,1,76.30828087,7,61,0.554500729,0.734727569,0.805646572,14.41525549,72.9924303,0.577281031,0.122920518,32,4.104336253,0,3,,19.06647167,4.905839439,3.198558264
140,2,8,1,126.0489851,2,53,0.494811863,0.388284389,0.874243887,12.65049553,127.7911703,0.605114574,,47,9.12792416,2,5,10.58360863,3.451970768,5.167217258,2.610917078
143,2,11,1,66.15247355,3,18,0.559662947,0.631546468,0.132002306,13.85305948,188.3359414,0.292876053,0.042276873,62,2.363856002,1,2,12.25169971,47.8074052,6.503399422,2.451410712
146,2,3,2,108.760331,3,69,0.488947832,0.371782673,0.055744465,12.21527162,196.4025701,0.642375723,0.020034795,57,8.825618308,2,4,,,6.905857358,3.739352258
148,2,5,2,170.929633,6,19,0.448338088,0.056149969,0.703206836,13.00070267,176.5408078,0.470527308,,6,3.237067107,1,5,11.77816815,58.94293325,5.556336295,3.507608786
149,2,6,2,51.04651947,4,27,0.422289115,0.002466311,0.453226,14.76191827,149.1959151,0.538350683,0.095723076,29,2.141451737,0,0,11.20106571,63.51998581,6.402131416,3.462427506
151,2,8,2,249.0945878,8,45,0.456883049,0.779325661,0.487981151,14.37374806,76.41917728,0.615743375,0.006778877,24,8.600065606,2,9,7.985415589,50.4740499,5.970831178,5.007321038
152,2,9,2,117.4350603,5,19,0.447544729,0.696878814,0.310596063,16.07951375,57.85592516,0.397296743,0.188781408,21,2.467331399,2,2,8.377507638,65.07115136,6.755015276,3.535160865
153,2,10,2,61.39804044,4,27,0.507754596,0.9397676,0.699687671,14.29406631,79.43224469,0.586970583,0.145978823,53,2.806941469,0,1,6.941147948,,,2.927341268
155,2,1,3,,,52,0.572758959,0.059920953,0.68580467,10.34957161,80.49038641,0.543902342,0.130876064,36,6.599644059,1,1,11.41642867,1.292540175,4.832857343,2.860297857
158,2,4,3,132.8826642,8,43,0.527475682,,0.718777,12.85431824,27.90023126,0.628341834,0.131475195,59,5.652631138,1,1,7.807954579,54.11404831,7.615909158,
161,2,7,3,270.7732606,8,31,,0.482588406,0.283060157,13.69581047,81.35797069,0.469624917,0.009091033,54,,2,2,7.164339151,27.0683273,6.328678302,3.808820992
165,2,11,3,286.0511841,8,39,0.428720503,0.159312695,0.559213508,11.09001097,154.376605,0.292238199,0.022736471,13,5.174777185,5,2,10.82778387,88.06558051,5.655567749,4.803253056
166,2,,,153.7204933,4,71,0.535922244,0.0963123,0.50470127,14.36899329,112.1866421,0.596633135,0.052057198,32,3.40456457,3,4,7.538329605,100.110207,7.07665921,3.757885277
171,2,6,4,274.8981869,5,36,0.482306335,2.17e-05,0.800897944,13.92813797,42.37057794,,0.038609272,11,5.124272383,5,,10.29340999,77.42053745,6.586819971,4.678014162
174,2,9,4,212.5763392,5,43,0.558086048,0.967107981,0.797103979,12.06434649,44.1159192,0.564589099,0.012710911,31,7.231022303,4,4,10.25797027,63.36536687,4.515940544,4.709146808
175,2,10,4,90.23359187,4,59,0.438975261,0.028740606,0.865447431,12.31896382,137.6283441,0.405242062,0.097848109,42,2.278073114,1,2,10.51053546,58.5171104,7.021070914,3.202350921
176,2,11,4,121.5092489,2,21,0.503569643,0.040186189,0.174065896,15.17788524,26.23475614,0.604069244,0.119244506,13,3.121237974,1,2,7.432158467,95.53240911,6.864316934,3.980617563
179,2,3,5,134.3393675,5,,0.439087106,0.822311985,0.603977833,14.80413723,84.6416937,0.530444556,0.069469943,66,3.90444183,2,5,10.66896513,36.4346924,5.337930251,3.192662927
180,2,4,5,,6,59,0.528376491,0.995310862,0.762713294,16.52248463,158.0354253,0.390219784,,39,6.080703905,2,11,11.62360257,56.76520432,7.247205144,5.472303861
181,2,5,5,288.0358447,8,38,0.573506433,0.372724626,0.169726546,13.9485056,166.6296904,0.451501633,0.152801796,35,8.30717253,5,2,11.86028089,66.31070323,7.720561783,4.966954462
185,2,9,5,191.6697575,8,72,0.562768322,0.572284473,0.796555016,12.34030787,94.44482217,0.346692415,0.03799484,33,3.242700963,3,1,11.9668377,26.74899108,5.933675406,3.761990881
186,2,10,5,237.7798276,8,47,0.568541808,0.062570647,0.728393838,15.00501037,153.776033,0.536817184,0.05516197,39,6.618459509,2,9,12.44722798,95.11056882,8.894455968,4.408296743
187,2,11,5,225.7757891,6,58,0.443974283,0.448974281,0.358275028,12.57917038,1.046638329,0.292853611,0.129461528,28,6.74929281,2,2,10.0995391,42.10523672,6.199078196,4.581577008
188,2,1,6,70.3188205,2,59,0.435129064,0.832435441,0.864833869,12.70104914,95.86665734,0.432263619,0.034692994,52,8.447091074,1,2,7.611693965,36.56831699,5.223387931,4.0001158
190,2,3,6,268.3826313,8,60,0.537475353,0.143363292,0.708928801,15.49669159,52.09994852,0.508247125,0.073198365,34,8.109483475,5,8,12.60927311,114.3944712,7.218546215,5.516725609
192,2,5,6,53.90309322,2,42,0.433257748,0.12753942,0.566247177,15.10018516,138.7517904,0.219480907,0.000537809,37,3.866874018,0,1,8.388991754,59.42048988,6.777983508,3.423237667
193,2,6,6,288.0528212,6,35,0.574666,0.03070728,0.707943076,14.12187578,58.41596598,0.312517,0.179737286,60,8.533496577,5,5,,58.30540251,6.802084197,4.867521509
195,2,8,6,210.3776171,5,46,0.467003856,0.494671835,0.667102857,13.26173629,198.9730541,0.401310225,0.129355326,27,9.869139031,2,8,10.92318683,51.18488734,5.846373659,4.443752835
196,2,9,6,199.5817993,4,66,0.490245451,0.246815498,0.018059848,14.22248702,53.92579414,0.669576009,0.024777892,6,9.545606182,3,1,11.01249279,55.81624095,8.024985575,3.845678297
197,2,10,6,282.6231104,7,44,0.519896346,0.18150714,0.392728511,18.25937835,,0.216138693,0.089473732,20,4.536432665,2,8,9.588543528,,9.177087055,4.696479754
198,2,11,6,,6,28,0.520016119,0.937777096,0.574659017,14.92937204,9.858312624,0.250355047,0.082921087,21,7.757423674,,0,12.29409558,40.33352825,6.588191151,2.708122355
199,,1,7,293.8352901,7,63,0.563698459,0.983947,0.245711041,13.54814469,49.07542692,0.268577275,0.031450398,52,2.481420497,5,5,12.63785816,49.20653325,7.275716325,4.698981678
202,2,4,7,222.8514626,1,18,0.573008308,0.007470587,0.00898704,13.58678846,77.81280203,0.353377654,0.062832224,32,8.645609809,2,2,12.10377137,56.39104241,6.207542731,4.429559618
203,2,5,7,164.2534841,8,61,0.51822117,0.022693326,0.06586,12.74329523,188.9022666,0.241981094,0.14899333,35,5.424002907,1,3,9.19071957,24.36806806,6.38143914,3.708197673
204,2,6,7,289.6192436,5,64,0.441475531,0.317913507,0.207860095,15.65472035,38.09325891,0.525124454,0.167384264,46,3.554990988,5,8,11.14151131,28.37743618,6.283022611,4.791350403
206,2,8,7,257.450937,8,51,0.514557,0.266094356,0.47788976,17.32033172,14.67954846,0.571443815,0.049545595,50,5.084964909,2,7,8.62240651,131.8653833,9.24481302,5.388423237
210,2,1,8,22.85448791,7,59,0.549693474,0.337621926,0.426043741,13.27278091,66.86779367,0.251704545,0.067850358,67,4.01286175,0,0,8.040433839,121.1602281,8.080867678,3.19031867
211,2,2,8,235.3551464,5,33,0.473592425,,0.588000055,14.88111933,36.60538643,0.2391091,0.009346153,18,5.442424411,4,7,8.378399629,129.0563409,8.756799258,5.005162734
213,2,4,8,257.466485,8,39,0.440192406,0.861902798,0.037688173,11.87205619,124.8492739,0.677780225,0.151923022,36,7.101194982,5,7,9.262253436,72.61678809,6.524506872,4.437823079
214,2,5,8,58.46853014,2,40,0.558122879,0.002747114,0.544579573,12.69769868,43.46242215,0.643570788,0.00256957,10,7.61365015,1,0,11.16538815,46.58407906,6.330776309,2.943919372
215,2,6,8,167.6407185,,33,0.428830221,0.029795926,0.36506579,14.65752342,151.7028736,0.293964528,0.185229622,56,6.043176815,3,3,7.143068568,22.73427383,6.286137136,3.946096643
217,2,8,8,178.1064969,7,51,0.512505049,0.675634649,0.336086295,15.59980255,125.3551728,0.273212379,0.084434499,58,6.686861272,3,7,7.66655697,79.54817224,7.333113939,4.413333764
218,2,9,8,191.3327906,4,61,0.465475359,0.055486413,0.469273222,13.18244111,75.29796026,0.55634643,0.096352497,70,9.950693815,1,1,9.879133949,26.93019296,5.758267898,2.95006463
220,2,11,,167.1465574,6,72,0.542498017,0.237093084,0.005656722,13.39560395,164.5249154,0.32275771,0.143243531,40,5.193063506,3,1,10.44200219,0.347967334,4.884004385,3.66008085
227,2,7,9,93.48324671,6,51,0.523059567,0.25373291,0.379879469,14.05491797,106.455674,,0.015679298,23,8.579703131,1,2,8.252732204,24.79904852,4.505464409,3.51848687
228,2,8,9,19.44973938,5,35,0.579199,0.529764713,0.307259551,13.79848677,90.92280638,0.622726064,0.036951879,38,4.688059624,0,0,12.22138154,93.72227646,6.442763072,3.489763289
229,2,9,9,13.69776775,5,20,0.577041707,0.137021774,0.257819381,12.71952428,115.6187689,0.416445838,0.0406755,51,9.646804631,0,0,6.621957931,65.50973654,5.243915863,3.316631983
230,2,10,9,240.2897876,2,60,0.451131234,0.67335905,0.857654097,13.52165855,74.57112642,0.220196609,0.024427066,16,4.691458877,2,2,9.067588082,50.06645243,6.135176163,4.467750302
233,2,2,10,34.27125203,6,64,0.562636845,0.704208179,0.34861106,13.05279653,127.642591,0.581227201,0.033604676,17,7.997271982,,0,8.36266474,55.05057264,6.72532948,3.043173874
235,2,4,10,105.5595368,1,46,0.520020194,0.320564403,0.528008,12.56808403,189.2399131,0.231270652,0.12496186,53,2.848199063,1,2,9.648935575,91.55730453,7.297871149,4.244317357
236,2,5,10,114.6994607,7,53,0.459636576,0.507906682,0.234681071,13.76927099,68.56115092,0.554209041,0.071791593,44,3.270235469,,3,9.649594997,5.228915212,5.299189993,3.221587419
238,2,7,10,187.2387262,7,63,0.551172318,0.024544773,0.3260029,13.8075833,102.6623248,0.582012586,0.037823521,51,2.617836545,3,3,8.781990721,99.48075254,7.563981442,4.425240236
239,2,8,10,86.93274955,5,68,0.487278108,0.485008551,0.749241491,11.97070356,32.58297491,0.648412931,0.109699908,70,8.002786246,1,0,10.76150198,,5.523003958,
241,2,10,10,40.18535569,3,38,0.527683918,0.472924628,0.790448728,15.01071934,32.60590234,0.462694031,0.152711195,26,9.622845298,0,0,8.89484408,101.5765,7.789688161,2.9405216
243,2,1,11,246.442636,4,60,,0.228975667,0.356406271,16.15860316,47.75635492,0.305855228,0.187230525,65,6.259394931,4,7,10.4214462,56.0730814,6.842892398,4.529256007
245,2,3,11,106.7542532,5,67,0.516666777,0.738201891,0.101383149,9.939711274,165.6835178,0.439784888,0.073397839,11,4.764564044,2,4,11.18872849,14.92076096,4.377456971,3.422655963
246,2,4,11,64.13929151,2,50,0.574384928,0.520751654,0.589782393,,111.9237246,0.346957605,0.002505726,30,2.452091404,1,1,8.928427778,25.47320757,5.856855556,3.087905037
247,2,5,11,84.91010972,2,,0.470080093,0.0346235,0.328309104,12.17745341,52.25711463,0.644022717,0.179445109,48,4.111712869,0,2,10.876363,15.47368035,5.752726008,2.957195571
250,2,8,11,234.4406295,1,38,0.477415879,0.856802609,0.133900704,11.30344883,181.0923491,0.453402996,0.10868934,17,4.886611497,4,9,7.390804906,61.27642296,4.781609812,4.37254568
251,2,9,11,117.8031809,1,41,0.554369079,0.22757882,0.593994673,14.96732393,,0.668416445,0.049986282,36,5.943138021,1,1,9.315179963,58.49671577,6.630359926,3.362656107
253,2,11,11,212.1688633,5,62,0.486853369,0.04304938,0.333812273,15.75462965,,0.471858964,0.111037965,41,6.669451343,4,6,7.752572029,106.7590539,7.505144059,4.840230422
254,2,1,12,167.9672687,6,49,0.532864913,0.423964804,0.274538419,15.45024883,99.43791742,0.42141199999999995,0.053818784,69,5.996485482,3,5,7.583471573,38.52994455,7.166943146,3.984718572
260,2,7,12,81.00688782,1,23,0.548584352,0.048211884,0.52246543,14.3572913,51.52752999,0.341172419,0.02373756,32,5.721391526,0,2,6.976272946,,5.952545892,3.226048608
261,2,8,12,10.86245275,2,51,0.456973745,0.025302471,0.782861364,12.10782989,69.25122001,0.671769804,0.080468887,52,4.771022299,0,0,6.837683273,73.88671665,5.675366546,2.79000271
264,2,11,12,157.32668,1,18,0.432639779,0.993683945,0.547910419,13.82179802,107.334692,0.336731469,0.052270849,8,3.441026844,3,3,8.234332234,41.06917973,6.468664469,3.74113498
265,3,1,1,126.8992299,2,65,0.458461985,0.054049673,0.574191223,11.9999867,50.91659952,0.361243134,0.101940619,14,5.490207315,2,1,10.77777039,25.52210646,5.555540781,2.866099288
266,3,2,1,267.3093958,7,41,0.558800438,0.164884573,0.506398453,11.66877319,172.8531799,0.217003004,0.146947561,7,5.578396814,2,8,9.14931844,36.25301186,6.29863688,4.319269458
267,3,3,1,65.66150132,8,40,0.516102298,0.935446614,0.684364381,13.03840427,6.335317981,0.677950856,0.1056327,60,8.611470959,1,1,6.243557927,35.85816277,4.487115854,2.797524104
268,3,4,1,72.47842746,7,54,0.566146076,0.340126011,0.594042133,12.14181619,20.43285543,0.581847947,0.107318918,41,9.415565483,1,0,8.301008995,43.41199159,4.602017991,3.546505755
269,3,5,1,208.2260368,1,63,0.428237608,0.313616125,0.132446317,9.773470296,161.485834,0.446583773,0.122039431,17,8.358092782,4,6,6.096372387,7.777440278,4.192744773,3.779219419
274,3,10,1,,7,32,0.579299457,0.133423032,0.095109903,14.92752488,35.93343531,0.299227522,0.008166471,70,9.748639648,5,11,8.293069376,48.50019778,6.586138753,3.736853596
277,3,2,2,291.3348088,3,49,0.489748822,2.33e-06,0.651196551,15.24877567,109.8825505,0.632861479,0.058050803,25,2.802670893,,5,9.471542039,44.55718967,6.943084079,4.25875199
280,3,5,2,206.7625811,6,18,0.489912603,0.066451607,0.108595463,15.7244089,92.82082127,0.271322844,0.117101089,30,6.926168303,2,8,11.73578272,59.98744342,7.47156545,4.280311335
281,3,6,2,234.8624564,8,29,0.51089336,1.53e-05,0.298951672,13.32145348,13.50867429,0.266312,0.160956234,9,4.939062816,2,,11.5119186,73.91566041,7.0238372,4.518136921
284,3,9,2,210.6570559,4,72,0.516205474,0.061764119,0.688006387,11.90714417,194.5465585,0.351127063,0.155025716,29,6.693572526,2,4,10.28174676,83.40439827,6.563493528,4.572939619
285,3,10,2,95.79116127,2,44,0.469940086,0.302081251,0.382987731,14.24355895,97.63037108,0.290487718,0.083686175,17,8.561025619,0,1,11.35753275,2.003823364,4.715065502,3.037018299
286,3,11,2,158.1808325,4,52,0.424926514,0.105426132,0.691895631,13.8536416,90.42020471,0.584207595,0.092165956,44,9.443607568,1,1,7.696467553,57.35273395,5.392935106,4.077248946
288,3,2,3,173.2375938,3,26,0.508462842,0.647052644,0.381697247,11.29173036,71.79517627,0.211735454,0.044031511,63,6.414828683,1,6,6.939850201,69.47079642,5.879700402,4.160055811
290,3,4,3,44.64064729,5,67,0.463296606,0.528597298,0.183672501,14.30352596,23.71466515,0.673451,0.043317307,58,,0,0,8.501958865,65.93287709,7.00391773,3.455852708
292,3,6,3,0.68210019,6,67,0.484881293,0.607922,0.05999419,12.99866366,89.48727454,0.598576527,0.18032547,64,6.108658709,0,0,10.33259092,61.5028339,6.665181849,2.449766449
294,3,8,3,88.21587383,8,54,0.549564948,0.210977626,0.34979938,11.38695915,45.90165122,0.36200659,0.155179082,30,3.307987088,1,2,10.99275509,86.67133272,5.98551017,3.372322592
296,3,10,3,170.8246942,6,,0.511018212,0.249262326,0.646002031,12.94477557,64.98296915,0.309564962,0.079136742,17,6.176040204,1,1,10.19154199,5.087753077,4.38308397,2.899623899
297,3,11,3,117.4077964,4,72,0.553060784,0.330937369,0.681515979,11.9275925,164.0476619,0.207578787,0.0592088,17,8.04539376,2,4,12.29310695,98.24019217,6.586213892,4.138234549
300,3,3,4,141.46903,5,57,0.457860665,0.100381156,0.139143758,10.30336797,164.4461097,0.470685567,0.046630302,58,8.678930995,2,5,,63.57109731,4.781519972,3.776969115
303,3,6,4,162.2007064,2,50,0.45642635,0.130303014,0.450241284,,24.25069328,0.583295102,0.072385725,66,2.312844441,3,6,8.488314381,69.12860972,4.976628762,4.711213172
304,3,7,4,16.593003,6,36,0.504480924,0.002178934,0.046446897,14.71075581,129.2153047,0.678463718,0.113063574,,2.584260977,0,,11.61708656,6.474493534,5.234173124,2.678717898
305,3,8,4,50.31216402,3,70,0.465116938,0.324377965,0.728602782,10.22851514,53.93505729,0.341925194,0.06323432,55,3.635149762,0,1,11.34917508,73.91973213,4.698350158,3.653704758
311,3,3,5,130.6485992,3,30,0.514070074,0.63674697,0.036878276,14.35596929,25.89145026,0.339273419,0.137629272,13,7.351063149,2,2,6.419982937,60.63867292,4.839965873,4.244252478
312,3,4,5,52.86949552,5,64,0.502944052,0.103505828,0.36091075,16.2686203,40.08450543,0.308342076,0.156236243,46,2.476137836,0,1,,97.32298599,6.965133667,3.885978459
316,3,8,5,140.2529844,2,54,0.549752044,,0.189505693,15.41924703,35.39510476,0.599725442,0.184047337,,3.637814953,1,2,11.0106928,62.11037631,6.021385594,4.800638541
317,3,9,5,70.77929505,3,36,0.544076565,0.026339037,0.22461156,10.8038093,193.2135203,0.318536598,0.086833457,24,2.391026989,1,0,6.668782945,,5.337565889,3.494320738
318,3,10,5,278.6109875,3,31,0.427963975,0.13643361,0.876419509,13.23297017,20.05845194,0.583652744,0.041862698,53,5.198940325,2,11,10.90720565,25.86910731,5.814411295,4.519799926
319,3,11,5,167.2255949,2,28,0.577526692,0.184291132,0.636329957,11.58217391,190.7509774,0.437801871,0.17650946,45,3.746610755,3,6,7.101207726,77.45427324,6.202415451,4.835150833
321,3,2,6,194.2931048,6,41,0.49042159,0.754966825,,11.85116876,9.044285756,0.416353652,0.199421532,41,8.660765575,3,1,10.69509376,24.37984493,5.390187514,4.089467307
322,3,3,6,244.6525476,7,57,0.426485146,0.377689279,0.791784127,9.757576782,68.60526809,0.626857955,0.165026183,15,2.524963439,,2,6.087542657,49.57268052,,5.419896529
325,3,6,6,37.23480638,1,37,0.520651384,0.371046762,0.54368213,15.14072669,59.50638588,0.330554052,0.198870795,33,5.397694291,0,1,7.855959272,67.8093618,5.711918543,3.703467548
326,3,,6,30.80392873,7,64,0.433997738,0.009851908,0.558013893,10.56160358,126.6932408,0.579636807,0.033294916,54,4.645267464,0,0,,64.97451626,5.068448426,4.211201307
327,3,8,6,147.7403794,5,36,0.525698225,0.520371441,0.636010801,14.24382999,0.947536636,0.26143918,0.090520249,43,5.83444607,1,2,11.46879444,37.20768613,6.937588879,3.761056553
328,3,9,6,231.5949029,7,64,0.540353056,0.244330931,0.117953359,11.54113886,167.7190357,0.29683173,0.17686092,53,6.54222632,4,2,12.07841048,88.73044738,6.156820956,5.424052865
330,3,11,6,206.9362383,1,19,0.519259055,0.445208172,0.599552649,13.83457518,23.78966534,0.483753289,0.055944036,46,9.933598623,4,4,7.685875102,45.74610075,5.371750204,4.58333633
334,3,4,7,202.1826897,4,62,0.504831037,0.022101211,0.758709987,12.53145489,172.4451005,0.28288751,0.145415983,21,7.519076232,2,6,10.07303049,72.5123147,6.146060984,4.699410237
335,3,5,7,107.0557341,2,63,0.541630144,0.004801551,0.490584657,14.53870156,41.55291067,0.223614072,0.040531875,60,6.190300168,1,3,7.521500865,54.09716827,5.043001729,3.858738046
338,3,8,7,248.5157763,3,43,0.53396838,0.17984557,0.332182359,10.82872668,58.35160698,0.314715697,0.110915523,63,8.605565751,4,9,6.682625931,26.33170376,,4.651986038
339,3,9,7,21.81353504,5,43,0.504219367,0.073119358,0.701539872,12.43291333,9.586013767,0.201388381,0.080482554,19,5.57543856,0,0,10.01828519,23.22743244,6.036570371,3.115360858
341,3,11,,276.8836227,2,46,0.496732483,0.240700061,0.246738951,11.70562882,188.9513828,0.673844801,0.177341399,27,4.877867756,2,5,9.169793792,48.32862291,6.339587583,4.762269372
344,3,3,8,294.3401316,2,33,0.494140567,0.012785068,0.377241799,11.6887362,1.822481595,0.469106508,0.151568557,65,,2,2,12.160409,37.65557063,6.320817995,4.259755476
345,3,4,8,127.6512771,4,27,0.555321578,0.792413748,0.520562144,13.9415901,92.30217813,0.273225085,0.179307999,,4.739720468,2,5,7.300883386,36.94850013,6.601766772,3.210786412
348,3,7,8,167.8060216,6,59,0.537570764,0.27868307,0.228835012,13.76552799,116.8986727,0.66320785,0.14190467,50,2.130792154,3,6,9.647515548,74.0579032,5.295031096,3.792950971
349,3,8,8,252.3168114,5,30,0.496294211,0.522491194,0.827683231,10.16814122,82.10911841,0.673429001,0.10169861,19,2.17749441,2,5,5.760078453,24.78424885,3.520156906,4.067596115
352,3,11,8,151.6378363,5,42,0.522939504,0.057735384,0.152318942,12.13689125,47.90213028,0.447603603,0.129433163,65,7.195876063,3,6,8.298272918,6.524235509,4.596545835,3.808996324
353,3,1,9,24.26446636,3,52,0.567317485,0.632077268,0.856087644,,1.187406046,0.410986984,,58,2.45979802,0,0,11.12760435,40.64574595,4.255208705,2.874696623
354,3,2,9,159.2074368,3,54,0.547299208,0.141954,0.687056395,13.83202987,185.7275249,0.553240724,0.094261596,20,2.138775703,3,3,9.795572153,71.46718572,7.591144305,3.657289304
355,3,3,9,187.4064516,5,46,0.549816469,0.259431831,0.26062078,13.83469475,162.1009756,0.507996273,0.197060859,34,9.95346622,1,5,11.24149708,50.99799323,6.482994168,3.595443705
356,3,4,9,62.16580995,8,43,0.575217603,,0.713438248,11.37108008,144.0190847,0.242567953,0.019083086,29,4.870852185,1,2,7.983933377,48.60113287,5.967866753,3.518149652
358,3,6,9,240.0774085,2,37,0.568834984,0.190082556,0.552328698,10.91226314,159.3394721,0.622999179,0.180634844,32,,4,2,9.729035076,31.79500365,5.458070153,4.617059575
359,3,7,9,102.5252672,3,72,0.493875577,0.317403429,0.180243549,11.13635709,81.20083504,0.547374197,0.115983297,53,6.081247664,1,4,10.7424206,7.543634958,3.484841207,3.611802237
360,3,8,9,111.5886327,2,72,0.430897628,0.343478189,0.217576558,12.45028553,53.8602125,0.520125129,0.09916022,19,2.418869732,2,4,9.472380849,25.54850471,4.944761698,3.653733162
361,3,9,9,202.2376858,6,30,0.56019,0.536436127,0.768632839,9.886103869,192.2294039,0.281777428,0.019778399,61,4.928803009,4,2,11.15894659,2.396879372,4.317893188,4.065250425
362,3,10,9,146.2070929,2,34,0.487411977,0.537206229,0.830977531,13.11270961,65.24888105,0.537759724,0.101296173,41,3.365214458,1,4,7.840394226,56.95074687,5.680788452,4.004764433
367,3,4,10,279.984712,7,40,0.4278312,,0.445260297,12.03597272,186.626498,0.286657902,0.038052462,,9.715624661,2,2,5.686651509,22.4786238,3.373303019,4.983307265
370,3,7,10,173.8876275,4,63,0.486551917,0.008129668,,10.72774574,28.41881199,0.662657508,0.139265627,25,9.88728687,1,3,10.5154143,9.231092338,3.0308286,3.665069376
371,3,8,,37.00217206,8,51,0.503922975,0.583701767,0.361788514,15.52809805,71.35811189,0.351857549,0.193669293,15,3.265257631,0,0,7.071165582,75.53376502,6.142331164,3.380055627
373,3,10,10,115.0605911,4,,0.5688300000000001,0.237517588,0.040732301,11.52806674,100.3292383,0.385179598,0.081060758,53,8.204381762,2,1,10.07114819,57.72948814,6.142296373,3.353225042
378,3,4,11,186.4728608,7,56,0.497820384,0.164237555,0.093900176,13.91347447,90.74320071,0.209632036,0.005189093,19,6.927077948,3,5,10.17415249,,4.348304971,3.870063306
379,3,5,11,296.0429743,4,38,0.480891291,0.006770349,0.100486038,12.60686824,88.62523312,0.329130833,0.161110125,23,4.934205106,2,2,11.00381569,1.592293279,4.00763138,4.191314876
380,3,6,11,7.722278861,,21,0.566040048,0.025864705,0.217696873,13.55190897,88.70078583,0.512707175,0.081925239,42,5.15933294,0,,,19.18331756,5.057676631,3.249269167
381,3,7,11,57.30792973,4,54,0.448773519,0.056165748,0.836107098,13.37212106,193.6001093,0.593147422,0.021750431,51,7.381071632,0,1,5.873400587,19.15888843,3.746801174,2.652579094
382,3,8,,56.82985096,,19,0.457965819,0.955755763,0.635592583,15.0171655,27.78328579,0.312157288,0.079157808,24,3.824902388,0,1,11.78731417,79.09210979,5.574628333,3.75850125
385,3,11,11,202.900459,6,56,0.522040498,0.984181523,0.7216102,13.18774719,183.1784948,0.60588281,0.134004923,28,2.348709297,2,8,7.326526215,35.54807734,4.65305243,4.06292893
386,3,1,12,260.9319303,3,28,0.435464557,0.456237517,0.659265621,9.595736401,150.373103,0.659823429,0.154071989,36,3.92643042,2,7,6.997631334,14.35745194,3.995262668,4.569311875
388,3,3,12,127.0516256,1,22,0.42220803,0.567401034,0.538816417,13.45973002,172.4420662,0.488044625,0.147474886,6,8.948008296,2,2,10.47762779,71.69462936,4.955255577,3.938769261
390,3,5,12,140.2424621,8,60,0.543460702,0.137072682,0.203752244,14.73248787,17.19922455,0.490986892,,5,5.677939498,2,1,9.629159927,37.53778144,5.258319854,3.226304337
391,3,6,12,233.5272266,8,43,0.571296974,0.791504008,0.448803488,9.137928676,9.350470596,0.60892251,0.143342312,19,3.318906498,4,9,9.743293709,34.14347817,3.486587417,4.193913682
394,3,9,12,288.1863933,8,19,0.445840737,0.005684674,0.568415608,12.34356776,63.86879038,0.625946842,0.180910532,28,3.167131074,2,8,6.968648755,20.19311971,5.937297511,3.704265662
397,4,1,1,211.2475772,8,30,0.535017845,0.037661243,0.510152198,12.82467155,59.13207711,0.623183168,0.073793453,38,6.740295713,4,4,8.680373084,83.80850554,5.360746169,5.190479356
399,4,3,1,181.5965356,7,18,0.432594495,0.505681379,0.706081561,10.43361189,13.0493234,0.431344497,0.026836033,39,8.64925662,3,5,11.46311771,49.64694344,4.92623543,3.829494991
400,4,4,1,257.1987353,6,50,0.528762034,0.270563542,0.021468653,15.1422213,12.04468,0.543059784,0.042213224,26,3.613784782,2,10,7.412345166,95.07481839,6.824690331,4.201222701
405,4,9,1,96.92144055,4,25,0.508475105,0.073497565,0.267401699,12.28079443,128.6775842,0.634918851,0.175964106,53,8.465188144,0,3,9.48933024,72.01905669,6.97866048,4.108180602
406,4,10,1,262.9151697,3,40,0.52810647,0.228858089,0.082436136,15.42112038,73.40194778,0.202674522,0.14082867,67,7.49102694,5,10,9.567289102,60.24936715,7.134578205,3.926102894
407,4,11,1,17.84169174,1,34,0.521518906,0.077816648,0.320245098,15.59989738,70.74403236,0.539423662,0.060709224,55,8.567317909,0,0,10.1110541,97.74207992,6.222108201,3.51676374
408,4,1,2,245.752281,3,60,0.497433414,0.334419832,0.61993236,12.29375543,6.805515833,0.584381048,0.153738311,10,9.101378879,2,9,11.4965308,94.00672531,6.993061591,4.438000259
409,4,2,2,180.2263446,7,72,0.570326836,0.006687669,0.192344127,12.54233487,119.6156175,0.379500777,0.157137685,13,9.736606002,1,3,10.07907493,38.91030991,6.158149859,3.652592624
410,4,3,2,292.7059041,1,71,0.559625138,0.310511208,,12.06285555,192.1983878,,0.067960183,13,3.755507575,2,8,12.36825308,32.88066081,6.736506162,4.402932822
412,4,5,2,267.0315386,3,64,0.5702881,0.412768467,0.576069632,12.65053777,134.7732083,0.446315886,0.029725076,16,6.637879626,2,5,10.69474321,53.41754915,7.389486411,4.168008857
415,4,8,2,89.31029153,6,36,0.436775471,0.864180976,0.404057031,10.60226379,103.9242656,0.303852972,0.074764742,5,5.040828185,1,0,9.556813214,14.5496974,5.113626428,3.218308483
416,4,9,2,189.8786604,8,36,0.532820391,0.985920035,0.185262395,14.92177958,140.9707107,0.35861600000000005,0.115980618,11,6.700005911,3,3,8.289877547,101.958368,6.579755093,4.262844499
417,4,10,2,62.34381765,8,64,0.538010566,0.188598824,0.119718181,15.00871813,161.3479886,0.405524301,0.120710217,11,7.758566245,1,1,10.33817674,44.72024848,6.676353479,3.317856267
419,4,1,3,228.3506774,3,22,0.469463379,0.074017738,0.61170505,13.68301149,160.9198506,0.566680609,0.10629176,15,5.68668305,2,6,10.71278416,92.68561099,7.425568319,4.558797384
422,4,4,3,201.3326291,6,61,0.462386301,0.937489303,0.535492881,14.27981798,114.6529906,0.648595134,0.029264241,23,3.847864718,2,8,12.48878777,109.8923891,6.977575538,4.612539459
424,4,6,3,238.2631097,3,44,0.446181136,0.401504523,0.829052813,17.96460834,152.4149714,0.633417431,0.033766391,44,3.812291625,2,7,9.424782411,86.37441619,8.849564822,3.990352991
425,4,7,3,242.9531536,4,19,0.488621026,0.0925932,0.591410036,11.16218881,0.585102009,0.435049029,0.052500434,36,2.99683178,4,9,6.867882672,76.30843736,5.735765344,4.698028823
426,4,8,3,250.3395439,8,56,0.485591532,0.019146284,0.703291126,15.83623223,191.9748848,0.584796188,0.10453885,59,3.452233512,2,2,9.242351238,76.07408205,6.484702476,5.089834061
427,4,9,3,176.0549802,3,36,0.515577049,0.008854617,0.264138209,12.17546054,78.69660517,0.594631624,0.004592657,58,3.14983856,1,7,7.430811411,34.20036416,6.861622822,3.768937536
428,4,10,3,177.1622693,8,27,0.500925949,0.799950355,0.204325079,15.97594617,149.8537712,0.45278100000000004,0.157189943,9,8.194835029,3,7,11.3199701,100.2547474,6.639940191,4.754504037
429,4,11,3,28.34927381,2,59,0.541529282,0.711800268,0.850572017,14.16269294,187.8605022,0.638603168,0.15197859,34,4.723499518,0,0,6.868162743,65.1473892,5.736325485,2.868419046
430,4,1,4,266.6624727,8,39,0.572582357,0.609208981,0.176107113,13.29893319,181.9353187,0.544066391,0.143685081,64,2.616119234,5,7,8.499407327,65.64262945,6.998814654,4.787343474
431,4,2,4,246.8167867,3,28,0.575689182,0.143959803,0.864113899,14.3650573,18.99562037,0.425918092,0.183948325,15,7.710504126,2,4,8.536142945,51.84387125,7.07228589,
433,4,4,4,287.5147865,8,60,0.438946191,0.260308156,,15.10899091,172.140662,0.469010648,0.186628149,22,8.070398821,2,5,12.94943939,123.6902411,7.898878785,5.44763285
434,4,5,4,201.7867668,3,60,0.423231748,0.011180827,0.173025503,17.95998103,150.4883147,0.266078327,0.165327557,9,6.967258767,2,2,9.422211684,131.6875034,8.844423368,4.598194119
436,4,7,4,199.2696125,,64,0.502902258,0.073486699,0.616157836,12.43611423,66.55303613,0.626559116,0.018425693,47,4.185777133,1,1,11.02006346,72.88585559,6.040126919,4.557810243
439,4,10,4,223.7155599,5,60,0.503632456,0.343102997,0.886078602,12.51459815,176.6953012,0.567262516,0.161277208,54,9.947530826,4,8,10.61922119,75.71428032,7.238442388,4.502507542
441,4,1,5,186.8037072,6,40,0.514453376,0.025545356,0.741141549,11.9372827,111.0330887,0.670026164,,35,9.069483537,1,1,,88.80178667,6.596980782,4.783723745
442,4,2,5,272.8022456,1,36,0.526139081,0.824684219,0.377291763,15.11574249,192.70114,0.325688625,0.011135913,51,3.476661004,5,,9.397634718,34.01690815,6.795269436,4.727278468
443,4,3,5,218.9868808,4,72,0.523797595,0.202200559,0.622023603,15.86963718,155.3446577,0.460834135,0.140513171,33,4.375289928,2,6,8.816465101,51.83930877,7.632930202,4.17410648
444,4,4,5,293.4158199,6,22,0.554100862,0.630728727,0.434745198,10.42661537,96.77744807,0.279905529,0.168372987,8,3.421335313,2,8,7.45923076,63.94403662,4.918461519,5.581502
446,4,6,5,30.30139385,4,32,0.522166534,0.280278307,0.240195551,10.10744757,173.729461,0.323952916,0.005447634,46,8.381760087,0,1,11.28191531,1.301051056,4.563830629,2.812919915
448,4,8,5,76.26697761,7,33,0.570120919,0.646749267,0.00010077,13.93051613,38.77262207,0.209298514,0.123777121,30,5.029485772,0,0,10.85028674,98.14701262,7.700573474,4.031812961
453,4,2,6,154.1573411,4,20,0.496511902,0.002589994,0.623880693,,108.9437849,0.436763039,0.004949089,34,6.356155482,1,6,9.225847303,97.86722789,6.451694607,4.729012275
454,4,3,6,241.6456257,7,32,0.516727734,0.250019501,0.802445225,15.00967886,28.52432455,0.293314543,0.025094487,55,5.265606722,2,4,12.33871048,52.16391344,6.67742095,4.362612643
456,,5,6,100.7080391,3,61,0.552045978,0.956226829,0.421781052,15.72979861,177.1609229,0.644782158,0.07315166,13,2.410544674,1,4,7.183221447,52.45103118,6.366442895,4.306510647
458,4,7,6,223.259462,2,71,0.576874119,0.492620134,0.828557773,14.12142845,153.9112589,0.535049593,,33,7.165386571,4,6,6.84523803,80.75752254,5.69047606,4.859319362
459,4,8,6,79.76912936,5,30,0.567150383,0.626535407,0.01096485,14.22667137,98.5810978,0.595841928,0.126140233,34,3.288586125,1,0,9.903706318,82.91911091,5.807412635,3.747040184
460,4,9,6,233.4109025,2,64,0.49351267,0.483236863,0.736495826,11.78833938,198.2054499,0.447059774,0.043018615,35,8.417590204,4,7,12.2157441,34.8542436,6.431488205,4.969463947
461,4,10,6,181.8471356,8,53,0.446510023,0.03180361,0.351328726,14.20006343,116.4713798,0.544707,0.083869509,15,7.49211005,1,1,7.444479681,103.7909218,6.888959362,4.902830585
463,4,1,7,263.5176251,8,32,0.456551406,0.544679909,0.225259345,16.40528867,95.69858272,0.44785800000000003,0.185228318,61,,5,,11.5584937,105.0572616,7.116987406,5.277464156
464,4,2,7,66.46959694,5,32,0.560287998,0.501752468,0.867592605,15.3663773,55.00745855,0.605242181,0.164401276,64,8.453323903,0,1,10.53687628,73.31189771,7.07375256,3.931818496
467,4,5,7,272.8996116,4,69,0.557112813,0.965296848,0.360610551,16.57739156,96.39936638,0.442537838,0.121132501,23,2.538832451,,2,11.20966198,100.6687213,8.419323953,4.744010849
469,4,7,7,192.4887926,6,57,0.572608209,1.93e-05,0.421563508,15.70049755,102.3125801,0.247594783,0.0774227,6,6.687139412,3,7,8.722498639,99.33896902,7.444997277,4.776213817
471,4,9,7,59.62765875,5,42,0.518362263,0.42112963,0.656536687,16.79702929,55.07574259,0.64928614,0.075988471,33,9.723982083,1,2,11.77612738,96.92179706,7.552254764,3.515475659
473,4,11,7,33.04613045,8,49,0.573716013,0.164627866,0.09549758,12.90525234,62.51744635,0.445337234,0.076379969,43,8.506652422,0,0,8.280695746,26.43461475,6.561391492,3.410218176
475,4,2,8,285.9372871,8,64,0.548615135,0.502999576,0.649809788,14.5140497,85.92922429,0.232618593,0.028469185,12,4.994882364,2,5,11.06336094,42.00725457,6.126721888,4.674045959
479,4,6,8,251.15177,2,24,0.489458029,0.123751722,0.307487846,11.79885713,71.48831852,0.343054345,0.022821796,54,8.411256239,2,5,9.221587295,90.11396269,6.44317459,4.727102703
481,4,8,8,295.3192613,1,32,0.545467969,0.048922989,0.013926855,13.47608369,71.63708127,0.21067138,0.09412406,43,3.376765471,5,5,7.597824273,79.84259008,7.195648545,4.909758391
482,4,9,8,151.9308211,3,25,0.425434742,0.738719344,0.69724299,17.40545123,37.63467698,0.240303713,0.128444903,56,9.160364478,3,6,13.66969513,99.20929166,9.339390257,3.777770722
484,4,11,,76.12373172,1,52,0.4823992,0.937363946,0.533647702,15.11186841,129.0987,0.20882827,0.084068393,25,,0,3,10.39548245,37.80393795,6.790964901,3.753763257
485,4,1,9,185.0917019,1,51,0.485758175,0.616194139,0.545842985,10.8840538,50.74341776,0.532092933,0.023466998,68,8.287886817,1,7,6.713363222,30.98912367,5.426726444,3.209438391
486,4,2,9,61.70460864,8,67,0.519302,0.473604129,0.719544521,17.84606838,189.8997595,0.298790075,0.119025076,21,6.045297289,0,1,10.35892688,83.13209514,8.717853758,3.171821689
490,4,6,9,,6,33,0.462377115,0.953786586,0.029440476,14.42353676,15.36401575,0.376239689,0.189759949,67,,0,0,8.568631532,58.97809332,7.137263064,3.10588721
491,4,7,9,177.9715255,7,20,0.503444497,0.63669571,0.227223785,16.43617742,197.0586171,0.60922118,0.032491879,9,9.368110326,3,7,10.13120968,129.6171125,8.262419355,4.629132578
492,4,8,9,270.0841788,,48,0.468008304,0.727958567,0.408853416,16.33269206,148.1417904,0.597628027,0.139558235,64,6.612608483,2,10,12.07371781,90.72002881,8.147435619,4.892547165
494,4,10,9,132.7754736,3,50,0.524763156,0.945765046,0.036202808,13.555118,170.044137,0.268982472,0.16382771,34,9.576828801,2,5,11.08617667,77.55268684,6.17235333,3.970624022
496,4,1,10,110.5014831,4,29,0.432925846,0.612000914,0.7453350000000001,14.87704926,189.0862071,0.296178205,0.036359311,46,2.08874835,2,,11.70947181,37.51190001,5.418943627,3.459351361
497,4,2,10,244.7514225,8,28,0.478981979,0.597496961,0.676259022,11.55178937,189.0961575,0.38211859,0.091611127,62,5.604200603,2,2,11.08432743,61.29690331,6.168654857,4.71781508
500,4,5,10,271.5701886,2,45,0.493628645,0.785812625,0.670336453,14.87080343,74.18790599,0.617699132,0.084211078,70,6.860330958,2,5,10.81711301,63.75192034,7.63422603,4.845114426
502,4,7,10,12.04385054,1,36,0.487339054,0.075250117,0.541373,11.80723658,80.17251207,0.357610875,0.069778368,23,6.024020905,0,0,12.22624255,94.39536838,6.452485091,3.464724389
508,4,2,11,230.7187883,2,43,0.469635723,,0.580519897,16.86141363,72.19214469,0.234422237,0.068835456,30,9.397812212,4,9,11.81189646,116.5386543,7.623792926,4.856427598
509,4,3,11,83.7503208,5,63,0.545874877,0.01163974,0.852666356,12.8427464,185.0496408,0.529836527,0.068838473,5,9.049448311,1,3,12.24597022,40.3960077,6.491940448,3.136997688
510,4,4,11,210.7551898,6,,0.558006509,0.273429905,0.468551623,16.21270843,111.4007463,0.401445201,0.049456444,52,6.164568246,2,4,9.451504685,48.44346904,6.90300937,4.011673184
514,4,8,11,5.051278459,2,71,0.571381796,0.000152091,0.873640998,12.77893951,54.20002723,0.562039274,0.023575411,68,8.166070882,0,0,10.65496639,63.18776836,5.309932788,3.685974141
515,4,9,11,135.451831,3,46,,0.138111937,0.541526636,14.32885413,90.47303564,0.45824624,0.007594892,22,2.783944067,1,4,7.960474516,89.44304806,5.920949032,3.885029269
516,4,10,11,155.7545243,6,66,0.576028152,0.076352485,0.447542083,12.14808428,155.4901045,0.4142508,0.172720461,67,3.834813198,3,1,7.860046824,64.65100341,5.720093649,3.85591952
517,4,11,11,256.7064229,3,60,0.502865258,0.961392025,0.654045414,14.97017986,65.24292688,0.375259072,0.107109303,16,7.153942462,5,10,9.761211033,48.12822122,5.522422066,4.515007869
518,4,1,12,98.74620285,6,34,0.547325139,0.029892874,0.322031272,14.52728581,75.57574561,0.370846884,0.062578846,49,6.662358431,1,0,7.070714337,46.70929331,6.141428675,3.579424273
519,4,2,12,55.92134942,2,18,0.535819145,0.193885512,0.764545188,13.04062892,148.8420711,0.244680202,0.013939164,40,8.832240619,0,0,8.355904957,61.24170743,6.711809914,3.389904052
520,4,3,12,238.7257472,8,50,0.536321492,0.123067105,0.416061088,14.60555858,31.11663921,0.375785398,0.178419845,69,5.889870379,2,4,6.558643655,41.14257664,5.117287309,3.789417383
521,4,4,12,76.48655121,8,,,0.063213601,0.254954757,15.59048565,16.93080832,0.213798306,0.134459028,67,4.065122733,0,0,7.661380919,52.12206517,7.322761839,2.264978497
525,4,8,12,125.939155,1,46,0.56385874,0.146291621,0.508489323,11.57677432,25.80100618,0.394517873,0.045330281,8,9.464120942,2,5,6.5426524,74.41131612,5.085304801,
527,4,10,12,281.2945915,1,24,0.464842453,0.440735505,0.019833147,11.99448666,121.8888857,0.29962099,0.14424557,49,5.145709032,5,,8.774714812,19.98057395,5.549429623,4.056146496
528,4,11,12,188.4442731,4,24,0.470962165,0.255881075,0.731583424,13.29360127,39.04883948,0.436950633,0.136862092,21,5.479187727,3,1,8.940889592,30.09192211,5.881779184,3.692991314
529,5,1,1,157.1274815,2,29,0.431939536,0.386347165,0.104587936,11.21830513,72.33134277,0.238729924,0.003496043,70,8.309157182,1,1,8.787947292,22.49386386,3.575894584,3.76878325
530,5,2,1,152.9481989,7,69,0.53245078,0.561367056,0.345707154,10.98895727,4.777825036,0.492941256,0.150056366,,2.658321911,,3,9.771642926,78.41159009,5.543285852,4.188631853
531,5,3,1,93.91702389,5,29,0.470403719,0.899015705,0.395806936,14.12533974,29.97183322,0.656851376,0.079091145,20,8.977532939,0,0,9.291855413,60.80877982,4.583710826,3.83287845
534,5,6,1,155.1386786,5,38,0.571535421,0.10635408,0.278723709,13.85898871,187.0253421,0.560778273,0.173157355,67,8.358011338,1,3,9.69943817,30.91483868,5.39887634,3.195832148
537,5,9,1,291.6328933,3,35,0.454709212,0.722234821,0.416151313,12.05400978,126.6913828,0.44799557,0.160617025,23,6.323677191,5,5,10.80778321,55.56883776,5.615566426,5.259068418
538,5,10,,63.87725652,8,65,0.538306183,0.001267553,0.166200825,11.7709367,108.9547003,0.371283479,0.170675951,47,5.891867868,0,1,11.20607594,67.69567438,6.412151885,3.039668764
540,5,1,2,24.51391453,2,19,0.472343551,0.018857775,0.841523471,12.7260297,21.19401193,0.256650512,0.183311834,47,6.584503932,0,0,9.736683164,116.3733598,7.473366328,3.847787187
541,5,2,2,281.0360457,1,29,,0.536219669,0.156704178,12.09843805,57.50627583,0.394583788,0.041074933,26,3.706521231,2,11,11.83246558,23.15750387,5.664931168,4.433567552
544,5,5,,2.781651709,7,72,0.50216831,0.547452944,0.317016468,14.90143053,145.3145567,0.53663464,0.094495444,53,8.887238114,0,0,9.278572516,44.72934528,6.557145031,2.822681987
546,5,7,2,78.392477,4,61,0.468420911,0.041472577,0.418168261,11.89480311,14.86145889,0.405283072,0.012905188,23,8.372668755,1,2,7.719335063,69.71828302,,3.295170352
547,5,8,2,14.8119467,6,65,0.422532181,0.075518862,0.236413951,15.17385256,158.4288381,0.27897718,0.110160046,30,7.469840921,0,0,10.42991809,50.51293084,6.85983618,2.812939156
551,5,1,3,232.2682277,2,21,0.490477,0.459546005,0.735599162,13.33157707,47.56728165,0.283598071,0.171211533,11,9.39091892,2,9,7.406431706,62.4607095,4.812863412,4.789116203
552,5,2,3,205.446557,6,69,0.513132197,0.185376122,0.252065417,12.45704767,6.244967917,0.596556602,0.105726736,45,2.006825043,2,4,7.920582041,0.156367238,3.841164082,4.072418072
553,5,3,3,91.81035938,4,24,0.564389176,0.023528268,0.669424792,11.92653711,194.0686533,0.652366172,0.112823536,24,7.688247574,1,3,7.736965063,83.52357672,5.473930125,3.968266447
554,5,4,3,159.1077543,,18,0.47280414,0.011329988,0.525668039,13.41470285,89.49789626,0.326621586,0.179671664,14,3.620335779,1,4,10.56372381,106.5562162,,5.551161079
556,5,6,3,24.35224906,7,68,0.447725155,,0.547857,14.38252926,80.28051879,0.523326735,0.027794969,71,3.544821405,0,0,10.99029403,94.31652034,5.980588069,2.966773762
557,5,7,3,139.5435603,5,30,0.549122476,0.920309476,0.215792167,15.58840423,133.9963469,0.201738687,0.073626752,21,5.429611852,1,4,11.10466902,69.18142932,6.209338031,4.031876193
560,5,,3,128.1988244,3,72,0.455552564,0.674393091,0.892151232,,35.01278129,0.266868947,0.102974317,10,,1,3,,36.42961372,4.257466248,2.994143629
562,5,1,,110.6021903,7,35,0.529942566,0.0004875,0.728538,11.2983819,162.3884,0.546633513,0.103368938,52,5.403721858,1,4,6.943545498,82.67538823,5.887090997,4.23813946
563,5,2,4,191.0415806,3,35,0.442473657,0.57217556,0.690105871,13.30399268,89.62324318,0.314728037,0.167212958,,4.005478618,3,1,,50.2714883,5.8933252,3.820329137
566,5,5,4,229.4732772,3,61,0.512462602,0.001121343,0.246636373,11.87860181,12.91498111,0.428998812,0.116367538,66,5.028077214,2,2,8.265889892,82.49675906,6.531779784,4.483480406
567,5,6,4,15.47570294,7,46,0.568275867,0.69106626,0.173972775,14.00147341,172.0116809,0.258406407,0.073032424,42,6.205114144,0,0,10.22304078,15.21437963,4.44608157,3.330042988
568,5,7,4,155.4367266,4,25,0.481181375,0.796269972,0.525641323,14.3872823,130.2845482,0.344419675,0.003738163,7,3.813249459,1,6,6.992934611,37.79620542,5.985869222,3.821953258
569,5,8,4,127.4904377,4,64,0.550851102,0.045990745,0.550657792,14.3481406,73.70519045,0.481872482,0.142358126,43,8.489209506,2,1,10.97118922,30.97045209,5.942378441,3.316021186
571,5,10,4,96.08762667,7,63,0.509172246,0.981224148,0.719826799,14.51704258,168.0147479,0.26871196,0.061867334,47,8.383489684,1,2,10.5094681,3.432837566,5.018936198,3.977469483
572,5,11,4,12.17626656,4,33,0.456291724,0.045050808,0.81389623,,193.0896438,0.214215106,0.143043521,51,8.193558521,0,0,9.333679204,49.77296419,4.667358409,3.03226497
575,5,3,5,94.25816981,1,64,0.556349257,0.045895455,0.495513934,12.55035895,43.48839208,0.33992896,0.136645711,5,7.460065264,0,0,11.08353275,39.95037369,6.167065504,3.912039596
577,5,5,5,66.66100873,7,41,0.565234257,0.284114432,0.248982609,13.15249847,28.32234604,0.469650912,0.057230777,65,6.380545901,1,2,8.973610261,88.78832154,7.947220523,3.648759704
578,5,6,5,11.75985899,4,53,0.533623049,0.307679813,0.407817398,13.61622993,102.151316,0.678199284,0.119053229,16,2.53595506,0,0,11.67568329,41.0008938,7.351366586,3.247638989
579,5,7,5,36.63653096,2,25,0.574388193,0.01367515,0.029421123,11.92235055,12.92381446,0.642833714,0.13127203,52,8.914026031,0,1,7.290194748,53.01981012,6.580389495,3.48744423
582,5,10,5,115.6802132,5,66,0.449264441,0.001883709,0.441626033,15.62927126,156.17426,0.387874134,0.159254593,57,9.902311531,1,3,7.127372923,23.46531536,6.254745845,3.92232842
583,5,11,5,272.2580108,6,62,0.57895049,0.112004711,0.050706415,14.18398196,195.4352694,0.410571056,0.16915081,18,7.483511855,2,8,6.324434423,13.71883079,4.648868845,4.990501932
584,5,1,6,258.9391994,6,62,0.530227222,0.743874836,0.235424091,12.75954894,149.7500393,0.532451517,0.064277132,13,8.354696484,5,7,7.199749413,51.28399622,6.399498826,5.047578517
587,5,4,6,127.659081,1,60,0.561922708,0.286477105,0.848552035,10.69206783,170.584766,0.292986556,0.018817148,67,3.144113661,1,1,7.051148794,1.879018916,4.102297588,4.040058265
589,5,6,6,204.566268,7,23,0.529153203,0.013572916,0.652352455,10.29516499,197.6167861,0.674453127,0.062244662,15,5.205420032,2,2,9.38620277,53.23660699,4.77240554,4.213129884
592,5,9,6,53.27304101,1,57,0.424687691,,0.036523978,14.37344688,28.26442977,0.655219288,0.159027849,63,3.564815164,1,2,9.540803824,97.82589413,7.081607647,4.409225407
594,5,11,6,15.85081435,6,70,0.557216511,0.001828286,0.667808725,15.27842157,31.77753657,0.230442362,0.105109185,44,5.770042333,0,0,11.93245643,88.34035354,5.864912852,3.797873908
596,5,2,7,35.47531314,7,28,0.443833807,0.69323633,0.869353163,10.31209102,152.6352755,0.277543782,0.055543761,66,6.190009345,0,1,7.39560612,54.06822838,4.791212241,3.815054932
597,5,3,7,168.6390735,8,50,0.452548316,0.858147235,0.114931813,11.81267908,3.978795621,0.563889378,0.144621968,,7.979047239,3,5,7.229266156,67.96901642,6.458532312,4.102619232
598,5,4,7,3.464762786,6,26,0.550008614,0.015086817,0.316132251,12.47815418,83.67190342,,0.01569395,62,5.367543319,0,0,12.59897454,35.47071929,7.19794909,3.081577322
600,5,6,7,254.1851766,3,52,0.548015226,0.956546033,,14.60239099,27.2878461,0.260604007,0.135588605,28,2.618817433,2,2,6.556883883,17.88254517,5.113767766,4.291607342
601,5,7,7,266.0300797,8,61,0.439385734,0.088902984,0.155983246,13.41399226,43.6228821,0.389492958,0.141039379,52,3.289250884,2,7,9.563329035,81.676087,7.126658071,
603,5,9,7,227.1055823,6,71,0.517452162,0.518119672,0.557513094,13.44828647,144.9884059,0.585067347,0.167356989,39,6.479986543,4,2,9.582381372,46.5761829,7.164762744,4.268381381
606,5,1,8,6.060642245,4,71,0.47246031,0.019386311,0.649181074,12.96761793,182.8461183,0.542240164,0.004600022,36,8.502287842,0,0,11.75978774,26.92652183,5.519575477,2.905821179
607,5,,8,119.5672004,4,29,0.556826268,0.342569393,0.461392002,11.28584507,27.90613623,0.391880382,0.016020102,27,4.03313564,1,2,8.936580593,44.2563224,5.873161186,3.661809317
608,5,3,8,129.279597,1,37,0.494392089,0.876375634,0.762171294,14.66630619,174.8608628,0.301191199,0.187614358,7,2.106163375,1,3,6.592392329,62.57240612,5.184784658,4.514007285
609,5,4,8,78.31100667,8,60,0.533141087,0.488054789,0.021820205,13.60057955,141.4771688,0.253247205,0.124083826,40,4.830084548,1,2,8.111433084,69.58829302,6.222866168,3.349254001
613,5,8,8,102.505767,6,26,0.49720083,0.064100442,0.637258234,12.91020906,84.39429093,0.286123637,0.003750982,63,9.229286686,2,4,12.28344948,50.86073854,6.566898953,3.036230211
615,5,10,8,148.8943341,5,30,0.52174789,0.859810717,0.515499495,13.83725002,93.52041628,0.303578623,0.168754413,28,4.62091354,2,1,9.687361123,20.60872597,5.374722246,3.087989525
617,5,1,9,125.7652166,7,50,0.43854479,0.934124095,,10.84707815,87.70576901,0.631179682,0.016386365,7,9.012444639,1,1,6.692821196,79.12388247,5.385642392,3.952383309
620,5,4,9,142.5106247,7,55,0.495003902,0.122618003,0.065812061,9.983299173,138.0487717,0.512625341,0.083104567,30,6.34631975,1,4,10.21294399,2.898699475,4.42588797,3.559442599
621,5,5,9,279.5788075,5,61,0.521610286,0.134914855,0.779483627,15.65507993,108.9472487,0.223820819,0.102559354,44,6.685778792,5,11,8.697266629,55.66037284,7.394533259,4.353037043
623,5,7,9,45.76395529,6,18,0.576032254,0.147169499,0.45616289,10.53900119,197.3488051,0.411628925,0.103419155,60,4.355643361,0,0,6.52166733,10.30909294,5.04333466,2.328961793
630,5,3,10,290.1739573,4,30,0.578160528,0.045588474,0.462307814,13.28912236,123.831662,0.581163,0.093786562,42,8.788147078,2,2,9.493956867,77.23988671,6.987913734,4.775778489
634,5,7,10,50.16920557,5,35,0.51786642,0.78328054,0.112370845,13.89639996,155.6318186,0.586644515,0.12130508,10,5.190355616,0,2,10.7202222,25.50460447,5.440444405,3.276880738
637,,10,10,242.8177823,3,49,0.426069177,0.142741828,0.014126412,13.17843087,91.22939427,0.346604167,0.12621896,42,5.975140234,2,2,9.988017151,61.02119563,7.976034302,4.319385614
639,5,1,11,15.76793689,4,65,0.432083608,0.123533083,0.763417394,16.43285255,,0.656179348,0.030298679,47,4.847093127,,0,11.57380697,87.39985383,7.147613939,2.910806848
640,5,2,11,265.3402861,1,63,0.531852231,0.96809191,0.679421527,10.63623035,117.7448655,0.336493155,0.038504878,65,9.454956542,,5,9.575683527,39.04031591,5.151367054,4.793611679
644,5,6,11,262.3345187,3,72,0.533384509,0.277229742,0.101945657,13.18109941,3.891541148,0.365292189,0.032265776,19,8.22710541,2,,7.767277452,17.56212129,3.534554904,4.387245193
646,5,8,11,105.5182355,4,47,0.558992886,0.32486641,0.186128494,9.848583871,171.1514498,0.32950886,0.014055889,20,3.318881751,1,3,11.13810215,53.14024787,4.276204301,3.461171706
647,5,9,11,158.3531591,4,30,,0.414930862,0.80363502,10.96737754,92.50191283,0.602742883,0.044572435,39,5.606741391,3,,7.75965419,32.61048773,5.519308379,3.60191293
650,5,1,12,24.29461837,3,20,0.47441406,0.0081306,0.484364252,11.7791196,115.3862946,0.419009333,0.150660377,11,2.589540115,,0,11.09951089,38.75911794,4.199021777,3.608334608
651,5,2,12,39.88126751,8,36,0.447836903,0.121335,0.661493768,13.03027448,151.5988937,0.62002609,0.19563391,68,6.718469401,0,1,10.23904138,4.446598088,4.478082754,2.159590669
654,5,5,12,283.1279866,6,36,0.420314616,0.356657681,0.680053587,15.51500531,126.6097979,0.27360318,0.007760473,10,5.94416247,5,11,8.619447396,58.71966391,7.238894792,4.252534505
655,5,6,12,101.6047952,5,62,0.537344896,0.063220585,0.078169359,13.5326944,18.74155304,0.289823403,0.164492371,39,8.29065227,2,2,6.962607997,50.29515442,3.925215995,3.698425588
656,5,7,,,4,34,0.579069152,0.861146286,0.618067967,14.32538502,16.67215616,0.346510394,0.13837348,27,3.200866056,0,0,9.958547236,72.51276937,5.917094471,2.902980044
657,5,8,12,106.9360736,1,38,0.53611721,0.746657375,0.292893594,13.8384865,82.64502733,0.579062047,0.055769305,31,7.340283861,2,3,8.688048054,49.16632574,5.376096107,3.544486771
661,6,1,1,270.7594716,4,29,0.491414812,0.001785681,0.739467795,18.02703155,54.3174753,0.607906168,0.165542533,37,2.236748057,2,5,12.01501753,111.1847076,10.03003505,4.670882608
662,6,2,1,206.2054534,4,20,0.492674047,0.926657497,0.427238747,18.25849642,49.46343679,0.676523,0.133108533,17,4.057731063,4,8,14.14360912,93.10644891,10.28721825,3.808016158
664,6,4,1,8.910026844,8,42,0.56697465,0.724495709,0.698574328,15.50925122,77.41691779,0.320527582,0.151257464,25,,0,0,13.28291734,166.2727067,10.56583469,3.094293282
665,6,5,1,15.8256653,4,33,0.498225636,0.728553693,0.474532216,14.24366996,187.6965588,0.499918104,0.172552221,61,6.067112372,0,0,10.02426109,87.05980817,8.048522183,2.671257406
668,6,8,1,121.4390551,4,68,0.557660701,0.495375984,0.625998677,15.31017702,46.20008451,0.355462832,0.160868537,59,2.922495281,2,4,12.06120946,105.0261372,8.122418915,3.589471442
671,6,11,1,117.6645951,5,46,0.472080162,0.886474101,0.451484,13.42651725,197.2692769,0.212866338,0.157263779,31,5.936549607,1,2,8.125842918,124.7802245,8.251685835,4.073320918
672,6,1,2,255.5848415,8,64,0.421467615,0.259727956,0.471427926,17.94099575,146.3371257,0.247427493,0.085691964,36,3.12413018,5,5,12.52277542,133.6138435,11.04555083,4.773198825
674,6,3,2,38.64071108,5,54,0.476055017,0.188212286,0.242410261,18.40363274,107.7818244,0.353459162,0.194396201,9,6.036232135,0,1,11.66868486,83.52793334,9.337369716,2.833977203
676,,5,2,226.1773662,2,37,0.43869919,0.291236873,0.403171517,17.21473068,14.84889064,0.41489468,0.111101419,60,6.809202191,4,9,11.00818371,97.00309843,8.016367426,4.382457674
677,6,6,2,62.21171498,2,56,0.573364846,0.023922817,0.470432943,15.0025955,151.3338479,0.278283442,0.075110556,41,7.973206029,1,2,13.44588639,87.6640325,8.891772777,3.301480635
679,6,8,2,258.9319921,,36,0.555466208,,0.865112838,13.95876412,125.237081,0.203849273,0.126061356,28,4.388262299,2,10,12.86598007,74.50420657,7.731960132,4.825631623
681,6,10,2,169.5464926,2,24,0.42417948,0.595698132,0.275687186,17.56703102,,0.527807848,0.129116569,22,9.223938504,1,3,13.20390612,76.63602138,8.407812244,4.139585843
682,6,11,2,50.97913624,1,29,0.436229223,0.299552839,0.115843193,18.02981924,,0.617095054,0.095334634,17,6.032257301,0,1,14.5721218,106.814398,11.1442436,3.403224349
685,6,3,3,163.5858128,5,52,0.543625224,0.517142974,0.796926854,14.67603533,49.1710073,0.254910391,0.171414714,,4.265074693,1,1,8.708908518,95.29648686,7.417817036,4.499741725
686,6,4,3,208.3492131,2,33,0.556919155,0.387840052,0.239069933,17.47281553,148.8460694,0.36153446,,71,5.483330441,4,4,9.707119739,98.81745106,9.414239479,4.456198448
688,6,6,3,109.1682857,2,49,0.555963291,0.184652611,0.258326281,18.6041933,132.0158683,0.234817427,0.146192975,6,6.501973566,1,3,12.78010739,132.252338,9.560214778,
691,6,9,3,254.1392924,4,62,0.563171025,0.184416764,0.6852779999999999,14.80298834,48.68753694,0.229873908,0.181650576,41,4.514444855,2,7,13.33499352,79.55234398,8.669987049,4.486829422
692,6,10,3,207.5447059,3,39,0.517188923,0.194552653,0.391510271,13.34044108,159.1353497,0.343385875,0.074449064,15,7.138759547,2,6,13.07802282,120.5996853,8.156045646,5.037355112
694,6,1,4,288.6804065,1,39,0.558120738,0.036011155,0.263342949,15.68671975,23.56388462,0.447400564,0.040660564,67,7.787331317,5,8,9.825955419,77.8039694,9.651910838,4.444435615
695,,2,4,272.2761243,8,66,0.570193218,0.377289972,0.38998458,15.42736142,123.6828725,0.254824556,0.078599746,43,6.600486182,5,5,13.23742301,112.0757231,10.47484603,4.543474151
697,6,4,4,286.5570181,5,51,0.478432477,0.916611878,0.362137115,16.95814515,68.20769524,0.389468857,0.030919223,67,7.998775308,2,2,8.865636195,75.0380361,7.73127239,4.851650069
698,6,5,4,215.1490941,1,39,0.566935504,0.001575716,0.387242045,15.72705301,119.5700953,0.484906464,0.028943118,52,9.006366449,2,2,13.29280723,132.5786485,8.585614451,4.988405986
700,6,7,4,218.7994737,5,46,0.5214307,0.006147878,0.447937886,13.98640608,163.8213009,0.377359171,0.014802765,27,2.66622482,4,8,10.43689227,88.74343436,8.873784538,3.915888712
702,,9,4,137.5955083,7,25,0.475752499,0.001664666,0.658363339,17.16876135,103.4792604,0.280072,0.002402971,16,5.01723379,1,4,,161.0741867,10.18751261,4.724547091
703,6,10,4,51.35483724,3,28,0.520985689,0.830072626,0.500390402,16.06980971,123.4883144,0.53500979,0.146495274,39,6.543752097,0,1,,102.2742637,10.07756635,3.524381569
704,6,11,4,161.8496744,6,30,0.52562093,,0.722725564,15.43179467,192.6702504,0.360270185,0.117898375,20,5.683858469,3,1,10.68433037,85.75722165,9.368660739,3.940698769
705,6,1,5,234.0499614,,32,0.534422605,0.413914799,0.64079998,16.41437056,82.41551053,0.225800904,0.172124258,57,7.704189865,4,7,10.11909475,68.69987108,8.238189508,
707,6,3,5,295.6697425,2,38,0.555890407,0.636906939,0.087413441,,188.5939475,0.606700031,0.042242852,52,7.943518138,5,8,9.641703657,131.1860251,9.283407313,6.143533833
708,6,4,5,44.09396446,1,55,0.554529243,,0.049179691,15.67522142,68.25512069,0.269988991,0.07883262,37,4.166984047,0,0,13.2640119,114.4821086,8.528023798,3.606378907
710,6,6,5,183.9242251,3,45,0.538213512,0.583598604,0.883895987,19.75512457,117.0555772,0.589480533,0.123247274,28,8.446039142,,1,9.419513653,145.7676609,10.83902731,5.007350478
711,6,7,5,148.8828118,8,66,0.496782171,0.029383492,0.300396584,15.29651506,41.1511998,0.513153316,0.128882273,70,5.523474823,2,5,10.60917503,138.0613042,9.218350063,4.798447217
712,6,8,5,31.81229472,6,59,0.45531651,0.773413053,,16.3891635,139.1856124,0.441393399,0.042049536,65,6.030412161,0,0,10.10509084,107.2752899,8.210181671,
713,6,9,5,24.66309705,2,24,0.558315202,0.004517628,0.89014628,16.07022915,81.14318119,0.341595702,0.129571397,61,9.068932722,0,0,10.59457175,162.8020845,11.1891435,3.885755223
714,6,10,5,251.6368054,1,39,0.461924966,0.817675046,0.208488612,16.19406418,193.9480361,0.63769095,0.16126554,33,5.709133648,2,7,12.10781343,103.8362918,10.21562687,4.580052904
715,6,11,5,19.72508669,8,55,0.433010164,0.449202258,0.82888174,17.82914757,78.70745334,0.434266872,0.058756453,24,9.125378662,0,0,8.905081983,140.5783245,9.810163966,3.866224953
716,6,1,6,233.6890682,5,38,0.437779344,0.009019687,0.172796506,16.74437439,173.3007137,0.530050302,0.020829832,5,3.514738329,2,2,11.85798577,137.9955614,9.71597154,5.220293775
717,,2,6,41.20099604,6,49,0.435593836,0.0982652,0.71166588,14.70812251,117.0455459,0.61158442,0.173526892,,2.558362655,0,0,8.282290282,57.37850827,8.564580564,2.707102005
718,6,3,6,176.8392307,5,43,0.57670925,0.343270726,0.692717248,19.97995083,,0.453638702,0.008184457,19,4.479527618,3,5,,173.9343716,11.08883426,4.720572975
720,6,5,6,37.45797324,6,20,0.47112177,0.310264678,0.448265924,17.26083877,112.4772447,,0.0615438,31,4.918035224,0,0,9.589354874,96.31116916,9.178709747,3.622602356
721,6,6,6,259.9164255,5,70,0.466388147,0.015784426,0.053940496,,135.4028623,0.272844613,0.079256983,56,7.572542834,5,10,10.49491274,173.1302953,10.98982547,5.966443777
722,6,7,6,33.33892463,6,,0.424445037,0.689175891,0.360464815,16.91984965,90.0238519,0.662026249,0.173058699,10,3.551943867,0,1,,99.17525286,7.688721834,3.732983824
725,6,10,6,1.07983685,1,21,0.575376132,0.304633575,0.24274675,17.24004052,126.2990575,0.618332904,0.021341747,46,2.827886704,0,0,12.13335584,140.3204977,10.26671169,3.928890243
726,6,11,6,9.87256446,8,61,0.446219739,0.049777915,0.806911608,,112.2763574,0.478637437,0.106379842,71,9.472134392,0,0,12.25363343,166.3494299,10.50726686,4.162665987
728,6,2,7,93.63342031,1,45,0.552130251,0.808406888,0.56132455,14.80875216,6.883220891,0.368357184,0.060232753,71,5.877271996,1,1,10.8937512,132.3312395,9.787502395,3.989772849
729,6,3,7,180.4335677,3,67,0.504126451,0.777757901,0.895000584,16.13136009,129.1753498,0.568030778,0.174429957,28,8.793779667,1,1,8.961866718,78.3675728,7.923733436,4.266143873
733,6,7,7,187.6652528,6,59,0.53542439,1.3e-05,0.34958533,14.88159012,146.6121999,0.448299381,0.129137232,32,6.957808277,1,3,9.934216731,137.8059709,9.868433462,4.904368076
734,6,,7,25.55847178,4,18,0.464536622,0.880934133,0.655978038,15.18613419,67.78453351,0.374926752,0.174257725,6,3.182327187,0,0,12.10340788,143.807257,10.20681576,3.839380786
735,6,9,7,111.8412691,6,58,0.507359788,0.060883903,0.622153811,,168.5770456,0.583237811,0.113270272,12,4.196726409,1,3,10.33595188,140.905452,10.67190375,4.715801312
736,6,10,7,274.6458786,3,29,0.566014779,0.763741838,0.730776933,18.10076274,18.51617353,0.532449208,0.143901737,41,7.354010025,5,2,13.0559793,134.3366778,10.1119586,5.515102528
737,6,11,7,277.1859621,7,63,0.452819851,0.023098136,0.458481793,15.58281206,,0.577967194,,21,7.362330712,2,5,13.76822892,,9.536457839,4.830588334
739,6,2,8,196.7115925,3,72,0.458134579,0.484247913,0.886776526,15.79098459,179.2406154,0.444895339,0.115756181,55,5.508160784,1,7,11.43943588,158.8401519,10.87887177,4.821614299
744,6,7,8,20.58197516,1,30,0.451526038,0.369785723,0.232716505,17.60456421,175.8625514,0.416329731,0.033267958,19,3.837070013,0,0,10.2247579,105.7598529,8.44951579,3.556042023
745,6,8,8,82.30056811,8,48,0.5134125,0.309865233,0.315206564,18.68978648,44.43702907,0.575385796,0.175090041,47,8.734337881,0,1,10.82765915,128.5720759,9.655318307,3.748578771
747,6,10,,91.6760994,4,23,0.463852186,0.007994733,0.706013,14.88468388,76.56967553,0.23187848,0.101997204,14,2.328099634,0,2,10.38037994,86.54270036,8.760759871,3.44112261
750,6,2,9,222.747026,2,32,0.563226018,0.62713419,0.503161841,15.2093127,117.197335,0.425125716,0.105501135,34,6.732333876,2,2,11.11628483,124.7372192,10.23256966,4.545165257
751,6,3,9,284.0169794,8,38,0.447512065,0.075965317,0.096774447,19.2910035,196.0991707,0.453153039,0.162987484,52,8.930449702,2,,12.16166861,101.5169351,,4.853709119
752,6,4,9,103.0387425,1,54,0.537822126,0.000815509,0.228694238,18.75017104,144.5035713,0.229157464,0.003364859,46,9.130302247,2,4,12.86120614,114.7279444,9.72241227,3.584878625
753,6,5,9,33.50466166,3,45,0.532806449,0.215747998,0.382031794,19.99538672,11.89931609,0.614126263,0.043776416,19,9.636072298,0,0,12.55299262,166.0112167,11.10598525,4.069341988
754,6,6,9,177.5573001,4,54,0.479404926,0.100079028,0.888921684,14.19299167,185.2074449,0.386150473,0.1803842,70,4.269713849,1,5,8.996106482,124.70493,7.992212963,4.281085455
755,6,7,9,44.61356686,3,33,0.446225738,0.075807882,0.263381204,17.78047886,189.2280969,0.230425388,0.109664969,25,7.529050201,0,1,10.87804381,93.72008011,9.756087617,2.84390486
756,6,8,9,32.72094712,4,20,0.484431634,0.765327924,0.074809859,16.13557279,112.0485959,0.556788062,0.032149524,58,7.618466003,0,0,9.075318217,155.7370946,10.15063643,3.629856795
757,6,9,9,159.3509021,7,67,0.489141237,0.003112198,0.862308711,19.04754097,163.1915672,0.669216475,0.176962788,46,,3,6,11.02641165,82.51573191,10.0528233,3.394686316
758,,,9,25.44873202,6,43,0.456970363,0.946719112,0.568623076,15.66063843,180.6827979,0.397925256,0.071937491,27,9.271328034,0,1,10.8114658,150.7701779,9.62293159,3.566109638
759,6,11,9,53.47600682,3,59,0.464358845,0.690241644,0.49363671,15.2277063,98.82904531,0.45828151,0.198511052,37,3.986064805,0,0,11.1265035,134.0178203,10.253007,3.4091449
760,6,1,10,86.00910209,6,61,,0.934260092,0.211467885,17.70862505,51.1086155,0.577031438,0.078218329,40,8.77079428,1,0,11.28256947,118.1723564,8.565138942,3.593994468
762,6,3,10,7.851751821,6,24,0.526773297,0.55745062,0.353043246,15.7784778,57.33300448,0.503276025,0.022704791,19,4.510180168,0,0,,101.7178026,9.75386422,2.94698362
765,6,6,10,210.7953971,5,29,0.437527894,0.88027,0.035456603,17.98075274,143.0761222,0.26123498,0.070785675,66,6.562240451,2,4,9.433751524,117.8638656,8.867503048,4.779441339
766,6,7,10,206.1161744,3,33,0.489610395,0.030825672,0.707883955,16.39638039,177.1515742,0.636852009,0.19348118,50,9.640138846,4,8,11.10910022,105.9256692,8.218200436,4.491079701
768,6,9,10,139.7388263,2,65,0.555310866,0.0597807,0.207113489,19.20792734,175.7902957,0.463214409,0.04153721,25,8.031582659,1,1,12.67107074,179.318897,11.34214149,4.424365369
769,6,10,10,140.6344638,4,71,0.436154852,0.590842996,0.109808978,16.35817399,25.39290508,0.679586558,0.05298368,24,8.291342482,2,4,11.19898555,153.516813,10.3979711,3.932932936
772,6,2,11,14.63320891,7,19,0.436521,0.747995819,0.081240071,15.56251283,161.4593166,0.599621031,0.115591549,33,3.489365213,0,0,10.20139602,120.0375625,8.402792034,2.850587893
773,6,3,11,212.1511613,8,72,0.547666488,0.251881994,0.872177699,16.08005568,25.68019941,0.407758605,0.051595546,63,9.494771271,4,8,13.04447538,120.4012579,10.08895076,4.210450463
776,6,6,11,247.3977877,3,35,0.518626704,0.203805747,0.742736374,13.6439134,153.4093148,0.403301793,0.082795111,46,,4,,11.24661855,75.30142993,8.493237107,4.258599037
777,6,7,11,84.77149126,6,69,0.516977,0.088685005,0.669493088,12.45851703,26.14377769,0.378173371,0.003177273,38,5.56146264,1,3,7.588065014,56.63714448,,2.640432013
779,6,9,11,72.51955708,2,62,0.431246823,0.81764838,0.174371953,18.79364632,103.207362,0.3538713,0.030703545,46,8.285807913,0,2,8.885359065,135.8466111,9.77071813,2.986138898
780,6,10,11,177.8886809,5,25,0.485679197,0.653744,0.085912838,15.09115434,147.4795258,0.540525236,0.054313949,48,6.220898807,3,7,8.495085744,75.25730952,8.990171488,3.175583334
781,6,11,11,,2,,0.465448051,0.076430179,0.469512704,13.9489186,116.7773944,0.291814567,0.025896574,69,9.271976614,0,0,10.41606589,73.7233048,8.832131777,2.911579533
782,6,1,12,59.86302398,3,44,0.557397449,0.187961563,0.250554834,18.46799975,182.4228776,0.641954839,0.051709684,12,3.942117414,0,0,9.704444304,141.0195891,9.408888608,4.036163552
783,6,2,12,295.77722,5,26,0.433112753,0.992844114,0.280156756,14.54018161,98.36294249,0.397278914,0.055195551,,8.883557325,5,11,13.18898978,69.15109081,8.377979563,4.287826352
784,6,3,12,277.3861885,4,46,0.440245486,0.008372037,0.052829627,17.41783377,50.0047126,0.580765418,0.025496296,32,3.086340671,2,2,12.12101876,111.605979,8.242037517,4.796608407
786,6,5,12,86.68805251,4,20,0.480840245,0.034189413,,15.96422112,157.5527702,0.347079,0.094559664,20,3.945517397,0,2,8.980122847,140.0321966,9.960245694,3.706505686
788,6,7,12,173.501838,2,66,0.543947949,0.00869149,0.697386638,17.95518876,155.2695718,0.674014764,0.094189474,17,3.710749497,1,5,10.53066042,131.4743305,11.06132084,4.20235163
789,6,8,12,210.1760895,1,38,0.579655293,0.048867063,0.026370846,15.77561339,146.7671975,0.524590264,0.106339926,67,5.292456353,4,2,10.31978522,100.2751379,8.63957043,4.117769647
790,6,9,12,66.1164728,2,50,0.453901173,0.016940395,0.502568921,15.53012711,52.9924218,0.331266255,0.163551608,67,9.453214832,1,0,9.183403952,63.15897889,8.366807903,2.338365886
792,6,11,12,207.7657128,4,44,0.532745054,0.835227893,0.814703201,18.46074153,22.57307632,0.350278646,0.037016266,7,4.268148065,4,4,11.81152307,147.3874868,11.62304614,4.314638745
793,7,1,1,187.5863053,,50,0.472998389,0.11238857,0.680666125,13.02294684,171.8553258,0.283614112,0.176167493,60,7.683421855,3,3,10.34608158,69.61970359,6.692163156,
794,7,2,1,268.1720847,,26,0.47443368,0.603262459,0.509430288,12.03395691,152.9730117,0.381291065,0.104960621,42,8.025437499,2,10,6.796642727,82.2305345,5.593285454,5.323046112
797,7,5,1,258.6729512,7,37,0.457700309,0.077969535,0.411337,10.01725527,184.2493238,0.2309229,0.06901103,45,6.86769531,5,7,9.231808483,67.31088711,4.463616966,5.581192413
800,7,8,1,256.2752888,1,41,0.548791656,0.988611589,0.018235684,11.30660911,190.7004443,0.375866925,0.177204455,,6.833849551,5,5,10.39256062,8.787850126,4.785121239,4.146561297
801,7,9,1,55.18703686,7,33,,0.488637118,0.211734463,13.79560952,116.1518574,0.226273803,0.080499191,35,9.16405218,0,2,9.664227513,62.70181004,5.328455026,3.640732495
802,7,10,1,255.3514105,5,39,0.513657619,0.139717398,0.767298167,12.7648393,66.10284117,0.40851542,0.1536802,17,7.971880293,5,2,8.647132947,30.75987015,5.294265894,3.658434952
803,7,11,1,54.70528499,1,53,0.515606761,0.158998786,0.42168700000000003,15.83834709,67.5802217,0.5666475,0.005296626,52,3.098799359,1,1,10.24352616,38.46699301,6.487052321,2.190568685
806,7,3,2,66.36538872,3,28,0.515975181,0.839221505,0.642190602,15.14284864,26.01773999,0.352325288,0.120058451,14,7.805596616,0,1,10.5238048,76.91463316,9.047609601,2.70697729
810,7,7,2,228.8382881,5,56,0.485333459,0.139572713,0.663073115,15.72326718,20.54351076,0.232261819,0.197046653,37,8.701404439,2,2,9.179592878,91.23468056,6.359185756,4.22360674
812,7,9,2,239.1991661,3,42,0.538029247,0.872910297,0.741035,12.29045703,25.36459224,0.249438083,0.023151479,,6.925842979,4,7,7.494698351,59.75342967,6.989396701,4.365845053
817,7,3,3,210.2564262,2,49,0.501968232,0.457846821,0.080615158,14.64532625,1.661398611,0.429480497,,46,8.34171735,4,6,9.691847919,42.193388,7.383695838,4.018629728
818,7,4,3,5.218395027,2,32,0.453348976,0.116440185,0.185646943,13.25464442,31.57651,0.436333367,0.1392508,70,9.635189188,0,0,7.919246898,58.13758457,5.838493796,3.474231925
824,7,10,3,137.7482896,5,70,0.57123725,0.31702576,0.84346617,12.06920427,68.07061074,0.270840296,0.012505773,60,7.000201136,2,4,10.81622459,31.08016919,5.632449186,
826,7,1,4,126.8735021,6,57,0.428302319,0.012466632,0.361734501,16.8466007,50.56187313,0.363827675,0.058072464,65,4.382036946,2,2,9.35922261,121.3488502,8.71844522,4.175924706
827,7,2,4,145.707028,7,39,0.426269254,0.093575604,0.51823,15.86341204,40.62170297,0.25548793,0.008606726,38,7.811163666,2,2,8.813006689,67.78186666,7.626013379,4.232534465
830,7,5,4,194.1770804,8,63,0.463353632,0.124699607,0.428563353,13.61699558,,0.318538206,0.175934556,52,9.575125502,1,3,13.23166421,60.93475265,8.463328421,3.658958408
832,7,7,4,294.6332242,1,49,0.472014181,0.305903671,0.26246656,14.72277151,199.3175505,0.634569588,0.175307301,32,7.478875118,2,2,9.734873062,63.28321561,7.469746123,4.440919861
835,7,10,4,58.02697921,1,48,0.571925146,0.036488891,0.600024975,15.72562854,128.4847734,0.581665277,0.197728992,13,2.597918773,1,1,7.180904746,89.02696899,6.361809492,3.464429576
836,7,11,4,76.74558976,4,58,0.449406854,0.650604508,0.431182039,10.6543517,102.1348,0.320248962,0.151094071,9,5.352354749,1,0,7.585750943,,,4.112753852
837,7,1,5,60.18028568,2,49,0.46004887,0.020860536,0.028827638,11.46675152,40.30360739,0.358950118,0.118814257,28,3.280265953,0,0,11.48152862,43.14740656,4.963057243,3.958544413
838,7,2,5,178.8925543,7,28,0.52106685,0.346580755,0.155704716,17.61362807,81.76788744,0.643840976,0.114130433,13,2.325097633,1,,11.22979337,92.2837317,8.45958674,4.587125761
840,7,4,5,24.73654037,2,68,0.522870743,0.714703993,0.454036726,12.55976543,161.0173245,0.603201665,0.077508671,54,6.312969608,0,0,8.644314128,56.00470144,7.288628256,3.435513671
842,7,6,5,202.2291228,1,22,0.424292617,0.085919169,0.685504041,12.50000924,,0.221460491,0.129353805,58,2.816175081,4,2,10.61111624,85.27630671,7.222232484,4.747894541
843,7,7,5,102.7412526,1,60,0.51178364,0.046845031,0.459579914,15.56373842,58.35403722,0.474754233,0.053545401,42,8.989232818,1,1,9.646521342,82.10506274,7.293042685,4.030212737
847,7,11,5,239.4013531,5,30,0.562935478,0.009119423,0.478149344,12.62153725,135.1127761,0.504191076,0.177601323,68,4.334024824,4,9,12.67863181,56.91593819,7.357263612,4.936642009
848,7,1,6,44.34151366,7,66,0.54072171,0.029231762,0.244980856,14.41410157,78.84263169,0.638725498,0.05767391,50,2.615964246,0,1,9.563389762,82.84497573,7.126779523,3.700798435
851,7,4,6,51.1279855,2,55,0.568012078,0.625657317,0.424102917,15.31473671,175.8255733,0.583983491,0.042614746,61,6.720178663,1,1,11.50818706,78.3137305,7.01637412,3.962685219
854,7,7,6,138.4164389,4,46,0.478941815,0.699136355,0.43609298,12.66030994,89.41594466,0.424902192,0.110982815,12,5.970210133,2,1,11.70017219,40.67945898,7.400344378,4.044813209
855,7,8,6,263.3694978,3,,0.475444676,0.087917093,0.501119145,14.33984146,182.893658,0.291288239,0.164477346,62,5.935528478,5,5,9.522134143,101.5440032,7.044268287,5.650241709
856,7,9,6,89.60497765,6,35,,0.622434989,0.604151,16.1327639,148.8578904,0.60429663,0.165136545,30,7.945961354,0,0,11.40709106,68.5702271,6.814182114,4.180922196
857,7,10,6,161.6894036,5,18,0.578553896,0.908332062,0.569590403,17.0407661,123.1497093,0.368355839,0.134664033,8,4.644332159,1,6,11.91153672,100.2207089,7.823073449,4.087875245
859,7,1,7,239.875284,3,35,0.566170338,0.198560385,0.815593223,14.80881319,96.94807159,0.649581224,0.177440722,40,,4,2,10.22711844,57.76824969,6.454236881,4.746438847
860,,2,7,294.6725222,2,54,,0.671655904,0.698692117,15.91248591,103.3829696,0.532114433,0.172392022,48,8.120806783,5,2,13.95138106,136.3323338,9.902762124,5.284442712
861,7,3,7,211.2301816,5,51,0.549601526,0.007327952,0.531327107,15.27899484,75.0854647,0.25122362,0.165051821,9,6.828471683,,4,10.48833047,38.98624971,,4.529709096
863,7,5,7,87.20578795,1,50,0.454009618,0.768949301,0.533785912,14.9555332,139.3714414,0.211965549,0.066641149,16,7.153871925,1,3,12.30862955,50.21729546,6.617259107,3.385085472
864,7,6,7,161.9256913,4,31,0.510208778,0.378876814,0.366078615,14.15128008,96.90664695,0.255263411,0.187094636,7,6.259537841,1,3,7.972933377,113.4196873,7.945866754,4.616681108
868,7,10,7,63.3399987,6,19,,0.161318584,0.686374971,15.71402642,88.75725545,0.288244195,0.036580845,14,3.828536463,1,1,9.73001468,67.06722772,7.46002936,3.497307756
869,7,11,7,78.94973959,4,63,0.554314277,0.004153519,0.40373587,15.52604902,148.5179554,0.419458987,0.12702996,63,8.737936313,1,3,10.62558279,103.015928,7.251165574,4.002427995
871,7,2,8,17.11729525,6,57,0.495464978,0.009033358,0.477367457,13.27758231,22.87735789,0.331594649,0.175074147,27,4.037998281,0,0,12.48754573,74.48312695,6.975091454,2.645520224
873,7,,8,161.1631667,4,52,0.540467692,0.129548708,0.550178573,15.001988,134.8049625,0.389105718,0.19217349,22,7.149174335,1,1,8.33443778,79.43975735,6.66887556,4.307225797
874,7,5,8,94.18027307,8,66,0.428548354,0.50927121,0.806014394,14.3419173,71.00110822,0.264683013,0.19103067,69,8.15967704,1,0,12.52328739,109.531822,7.046574781,3.794798238
875,7,6,8,169.332589,2,42,0.509798089,0.291611119,0.154468988,16.34267245,114.2303284,0.559923,0.159446386,51,5.258583964,1,6,10.52370691,57.73935269,7.047413829,3.797453598
876,7,7,8,28.40051958,6,34,0.568191907,0.304433424,0.376311896,11.93037362,189.298724,0.343823552,0.086824743,26,7.057630362,0,0,10.29465201,93.51963468,6.589304021,3.189025174
877,7,8,8,114.521771,5,70,0.558944998,,0.748777879,14.04706562,102.447508,0.45949868,0.033731392,7,9.899172021,2,2,7.803925347,,5.607850693,3.641988693
878,7,9,,291.9396173,8,24,0.455965982,0.037178991,,12.76277589,4.604117443,0.292543255,0.193845214,46,2.467403242,5,8,8.201542161,96.17645995,,4.830192933
879,7,10,8,97.81489439,1,66,0.480248968,0.641946289,0.838346482,12.00400858,103.2102109,0.386206892,0.193738392,37,4.431994781,0,1,11.33556032,53.00645329,6.671120648,3.240640188
884,7,4,9,31.22135798,4,44,0.42064574,0.025415749,0.059488345,16.41854281,29.17046354,0.404792268,0.068119047,10,8.534684468,0,0,10.56585711,77.1211999,7.131714229,3.437926049
886,7,6,9,264.9163291,4,42,0.498141305,0.18490523,0.570291637,13.55308035,114.9853558,0.360972823,0.085513599,69,7.348520125,2,5,7.640600194,39.9073964,7.281200389,3.980043531
889,7,9,9,229.476642,3,18,0.480792086,0.038440753,0.877173345,15.64196995,,0.679134334,0.1118093,22,5.531901402,4,2,9.689983304,80.99363876,7.379966608,4.909377166
890,7,10,9,289.9278406,4,26,0.466211318,0.304346546,0.074349867,14.3575464,16.1759037,0.600693427,0.026174969,48,3.191605937,2,11,12.53197022,,7.063940446,4.706951469
891,7,11,9,96.99646718,6,54,0.51874585,0.518134702,0.56568,14.53186452,6.485418668,0.470535469,0.055437139,42,5.670437093,0,2,7.517702511,,5.035405022,3.594321521
892,7,1,10,157.1006118,,23,0.568615321,0.372127283,0.392326758,13.09853779,145.3614586,0.64176499,0.084949386,54,9.678074234,1,1,8.388076547,100.4527698,6.776153095,4.378680307
894,7,3,10,34.89515517,7,38,0.452746225,0.987747676,0.669981168,13.74328433,97.95944294,0.468712796,0.091460851,25,9.917828211,0,0,10.74626907,86.49011398,7.492538143,3.560261823
898,7,7,10,90.56316928,1,30,0.535478021,0.198855762,0.525966327,17.10272893,140.5106444,0.293075591,0.186695515,57,9.196270483,0,0,13.50151607,96.41163415,9.003032149,3.277687262
900,7,9,10,279.9936299,8,56,0.51565137,0.342573442,0.50114223,15.79405226,136.3489139,0.388499623,0.003405235,21,7.652690085,5,5,12.77447348,97.98335178,7.548946958,5.026406915
902,7,11,10,39.82854117,3,68,0.433611229,0.81295697,0.089400729,15.8823167,126.0428672,0.205314903,0.159743673,54,4.096422392,0,1,9.267953723,100.6283378,6.535907446,3.49297982
903,7,1,11,251.4488118,4,67,0.561492389,0.376240198,0.690075741,14.15747879,84.60877763,0.243000154,0.176684737,58,2.371477155,2,5,9.420821551,71.71511098,6.841643102,4.185413614
905,7,3,11,293.7936671,3,69,0.541267972,0.059012177,0.222683069,15.31075371,109.342184,0.493121452,0.189030699,25,3.991499014,5,11,7.505974282,45.4379445,7.011948564,4.561909057
908,7,6,,7.102184281,5,47,0.448498855,0.485299149,0.832710101,15.83721759,156.1721407,0.537439823,0.024244262,47,8.575274127,0,0,,43.5401812,6.485797325,2.608992745
910,7,8,11,105.1775542,7,45,0.487235989,0.720445193,0.865871776,12.46688991,47.13308545,0.666088706,0.177183974,19,6.842664394,2,2,7.592716618,43.02092223,7.185433236,2.864271993
912,7,10,11,193.0658911,3,70,0.47038422,0.017452156,0.498580405,13.00159274,15.00080658,0.598558509,0.000800989,43,8.332198489,1,1,9.778662636,21.30140676,5.557325271,3.743272207
913,7,,11,131.8098218,6,62,0.531256135,0.848612217,0.0330131,,146.4990342,0.519305072,0.185733394,44,8.813411632,2,1,11.39417841,95.68758065,6.788356819,3.823845959
914,7,1,12,254.4605857,3,63,0.568069682,0.380074671,0.52006691,9.50643086,141.0575527,0.674293166,0.117604917,30,3.497725388,2,7,10.94801714,9.56474874,3.896034289,3.864485866
917,7,4,12,262.4841472,3,20,0.428204847,0.563536847,0.753896082,15.84969777,114.2311596,0.496612284,0.09111075,47,2.980716135,5,5,12.2498321,28.80902494,6.49966419,3.91661492
918,7,5,12,2.262009418,6,71,0.509670222,3.17e-05,0.638060841,11.16216828,105.7800992,0.325543783,0.177795351,29,5.311775368,0,0,10.86787126,21.17537585,5.735742528,1.812140311
919,7,6,12,157.9974371,5,33,0.496594814,0.700422064,0.173442807,16.77949741,138.6040825,0.539302292,0.078630879,67,6.984508115,1,4,12.76638745,80.57137479,7.532774902,3.84051177
920,7,7,12,298.1727559,8,72,0.517905977,0.378647426,0.398292119,12.16918831,88.87779108,0.368827856,0.15246749,8,8.522870973,5,8,10.42732684,38.3308191,6.854653674,4.069594344
925,8,1,1,99.16562873,4,19,0.497541533,0.098014739,0.075191229,14.55900823,154.5571351,0.264685965,0.011700495,63,3.511191429,0,0,9.643893462,92.69765345,7.287786923,3.721412859
926,8,2,1,112.9317417,5,58,0.497722399,0.900804265,0.366804302,13.55074964,183.7679282,0.311507558,0.073035907,25,8.09884344,1,3,8.639305357,93.54132008,7.278610713,3.570663143
927,8,3,1,272.8810253,3,39,0.545232837,0.002638382,0.587520159,13.6953442,166.6311254,0.53602253,0.066111401,27,2.749534379,5,5,8.608524556,68.16317504,5.217049111,5.046152932
930,8,6,1,142.0913693,5,71,0.562894786,0.0391316,0.244467852,14.04888997,60.22777535,0.61443678,0.032915664,67,7.413623633,2,1,7.360494426,92.33467551,6.720988853,4.279373861
934,8,10,1,206.0722584,3,43,0.553558073,0.877416682,0.040664182,16.28928975,119.7690989,0.386032881,0.19587122,18,3.134411445,2,2,9.494049863,40.75538564,6.988099725,4.262120034
937,8,2,2,228.5851434,4,51,0.541453614,0.151615699,0.140176808,16.03316149,107.4408156,0.550650317,0.077837861,45,9.915073835,4,4,9.462867497,119.5225313,8.925734994,4.277972889
940,8,5,2,258.3190434,4,27,0.521696465,0.440905515,0.727418638,16.24219157,124.3081642,0.429422523,0.160429711,28,6.755839934,5,5,8.023439758,118.8160374,8.046879517,4.939921549
942,8,7,2,190.2126482,8,70,0.464555196,0.460076671,0.723323518,12.06108512,115.8393168,0.53646467,0.168650436,16,3.120879108,1,1,8.367269514,74.8794968,6.734539027,4.380492844
943,8,8,2,62.14076608,6,44,0.511263152,0.246611561,0.303000432,15.77319939,152.1360838,0.223946992,0.118591388,62,8.789179179,0,2,13.31844411,87.78445217,8.636888216,3.342471629
945,8,10,2,35.887006,2,22,0.547332958,0.025352523,0.367842435,11.65001237,71.77390207,0.597682271,0.019304209,67,5.733920263,0,1,8.138895761,40.99230949,6.277791522,2.742609008
946,8,11,2,72.33523836,7,48,0.428771984,0.715074455,0.242541,14.84738212,188.3609707,0.530022234,0.081250202,50,8.066634775,1,1,9.359656733,72.04253623,8.719313466,3.132685973
947,8,1,,298.4237622,3,54,0.429209572,0.009095839,0.484186343,15.42066968,191.1246431,0.516935523,0.150386702,12,6.475301464,2,5,10.56703871,67.24163205,7.134077426,5.029102056
948,8,2,3,87.37744046,8,48,0.556255054,0.829892196,0.414485566,16.93535796,178.9179503,0.579227593,0.056524985,30,5.035123311,1,3,12.85297665,100.5984437,7.705953294,3.938864683
951,,5,3,222.3822563,5,43,0.572748776,0.040042379,0.193832663,16.76782519,175.3539961,0.57807942,0.193102688,21,2.905531202,2,4,9.315458439,129.2897537,8.630916877,5.302074949
952,8,6,3,,4,40,0.491153512,0.013648138,0.391236524,12.89984713,,0.285499538,0.072817684,49,8.364376773,5,2,10.83324841,75.71880974,7.666496817,5.053070287
954,8,8,3,133.8953313,8,28,0.573867,0.46639600000000003,0.479905136,15.27091305,184.0870993,0.39960248,0.093562198,8,5.276178935,1,2,12.03939614,82.02670734,8.07879228,3.401631972
955,8,9,3,154.8015369,2,24,0.432987247,0.857537423,0.388755152,16.88738061,161.4368336,0.419991797,0.121954993,63,8.637960137,3,3,13.38187812,112.0875264,8.763756231,4.005222494
957,8,11,3,137.4850912,4,20,0.556643285,0.399774368,0.810523308,15.99887245,5.013721779,0.572755592,0.111703038,11,7.146275546,2,1,12.88826247,,7.776524946,4.324347167
958,8,1,4,2.769938405,,58,0.554174799,0.752083515,0.34831821,14.1775195,21.00708968,0.646333632,0.04114653,6,5.071012454,0,0,9.987510834,51.01424236,7.975021669,2.396244472
966,8,9,4,1.512810496,7,37,0.432834156,0.393578889,0.20425727,16.77273038,52.11462459,0.428568225,0.146594726,32,6.434219829,0,0,9.762627987,117.9382991,7.525255973,3.449497501
968,8,11,4,267.2623217,2,27,0.511623026,0.005223632,0.470504539,16.08062124,8.48078978,0.206237218,0.100638636,9,6.540875439,2,5,11.48923402,63.84771475,8.978468044,4.260205563
969,8,1,,43.055465,6,35,0.487754305,0.325394567,0.816428424,14.80926164,165.8950295,0.515583867,0.048771287,26,8.260495648,0,1,9.782923135,106.0463283,7.565846269,4.294593684
970,8,2,5,293.012785,3,22,0.562304966,0.567915774,0.544566716,14.9811307,173.9802981,0.514133998,0.127454417,41,4.048505204,2,5,8.878405944,84.93574507,7.756811888,5.675509486
972,8,4,5,99.89585674,4,64,0.495045124,0.673952707,0.004905351,13.77784422,62.26985245,0.59205675,0.024156245,6,2.170516836,0,0,12.76546901,106.9638555,7.530938026,
973,8,5,5,167.0360003,5,47,0.503212707,0.035086965,0.075377363,13.18797165,37.07673888,0.346280721,0.174545149,50,4.532178315,3,1,8.993317581,102.66763,7.986635161,3.976692966
974,8,6,5,262.2689914,6,72,0.432247356,0.036814102,0.233891625,17.59444553,85.97730417,0.383238643,0.065317929,71,5.998424211,5,2,10.77469196,118.0624211,9.549383919,4.490377979
975,8,7,5,136.1046009,7,33,0.421147086,0.165069292,0.139422232,13.74849004,45.85972793,0.679194646,0.13281072,22,3.940372509,1,1,7.749161132,97.72427814,7.498322264,4.379200469
976,8,8,5,251.1715203,4,56,0.421189771,0.106337273,0.223733665,13.75141019,84.84334149,0.2045936,0.001607721,68,7.124293075,5,5,12.75078344,54.83846404,7.501566879,4.368024278
981,8,2,6,7.212762669,2,29,0.524689527,0.04763833,0.810828906,16.48117034,58.45989521,0.622005436,0.163923782,53,6.155696197,0,0,10.15620575,130.3881861,8.312411493,4.134289967
982,8,3,,157.9989649,1,37,0.554571369,0.003752308,0.346490256,16.82071419,80.79559254,0.664375128,0.107415342,10,2.361661851,3,3,11.78928566,78.2872341,7.578571322,4.130172013
986,8,7,6,4.577403011,1,51,0.442396294,0.154668,0.091785426,16.85083329,96.34498426,0.645972952,0.061952802,30,3.475401823,0,0,9.806018496,66.2207509,7.612036991,3.263494555
989,8,10,6,8.206776316,2,61,0.571718535,0.588781055,0.5060994,14.50241864,191.3314856,0.3252085,0.087291152,70,8.404443885,0,0,13.16801036,81.97824221,8.336020714,3.290221283
990,8,11,6,146.9788271,7,34,0.506578673,0.873148599,0.649309533,17.03634578,130.6766447,0.418344677,0.104425344,38,7.465806778,2,1,10.46463655,82.00739845,8.929273094,3.831679037
991,8,1,7,114.4250279,6,26,0.460463182,0.296625244,0.211910412,17.23375272,45.99910365,0.271903678,0.005553246,65,9.679606642,1,4,13.57430706,130.415215,,4.300883056
992,8,2,7,241.4307049,3,34,0.535835833,0.298198174,0.181727396,13.67114286,118.7193496,0.557880027,0.062499557,62,7.816060404,4,4,13.26174603,89.62847097,8.523492067,4.601458552
996,8,6,7,268.0846852,7,36,0.465108416,0.700945258,0.367352119,17.24677166,188.117626,0.585485505,0.125391072,43,9.059728762,5,10,13.58153981,77.86204135,9.163079625,4.917882813
999,8,9,7,229.5449025,4,72,0.499065723,0.03221675,0.168918946,14.8860807,90.23101413,0.284281036,0.130515796,67,9.797160204,2,2,11.38115594,75.17387656,8.762311884,4.172215173
1000,8,10,7,145.0251291,2,39,0.512455693,0.610835255,0.672501878,15.72156553,173.5362808,0.365466576,0.198994323,68,2.010816075,2,4,10.28975863,99.55167678,8.579517253,4.423617693
1002,8,1,8,73.81250536,,29,0.442445449,0.708613581,0.325519321,15.88575994,10.28879179,0.470459308,0.043135235,36,3.127300017,1,2,13.38097774,139.0302919,8.761955487,3.91340675
1003,8,2,8,184.3147396,6,51,0.477084586,0.372909797,0.606987356,13.27179351,69.79312699,0.535508,,40,5.666936057,3,1,9.48432973,70.35109595,6.968659461,3.934440881
1005,8,4,8,124.4217791,8,65,0.524724719,,0.286114389,15.42710219,109.1107918,0.206836444,,38,2.631828468,2,4,13.12616788,87.22463654,8.252335768,3.413411691
1006,8,5,8,178.1638662,4,28,0.502905149,0.239283502,0.899468037,18.33786461,,0.486952946,0.119998979,28,3.810474844,3,5,8.632147007,76.70520032,9.264294015,3.637177127
1007,8,6,8,163.4698249,2,46,0.467731517,0.116834792,0.615728,15.87575071,91.78672817,0.489183365,0.167449763,61,8.984791928,3,1,11.8198615,57.9847808,7.639723008,3.727988645
1010,8,9,,103.4916519,4,64,0.428507376,0.074907421,0.667643846,15.21732405,134.511593,0.59612181,,28,7.037172439,2,3,11.00962447,118.6747177,8.019248943,3.937587978
1012,8,11,8,23.43219791,3,27,0.504792941,0.319312212,0.180726149,17.24548758,125.330267,0.336886911,0.087149046,36,8.096032226,0,0,8.580826433,94.72924652,9.161652866,3.241276266
1013,8,1,9,207.2282021,2,48,0.426023859,0.029506752,0.07238606,14.77386155,147.1926263,0.30407926,0.066479668,47,9.676840601,2,8,9.763256417,99.83495352,7.526512833,4.503939101
1014,8,2,9,190.9544318,4,57,0.466346944,0.509806241,0.130316537,17.62649402,199.5449631,0.495278251,0.19074963,67,8.698120414,3,1,11.23694112,56.49417287,8.473882248,3.950641464
1018,8,6,9,183.5457007,3,22,0.540835834,0.064784448,0.079516316,16.10627737,192.9339601,0.219094054,0.11173478,29,4.974765746,1,5,14.05904298,113.6149983,10.11808596,3.513319161
1019,8,7,,13.70358213,6,69,0.554363214,0.831366324,0.445950386,11.81580069,149.0246405,0.414920039,0.05007212,18,7.548965446,0,0,11.23100038,66.61787051,6.462000762,3.14988148
1026,8,3,10,166.8968483,1,72,0.48587899999999995,0.078413825,0.556502342,15.90266829,106.2006474,0.431875104,0.118368757,25,8.291564653,1,1,9.279260164,95.36171513,6.558520327,3.934662143
1030,8,7,10,143.3120457,2,19,0.578311833,0.00014639,0.183096264,16.45692769,70.5619467,0.512620597,0.145883137,17,2.144978972,2,1,13.14273761,115.9189502,8.285475214,3.824673713
1032,8,9,10,73.35577712,3,32,0.498498239,0.149824252,,14.80215221,149.9087154,0.470500026,0.164935179,10,8.070065673,0,2,10.77897345,80.28935032,7.557946898,3.520480547
1033,8,10,10,109.9518308,8,20,0.565875756,0.052044803,0.842417407,16.39653462,121.0164981,0.637005963,0.12366049,56,4.772589781,2,1,11.55363034,47.51054089,7.107260687,3.767273381
1034,8,11,10,219.0537871,6,60,0.446558209,0.063712456,0.679187269,17.80581014,115.6210785,0.45214252,0.099780949,11,5.726964675,2,2,11.89211674,76.94802239,9.784233485,4.005131609
1036,8,2,11,187.9745447,2,40,0.464121388,0.401606016,0.765415045,15.38025808,185.4980969,0.520814145,0.072993617,41,5.073656963,1,7,10.54458782,34.0731321,7.089175646,3.626467896
1037,8,3,11,265.2264167,6,30,0.486144651,0.544041098,0.432460522,16.05953357,111.7551464,0.619722817,0.198324414,67,5.699040249,2,7,12.36640754,,6.732815082,4.539661417
1038,8,4,11,280.2503695,3,23,0.441682142,0.694401365,0.667605879,12.77980075,4.394966222,0.345068107,0.093157138,33,6.913488215,5,11,7.76655597,57.22844264,7.53311194,3.944464427
1039,8,5,11,189.964767,1,27,0.438788432,0.357163953,0.722615863,12.45480661,68.67138941,0.414927216,0.046993867,20,3.357785312,3,7,10.58600367,105.9633735,7.172007349,4.619287565
1040,8,6,11,86.86036823,6,27,0.46574139,0.19072164,0.577351095,14.03790818,195.820402,0.633574609,0.008398736,55,7.342002235,1,0,10.46550454,65.33795493,8.931009083,2.789529666
1045,8,11,11,109.663449,7,40,0.453732822,0.001713379,0.499566781,14.73051739,74.2206741,0.406862764,0.048591892,16,7.848708637,2,1,9.294731881,65.0828829,8.589463762,3.159731835
1046,8,1,12,126.9692651,4,22,0.461348936,0.130984781,0.747570168,17.14191414,45.81410647,0.50124762,0.040219431,8,4.317013678,1,2,12.52328563,142.2782623,9.046571265,4.57545793
1047,8,2,12,123.6513636,8,18,0.509937505,0.000315499,0.792336101,18.17017028,136.5132737,0.36558442,0.060195453,53,4.948657683,1,3,12.53898349,,9.077966978,3.224704614
1049,8,4,12,277.3259102,4,63,0.541991114,0.64372755,0.715424986,17.20810866,115.4126659,0.233173342,0.051480774,19,9.839192648,2,11,12.00450481,71.9086359,8.009009618,3.808626925
1053,8,8,12,140.3365606,6,32,0.56574825,0.179045491,0.201840435,16.11349984,100.8813051,0.44288668,0.042476924,,2.60434971,1,4,12.95194436,126.0714211,7.903888714,4.164138611
1055,8,10,12,191.6005237,4,44,0.564920917,0.735859311,0.23209728,16.29242229,195.6071979,0.645590093,0.073517108,9,5.911799584,3,5,11.05134571,65.97213515,8.10269143,4.089290111
1056,8,11,12,51.32149262,4,45,0.567881077,0.031450331,0.451134266,13.48692061,175.8756928,0.408923769,0.1813377,41,4.512806261,0,1,12.60384478,108.4287429,7.207689568,3.49007126
1058,9,2,1,189.9585592,1,18,0.431584442,0.313315163,0.206363152,11.31809923,136.2469153,0.616546035,0.041910886,41,5.094912121,1,3,11.39894402,22.70272379,4.797888032,3.751690329
1061,9,5,1,54.58348897,8,30,0.506396706,0.28517863,0.509605065,12.73036,195.496482,0.444753624,0.001258007,40,3.659644583,0,0,8.62797778,19.55385744,5.25595556,2.822031951
1062,9,6,1,22.79528464,,65,0.55570534,0.071139887,0.784408938,12.44594902,179.2160792,0.34518985,0.107292232,12,9.289784721,,,8.91441612,12.95032124,3.82883224,2.833621741
1064,9,8,1,171.0907109,4,63,0.455346205,0.160368268,0.640925305,11.78965834,180.4385946,0.485980409,0.098495941,58,5.167555876,1,3,9.660921299,29.13794041,5.321842598,3.801323192
1066,9,10,1,90.41878364,1,24,0.542814951,0.033081302,0.504741373,13.16191634,116.5787099,0.350928215,0.187228296,33,3.326358112,0,2,10.8677313,84.91727592,5.735462599,3.633930812
1069,9,2,2,28.83483004,1,69,0.526448808,0.610207366,0.659191188,11.88285652,189.7276918,0.439269037,0.13827499,58,5.920342604,0,0,7.712698067,82.50809781,5.425396134,3.875160888
1071,9,4,2,185.8242601,3,67,0.473841986,0.288140069,0.130056389,10.98583735,111.7688755,0.435454279,0.004338209,62,8.496749712,1,3,9.76990964,16.17240371,5.53981928,3.641817161
1072,9,5,2,277.5840552,5,25,0.46610874,0.566055934,0.224530372,14.74986494,35.75918126,0.270334503,0.065329575,61,2.815751677,2,11,10.74992496,64.04723167,7.499849928,4.660291314
1073,9,6,2,135.8224133,7,66,0.522655795,0.29973763,0.845587447,11.0563069,50.78033243,0.560222319,0.020849611,5,2.227695247,2,5,8.809059386,56.64429653,5.618118773,3.615777319
1075,9,8,2,222.1230048,3,35,0.465741274,0.017595265,0.183015704,12.72600749,36.61209236,0.576839491,0.093423754,44,4.939305025,2,4,9.181115274,61.18478939,6.362230549,4.809359703
1079,9,1,3,164.1681655,6,45,0.495626345,0.014190512,0.334147242,14.61720291,162.1814608,0.563078997,0.137608796,45,5.918638336,3,4,,47.27542541,5.13022546,4.441636996
1088,9,10,3,54.40909956,4,64,0.439373696,0.294055329,0.720259006,12.78646348,132.4617494,0.325822384,0.195634893,66,9.461706756,0,0,12.21470193,50.0368788,6.429403865,2.651392004
1091,,2,4,137.1148697,4,26,,0.247262524,,14.56083084,17.26001033,0.588481821,0.161991351,56,9.564470642,2,2,9.533794911,26.45496379,5.067589822,3.938991701
1092,9,3,4,12.83277115,5,64,0.516024884,0.012351589,0.630007574,,27.466041,0.437398522,0.087999482,19,7.182979377,0,0,10.13648323,54.09208799,6.272966463,3.108265309
1094,9,5,4,157.6289046,6,60,0.519572482,0.001878627,0.214604657,15.21328296,181.632711,0.280722744,0.11481278,32,7.352718214,3,6,7.451823869,46.99586621,6.903647738,3.407293131
1095,9,6,4,196.5713169,1,26,0.530965736,0.072571564,0.710054933,11.16886067,22.92086919,0.554171697,0.141578322,60,6.194360502,1,3,7.87158926,37.3313343,5.743178519,4.171615937
1098,9,9,4,236.7794752,2,60,0.474863538,0.708559169,0.776656661,16.65909315,158.7642367,0.501255068,0.026778613,69,7.461774959,4,7,11.69949619,111.213886,7.398992389,5.033368049
1100,9,11,4,173.8965802,1,43,0.465288202,0.795109771,0.847548222,14.46016664,90.37073419,,0.037222633,,8.029410463,,3,7.033425909,57.85648521,6.066851817,4.313111716
1101,9,1,5,243.7788716,4,61,0.475325244,0.185668148,0.251513502,11.18717015,159.9294506,0.243652,0.175745921,63,9.438857238,4,9,10.8817612,61.12371172,5.76352239,4.836377509
1102,9,2,5,283.4460117,1,45,0.448335275,0.005294623,0.277571458,16.36267764,37.5796447,0.492687024,0.108867531,5,7.736232014,2,5,9.534820912,49.27363439,7.069641824,4.983820019
1105,9,5,5,208.9120584,5,50,0.434886862,0.377378149,0.122913774,15.28270006,91.10250925,0.577121484,0.042947967,65,8.901178649,2,6,7.490388925,71.22231413,6.98077785,4.545150233
1107,9,7,5,209.7878446,6,59,0.540050814,0.475823762,0.815911742,11.16960589,144.1096404,0.316852796,0.190207061,,3.457306615,4,2,7.872003272,27.80151075,5.744006543,4.291634801
1108,9,8,5,20.13503364,7,64,0.489735456,0.296859181,0.729049685,12.29833976,111.2370715,0.611131032,0.074273261,19,7.915493524,0,0,11.94352209,18.10784226,5.887044182,3.438136212
1110,9,10,5,289.4055821,4,26,0.50303164,0.000203399,0.735781062,9.38838847,90.04903037,0.221753799,0.077333431,68,7.93004772,5,11,9.882438039,38.07858618,3.764876077,4.962669858
1116,9,5,6,27.72251847,3,60,0.500520945,0.654332507,0.699387401,16.417788,67.86630851,0.298497116,0.040334876,56,4.051753288,0,0,8.56543778,,7.130875559,3.809611356
1117,9,6,6,282.3667263,4,54,0.43262642,0.610637148,0.69799613,9.986058355,140.0009102,0.279639452,0.052764345,55,5.511396825,5,5,11.21447686,12.98703598,4.428953728,4.219021605
1119,9,8,6,161.0945233,4,65,0.564676153,0.059904958,0.486842159,14.03284254,167.3742145,0.419076304,0.191391127,26,,1,1,7.240468079,23.10753334,4.480936157,4.380541092
1120,9,9,6,116.5394982,2,55,0.43770189,0.134621924,,12.40211515,9.710345312,0.208154612,0.047479042,25,4.267131381,1,1,11.00117509,59.02795282,6.002350172,
1121,9,10,6,231.8489472,3,57,0.54786556,0.004804392,0.552175036,12.50601429,11.62051379,0.470516443,0.031809971,30,9.122238681,4,4,11.61445238,64.34635301,7.228904769,4.671610742
1122,9,11,6,76.93299224,8,34,0.473931184,0.066551246,0.087880889,9.935050395,153.5509557,0.300587612,0.167357334,29,,0,3,9.186139108,33.86689676,4.372278217,4.059395129
1123,9,1,7,178.9026364,1,57,0.43777036,0.200814549,0.405455247,14.65502143,21.85104644,0.599180712,0.055715599,11,5.975769431,3,3,10.14167857,90.8449702,6.283357145,4.736118414
1126,9,4,7,120.8850868,7,24,0.548285418,0.797068,0.883365887,14.95432015,54.42439055,0.493394172,0.14166964,53,8.022212651,1,4,9.30795564,64.71980912,6.61591128,4.301008252
1127,9,5,7,138.4955873,1,33,0.535778828,0.63025274,0.521197816,,163.579444,0.200880576,0.064780163,61,8.270311942,2,1,10.32797619,35.14766382,6.655952386,4.381660308
1128,9,6,7,32.32924551,6,44,0.511153494,0.004488114,0.351988567,12.25551252,60.05108707,0.411411557,0.126529614,8,4.887624475,0,0,9.91972918,53.18345562,5.83945836,4.063815529
1130,9,8,7,202.4069511,6,27,0.464947852,0.009314573,0.110429561,13.89792394,101.0486021,,0.008338763,69,9.254197827,4,4,7.276624411,41.62284556,6.553248821,4.856067112
1133,9,11,7,219.1831732,1,21,0.423594306,0.043984611,0.511643386,12.98898417,15.38397454,0.455238954,0.047526594,26,2.013955658,4,2,11.88276899,86.13114585,7.765537971,4.591662585
1135,9,2,8,270.0481748,5,,0.530799343,0.679772965,0.801396053,13.81318237,175.057474,0.546230853,0.069365345,26,6.166701516,5,5,10.22954576,71.38935295,6.45909152,
1136,9,3,8,259.0047369,8,34,0.458183849,0.013357352,0.102013517,15.53367658,103.0902291,0.60156439,0.132255888,54,8.998851843,5,2,9.074264769,34.52684618,6.148529537,4.305298258
1139,9,6,8,47.03901713,3,37,0.575368654,0.373127917,0.40762702,14.61827358,150.0861789,0.36341951,0.175002301,54,7.300203689,0,0,9.676818656,51.90100547,7.353637311,3.346107999
1142,9,9,8,112.0370872,7,45,0.503975629,0.118424543,0.449846,10.83037373,116.8381951,0.634061741,0.075807411,64,,1,4,9.683540964,32.8268454,5.367081927,3.514091827
1143,9,10,8,113.7657294,3,26,0.468474603,0.098128125,0.771022235,15.01794887,178.6762241,0.298724326,0.046894151,32,6.97561008,1,1,6.787749371,81.62517883,5.575498741,4.262246898
1144,9,11,8,288.0465921,8,41,0.548943473,0.198469637,0.320992582,13.53593836,35.59072954,0.552476464,0.091332539,16,2.395637289,5,5,9.519965754,3.922911669,5.039931508,4.475326762
1145,9,1,9,202.1512761,1,23,0.488512468,0.088565042,0.374548644,14.9277278,184.1171089,0.383756176,0.111857049,53,5.949889541,4,4,11.29318211,52.75498751,6.586364226,3.777503034
1146,9,2,9,34.76755315,5,44,0.436032633,0.246870458,0.201844501,12.22262992,31.53794806,0.322750573,0.084497461,54,8.890810165,0,1,11.90146107,59.87603313,5.802922135,3.50803243
1148,9,4,9,299.3979332,4,31,0.570247176,0.4915039,0.10831614,15.51336153,9.143159638,0.494928558,0.047584407,26,3.605124387,5,8,11.61853418,50.05836402,7.237068363,4.589225651
1149,9,5,9,81.16811016,4,47,0.489840456,0.864428126,0.029826515,15.30194647,23.58020191,0.587463664,0.071464559,18,5.110734966,1,1,9.501081372,63.92370707,7.002162745,3.261780771
1151,9,7,9,148.5512292,7,42,0.520547256,0.011722016,0.183826706,15.73295549,85.59172054,0.652506101,0.183529966,44,7.941593548,1,1,8.184975273,85.84497328,6.369950545,4.409260166
1152,9,8,9,123.6500709,7,26,0.578107734,0.0277123,0.334422983,15.01184239,192.6366638,0.380466438,0.137477927,34,3.943760571,2,2,9.339912442,39.08201927,6.679824883,3.502355284
1153,9,9,9,172.2320694,1,38,,0.770773567,0.440886703,14.8289492,62.0851841,,0.137196562,13,5.730779508,1,6,6.682749554,29.40570495,5.365499109,4.397254311
1154,9,10,9,175.5604222,6,43,0.481655761,0.681212193,0.120028335,12.47882234,39.64346225,0.548880378,0.090945039,15,,3,5,7.04379019,97.15505413,6.087580381,4.129076187
1157,9,2,10,127.0529208,7,27,0.424198541,0.752627494,0.154081325,13.67015303,92.0531871,0.276668672,0.025153617,44,7.205990839,1,2,7.150085018,46.46154991,6.300170036,3.920534644
1159,9,4,10,295.8204861,7,35,0.564690837,0.585420083,0.125338,10.04279226,76.30632499,0.335715716,0.133781042,20,2.173237739,2,11,10.2459957,41.09635608,4.491991397,4.711776104
1160,9,5,10,167.5214353,7,23,0.510369868,0.000268658,0.681762008,12.09478776,187.0905704,0.262883399,0.155182596,22,8.735568946,1,5,7.830437647,22.41836068,5.660875294,3.829009484
1161,9,6,10,144.4623949,5,41,0.478171556,0.085547707,0.404630652,15.3745901,91.66053603,0.620661994,0.080779694,12,6.260083447,2,4,10.54143894,97.40972135,7.082877887,4.316317139
1163,9,8,10,130.96306,8,62,,0.027455674,0.111333422,12.16021939,9.078567483,0.375654354,0.196938496,6,7.48591412,1,5,11.31123299,52.03087078,4.622465985,4.375748593
1164,9,9,10,161.039905,1,65,0.442179931,0.490010865,0.47742603,11.34909441,30.36394098,0.613643894,0.119739031,30,9.948939893,3,1,11.41616356,44.68704005,4.832327124,3.913808469
1166,9,11,10,223.2214796,6,55,0.462412507,0.990879614,0.624040214,14.64676081,65.11854354,,0.066311383,7,8.192633813,4,6,,65.54328581,6.274178675,4.55406175
1168,9,2,11,174.133789,7,34,0.426617474,0.069682082,0.150924423,12.43519101,102.0412779,0.564291272,0.006207201,69,4.493557978,3,1,10.57510612,74.73900417,7.150212235,3.963860166
1169,9,3,11,241.1602097,8,62,0.469277386,0.010889256,0.653171962,10.72592047,58.56993731,0.47518068,0.163641007,43,6.225924743,2,4,9.625511374,67.9316304,5.251022748,4.317452548
1177,9,11,11,292.4305896,3,62,0.48441105,0.702469209,0.375915952,12.20923034,92.72083119,0.208084636,0.150362292,12,8.737877702,2,11,6.338461302,35.62940294,4.676922603,4.689116352
1179,9,2,12,255.2701032,6,50,0.470627422,0.115328244,0.579109619,,70.57563513,0.223693501,0.031565387,,2.471680372,5,7,8.145481963,88.31173223,6.290963926,4.927310221
1181,9,4,12,196.3540712,2,67,0.471750849,0.255721774,,14.8311199,190.1391889,0.594627095,0.108062225,46,2.937217682,3,7,10.23951106,82.04564269,6.479022111,4.773191474
1186,9,9,12,282.5250364,5,65,0.560721081,0.278725029,0.516789661,12.82638561,37.2844312,0.599281356,0.129184485,66,6.524212423,5,11,7.681325337,71.80597297,5.362650674,4.712041892
1187,9,10,12,261.4183923,1,38,0.445653946,0.6197142,0.326801588,12.11931113,24.99053737,0.393080021,0.082467438,61,8.94634963,2,7,10.28850618,15.08732849,4.577012362,3.71178922
1189,10,1,1,166.8043627,8,71,0.536338372,0.233723961,0.544174323,10.48300757,168.4582991,0.219608847,0.046259073,17,3.399379881,1,6,10.37944865,23.2043534,2.758897297,4.300241035
1190,10,2,1,24.13260973,1,68,0.467101554,0.860678317,0.772500816,11.42997616,130.5236454,0.42696399999999995,0.094745989,26,4.39477076,0,0,9.905542309,48.4874718,3.811084618,2.979606551
1191,10,3,1,8.517682622,4,44,0.479274996,0.899406276,0.727090389,12.73599352,198.9276978,0.364432918,0.136648266,23,9.103276369,0,0,7.631107512,36.58069578,5.262215025,2.683326962
1195,10,7,1,278.6689564,3,19,0.464564167,0.505288599,0.242787268,13.25505412,113.8432467,0.563649784,0.044237701,66,3.974645374,5,5,10.8083634,3.530071011,3.616726803,4.576858977
1199,10,11,1,150.2613635,2,20,0.526492959,0.592903775,0.192805933,11.75427064,93.68774356,0.285734439,0.026467239,46,7.54075088,3,1,6.08570591,32.07928885,4.17141182,3.601983285
1200,10,1,2,155.6043056,1,69,0.424761836,0.013500144,0.246314373,10.43064412,77.00487175,0.331687292,0.094569694,54,7.959290621,1,1,6.905913402,31.44513977,3.811826803,3.743935886
1201,10,2,2,289.14163,1,65,0.511754601,0.033244228,0.242975673,13.82023233,171.6974268,0.213474112,0.04110257,56,3.15398904,5,5,7.677906849,28.42628714,5.355813698,4.440001217
1202,,3,2,277.9769219,5,27,0.526774067,0.057994166,0.78254663,10.17631525,50.23844473,0.388376103,0.180341339,16,6.351807545,5,2,8.764619586,23.17002408,3.529239171,4.397331356
1204,10,5,2,112.3574099,6,39,0.566578595,0.030803967,0.730583,13.45039324,137.5597572,0.497808844,0.004966864,12,2.517737446,2,2,9.472440689,71.66489465,4.944881377,4.122196142
1208,10,9,2,251.6454126,8,45,0.438960287,0.459247811,0.028175634,11.03394648,182.7339325,0.341567859,0.170963696,16,7.213197182,5,7,11.79663693,68.36714401,5.593273862,4.568799795
1209,10,10,2,50.35042048,6,37,0.53702665,0.39063855,0.039440837,15.09380201,85.45724698,0.449416827,0.067654906,36,7.289897716,1,1,8.829890004,86.90710958,5.659780008,3.603062384
1211,10,1,3,110.18522,1,52,0.439676395,0.691117621,0.158311804,13.27114686,153.1852257,0.406900194,0.088026491,64,9.887423384,1,4,10.92841492,61.07474733,,3.837757682
1212,10,2,3,4.961370363,2,52,0.532011981,0.010427678,0.596818667,11.96356782,49.61605971,0.385539581,0.080957838,44,3.54327176,0,0,12.31309323,103.6028042,6.626186464,3.244362716
1214,10,4,3,30.83150802,4,29,0.480692027,0.004791861,0.117145782,10.53624696,8.050341698,0.208173749,0.064270072,57,2.743320818,0,0,5.964581646,10.02019442,3.929163292,3.242016487
1215,10,5,3,11.99901006,1,70,0.57883555,0.760228982,0.88359223,10.14485867,106.5159133,0.249239215,0.179520167,60,2.231501291,0,0,7.747143708,18.13317794,3.494287416,3.557580757
1216,10,6,3,215.373296,2,46,0.553116729,0.072725979,0.704491013,12.71527532,5.703610488,0.489939273,0.161226387,64,2.553062282,4,8,8.619597401,25.9902138,5.239194803,3.487550074
1219,10,9,3,142.8902019,4,30,0.486333518,0.931709953,0.310156633,13.21145705,118.7640251,0.255578,0.137356053,65,9.559579086,1,5,8.784142803,10.74326634,3.568285606,3.375250763
1222,10,1,4,270.0200829,4,24,0.497081943,0.026967179,0.384079865,14.06812664,38.24367228,0.237576911,0.059831059,62,2.581257087,5,2,10.81562591,35.48470292,5.631251826,4.327079892
1226,10,5,4,288.6130733,6,66,0.52964106,0.014706329,0.441926805,8.006566412,133.4783038,0.312006273,0.02651261,70,9.002426703,5,8,6.114759118,34.55719008,2.229518235,5.264090265
1227,10,6,4,296.1907629,2,64,0.480049249,0.935467226,0.577975,11.67194033,169.0283694,0.235991388,0.098611155,49,5.796405698,5,8,8.595522406,48.51455006,5.191044811,4.331194667
1230,10,9,4,289.627353,3,62,0.424944046,0.500903657,0.851630798,11.25822569,184.0199784,0.343258335,0.129264622,60,8.959544641,2,11,8.365680937,17.55327436,4.731361873,4.583186407
1232,10,11,4,298.7433724,5,55,0.54215342,0.028190159,0.580165958,12.36584425,120.4868373,0.581786,0.185162044,39,2.052871468,2,8,11.98102458,17.48330486,5.962049168,4.157675723
1234,10,2,5,239.8519556,5,59,0.565322884,0.001933103,0.452975557,14.93591469,125.6698779,0.56190682,0.025383898,69,3.096616304,4,7,11.29773038,48.52300012,6.595460768,4.552843327
1236,10,4,5,160.7133845,4,33,0.469062556,0.046502246,0.62593996,12.41073999,4.990249335,0.629879978,0.007233948,50,2.227439688,3,1,10.00596666,90.9936533,6.011933322,4.354651928
1237,10,5,5,239.3244931,3,64,0.558187344,0.043585285,0.82677965,12.87029774,32.13647025,0.354930286,0.045980114,36,5.915749773,2,2,12.26127652,57.87396405,6.522553044,5.031016487
1238,10,6,5,197.9865622,8,48,0.556970351,0.947241784,0.102009022,12.52964184,,0.22608786,0.12858578,58,7.692407959,1,3,10.6275788,75.30225637,7.255157602,4.881650624
1239,10,7,5,196.545474,1,37,,0.29622275,,14.46864112,181.2594019,,0.16453183,64,7.709571973,3,5,11.4825784,36.87603462,4.965156805,4.686457589
1240,10,8,5,54.27662105,8,23,0.480747591,0.133795799,0.312617853,12.14174555,2.763098444,0.491886442,0.030433911,58,3.791238667,1,1,7.856525304,24.3365282,5.713050609,3.166174083
1243,10,11,5,192.4030735,7,52,0.44173781,0.047425895,0.283550742,10.02014417,45.94000084,0.50402635,0.085327559,32,6.626726703,1,5,9.233413428,9.43562748,4.466826856,3.965987066
1244,10,1,6,267.1695976,8,70,0.482792022,0.008572042,0.794837983,14.09114812,15.02766608,0.462357,0.131913313,23,7.604798576,2,8,9.272860069,24.63990392,4.545720138,4.961524579
1246,10,3,6,196.4318252,1,19,0.549748168,0.205780798,0.093150152,10.67983854,129.2318487,0.382927165,0.046016327,60,2.610389141,1,5,7.044354747,26.19689027,4.088709494,4.620911136
1250,10,7,6,11.54190732,7,19,0.476047869,,,13.32679228,68.05923189,0.502694052,0.129880728,25,5.448083216,0,0,5.848217933,2.359869456,3.696435865,3.036266245
1251,10,8,6,264.7051542,6,26,0.428966606,0.022053507,0.879228971,11.59542204,87.96297472,0.24436668,0.142789454,60,8.100981286,5,2,7.441901134,6.619129982,2.883802267,4.93121294
1252,10,9,6,79.41610315,4,56,0.55617715,0.260089804,0.084966856,10.30836369,,0.29980722,0.17860865,37,9.003769869,1,1,9.393535383,73.04929694,4.787070766,3.744137466
1253,10,10,6,147.7960847,4,22,0.522369719,0.434023126,0.815082582,11.50178446,48.52578477,0.398610055,0.007647107,70,3.13411149,1,4,9.500991368,79.91015857,5.001982736,4.405388764
1255,10,1,7,147.1271479,8,25,0.464234714,0.221093926,0.731368804,11.31387725,191.5962039,0.553669634,0.185790593,55,2.696229367,1,2,10.39659847,27.12226892,4.793196949,3.980927306
1258,10,4,7,105.2321119,1,28,0.458923361,0.274729406,0.71632444,13.89512374,16.0591672,0.223414796,0.030273352,60,2.058266519,1,1,6.719513188,38.03561574,5.439026375,4.244050797
1259,10,5,7,53.1769677,,22,0.53254914,0.043032967,0.432553629,13.04962247,29.93735524,0.627155346,0.097044281,5,8.699023742,1,1,11.80534582,15.42741104,5.610691636,3.032887782
1266,10,1,8,210.840778,3,23,0.530183479,0.121815765,0.604111425,13.30985424,198.4431215,0.409149623,0.114354349,44,7.008843844,4,6,9.394363469,2.157112414,4.788726937,3.78691242
1267,10,2,8,251.3921035,3,62,0.492457086,0.497578785,0.569036058,13.18100557,37.01896454,0.243815028,0.089688855,24,6.092064821,5,5,9.767225315,16.91912873,3.534450631,4.298521318
1269,10,4,8,96.40943937,2,27,0.564909067,,0.722334219,10.83648648,195.246962,0.292561987,0.045257169,10,6.050085333,1,2,7.686936933,81.56039434,5.373873866,4.066787488
1270,10,5,8,185.2159306,7,43,0.447566635,0.715586193,0.817329821,10.93204904,75.09689327,0.350474719,0.046158583,29,6.739380619,3,5,10.18447169,5.629001343,4.368943375,3.475927413
1272,10,7,8,182.1841141,1,52,0.557825283,0.064957159,0.380344362,11.89632445,155.5314436,0.564339985,0.0097677,17,9.171752254,3,3,6.164624697,38.97279333,4.329249394,4.238444637
1275,10,10,8,247.7080785,5,21,0.515802401,0.036147886,0.516869473,14.99185919,112.0703982,0.668962391,0.044111195,33,7.984411179,2,4,10.77325511,26.9339138,5.546510214,4.072141767
1276,10,11,8,102.7880575,2,18,0.452326771,0.827994989,0.002683989,9.208286822,102.5562456,0.529440803,0.127489616,,7.048271171,1,3,10.78238157,56.31647168,3.564763135,4.196202496
1277,10,1,9,51.15459689,3,24,0.43042693,0.650618915,0.182999608,10.27214736,187.6612,0.217050826,0.180964115,50,9.440552669,0,,10.81785965,17.20499168,3.635719291,3.099023919
1282,10,6,9,172.5439024,4,21,0.438982079,0.825690556,0.175426578,,8.412899708,0.575465838,,28,2.612553836,3,1,8.007526039,72.49502656,6.015052077,3.537054574
1284,10,8,9,150.4204949,3,55,0.436294479,0.068436298,0.026581238,12.66863666,198.4653344,0.418588876,0.122174568,29,4.724618609,1,3,6.593687033,28.36133307,5.187374065,3.710357096
1285,10,9,9,,6,28,0.425492496,0.002001842,0.847192997,10.92920423,63.0058637,0.623376463,0.05804087,31,4.093161492,1,0,8.738446797,46.09648779,5.476893594,3.315540575
1286,10,10,9,280.0643755,2,62,0.483209915,0.195652133,0.727363743,10.41554525,141.6876027,0.535318,,69,6.984382058,5,2,10.34196958,37.86079662,2.683939165,5.023165121
1289,10,2,10,114.958998,1,66,0.431894492,0.033287031,0.782017244,13.46583742,105.3805801,0.212396843,0.040032789,21,2.500151427,1,4,8.481020789,77.08009238,4.962041578,4.169035152
1291,10,4,,287.1740984,6,48,0.529614353,0.147257056,0.519247201,12.78966205,,0.530850588,0.081692272,11,8.00934332,5,8,10.66092336,70.88876252,5.321846718,4.947676442
1292,10,5,10,154.5622452,7,22,0.487471768,0.544338411,0.868401022,13.99266551,108.7496748,0.535163617,0.128930579,64,7.910208459,3,1,6.77370306,70.104225,5.547406119,3.990460269
1294,10,7,10,14.68149072,8,26,0.48327051,0.048680391,0.714739285,9.736832033,32.39321316,0.665091482,0.150371404,35,8.442838157,0,0,7.52046224,11.69258075,3.040924481,2.605291166
1295,10,8,10,296.7020747,7,47,,0.724902286,0.057658655,12.59913785,27.93470909,0.55794951,0.159101196,14,4.96890006,2,8,8.555076585,12.87737324,5.110153171,4.235296688
1297,10,10,10,233.7107077,3,22,0.496718217,0.093946701,0.587233564,12.01790431,75.46197312,0.37257485,0.13937822,45,9.638638923,4,7,7.676613507,41.40419654,3.353227014,4.73015366
1298,10,11,10,24.88774,3,66,0.549285512,0.662912339,0.502264706,14.03523168,51.67640105,0.298313825,0.189311424,32,5.782918199,0,0,10.79735093,32.32594179,5.594701862,
1300,10,2,11,77.88776226,2,19,0.442379,0.843318752,0.714951177,10.87954297,114.1404914,0.502822508,0.045163154,52,7.52690174,1,1,9.155301648,67.3998299,4.310603295,3.998909322
1301,10,3,11,8.055351612,5,34,0.490894563,,0.58080223,12.2532147,,0.583830557,0.039151156,12,9.18044743,0,0,6.807341499,4.074035125,3.614682998,
1302,10,4,11,45.96871145,2,31,,0.001886702,0.471530474,9.66023723,172.6776915,0.596339717,0.013302525,23,9.428611505,0,0,9.477909572,31.45084808,2.955819144,3.309139131
1304,10,6,11,175.3550756,4,22,0.471649478,0.35454731,0.146590881,11.70528208,74.13625559,0.203533544,0.123209424,13,9.232254225,1,3,11.16960115,27.75507191,6.339202309,3.915495142
1307,10,9,11,95.74405388,1,64,0.494310091,0.733433212,0.102954585,12.41998133,85.2058321,0.630326195,0.028241687,66,5.146129371,0,1,9.455545182,35.14863345,4.911090364,2.843762589
1309,10,11,11,125.9756542,8,39,0.569462781,5.24e-05,0.337179219,10.92574051,165.2427144,0.642255277,0.191183252,60,3.156882314,2,1,10.18096695,37.70243238,,3.54698508
1311,10,2,12,270.6173223,6,57,0.461052936,0.367390397,0.467358446,13.14990737,96.94428699,0.64481701,0.029240358,29,3.445040223,5,2,10.97217076,71.55061586,7.944341525,4.225200257
1315,10,6,12,114.2839896,,51,0.483707945,0.298225325,0.625685746,13.18429353,93.61534719,0.608295751,0.022667295,15,8.022550052,2,2,10.88016307,32.15609995,5.760326148,3.019468689
1317,10,8,12,167.3350072,6,55,0.451254457,0.224832499,0.861784511,10.27615268,27.01198942,0.314078076,0.054665054,63,3.620031093,3,1,6.82008482,17.67616145,3.640169641,3.060843363
1323,11,3,1,249.090719,4,19,0.510893326,0.201950058,0.452741244,16.07801188,144.107113,0.474945331,0.152389786,36,,2,7,8.93222882,64.689209,7.86445764,4.488653244
1324,11,4,1,242.5000134,,39,0.443236864,0.86406297,0.330030512,11.51493149,107.1686546,0.494354698,0.018750581,30,8.243292794,4,9,8.063850826,37.35753192,6.127701652,3.823733791
1329,11,9,1,91.28988663,5,64,0.492637172,0.236861189,0.650572353,15.94389967,191.4339969,0.622773614,0.153637406,14,4.045105546,1,0,12.30216649,92.12786765,6.60433297,3.742498677
1331,11,11,1,64.88772105,6,25,0.464605911,0.029659261,0.215935825,11.52440387,139.0725263,0.471254116,0.081666814,36,9.149848215,0,2,8.069113261,45.33658669,6.138226522,2.858092901
1332,11,1,2,293.852657,5,28,0.545492448,0.02639385,0.475949205,18.16294114,183.149535,0.370083927,0.066540291,33,2.562811352,2,5,10.09052286,151.7913083,10.18104571,5.538189376
1334,11,3,2,220.218306,,43,0.558430677,0.009718627,0.425213532,13.93597092,22.37294564,0.391699674,0.044231102,66,4.678782635,4,4,12.29776162,93.22599193,6.595523249,4.453005544
1336,11,5,2,238.3196128,7,31,0.536743026,0.005977022,0.429215283,13.37193164,88.99023119,0.226322703,0.082902512,54,4.615451389,4,4,12.53996202,53.30980043,7.07992404,4.198123214
1337,11,6,2,255.3801158,7,44,0.550526754,0.4541703,0.11080969,11.22036678,134.185241,0.508619712,0.078009331,49,9.962705984,2,10,10.34464821,57.65631417,4.689296427,4.628147206
1338,11,7,2,227.6744102,6,52,0.4769609,0.168010384,0.471654022,15.83499682,176.4053213,0.226494214,0.144350667,22,6.728144627,4,6,11.2416649,81.17448045,6.4833298,4.789660506
1339,11,8,2,91.85278328,,72,0.459888924,0.096476931,0.401948087,13.66719004,32.66587207,0.382468087,0.022990725,6,6.72923144,0,,11.70399446,79.08778065,7.407988929,3.355875616
1340,11,9,2,234.992858,2,57,0.464135332,0.240058715,0.003851262,14.34382354,62.10125657,0.62318851,0.061632325,52,6.931949745,4,2,7.524346413,84.0559155,7.048692826,5.317719692
1341,11,10,2,256.3795277,8,46,0.526049569,0.02574687,0.442056158,14.84199151,88.44476201,0.448542767,0.085857065,30,7.587554499,5,2,7.245550839,62.04537818,6.491101678,4.721855583
1342,11,11,2,252.3330344,2,35,0.441815126,0.864412816,0.317076572,11.83159392,154.2733454,0.225210198,0.18610741,,6.840130045,5,7,7.239774402,47.29082199,,4.38545578
1346,11,4,3,278.3112934,2,52,0.530671451,0.092380203,0.372890973,13.24843061,3.159610129,0.537158735,0.120046065,37,2.327592886,2,8,6.915794782,81.26325218,5.831589564,5.357099127
1347,11,5,3,16.34455921,3,31,0.524958905,4.78e-05,0.726802119,15.76524892,8.357241893,0.496742855,0.097713358,34,2.494078903,0,0,10.75847162,106.4645851,7.516943248,3.242931912
1348,11,6,3,260.7605935,5,25,0.440072818,0.045429672,0.405722158,13.11887692,191.7934204,0.531738516,0.148007343,12,3.650244024,2,,11.84382051,42.44522528,5.687641024,4.125289471
1349,11,7,3,270.3247931,2,61,0.557145184,0.030606421,0.427196299,15.19094696,117.7061687,0.644101935,0.09756926,16,2.837884609,5,10,12.99497053,115.8651529,7.989941061,
1350,11,8,3,57.16560804,8,23,,0.678567481,0.023197678,13.83262009,10.08890359,0.654876155,0.01963807,41,4.027024848,0,0,8.240344494,48.93145415,6.480688989,3.32240459
1351,11,,3,257.1396204,4,69,0.565457713,0.83468578,0.164257476,13.40329164,69.87435106,0.536460422,0.190460907,21,5.195590389,2,2,7.00182869,27.41448197,6.00365738,3.873314883
1355,11,2,4,227.4714968,4,66,0.48875,0.116294232,0.717971791,14.32047136,131.7276045,,0.06899827,8,6.998244794,2,,7.511372976,90.20368541,7.022745952,4.7810113
1357,11,4,4,167.6887299,3,62,0.548356384,0.102186914,0.868578869,15.94113619,106.4534712,0.675024671,0.076351421,12,5.627663815,3,1,9.300631217,59.6864991,6.601262434,3.939766802
1360,11,7,4,138.3301383,2,49,0.483743627,0.183251384,0.659962675,15.02998478,123.2647064,0.249005318,0.169119107,45,2.373541877,2,1,11.9055471,55.535962,7.811094195,4.105558185
1362,11,9,4,237.5676336,5,21,0.540921044,0.170986547,0.360846466,17.91009649,97.16370141,0.647453466,0.122369856,22,8.022439873,4,7,13.95005361,114.6387102,9.900107212,3.899228172
1363,11,10,4,175.08913,8,,0.545413026,0.778991187,0.45668655,17.82835487,64.57074623,0.259916947,0.065594806,29,2.518485325,3,3,12.34908604,108.2825397,8.698172075,4.280977732
1365,11,1,5,140.4010113,2,68,0.492629832,0.013610434,0.060376911,13.62613982,164.4500752,0.357258224,0.090201537,49,6.501683358,1,1,7.681188787,91.14756446,7.362377573,4.407512828
1367,11,,5,13.49638492,5,42,0.541868103,0.141544,0.016357173,15.32853264,119.5108293,0.565728755,0.123088787,26,5.750229537,0,0,10.07140702,88.03979533,8.142814043,3.529397477
1370,11,6,5,128.506284,2,29,0.455427913,0.222550636,0.473304094,16.59321453,110.0194378,0.476799175,0.070066268,56,5.625950189,1,2,11.66289696,84.48132272,7.325793926,4.909660439
1372,11,8,5,35.43479481,7,59,0.527938693,0.479289679,0.816961088,14.36603626,125.5604954,0.407502822,0.171922549,59,5.502331143,0,1,10.09224236,83.08313804,8.184484728,3.370800665
1373,11,9,5,132.4500631,6,25,0.550649508,,0.484012167,11.96976378,78.56394201,0.394315282,0.01825719,30,2.581916559,1,,10.31653543,60.61540099,6.633070866,3.850532412
1377,11,2,6,249.2937557,1,48,0.558945371,0.313371841,0.701082888,13.77816715,16.74872745,0.556186986,0.187871067,33,6.170236341,2,9,9.654537306,37.27893661,5.309074611,4.79387769
1378,11,3,6,273.4486053,3,45,0.468523863,0.05467619,0.257768646,14.63491084,116.2410591,0.596957976,0.018150889,11,4.245015909,5,8,12.13050602,85.59532686,6.26101204,5.211691581
1381,11,6,6,285.0876238,3,32,0.504499782,0.28662272,0.080678682,13.24449374,19.09948347,0.257981681,0.157991476,15,6.854354143,2,11,11.02471875,106.6816138,8.04943749,5.114709342
1382,11,7,6,82.18508748,3,32,0.480882903,,0.831666315,14.71094504,35.0918501,0.501112614,0.032933491,16,3.643584158,0,2,8.728302799,87.22800942,7.456605598,4.201687996
1383,11,8,6,271.4124761,3,29,0.514804853,0.362476176,0.557117202,13.26786918,150.2281386,0.679830587,0.115421839,21,3.801181728,5,5,6.926593991,21.95535016,5.853187981,4.871571645
1384,11,9,6,22.06271727,3,57,0.43823481,0.031212723,0.140517244,16.81434754,122.0693996,0.605774478,0.129229362,,4.514787469,0,0,8.785748634,80.24686149,7.571497268,3.16661023
1385,11,10,6,236.2306595,6,52,0.579335078,0.003932591,0.518723302,12.10225177,25.17734369,0.609402111,0.143919145,38,2.130200821,2,9,9.39013987,32.9104886,6.78027974,
1386,11,,6,103.400815,3,29,0.527556023,0.572388431,0.351512501,12.61419468,35.5514877,0.211654044,0.190377172,50,8.580735129,1,2,8.674552599,114.3614477,7.349105198,4.305823914
1387,11,1,7,154.0551689,7,36,0.488327132,0.341989762,0.616881583,15.56753987,50.4539748,0.618788,0.187934509,33,8.910642636,3,1,8.648633261,53.58497586,7.297266521,4.206003808
1389,11,3,7,200.5102914,2,52,0.572873278,4.19e-05,0.630470269,16.51517997,86.55944517,0.27992548,0.118794112,44,3.554072774,2,8,11.61954443,71.80860451,7.239088858,4.638285498
1391,11,5,7,166.3467097,7,69,0.514524023,0.137576588,,15.89273985,76.95471429,0.53732255,0.189755948,27,8.699864931,3,3,10.82929991,99.55619674,7.658599828,4.80828372
1392,11,6,7,239.2480367,4,38,0.533571508,0.333797299,0.052180939,15.72769547,148.462088,0.666852605,0.047724787,47,5.88682044,4,2,8.737608596,116.2478062,7.475217191,5.658844271
1394,11,8,7,82.72555882,1,33,0.436969633,0.116878638,0.598464951,,52.44248269,0.529766283,0.111564034,52,3.594384877,1,2,10.78339985,96.90054036,7.566799698,4.437003038
1395,11,,7,178.1303182,8,64,0.460709454,0.512128081,0.191088133,15.31662619,45.02867089,0.392747737,0.092836684,35,9.375469758,1,7,7.953681219,50.74161377,5.907362437,4.650829933
1396,11,10,7,3.809308532,1,68,0.444065633,0.75763458,0.527928236,12.59382274,152.9059971,0.261153647,0.045042154,60,6.834717424,0,0,12.1076793,71.82174383,6.215358598,3.21435153
1398,11,1,8,198.1236025,6,70,0.506627891,0.407784125,0.820672679,14.84870453,29.47721043,0.353637011,0.076814546,14,3.423505484,1,5,9.804835848,85.48398048,7.609671697,4.190960418
1400,11,3,8,,1,64,,0.133038526,0.785924535,14.27868331,92.23835244,0.596981237,0.130669577,28,3.790129147,0,0,12.59926851,105.9059246,9.198537015,2.979423494
1402,11,5,8,214.5267146,3,52,0.45303941,0.036483548,0.63358379,12.73850044,167.5024003,0.481389972,0.085575209,68,3.364230796,2,8,9.076944688,,4.153889377,3.770161132
1403,11,6,8,220.7143534,6,41,0.457536681,0.079198752,0.579631067,16.01660367,170.5056617,0.566162845,0.173033736,42,6.318509546,4,6,12.34255759,62.59556141,6.685115188,4.48554658
1404,11,7,8,170.8984657,4,59,0.487486304,0.006988227,0.392117697,17.99344416,24.29392563,0.329557237,0.102937322,39,7.215094997,1,,8.440802309,68.87578901,8.881604617,3.43685823
1406,11,9,8,225.3902199,8,63,0.531753867,0.090722329,0.100312935,14.02777951,196.8055511,0.297062273,0.16403041,29,8.254046047,4,9,11.90432195,83.38187523,7.8086439,4.632374387
1409,11,1,9,108.5876427,7,27,0.501723112,0.550579426,0.72832792,12.33688001,58.98554264,0.569347462,0.17006113,15,9.162193895,1,3,7.964933336,79.25278233,5.929866673,3.918786275
1410,11,2,9,53.56478899,4,44,0.486319116,0.999674393,0.757149609,13.15482815,124.3461649,0.627362153,0.19639438,14,3.973873805,0,2,8.419348971,34.23347207,6.838697941,2.833568624
1411,11,3,9,213.7320449,6,20,0.457490787,0.000249384,0.142268402,16.44697477,145.8289597,0.436568713,0.056953582,44,3.873382374,4,2,7.581652653,70.2063477,7.163305305,4.528646211
1413,11,5,9,153.0926934,7,41,0.556675305,0.144601543,0.545815699,13.47222126,88.97843486,0.332576,0.073681283,41,6.829752781,3,1,6.484567365,76.69761209,4.969134731,4.072088181
1414,11,6,9,274.2104686,7,40,0.443335202,0.253222597,0.727342028,13.95392596,88.40166588,0.229227674,0.063426793,15,6.803188966,5,8,7.863292202,122.3757378,,5.957127165
1415,11,7,9,70.47133214,6,30,0.430977163,0.102201705,0.455901089,11.17284216,42.92950624,,0.066389192,41,4.574719163,1,1,7.873801203,79.18302127,5.747602405,3.701729471
1416,11,8,9,184.6390386,4,37,0.479717481,0.351931214,0.755226162,14.94101068,48.61418304,0.525549681,0.020030402,28,9.12433057,1,1,9.967228155,108.2500426,9.93445631,3.776305311
1417,11,9,9,257.1829584,,51,0.57291438,0.232680532,0.094266844,12.8378312,122.1114648,0.516848873,0.120715083,66,5.782535855,2,10,,116.7376417,7.597590222,5.334964033
1419,11,11,9,100.5365275,4,38,0.469386446,0.381782956,0.533492277,14.27451955,62.77433826,0.396901073,0.139003403,39,3.650482,1,3,8.485844194,97.53718481,6.971688387,3.761295474
1420,11,1,10,222.2769212,1,69,0.460905449,0.721840955,0.473283785,13.7245687,20.62805633,0.529009602,0.031720432,6,3.383867466,2,6,9.735871502,45.53692952,7.471743004,3.93778339
1423,11,4,10,53.02314743,3,24,0.436499517,0.022276139,0.541549816,15.19291564,118.6549668,0.314291851,0.081015003,24,3.908005389,0,1,9.440508689,86.67491237,6.881017378,3.288042671
1427,11,8,10,141.590817,2,39,0.53475261,0.782187335,0.42298422,14.18934693,156.1341529,0.599511021,0.077188991,34,5.344004887,2,4,,48.97037351,7.988163257,3.477634033
1429,11,10,10,229.9087498,6,20,0.485692902,0.990850553,0.598684676,12.33997583,71.31794469,0.372266099,0.156453956,27,9.904423333,4,6,11.52220879,56.3333118,7.044417588,3.846095919
1430,11,11,10,292.2625947,4,55,0.487311219,0.633575133,0.497377596,11.03087006,162.3880601,0.464192908,0.064490177,21,3.122121838,2,5,7.794927813,33.51774293,5.589855625,4.900405442
1433,11,3,11,205.4601616,1,43,0.579516124,0.086486118,0.326521021,11.50510625,123.2057594,0.504320789,0.003571452,28,3.19329697,4,6,11.05839236,81.58829979,6.116784717,4.441261367
1435,11,5,11,57.95090803,8,68,0.548157667,0.3625263,0.312039833,13.42895829,16.89815493,0.630253724,0.011286279,6,6.394276886,0,0,11.5716435,80.44186079,7.143286993,3.212882436
1439,11,9,11,23.62276147,2,72,0.457996524,0.357876534,0.896996225,16.37085451,32.67705986,0.656157658,0.182335694,29,8.17120501,0,0,7.539363619,73.65027714,7.078727238,3.027253641
1441,11,11,11,197.6803666,8,23,0.459262917,0.35569799,0.57235668,13.684032,175.2432017,0.611253442,0.177032804,47,,1,5,8.157795556,23.71678137,6.315591112,3.480139104
1443,11,2,12,25.42461893,1,67,0.420676625,0.0412119,0.098651301,15.52426024,56.27874473,0.630011267,0.046731447,65,3.387649188,0,1,12.62458902,97.27159228,7.249178047,3.638445718
1444,11,,12,78.74052763,7,40,0.499296817,0.269435745,0.699790136,15.3590181,24.08387892,0.669209114,0.007433434,9,8.580488312,0,1,13.08834339,122.9777207,8.176686778,4.04691603
1445,11,4,12,262.904115,7,67,0.497875317,0.478508023,0.705841952,,15.34720891,0.332994817,0.157573697,15,4.467748552,5,10,10.92200145,21.20684649,5.844002902,3.969065035
1446,11,5,12,153.1021439,8,41,0.523940434,0.349044707,0.342969965,13.73752075,124.0278205,0.599561295,0.151733925,43,6.19639538,1,4,9.631955975,12.37984162,5.263911949,3.114287309
1448,11,7,12,222.794383,3,58,0.5703532,0.575438216,0.530556898,15.15164899,169.822828,0.65527521,0.061008103,15,3.625136823,2,2,6.862027215,45.57584998,5.72405443,3.971814658
1449,11,8,12,282.9973437,7,50,0.543140929,0.943565757,0.324432291,12.55347525,30.90880765,0.432651637,0.168573167,26,4.079405769,2,8,7.085264028,,6.170528057,4.826401605
1451,11,10,12,259.988397,6,29,0.559330744,0.388050477,0.591306764,11.69768361,140.5477518,0.329247284,0.020387844,51,6.856835456,5,2,6.609824227,50.01756263,5.219648453,4.377481278
1455,12,3,1,211.7105346,1,44,0.441856281,0.749903828,0.510208229,10.47666314,165.6330451,0.226412422,0.101520401,69,4.384049803,2,2,11.48703508,25.9929029,4.97407016,4.46246427
1457,12,5,1,168.1019385,1,20,0.446577411,0.430532154,0.730220394,15.41184803,99.02742217,0.542401458,0.088387025,51,5.992989762,3,1,12.00658224,64.66352304,6.013164472,3.962650983
1458,12,6,1,90.45261674,4,41,0.434722967,0.94051163,0.371439805,11.76794884,126.8553893,0.449482434,0.170609197,8,6.626251921,0,2,9.093304911,18.24540887,4.186609822,
1459,12,7,1,5.661748927,5,35,0.493390858,0.633250891,0.845900371,14.37699833,181.3425561,0.476649899,0.091068158,22,2.725771868,0,0,11.43166574,47.07269122,4.863331473,2.860094803
1460,12,8,1,279.0022731,2,50,0.465404335,0.238028946,0.82356405,13.93498972,181.0879174,0.591845496,0.163167288,34,2.818539964,5,2,8.297216511,34.75683236,6.594433022,3.720328689
1461,12,9,1,195.8282791,5,67,0.474696903,0.061588285,0.608569507,12.05282754,48.03194094,0.41981801,0.094929646,36,8.360301884,3,5,7.251570855,63.24148596,4.50314171,4.575858704
1462,12,10,1,146.0984406,2,60,0.542675626,0.903175036,0.29886808,9.287926925,126.0495503,0.528973627,0.077189992,61,5.256176046,1,2,10.82662607,47.6394809,3.653252139,4.104790385
1463,12,11,1,176.1573443,5,66,0.442530221,0.394167134,0.212967676,11.58527087,138.3027317,0.579185035,0.017895355,44,2.814501413,3,5,7.547372707,28.71510829,5.094745413,3.151441368
1466,12,3,2,55.53685051,5,,0.438325528,0.025059152,0.3201493,14.93819184,117.0830761,0.365859062,0.066012014,41,3.581967059,1,0,6.743439911,46.90680923,5.486879821,3.129500019
1467,12,,2,256.792765,2,46,,0.905235166,0.216656941,13.37999435,102.788281,0.486903141,0.118820739,36,3.549817867,2,7,10.87777464,19.03335235,3.755549279,4.520830912
1468,12,5,2,56.14229029,8,43,0.560913302,0.229793648,0.027652527,10.63184329,162.7001184,0.365967174,0.04469483,10,3.246265806,0,1,8.573246275,10.93091744,5.14649255,2.639018802
1470,12,7,2,213.0262596,6,52,0.473874182,0.6277386,0.562500085,15.41630338,29.23335319,0.342789468,0.17120239,33,2.451097792,4,6,9.564612989,36.58828034,7.129225977,3.619453857
1472,12,9,2,,7,36,0.46670606,1.84e-05,0.604332235,10.74194547,132.0783036,0.350271699,0.145331486,24,4.47836569,1,1,6.52330304,10.89727789,3.046606079,3.530572081
1473,12,10,2,204.439426,4,21,0.430131488,0.484189772,0.819293517,14.82965823,47.17718138,0.674629482,0.161985011,9,9.044021061,2,4,10.23869902,65.23526268,6.477398032,4.029198073
1475,12,1,3,205.1470487,4,46,0.558608862,0.959509317,0.648535306,14.53914679,126.6763032,0.208646191,,22,3.443141697,4,8,7.521748219,38.74711987,5.043496438,4.197731946
1476,12,2,3,71.58903783,7,35,0.554851198,0.001054995,0.325984028,13.05599006,9.485170609,0.56769743,0.105735139,57,5.614301186,1,2,7.919994477,106.4888802,7.839988955,3.979870535
1479,12,5,3,140.9925232,7,54,0.444285774,0.009984497,0.401263857,12.86987416,58.16528841,0.587922134,0.110097842,38,6.84418629,2,4,8.261041201,34.87188491,6.522082402,3.033131645
1484,12,10,3,160.014989,2,,0.503249319,0.119478122,0.482134159,15.1082571,163.0523919,0.521336783,0.187287136,15,4.137339627,1,1,11.39347617,33.81896084,6.786952339,4.138003487
1485,12,11,3,5.712144463,5,54,0.473688096,0.000461298,0.464946124,12.34137586,144.694281,0.621115658,0.173747489,17,2.758612621,0,0,8.41187548,58.29406513,4.82375096,2.677633213
1492,12,7,4,77.8967077,8,36,0.566012736,0.347005623,0.788267849,13.03071262,136.0699409,0.257268074,0.107188236,34,8.893351319,1,2,8.683729234,31.16352024,3.367458469,3.65660788
1497,12,1,5,182.8830657,2,41,0.487789437,0.757896892,0.537130588,11.76707231,151.2616802,0.591133369,0.032239826,22,3.004460557,3,1,9.203929059,23.06802172,6.407858117,3.923076163
1498,12,2,5,113.8103845,4,52,0.458781086,0.072311529,0.533312,10.16483352,19.30455954,0.389781027,0.111008571,19,7.818547687,2,2,6.313796399,10.48456685,4.627592798,3.840710129
1499,12,3,5,192.3977501,1,58,0.451503368,0.764327912,0.672664595,14.94515028,194.9959544,0.635099848,0.058297974,69,2.657510984,3,5,7.302861266,100.0588683,6.605722532,4.833045248
1500,12,4,5,93.06172795,6,72,0.461205496,0.09381555,,11.21803855,14.23592947,0.494717883,0.051410227,34,9.266915577,0,3,7.898910303,74.74188894,5.797820607,4.214298826
1501,12,5,5,153.8013198,6,51,0.56053281,0.010341808,0.549756225,9.43839532,146.9420969,0.25771839,0.143978622,32,6.479690875,1,3,9.910219622,0.32004068,3.820439245,4.100834312
1503,12,7,5,255.9913817,2,35,0.54886984,0.227611393,0.864753154,13.12983757,162.6316589,0.284248092,0.048611637,20,7.988791976,5,5,12.40546532,92.94929415,6.810930631,5.758838357
1504,12,8,5,63.03386937,8,45,0.512540223,0.027699533,0.399535086,15.79707787,168.4289337,0.315496863,0.149383159,71,3.169687562,0,2,9.220598815,58.83112602,6.441197629,3.53519463
1509,12,2,6,255.5723859,8,40,0.535550698,0.04261738,0.114620173,11.80113323,82.83602688,0.587568758,,13,9.052101628,2,7,11.66729624,79.43365746,5.334592475,5.053141164
1510,12,3,6,203.6336062,7,61,0.500706222,0.085614493,0.521905019,11.497744,183.1369869,0.467859181,0.028004376,43,4.428876239,2,6,12.05430222,78.17416808,6.108604441,4.996802727
1511,12,4,6,116.5146468,8,36,0.515564475,0.13041254,0.776466659,11.95073344,161.1074492,0.66532705,0.060015451,8,9.340221532,1,1,7.750407469,20.36325702,5.500814939,3.859074059
1513,12,6,6,27.6751733,6,56,0.42723539,0.366815853,0.419183907,11.37199378,140.1949179,0.570483673,0.019229128,23,2.206714865,,0,7.428885431,9.044751304,4.857770861,3.007271272
1515,12,8,6,53.00619429,3,66,0.53678383,0.194521448,0.368486881,14.91788992,138.6986828,0.2539295,0.093071229,11,4.33392733,1,1,10.73216107,59.21333489,5.464322133,3.838923113
1518,12,11,6,88.18333091,1,51,0.549203418,0.601817333,0.343429383,13.12884748,13.87866236,,0.07693394,35,7.882498006,1,0,10.84935971,80.03529591,5.698719418,4.297261786
1519,12,1,7,152.0999145,4,63,0.505997241,0.944121539,0.195271133,12.52699004,146.4601187,0.473744094,0.001353596,71,4.124550553,3,4,10.95943891,9.100370171,3.918877817,4.18924439
1521,12,3,7,161.9289456,6,53,0.544791954,0.617263424,0.639761383,15.43148824,190.5800795,0.457039903,0.03737206,30,2.610287885,3,6,9.017493468,64.3653525,6.034986935,4.198866462
1522,12,4,7,45.1287471,8,39,0.577070655,0.199958099,0.642610798,14.67030711,53.75943511,0.362426446,0.034169261,53,7.662471384,0,1,12.15017062,61.81064891,6.300341237,4.199127096
1523,12,5,7,219.4400201,1,61,0.469938752,0.620230177,0.039291972,11.41934942,87.61883651,0.407616237,0.022398782,25,9.64957671,4,8,12.01074968,94.02907361,6.021499355,5.281586728
1524,12,,7,129.3938999,,54,0.52680441,0.393832,0.336776562,16.22508013,51.69856123,0.610019495,0.111091362,32,9.071388259,1,3,12.45837785,70.1393423,6.916755703,3.834392624
1528,12,10,7,174.7914787,5,66,0.532069314,0.14599019,0.381342395,14.24898794,177.2290603,0.241038614,0.02598078,68,9.252833319,1,5,12.47165997,38.45932964,6.943319939,3.675052931
1529,12,11,7,299.9317508,3,57,0.469980447,0.173945735,0.741519856,13.46985159,114.2485592,0.278349607,0.034407627,34,4.085429536,5,5,,27.83197716,4.966501762,4.919904023
1533,12,4,8,132.7811329,5,60,0.499930857,0.004850889,0.18850774,13.31651377,190.7890937,0.570799484,0.02207006,36,6.686574796,2,1,6.953618762,82.28355857,5.907237524,3.832541437
1539,12,10,8,238.9768859,8,22,0.487377572,0.764013006,0.065196769,12.68876036,,0.302005015,0.078115367,,6.43014864,4,9,12.71597798,97.85339521,7.431955956,4.525903069
1541,12,1,9,72.69789551,4,57,0.464486786,0.046666479,0.094174887,15.09026258,,0.476849281,0.149828708,22,6.501072722,1,2,10.38347921,107.7023001,6.76695842,3.869303295
1543,12,3,9,195.4076294,4,69,0.468964222,0.820937597,0.01071612,11.6608266,48.79481066,0.448735014,0.105167485,61,9.692566274,3,3,10.14490367,29.42304648,6.289807333,3.911721029
1546,12,6,9,83.1080781,5,27,0.51534205,0.111605493,0.651358381,10.07104102,163.3194809,0.300105972,0.126038708,63,7.268542057,1,2,11.26168945,32.32703749,4.523378906,3.821464303
1548,12,8,9,188.0773013,3,33,0.444455469,0.228345724,0.50720769,13.60940649,90.54178186,0.38244388,0.166931961,47,9.027278758,3,7,11.11633694,34.88431539,6.23267388,4.097114129
1550,12,10,9,287.6496439,2,68,0.442694972,0.201576727,0.543657261,14.49780135,19.52382,0.492748417,0.061323536,11,6.626768598,5,2,8.498778529,39.85318981,4.997557058,4.451738283
1552,12,,10,49.85236963,4,21,0.573130815,0.87118559,0.647126641,12.08739171,86.88571762,0.339689019,0.137819365,62,6.981066971,0,,7.381884281,35.49526631,6.763768563,2.794820668
1553,12,2,10,199.9604883,3,67,0.570363736,0.830480338,0.870319449,,168.06082,0.448289591,0.162541117,59,3.092987866,3,7,8.213989234,31.98169734,6.427978467,4.006429464
1554,12,3,10,18.78696444,5,18,0.519747007,0.009715204,0.701097153,,124.4446313,0.59643776,0.0888029,66,6.690033432,0,0,11.50490873,77.23095901,5.009817453,3.099501642
1555,12,4,10,50.13362858,5,36,0.500197035,0.593941569,0.806624012,14.30048974,113.4650544,0.636378551,0.052879739,6,8.0546278,1,0,9.500272076,36.38094017,7.000544153,2.712250456
1559,12,8,10,110.4399689,5,35,0.522737001,0.25551491,0.304012159,12.80857271,103.4295342,0.418052172,0.058019618,,3.533807811,2,1,9.11587373,36.50271712,4.23174746,3.924812217
1564,12,2,11,215.7767579,1,69,0.48487499999999994,0.09394912,0.797175747,12.4300537,60.87146738,0.364750549,0.100449433,35,9.049796032,2,6,10.46114095,58.02952258,4.922281893,4.080765511
1565,12,3,11,115.5459921,2,29,0.522011467,0.399427312,0.802882797,11.94552645,197.6333436,0.513222538,0.110082371,25,5.136183846,2,3,8.191959137,37.13264431,4.383918274,3.468240226
1566,12,4,11,42.8062379,4,44,0.558401222,0.377257343,0.564204899,12.41534347,137.7721172,0.559874849,0.063334953,51,8.672928859,0,0,9.564079705,85.00895877,7.12815941,3.79795634
1567,12,5,11,123.0022359,3,32,0.46085196,0.590391294,0.72658495,11.64556357,139.8087268,0.257023233,0.043022986,39,3.611769173,1,1,10.02531309,37.71160005,4.050626185,3.36579509
1568,12,6,11,241.4669353,6,45,0.513096952,0.002125466,0.847638188,11.29105328,62.04296314,0.430572561,0.106384967,17,7.380237667,2,7,9.383918487,71.78201196,4.767836974,4.592486693
1569,12,7,11,59.09805105,6,53,0.474933862,0.752283973,0.540928204,11.68451412,186.0299367,0.238349761,0.144170031,54,8.009228454,1,2,10.04695229,50.89977882,4.093904578,3.445312516
1570,12,8,11,,1,71,0.437849206,0.010310013,0.259740984,13.39193106,183.5648961,0.575870963,0.156823867,18,2.460075075,2,5,7.439961702,62.39864412,4.879923404,3.649905563
1572,12,10,11,296.4594471,6,53,0.491680688,0.196751455,0.171981207,10.96597429,159.5762549,0.488626329,0.002797896,46,9.175953069,2,11,10.20331905,59.11258128,4.406638105,4.818932899
1574,12,1,12,81.52772366,2,33,0.547672219,0.260287144,0.723543585,13.71203195,,0.261770091,0.013452448,59,5.737432973,0,0,7.062239975,64.09197832,4.12447995,3.98296817
1575,12,2,12,235.692858,3,32,0.484225496,0.371366322,0.022806583,14.14669213,27.02628643,0.546270669,0.14269936,30,4.77187029,4,2,9.859273408,26.76909479,5.718546815,3.833205032
1577,12,4,12,219.00712,4,42,0.474703676,0.240901817,0.781433053,11.79073458,186.2036109,0.586422615,0.044004297,20,8.3130932,4,6,10.10596365,5.193839255,4.21192731,3.994175806
1579,,6,12,274.7113144,1,58,0.556721542,0.067135298,0.49562143,13.62536224,75.16196174,0.235374744,0.099899824,26,4.46239622,5,2,9.569645691,44.37186674,5.139291383,
1580,12,7,12,88.48969299,6,25,0.566231107,0.860271949,0.438567183,12.59067493,9.410042841,0.23456366,0.133004769,34,9.877102767,1,0,7.550374963,17.0041494,5.100749925,2.506883689
1583,12,10,12,29.01848676,2,48,0.5513244,0.9423650000000001,0.058968328,14.93070778,91.57418844,0.626082869,0.040728262,29,2.173543568,0,0,6.739282098,64.16130125,5.478564196,3.164029188
1584,12,11,12,222.2641419,8,54,0.476777654,0.352023001,0.2535783,10.65696031,179.115878,0.360004291,0.044984408,40,4.210088264,2,2,9.587200172,16.52646219,5.174400344,3.31641921
1585,13,1,1,152.9260159,5,28,0.438996686,0.279225354,0.5906066,11.04330765,137.2651016,0.485219849,0.151131061,10,3.072012604,3,1,8.801837581,88.15602914,5.603675162,4.109442384
1586,13,2,1,76.10436167,3,54,0.564136296,0.239023518,0.647684392,13.68597617,45.41007147,0.291585279,0.160126426,47,3.468597088,1,2,9.047764538,14.78038748,4.095529076,3.151504053
1588,13,4,1,222.1876626,8,66,0.519012483,0.05271874,0.504879869,12.92463128,145.3429575,0.318032623,0.0332337,28,9.686999692,4,6,10.18035071,55.42900469,4.360701425,4.200600962
1589,13,5,1,34.65310017,4,54,0.438470702,0.153996067,0.247750379,11.11089164,76.10909017,0.263334009,0.148139871,20,2.393257942,0,1,7.728273136,20.4973623,3.456546271,3.219959194
1590,13,6,1,190.2538572,5,72,0.496310822,0.116952782,0.538927901,12.59655977,103.5752406,0.413627566,0.077148639,58,6.690550628,1,7,5.998088761,45.70480738,3.996177522,3.85960747
1591,13,7,1,221.1681764,1,29,0.436427527,0.085957143,0.286415951,,168.0605574,0.406671243,0.158634811,58,8.372432497,2,8,6.822901238,1.951146903,3.645802477,4.621332475
1592,13,8,1,277.6076704,4,18,0.567014834,0.113988269,,14.32285708,178.8982037,0.263777956,0.010413788,62,8.244892235,5,11,10.40158727,62.73005618,4.803174538,4.774750512
1593,13,9,,12.16579455,3,64,0.566566945,0.41298907,0.802414811,13.70307342,156.438487,0.439800686,0.033960383,11,2.362382414,0,0,11.05726301,49.38990447,4.114526021,2.90860759
1594,13,10,1,155.94759,3,29,0.479832125,0.147992464,0.40546704,10.07131252,114.3382309,0.313339501,0.156619763,51,2.2783557,3,4,7.150729179,12.19602367,2.301458358,4.015764423
1600,,5,2,48.78418113,7,43,0.488574976,0.014722953,0.796102128,12.39660784,181.4017788,0.576525702,0.043059115,29,8.292396253,0,1,8.442559909,55.01326645,4.885119817,3.483062659
1601,13,6,2,152.3429193,8,49,0.50078035,0.211596494,0.392977882,12.62906838,11.47785583,0.431602507,0.00644657,56,5.088822999,1,4,8.12726021,78.10664727,6.25452042,3.858681444
1603,13,8,2,218.147575,7,19,0.497610564,0.104348077,0.224059585,9.927718254,60.29733021,0.600374893,0.026469796,70,5.967742298,4,4,10.1820657,25.49838122,4.364131393,3.950070547
1604,13,9,2,55.23630722,1,26,0.504434034,0.73154228,0.4377512,10.82499581,71.61010057,0.366709958,0.050147257,61,4.610864247,0,1,11.12499767,31.28659366,4.249995344,3.248409345
1607,13,1,3,114.0660221,5,24,0.555814453,0.600129225,0.2516495,10.74533066,107.2830299,0.220076647,0.018199282,68,8.224824843,1,2,11.63629481,,,3.998308907
1609,13,3,3,282.7298062,1,51,0.491315381,0.138233539,0.714083384,12.61733282,46.26231907,0.233308748,0.051558961,49,9.466135521,5,8,7.009629344,11.46784031,4.019258688,4.845104538
1614,13,8,3,242.2424372,7,54,0.456711865,0.31424191,0.070249329,13.69595097,110.9949703,0.2551346,0.075915968,40,6.21271358,4,4,,7.738785372,4.106612186,4.214363916
1617,13,11,3,225.8721617,7,18,0.498309379,0.009408479,0.6263293,9.396985685,92.65834864,0.242219843,0.029651946,9,3.015718822,4,6,8.887214269,59.81657292,3.774428538,5.128769533
1618,13,1,4,67.20697102,2,68,0.448621336,0.040520878,0.270316069,12.27346908,89.33838998,0.483078083,0.044344528,32,9.367938937,0,1,7.818593935,4.225991079,3.63718787,2.911324503
1620,13,3,4,19.99043874,6,55,0.578205509,0.839884007,0.138802256,13.81369434,199.2085634,0.274611124,0.076261302,8,5.763880463,0,0,8.674274632,23.77005629,5.348549265,3.05369337
1624,13,7,4,288.9285332,1,28,0.48861438,0.972116191,0.409337355,12.65451967,35.34860973,0.546290644,0.023932081,25,2.834742984,2,5,7.030288708,54.16876808,4.060577416,5.100531848
1625,13,8,4,130.5432492,1,59,0.541134026,0.33744486,0.16355654,9.275998689,185.7504055,0.628130246,0.03116965,55,8.122370792,1,1,10.81999927,51.77504148,3.639998543,4.005613884
1626,13,9,4,,2,59,0.479029338,0.062627144,0.247764409,14.15534802,2.014426619,0.396996345,0.086099747,,,1,4,9.308526677,43.25357295,4.617053354,3.760613605
1628,13,11,4,28.07648914,3,21,0.549438989,0.101473133,0.805996089,15.32789154,97.27371392,0.633998971,0.101852928,50,7.516790278,0,0,6.959939743,35.87788764,5.919879486,3.022127778
1631,13,3,5,104.8421235,5,55,0.565018,0.603516436,0.26487297,13.89731502,106.4779261,0.249775106,0.174898647,50,2.941279113,1,1,7.720730569,74.2780171,5.441461138,4.852849046
1632,,4,5,50.79853464,2,,0.495562187,0.454977617,,13.7613232,93.81027933,0.530162927,0.093277525,56,9.997969738,1,0,6.645179555,77.6373921,5.290359109,4.036267032
1633,13,5,5,24.70340218,3,55,0.468590536,0.376642905,0.745898502,,183.3718956,0.551719934,0.05340105,39,8.423629552,0,0,,76.21764076,5.694867108,3.669601905
1635,13,7,5,247.3202991,4,52,0.505458103,0.068437885,0.169442141,13.58496754,137.1325933,0.601364394,0.174952741,11,3.087700991,4,7,7.547204187,3.634063088,5.094408375,4.428147977
1636,13,8,5,49.62585389,1,18,0.499839392,0.666338004,0.112740193,15.40429241,70.10852946,0.274161431,0.118162323,41,5.549636791,0,1,11.00238467,64.66856858,6.00476934,3.695182621
1637,13,9,5,118.1732402,3,52,0.429669049,0.389596831,0.606378468,15.58485849,107.7656864,0.525485894,0.186395982,16,3.351535643,2,2,9.102699162,92.60025516,6.205398324,4.675665716
1638,13,10,5,50.96628213,7,26,0.456060763,0.808782402,0.020188658,11.28134871,,0.572096155,0.177708094,70,5.202349349,1,,11.93408262,70.70385023,5.868165231,3.925885223
1639,13,11,5,181.4637183,7,40,0.483006002,0.360588707,0.660820829,12.54014733,70.34043142,0.254156246,0.004423069,22,8.353867499,3,5,7.077859629,39.73926959,6.155719259,4.189656222
1641,13,2,6,15.34476714,4,55,0.424920841,0.027282144,0.473200404,10.91950067,1.934337999,,0.076566289,59,,0,0,8.733055928,52.22587844,5.466111855,3.086430622
1642,13,3,6,140.143551,3,23,0.48398374,0.342787584,0.58092612,13.42399735,182.9041669,0.471820376,0.138429015,23,8.26087746,2,4,9.902220747,34.11306208,3.804441495,3.987451679
1643,13,4,6,162.1519079,2,61,0.525890367,3.39e-05,0.777345662,12.77122694,91.3558484,0.373219555,0.145654907,14,4.943674847,3,4,10.65068163,41.85696712,5.301363267,4.594203599
1645,13,6,6,263.4281719,1,55,0.452851242,0.824348106,0.385367058,12.82374935,100.343251,0.276581094,0.186317088,51,6.00013874,2,5,6.679860749,51.67873951,5.359721498,5.328665635
1646,13,7,6,24.12543498,1,43,0.421278094,0.904371437,0.559078237,10.49624151,129.609503,0.647841364,0.091444772,18,5.593714745,0,0,11.49791195,73.0317894,4.995823904,3.738465575
1647,13,,6,262.3721471,1,63,0.566172932,0.910552637,0.73048918,13.94694117,178.3255311,0.472581643,0.172134783,31,5.808756356,2,7,6.74830065,22.29261297,5.4966013,4.68842764
1649,13,10,6,250.5033916,2,50,0.465468963,0.394328186,0.028263977,14.01992289,34.82850126,0.380785578,0.086648404,19,7.950651796,2,2,7.233290493,16.11648709,4.466580986,4.697851516
1651,13,1,7,122.7187691,7,22,0.500023878,0.195341934,0.440857029,13.94392005,102.545876,0.249547934,0.152245433,58,6.784407058,1,2,8.74662225,87.64484596,5.4932445,4.924924087
1653,13,3,7,277.9175455,6,63,0.534239677,0.949670309,0.639358338,12.84614082,143.1105509,0.545761818,7.04e-05,16,7.90655161,5,8,6.692300454,78.90888139,5.384600908,4.857370615
1655,13,5,7,86.42230559,2,62,0.576403692,0.574695,0.52990703,10.51631592,46.18311715,0.582923863,0.059053082,60,5.816328581,1,2,10.5090644,9.051131964,5.018128798,3.539926684
1656,13,6,7,257.8571848,1,72,0.505343067,0.983852839,0.696197192,9.028621145,170.7065902,0.665445683,0.055152521,28,6.722543368,,7,9.682567303,49.36275617,3.365134606,5.492939467
1657,13,7,7,73.19007649,6,27,0.518363725,0.652618701,0.712762644,13.30103629,23.23333608,0.363726818,0.091565437,24,3.419318731,1,2,9.389464604,25.91230239,4.778929208,2.987150243
1659,13,9,7,184.9740716,,65,0.473529134,0.000285507,0.700828416,8.977316927,75.16037158,0.252594025,0.17555926,59,2.49250841,1,7,8.654064959,34.26339423,3.308129919,4.514224462
1660,13,10,7,81.43799321,7,45,0.520229848,0.862339833,0.339812337,12.52266647,122.5546671,0.410309717,0.119874179,6,6.374952959,1,3,9.512592485,30.95344824,5.025184971,3.903606249
1664,13,3,8,,2,67,0.508882258,9.61e-05,0.169686087,14.10503087,197.9734523,0.469354587,0.117876883,55,4.25880845,3,6,10.28057271,25.28398752,4.561145416,3.870260329
1666,13,5,8,248.5051457,1,60,0.530337134,0.899087224,0.490275972,12.56518935,46.232155,0.641701257,0.060423793,29,7.497946485,4,2,9.091771858,87.2817989,6.183543717,4.97841397
1668,13,7,8,125.1389203,6,61,0.522884036,0.140885286,0.323733668,11.73934332,62.3755376,0.560167869,0.106796,29,4.676126439,1,2,7.077412954,2.768652544,4.154825908,3.28730664
1670,13,9,8,25.70583025,5,31,0.53257641,0.001780431,0.536509595,13.28166669,32.3961507,0.248133002,0.121662823,67,9.751022909,0,0,9.378703717,22.51031114,4.757407434,2.737051376
1674,13,2,9,182.3514867,7,23,0.545236885,0.94674767,0.767920986,14.58508136,92.86336226,0.64955631,0.053296087,43,2.029908769,1,7,10.54726742,50.74733505,5.094534848,4.379849773
1675,13,3,9,77.44974013,7,32,0.447356917,0.211180856,0.438707,10.45427641,37.00960162,0.504772759,0.033959674,66,9.995776332,1,1,9.474598003,36.40432137,4.949196006,3.035533006
1678,13,6,9,264.3892401,2,53,0.468103793,0.001230318,0.864930099,11.64883717,10.55348758,0.392340793,0.109241733,54,8.795123764,2,10,11.58268732,78.43303668,5.16537463,5.034813398
1679,13,7,9,55.07907784,7,53,0.471270329,0.373036549,0.755925023,13.22809831,76.79510368,0.493969586,0.091463575,15,6.884661044,1,1,8.793387948,,3.586775897,3.939716468
1680,13,8,9,250.739449,3,55,0.559210442,0.170360534,0.246765201,15.34670512,22.24404455,0.464731936,0.053958349,48,4.871575407,5,5,9.970391734,15.24908658,5.940783468,3.606437077
1682,13,10,9,257.1383453,7,26,0.493802515,0.170057494,0.368618572,15.64007446,165.6246367,0.568020885,0.089943605,68,2.888363324,2,5,12.1333747,,6.266749405,4.294515362
1683,,11,9,271.9173951,2,67,0.566945264,0.061538271,0.362790515,13.03266501,164.45796,0.665148496,0.03743886,50,5.424835876,2,2,11.24036945,1.79787891,4.4807389,3.899386726
1684,13,1,10,259.8886061,5,25,0.494362191,0.842689168,0.553612244,8.94678056,68.58905636,0.670263952,0.160935558,54,7.286203779,5,2,7.081544756,0.854386292,2.163089511,4.499850475
1686,13,3,10,146.3723917,,68,0.488853552,0.264492364,0.805400229,12.26428498,130.3889824,0.377675967,0.16148042,35,3.79802471,2,1,11.36904721,73.59494997,,4.20346187
1688,13,5,10,83.87602954,4,64,0.493186684,0.208603804,0.368518132,14.27447432,25.29279516,0.597337172,0.157714551,70,8.740374805,0,3,10.37470796,55.66644289,4.74941591,3.393721878
1689,13,6,10,171.6775328,6,31,0.517326592,0.935618641,0.415907034,10.67814301,138.8254166,0.538971811,0.08121637,57,4.755644376,1,6,8.598968337,29.56331806,5.197936675,4.473703497
1692,13,9,10,172.9416661,7,62,0.560015491,0.010443812,0.38871398,11.42578559,174.5697299,0.21273764,0.13930781,6,9.956877374,1,5,9.014325326,73.92609043,6.028650651,4.302722513
1693,13,10,10,57.17634895,8,68,0.569702593,0.158680789,0.873496676,11.49077648,78.79119594,0.38998864,0.089736205,68,4.325987183,1,1,6.494875824,36.24409137,4.989751648,3.42453026
1695,13,1,11,259.6770245,1,47,0.528081958,0.021744822,0.459363341,12.16956093,29.36512962,0.61847938,0.111802671,41,8.560649179,2,10,6.316422741,27.84923337,4.632845483,4.075145757
1696,13,2,11,285.4177078,1,44,0.471002231,0.299936365,0.859532533,12.85068828,124.2932719,0.337919265,0.082856692,41,9.670469162,5,2,11.13927127,42.32249691,4.278542532,5.179486499
1697,13,3,11,47.09263459,8,42,0.425312206,0.014955683,0.504091129,13.35450515,21.11786004,0.619158947,0.038130957,9,8.92897499,0,1,10.97472508,19.43532964,5.949450162,2.301801474
1700,13,6,11,25.7719711,5,67,0.526142252,0.00139576,0.437551088,10.43566569,128.0194637,0.55121299,0.08111657,58,7.411731107,0,0,7.464258717,37.67884201,4.928517433,2.645563433
1701,13,7,11,236.8376267,,51,0.485444543,0.344543437,0.023401205,13.89686941,2.928636747,0.486063981,0.063055357,28,7.059871252,2,4,11.16492745,56.735459,4.329854904,4.145431427
1702,13,8,11,205.3749601,6,20,0.456167305,0.120271219,0.589029118,8.963922095,52.67335725,0.577667,0.061384044,61,8.793361382,2,8,7.646623386,45.8896718,3.293246772,4.502849378
1708,13,3,12,,4,21,0.55556973,0.83529684,0.768580122,9.69126987,68.21278547,0.546898206,0.041508022,50,3.310491399,5,5,8.495149928,10.66430875,2.990299856,4.72089608
1709,13,4,12,,4,59,0.519206337,0.077163741,0.722425212,9.983413934,95.18864373,0.299353603,0.160833419,16,9.197236046,5,7,7.657452186,47.49915553,3.314904371,4.224624465
1711,13,6,12,123.4614295,2,33,0.429467794,0.383741475,0.412202507,11.0142298,97.65605985,0.353040724,0.171220703,28,,2,4,5.119016556,31.63244823,2.238033111,3.848824451
1714,13,9,12,296.0698543,8,27,0.548322,0.095345494,0.220714427,11.48007528,91.57939123,0.457950622,0.171703615,9,2.857449012,5,2,11.48893071,41.32231237,4.977861417,5.282553667
1716,13,11,12,98.37698158,5,48,,0.187579995,0.388195062,12.32489736,153.4796705,0.440571896,0.06257474,29,7.273168254,1,3,5.847165202,19.56345167,3.694330405,3.213331333
1718,14,2,1,3.053316765,5,46,0.470454603,0.386014114,0.112184,8.656479214,54.26775549,0.206875824,0.147995872,58,9.587727695,0,0,10.47582179,0.578616812,2.951643571,2.094742429
1719,14,3,1,99.68144188,3,25,0.540221514,0.179868321,0.505980319,13.7299988,85.75123886,0.238581667,0.073627297,70,2.635053281,1,1,6.627777109,54.8041117,5.255554219,3.434441633
1720,14,4,1,137.24048,3,62,0.487694147,0.672681568,0.166365592,11.46515373,80.38847995,0.617351595,0.173694855,67,7.656404714,2,4,6.925085403,2.058973426,3.850170806,3.383850186
1721,,5,1,238.6182229,2,39,0.569461152,0.001991922,0.85547919,12.30309033,33.1174502,,0.075392257,31,3.502076943,2,2,9.39060574,20.9933189,4.78121148,4.237669347
1722,14,6,1,215.1527829,5,29,0.487059822,0.535888419,0.89086119,11.62098929,112.3582828,0.618564363,0.013215284,25,,4,6,9.567216273,73.5828473,5.134432545,4.500291999
1723,14,7,1,96.12628001,8,36,0.501620425,0.151391191,0.619563932,13.76842865,4.882515527,0.59338344,0.134615142,10,2.311084418,0,3,11.09357147,10.97211816,4.187142941,2.885192344
1725,14,9,1,50.92824575,2,69,0.464310725,0.925825844,0.294823516,11.90249655,80.4243655,0.424528266,0.073992453,30,6.796942707,1,1,8.723609192,83.70220461,5.447218384,3.207037153
1726,14,10,1,297.9661849,5,65,0.422437371,0.703677803,0.567319204,9.718237294,159.8007488,0.253381063,0.168494918,10,9.267178699,2,2,9.065687386,55.01178321,,4.524813316
1727,14,11,1,296.7437515,4,25,0.502255213,0.019345711,0.469410784,8.683910712,38.3296227,0.304414399,0.059624625,68,5.680456022,2,11,9.491061507,3.64160623,2.982123013,5.007398202
1728,14,1,2,199.4752593,8,38,0.459766547,0.127544686,0.060403918,12.17913165,152.0323942,0.242645755,0.048627567,34,6.69196802,3,7,11.3217398,29.63103249,4.643479608,4.474755829
1730,14,3,2,234.2275611,8,32,0.448586633,0.33763863,0.632068565,11.65544913,68.61933849,0.370066252,0.165493569,67,,4,4,7.030805074,14.54483417,4.061610149,3.956191979
1731,14,4,2,53.75215656,7,35,0.458579066,0.084874626,0.410986807,10.82903371,152.7145758,0.311720973,0.191999629,54,3.304721961,0,2,7.571685395,27.09683292,3.14337079,3.507319834
1732,14,5,2,37.83951606,7,40,0.475153243,0.177505908,0.613311537,14.69617896,133.5322484,0.550682399,0.088668706,53,7.575812808,0,1,,102.7206079,7.440198839,3.916120965
1734,14,7,2,222.5356204,1,31,0.468404968,0.256319294,0.170030655,15.32209472,,0.550615779,0.151551067,6,9.816971734,2,8,10.95671929,42.48100251,5.913438582,4.603724042
1735,14,8,2,268.9674173,1,45,0.440872756,0.615012546,0.227420162,11.68978549,47.39725831,0.605626952,0.119952744,58,7.688005222,5,5,8.605436382,56.9199169,5.210872763,
1736,14,9,2,191.4671152,5,19,0.522900894,0.064066383,0.212966981,10.88974292,41.81693906,0.540636945,0.080034882,47,3.856140296,1,1,10.71652384,27.63291016,5.433047687,3.515295665
1737,14,10,2,291.2485191,5,21,0.498147,0.031895698,0.261862312,11.38005088,107.7789452,0.495776496,0.05335381,63,4.858073258,5,2,,20.7660137,4.866723203,3.925629841
1738,14,11,2,28.4174886,5,40,0.502136029,0.805056014,0.032554724,12.00035634,88.7793736,0.526355971,0.140792165,21,8.484185225,0,0,6.222420188,0.508636029,4.444840376,2.328979757
1741,14,3,3,262.5963139,1,26,0.444747033,0.626582715,0.667569931,12.36828008,112.7718163,0.479842822,0.048931143,30,2.627505569,5,5,10.53793338,33.88868644,7.075866756,3.746802439
1743,14,5,3,19.31162957,5,46,0.531300051,0.788965496,0.214450449,15.18431977,116.3681981,0.230933655,0.091047443,29,6.57955936,0,0,6.88017765,54.86937972,5.760355299,3.363142825
1744,14,6,3,178.633352,7,37,0.532143304,0.000334931,0.377331504,9.53118691,75.63343593,0.67526073,0.089277273,31,2.417219283,3,1,9.40621495,32.74702766,2.8124299,4.094965751
1745,14,7,3,253.5385394,2,27,0.453368566,0.016580636,0.75069089,12.71055534,189.6645379,0.366556459,,49,3.56981894,5,5,10.06141964,10.07925317,4.12283927,4.167914302
1746,14,8,3,55.47925131,2,29,0.571808641,0.253840751,0.167558236,14.05081682,77.16352228,0.608348406,0.151817683,25,4.669307589,1,1,7.361564901,49.73959274,6.723129802,3.300739236
1748,14,10,3,232.5710973,3,58,0.526891,0.899358129,0.163750782,13.61266512,156.6542731,0.374697819,0.044465881,42,8.377743102,2,6,10.11814729,46.11693149,6.236294583,4.443375795
1751,14,2,4,63.69800215,3,70,0.478688118,0.508464743,0.736632673,13.12009384,59.08184776,0.242239447,0.117921878,15,4.149282066,1,1,6.288941023,14.88129255,4.577882045,2.865980862
1753,14,4,4,127.7982417,3,51,0.444543742,0.007707426,0.367450543,15.15953963,62.90419517,0.651399381,0.181702925,47,2.330998363,2,3,11.97752202,49.2913484,7.955044038,3.116184892
1754,14,5,4,30.31412036,6,43,0.50624435,0.34393177,0.800357758,13.57461765,162.7872477,0.411970113,0.135667197,37,5.883932785,0,0,8.652565361,65.94458388,7.305130723,3.429024869
1757,14,8,4,165.7464615,2,68,0.450364162,0.837461383,0.61703222,12.4521262,28.85055185,0.492156607,0.165542522,35,7.261679389,1,4,9.473403444,74.09175527,4.946806889,4.293748712
1759,14,10,4,31.87272747,8,65,0.421020582,0.985459684,0.175492169,14.33190964,45.6229341,0.438587629,0.192550321,57,2.010497431,0,1,6.962172025,41.43373815,5.924344049,2.595434392
1760,14,11,4,73.0027281,2,35,0.520979563,0.041859926,0.070522881,14.71624802,173.3755513,0.59963851,0.113020966,27,3.78880529,1,2,10.62013779,80.86235013,5.240275578,3.56760294
1761,,1,5,211.9351073,2,42,0.459615413,0.50368288,0.423443578,12.49748363,117.468763,0.660014847,0.077029673,32,7.233765799,4,4,11.49860202,60.98871536,4.997204036,4.757137732
1762,14,2,5,96.56563217,2,18,0.46194605,0.101338227,0.484149691,9.602799783,195.7767207,0.550538683,0.17498355,63,6.702046913,1,1,9.001555435,6.949440438,4.00311087,3.407238726
1767,14,7,5,230.8850379,4,72,,0.398104764,,9.893918738,,0.301935661,0.182679527,47,9.025564482,2,4,6.163288188,15.62858336,4.326576376,4.344029884
1771,14,11,5,134.5896255,6,34,0.427344525,0.024509943,0.336080826,14.06234009,133.8905334,0.388497048,0.011522938,41,5.236757128,1,4,7.367966717,87.08708006,6.735933435,4.132341777
1773,14,2,6,237.5355146,6,34,0.541081554,0.144585691,0.778485747,14.28172555,130.143492,0.330925544,0.134372103,51,6.677695079,4,9,9.378736414,62.62150006,4.757472829,5.01061017
1777,14,6,6,96.62067329,8,70,0.432642235,0.566178255,0.567467875,10.87129529,78.11203282,0.45416033,0.082356402,66,5.522415964,0,3,7.706275163,48.066898,5.412550326,3.851340962
1780,14,9,6,251.1032383,8,24,0.57844083,0.00944553,0.894023595,14.38327853,51.2807391,0.607359355,0.023481335,43,3.48262682,5,2,7.435154737,41.33162389,4.870309475,4.923771854
1781,14,10,6,250.9509118,7,41,0.535472761,0.193950741,0.422289644,13.56957344,57.8166038,0.211229103,0.059337132,7,3.095706365,2,10,6.538651909,23.36888147,5.077303819,4.249594099
1782,14,11,6,237.1552875,3,62,0.514707606,0.489063463,0.742823258,13.62484936,102.1749086,0.315021348,0.160776715,56,2.565256134,4,7,,51.3714917,5.138721507,5.042836732
1786,14,4,7,275.0098811,7,62,0.541538077,0.000285742,0.718197,11.20241486,81.08990947,0.549896169,0.117901112,8,7.505058744,2,5,10.89023048,24.9418171,5.780460956,5.05967113
1790,14,8,7,284.2251257,8,68,0.445988316,0.505601797,0.561152153,13.1023186,10.01900467,0.24272313,0.190739924,57,2.252634941,2,2,9.834621445,19.1755981,5.66924289,4.612920345
1791,14,9,7,249.7039012,8,48,0.549052139,0.018167551,0.021362838,12.80871418,37.23960034,0.492036269,0.113847208,60,5.114269294,2,9,7.782618987,99.50348214,7.565237975,5.279932752
1793,14,11,7,,,58,0.540225148,0.041815029,0.46439561,10.73282607,104.1645841,0.393840798,0.070258936,59,5.261535932,2,9,7.629347817,57.32162168,5.258695635,5.326947286
1795,14,2,8,29.63440725,8,21,0.500049175,0.977936449,0.118776091,13.17064876,11.70708603,0.446301767,0.011667625,41,4.505840875,0,1,8.31702709,64.15574289,4.63405418,3.526872648
1796,14,3,8,248.2989382,4,40,0.420924527,0.210281155,0.693384522,13.16697485,68.95216842,0.634050339,0.131075246,14,7.405706466,4,2,11.87054158,44.96546502,5.741083164,5.042116946
1798,14,5,8,4.416889556,8,32,0.459208817,0.483435259,0.542391506,9.416280383,25.5159008,0.64344398,0.000330531,9,3.422308255,0,0,6.897933546,19.51031339,3.795867092,2.438081609
1799,14,6,8,12.73131108,8,32,0.467999169,0.011382745,0.745251128,10.64232959,83.02182853,0.390196231,0.070933075,17,5.892590801,0,0,6.02351644,54.45481937,4.047032879,3.791850847
1803,14,10,8,280.8314334,7,52,0.54480495,0.196403416,0.029130284,12.17297981,21.00723443,0.442307409,0.090825783,29,3.664721684,5,5,10.87387767,41.7022773,5.747755345,4.248899478
1807,14,3,9,185.1991318,1,40,0.429283591,0.032792474,0.362324269,14.60421883,183.9277795,0.483477819,0.096355516,37,6.252624311,1,7,11.66901046,43.44115127,7.338020925,3.474868216
1808,14,4,9,68.62901857,4,46,0.517376681,0.035783288,0.079187129,11.75558209,25.9676856,0.584065843,0.140623913,18,9.539823837,0,2,12.19754561,63.55566806,6.395091212,3.520225969
1811,14,7,9,14.93407335,3,50,0.424052542,0.550743257,0.457592462,10.16553896,79.49144125,0.361060957,0.130779889,9,9.746020912,0,0,9.314188312,25.03058473,4.628376625,3.037342192
1812,14,8,9,108.8824566,2,68,0.443852755,0.040372668,0.048504153,13.59240561,117.6868434,0.410475808,0.003618191,5,2.159256494,2,1,10.55133645,57.07305591,5.102672902,4.133576744
1813,14,9,9,121.8085983,7,34,0.46310533,0.564878642,0.494755671,9.800740375,113.9515791,0.419178507,0.145255948,37,3.694517996,1,1,7.111522431,0.405689533,4.223044862,3.441890534
1814,14,10,9,290.1184142,8,27,0.568033263,0.915460381,0.827367265,12.91022863,,0.536114016,0.0498125,20,4.717357651,5,11,7.727904797,22.01047736,5.455809594,3.496537852
1816,14,,10,207.428411,2,66,0.48347,0.106834027,0.73497438,14.20992056,198.2103973,0.272973229,0.008071809,39,7.630754446,2,4,12.00551142,72.1281055,8.011022847,3.859579974
1817,14,2,,6.444263162,6,62,0.491900241,0.610232849,0.250352218,12.76700716,132.2111303,0.643378137,0.097344651,42,4.330463083,0,0,8.537226197,46.01755825,3.074452395,3.734064291
1818,14,3,10,135.7434442,3,35,0.464371268,0.117984517,0.69855999,11.12155603,,0.600621665,0.142918685,25,2.296964881,1,4,9.845308908,13.24829741,5.690617816,2.846986058
1821,14,6,10,65.44145271,7,,0.567014932,0.177967451,0.267547584,15.51784882,134.7277235,0.341457584,0.129110557,31,3.361359453,1,0,12.62102712,83.71097192,7.24205424,3.230495669
1824,14,9,10,38.69232334,8,44,0.47563057,0.065115697,0.752986662,12.22027268,39.41781613,0.624440284,0.116331142,64,8.444282347,0,0,8.900151491,13.80009306,5.800302983,2.594964801
1825,14,10,10,299.4162898,5,52,0.487585698,0.077454498,0.55394525,11.40458038,128.6476109,0.581571337,0.054021534,30,7.525206388,5,11,9.446989098,53.55469694,4.893978196,5.011844322
1827,14,1,11,135.2791749,4,62,0.444817424,0.329083025,0.367428283,11.31638613,101.5618198,0.622616404,0.081221452,57,3.862217264,1,4,7.842436741,5.487512482,3.684873481,2.937954128
1829,14,3,11,174.4862826,8,71,0.425875214,0.00374081,0.784854558,10.80483389,142.1113485,0.619855637,0.185503175,70,6.392825442,3,5,8.113796608,0.9814814,4.227593216,3.335533232
1832,14,6,11,104.4891228,5,66,0.556324396,0.971156319,0.53166325,10.59923989,181.1704602,0.256939157,0.028704965,71,3.049751705,2,1,5.999577715,0.625695204,3.99915543,3.01057033
1834,14,8,11,58.39035278,2,33,0.427455199,0.075510587,0.151537705,12.17888908,150.5279223,0.593731394,0.176252805,26,4.930967438,0,1,7.877160598,78.51387981,5.754321196,3.403402784
1835,14,9,11,161.5634972,4,19,0.522322066,0.075345851,0.51209524,10.50188708,17.7801463,0.380857594,0.112252049,35,4.628553529,1,4,10.50104838,52.77851047,5.002096754,4.127545897
1836,14,10,11,56.75524089,3,28,0.523594019,0.781373145,0.021086596,9.471112997,163.39052,0.490625529,0.071760846,17,9.689674556,1,1,9.928396109,7.7644058,3.856792219,2.591013492
1838,14,1,12,37.5271672,5,53,0.51878412,0.087082224,0.115677077,13.60061012,45.03971862,0.411222441,0.119215384,19,5.600850816,0,1,11.00033895,55.82536872,4.000677908,3.179647696
1841,14,4,12,69.82548547,3,46,0.479040222,0.023991516,0.853975378,13.57985593,186.4999693,0.310403857,0.153546715,12,9.353867976,1,1,7.544364406,28.90447693,5.088728813,2.906140956
1842,14,5,12,140.4284186,4,23,0.421336126,0.208234857,0.496870722,9.982453211,182.972336,0.537724328,0.028588658,50,7.361940263,2,2,10.21247401,9.852147293,4.424948012,3.336324695
1844,14,7,12,176.6696042,6,49,0.51299381,0.005473176,0.814720845,8.472420932,28.77174415,0.669737878,0.12633923,50,4.739622605,1,1,8.373567184,35.85247338,2.747134369,3.499372173
1845,14,8,12,183.8452345,3,30,0.489215664,0.007617852,0.257796097,7.875554334,110.5413729,,0.128371306,19,8.319842339,3,1,8.04197463,11.10958997,2.08394926,3.627644156
1846,14,9,12,203.8522342,5,65,0.459924496,0.974215044,0.319978487,10.401049,5.25223174,0.606008851,0.174712496,71,8.521094465,2,8,8.889471667,25.91419876,3.778943335,3.924296267
1847,14,10,12,214.7492527,4,68,0.491026848,0.040032708,0.239730141,13.51685105,172.491795,0.265366735,0.154162797,19,2.356046651,2,8,8.953806139,0.211115278,3.907612277,3.73686192
1848,14,11,12,71.2610961,2,44,0.499723609,0.220459617,0.618059712,10.98762877,130.3972745,0.262487515,0.194237525,53,9.791761345,0,1,5.104238204,43.09159102,2.208476408,4.094946155
1849,15,1,1,109.952168,4,41,0.499023895,4.28e-05,0.352235498,8.029182267,107.2361103,0.229733,0.191097129,46,8.00768658,2,2,5.127323482,3.672696415,2.254646964,3.595891716
1850,15,2,1,242.1098095,6,26,0.475340925,0.068144313,0.485042655,12.11017001,145.3183712,0.520642047,0.041180774,53,5.561201744,2,2,8.283427783,63.84266718,4.566855566,4.378052813
1852,15,4,1,167.6182192,7,33,0.530459664,0.048114177,0.737769447,9.22556709,2.722490616,0.312153853,0.167836935,20,8.76381776,1,1,8.791981717,31.61102187,3.583963433,3.87083868
1854,15,6,1,221.3303688,8,26,0.530383019,0.684744,0.726726287,11.62778278,31.97848532,0.657655058,0.146229063,55,8.006077106,2,2,10.01543488,37.67252197,4.030869753,4.260821054
1859,15,11,1,125.0279138,6,53,0.499483874,0.642774459,0.375661537,10.48583478,114.5857904,0.430151946,0.128647156,54,6.549055572,1,2,10.38101932,15.97721832,2.762038643,3.376231658
1860,15,1,2,284.9006351,2,61,0.485122232,0.083574177,0.456051912,13.20798366,132.3303517,0.278935317,0.186798788,60,7.624094531,5,5,10.78221314,38.07620445,3.564426285,4.18583988
1861,15,2,2,7.759893189,6,46,0.537531169,0.263628951,0.094027775,8.916841078,29.98370412,0.3626928,0.141916582,43,7.583347017,0,0,7.620467266,32.48092875,3.240934531,3.30124174
1864,15,5,2,238.777886,6,48,0.433024709,0.000426185,0.068920787,9.766266825,186.651748,0.655860528,0.07279345,46,4.170499884,2,4,8.536814903,1.430356637,3.073629805,4.090230087
1865,15,6,2,9.486267672,6,71,0.529974571,0.027617655,0.592472206,11.80382298,124.6442739,0.56959928,0.183101704,5,7.153052555,0,0,,29.33112408,3.115358871,3.011540587
1866,15,7,2,298.8582504,7,35,0.483354968,0.0326787,0.327702148,9.124198168,127.3793481,0.325219369,0.168322536,39,8.801828974,2,8,5.735665649,23.68576583,3.471331298,4.996150137
1868,15,9,2,205.6062152,4,20,0.499288715,0.933942429,0.041364282,15.09729817,156.2387034,0.23505218,,9,8.708641119,2,2,8.831832318,34.49059037,5.663664637,3.781244241
1869,15,10,2,59.03803275,6,37,0.465715573,0.066352709,0.089352287,12.76958181,125.8771073,0.418314959,0.184273717,11,3.884901908,1,0,6.53865656,43.69686576,3.07731312,3.923404709
1870,15,11,2,196.1879357,6,45,0.561641226,0.079583928,0.436336496,12.33223992,104.1352722,0.544505111,0.127125522,31,5.611014045,1,5,11.40679995,35.98857614,4.813599906,3.659878211
1872,15,2,3,25.71113287,5,54,0.473770667,0.885954738,0.154286715,10.05943612,185.4118143,0.257029357,0.039625775,23,4.570551063,0,1,7.699686733,49.17754389,3.399373467,3.888782216
1873,15,3,3,164.3839391,3,36,0.568945919,0.335796051,0.341713608,12.00395995,49.28932826,0.247653528,0.106875464,41,8.196494358,3,,9.224422194,29.58919985,4.448844387,3.937904384
1874,15,4,3,262.0442667,8,45,0.46070300000000003,0.421468135,0.665733824,11.61130545,141.2067277,0.647123897,0.110102599,41,8.793019449,5,10,9.006280808,45.466551,4.012561616,4.96061975
1876,15,6,3,145.2373448,3,21,0.570952395,0.735420665,0.276414474,9.275741905,141.5759714,0.431442664,0.151949007,42,5.659941553,2,4,5.264301058,33.49843464,2.528602117,4.063894185
1877,15,7,3,95.03874157,8,39,0.460707294,0.016297219,0.606068706,13.43749546,21.99025419,0.56588542,0.032586301,20,6.758053428,0,1,9.909719703,27.97779917,3.819439405,
1878,15,8,3,16.18586982,3,57,0.577541237,0.055248921,0.052316681,14.24141967,82.42296186,0.38965784,0.117879321,41,3.93448223,0,0,10.35634426,37.71439742,4.71268852,3.077661981
1880,15,10,3,111.8377117,1,60,0.505204349,0.129678838,0.16744006,10.9912105,40.93331826,0.410796105,0.085138909,18,7.24089146,1,2,9.106228055,19.05730207,2.212456111,3.441530838
1881,15,11,3,88.30029912,6,33,,0.034295305,0.456794684,11.25547293,196.2976009,0.56038311,0.144539968,14,8.59047955,1,3,5.253040517,34.92649712,2.506081033,4.24800755
1887,15,6,4,75.1683532,2,65,0.458543146,0.743431668,0.480217503,11.57770307,194.9987306,0.579215691,0.090344169,14,6.152976162,1,2,6.987612815,57.24300501,3.975225629,3.697418099
1889,15,8,4,275.7434523,2,60,0.493067543,0.466931,0.361005141,10.96312854,156.8745508,0.346970426,0.180326641,30,7.198823469,2,2,7.646182522,28.59910827,3.292365044,4.789107327
1890,,9,4,83.52932726,7,35,0.478135927,0.256616889,0.068884601,11.66798289,38.41805144,0.230424278,0.110929208,64,4.70907574,1,0,8.482212714,15.36539203,2.964425428,3.767379038
1891,15,10,4,97.30152083,8,18,,0.205191559,0.065297018,15.95220372,127.1530308,0.286204207,0.184951565,39,9.670812995,0,1,12.30677985,87.06130687,,3.709244584
1893,15,1,5,159.5092755,5,52,0.543817331,0.900824084,0.219798588,11.18240585,32.78186592,0.409215444,0.070999009,7,8.336211998,1,4,8.768003248,39.41158082,3.536006496,4.725799455
1894,15,2,5,46.42400349,1,69,0.5136999999999999,,0.698601233,11.89581242,77.59308492,0.378885858,0.081020116,44,3.432448895,0,1,7.719895787,40.36107337,5.439791574,3.336791077
1895,15,3,5,76.57227667,2,30,0.567613626,0.999478227,0.601279958,11.24588466,29.32816084,0.474918479,0.00108325,7,4.33729609,0,2,9.358824813,61.17407792,4.717649627,4.387879974
1898,15,6,5,199.0275013,1,36,0.54324819,0.018736801,0.775813348,12.16258394,109.2669909,0.515602787,0.186390875,41,4.485427214,3,7,10.31254663,51.27274407,4.625093268,4.452980144
1899,15,7,5,51.10360408,4,35,0.493484737,0.26201127,0.792133418,13.42334897,18.47009645,0.354583131,0.038144512,14,3.396253451,1,1,7.012971648,54.80166466,6.025943295,3.561162104
1902,15,10,5,118.4989609,8,26,0.546947323,0.634085514,0.207411601,10.66662931,17.32857102,0.536580558,0.148039291,20,7.946312288,2,2,11.03701628,64.57461722,4.074032563,4.584927117
1903,15,11,,3.374927857,2,46,,0.017841785,0.659304142,10.43386633,72.45399574,0.560188576,0.088272271,71,6.056481369,0,0,8.352147963,30.14553082,2.704295926,2.927211488
1907,15,4,6,166.2844205,3,56,0.427245815,0.778169998,0.542874642,11.63276533,57.37121019,0.533682665,0.144837586,5,9.149255148,3,4,8.573758516,48.08592374,5.147517031,4.486107722
1909,15,6,6,120.9148126,6,34,0.468650957,0.111118739,0.756831326,13.30617594,51.78392495,0.403969913,0.129386106,36,5.532784832,1,1,8.836764409,19.07347116,3.673528817,3.983857979
1912,15,9,6,163.1821906,1,28,0.530643683,0.127578036,0.444382564,9.921939289,141.2430989,0.360343127,0.070777445,57,2.805773966,3,1,11.17885516,4.642021272,,4.388704576
1913,15,10,6,218.5359155,5,61,0.468781339,0.955080107,0.221137967,13.78562648,49.83960676,0.378549705,0.029519285,41,4.437293724,2,4,9.214236934,22.98258133,6.428473868,4.044880511
1914,15,11,6,111.1020047,7,28,0.484450019,0.053579533,0.389171594,8.378250635,197.2351745,0.336358527,0.015607433,8,2.528704347,1,3,9.321250353,10.4026729,2.642500705,4.158181832
1916,15,2,7,248.0859986,2,72,0.574982798,0.22710102,0.298690451,11.09400904,32.25653366,0.276228278,0.165359085,60,4.194751423,4,7,9.718893909,29.47957185,3.437787819,4.718501758
1918,15,4,7,27.6467972,8,55,0.471143454,0.068883767,0.32360245,13.83014183,93.31145811,0.375692128,0.161197909,66,9.704080998,0,0,10.12785657,38.68882474,4.255713146,3.804223986
1919,15,5,7,137.5984887,2,62,0.475785411,0.704776535,0.790693429,12.62806247,167.8604809,0.618052405,0.155225832,22,8.615943761,1,5,7.571145814,65.81505885,5.142291628,4.171663281
1922,15,8,7,173.5431378,8,55,0.554808977,0.304844531,0.274599297,9.98297947,128.7466473,0.352330054,0.047463811,69,7.42630007,1,5,7.101655261,14.32601979,2.203310522,4.600311436
1923,15,9,7,186.9911222,6,51,0.524074444,0.150222969,0.120377221,11.38810524,104.4228471,0.541512938,0.075115132,64,3.182276617,1,7,9.437836243,31.43357916,4.875672487,4.527294199
1926,15,1,8,101.7864851,5,31,0.50299169,0.916410121,0.415090437,12.54210978,159.1285641,0.653971279,0.097351371,34,7.438002485,2,4,6.967838764,55.11152382,3.935677528,4.085826026
1929,15,4,8,137.1467632,6,55,0.461092776,0.234085658,0.717489712,12.03380341,189.7035676,0.261758078,0.176606715,21,4.413307718,2,4,10.2410019,0.441964256,4.482003792,3.30783202
1931,,6,8,115.9614625,4,33,0.49257186,0.755178145,0.771603745,9.668348758,122.4661601,0.539757749,0.193669727,23,9.344779404,1,4,6.926860421,,1.853720842,4.291839907
1935,15,10,8,29.06562996,5,32,0.429583666,0.529408192,0.712780275,12.66263751,159.5503915,0.251587334,0.126051126,31,9.128771705,0,0,8.479243062,3.757040652,2.958486124,3.239192031
1940,15,4,9,215.9261367,1,29,0.560741457,0.073056406,0.666723959,9.823105991,40.27051844,0.5713882,0.060651322,8,5.885322237,4,8,11.12394777,1.623824238,4.247895545,3.941925516
1942,15,6,9,248.5560946,5,61,0.560284903,0.564242772,0.400525584,12.20477304,,0.334719819,0.000186126,14,9.221358531,2,2,9.780429469,48.71566407,3.560858939,4.641166123
1943,15,7,9,26.13754509,4,50,0.571081565,0.424562444,0.87683828,11.50502964,55.57418771,0.455798785,0.079630415,54,,0,0,9.058349801,20.75909708,6.116699601,2.108717624
1947,15,11,9,166.8510528,3,47,0.564489795,0.14055462,0.248425445,10.31167384,149.301461,0.395142935,0.016918014,25,3.559935765,1,1,8.284263243,12.10351778,2.568526486,4.020125459
1949,15,2,10,289.5514371,6,57,0.493625312,1.9e-05,,,27.70219892,0.333633018,0.003301963,25,7.274346611,5,11,6.708277339,22.06280219,5.416554678,4.211131806
1954,15,7,10,236.1914147,4,22,0.478297589,0.248799617,0.65398661,10.71438826,54.46630117,0.41063043,0.054575006,53,5.411681414,2,7,6.063549035,1.682796529,4.127098069,3.896034754
1955,15,8,10,120.9640255,3,30,0.54596227,0.487832497,0.050945894,10.91417176,38.10451732,0.611640688,0.134169363,57,6.209597443,2,2,5.618984312,35.51739176,3.237968625,3.602195568
1958,15,11,10,23.9946989,7,18,0.461439746,0.036107993,0.09056317,12.14716736,181.8011827,0.496236368,0.144868399,32,2.598571944,0,0,7.303981868,71.28782903,4.607963737,3.937601092
1961,,3,11,136.011158,5,55,0.421266896,0.011601232,0.536336001,12.26383504,191.1313743,0.67432842,0.004525032,15,3.336323998,1,2,,,2.515372264,3.9306889
1964,15,6,11,237.7648849,8,48,0.578733721,0.091730153,0.312483237,10.69973644,130.2648907,0.575914036,0.013262419,39,9.786649096,2,9,9.94429802,46.18192906,1.88859604,4.813951167
1965,15,7,11,207.0313859,6,71,0.502327723,9.61e-06,0.198704152,10.60095782,173.8070049,0.597252422,0.162081731,27,4.171793867,4,8,10.44497657,40.09551906,2.889953134,4.384900651
1973,15,4,12,290.4592833,6,33,0.458141084,0.36905173,0.656169792,10.05931852,163.6756801,0.226247836,0.15694614,13,4.425659634,2,11,5.699621403,41.54202129,3.399242805,4.732524569
1974,15,5,12,77.04378862,4,57,0.565919167,0.435645043,0.374783903,10.10598229,57.75807263,0.650186184,0.040390263,34,7.389708073,1,1,10.16999016,5.496326719,2.339980317,2.932476312
1975,15,6,12,144.6717299,8,68,0.47833481,0.022501744,0.611744859,11.5118781,141.2258313,0.432383172,0.13879151,24,6.362476454,2,1,10.95104339,1.214762368,3.902086782,3.571736399
1976,15,7,12,122.6739519,2,37,0.475402804,0.726881802,0.852677184,12.69566574,105.6350288,0.617804161,0.027767506,69,3.193958632,2,4,11.05314763,1.789308783,4.106295263,2.963169275
1978,15,9,12,266.4529249,4,37,0.547727856,0.198454653,0.297275,8.547356583,,0.570065659,0.01356203,43,2.451300641,5,5,7.415198102,1.647964814,2.830396204,3.685186412
1979,,10,12,154.5855861,4,20,0.457941973,0.18386682,0.84708747,13.49533813,160.556062,0.655025865,0.159783857,54,9.134783367,3,6,10.94185452,60.68564087,3.883709032,4.376538749
1980,15,11,12,106.6848961,7,37,0.523296048,0.001041011,0.44424705,12.54102636,133.5692237,0.324995751,0.022503471,36,5.176749975,1,3,6.967236868,49.48766203,3.934473736,3.767169104
1981,16,1,1,155.1798058,3,59,0.509785044,0.407940396,0.031385107,12.83733861,104.6016573,0.612524584,0.120629421,50,7.461886073,3,6,10.57629923,14.14342235,3.152598457,3.528449752
1982,16,2,1,97.0389232,8,52,0.444105696,0.223010472,0.67749816,13.74841944,105.4115072,0.547772155,0.049258946,9,6.850949546,0,1,11.08245524,8.411791405,4.164910484,3.161961789
1983,16,3,1,217.063126,8,65,0.427611066,0.223911171,0.559056,14.62848569,130.467043,0.452787387,0.199205315,51,8.488770163,2,8,10.57138094,50.7914614,5.142761874,4.159103315
1984,16,4,1,60.86656786,8,41,0.459219191,0.446636339,0.823512073,11.0960762,184.5263885,0.572064437,0.023551191,52,6.932987545,1,1,10.16448678,27.84841338,2.328973555,4.159559882
1986,16,6,1,60.99143664,1,19,0.568867727,0.698320718,0.799075313,12.67416402,191.9613222,0.26760443,0.199068258,40,2.503978789,1,1,6.485646677,19.87383551,2.971293353,3.5141218
1988,16,8,1,201.0509425,2,21,0.471755326,0.714916901,0.761021686,10.59944928,196.703193,0.463309065,0.035837721,33,7.42623991,4,2,8.555249601,57.09548223,5.110499201,4.6148588
1989,16,9,1,,1,50,0.468612304,0.670590227,0.310592838,9.040570923,45.84595006,0.325624544,0.182454153,28,8.290771993,5,2,10.13365051,2.124342098,2.267301026,3.914584689
1990,16,10,1,124.6241913,3,56,0.468529441,0.00473391,0.040125705,,43.95805017,0.259415238,0.015914437,37,9.999708044,1,2,11.50652236,14.94138307,5.013044722,3.198120105
1993,16,2,2,271.0754375,8,47,0.486001806,0.69879657,0.134529149,12.67718614,11.39092228,0.481375732,0.085015149,21,6.516626826,2,10,7.153992299,35.54770559,6.307984599,4.87791723
1995,16,4,2,20.99222305,3,19,0.424945278,0.237195694,0.482131584,14.6368924,75.88227758,0.416102867,0.141396322,53,6.988472846,0,0,9.576051333,49.5912589,5.152102666,3.586027506
1996,16,5,2,278.0286385,2,39,0.575342043,0.800235987,0.693738469,13.9306299,52.55490283,0.305059245,0.162782823,38,4.594013308,,2,7.183683276,48.54520754,4.367366552,5.231622432
1997,16,6,2,121.9592946,2,34,0.503488022,0.293560667,0.44393239,12.09673917,135.8374104,0.63001636,0.021841228,7,7.262273324,1,2,7.83152176,76.93570154,5.663043519,4.340944752
1998,,7,2,86.66451503,8,26,0.470629042,0.093608762,0.482882298,,57.68975813,0.510469663,0.109201291,17,5.059803505,0,1,10.69231915,11.95563426,5.384638292,3.028984365
1999,16,8,2,225.4054281,7,25,0.481400755,0.384220717,0.795945316,13.04213406,160.4599247,0.333628322,0.037245398,67,6.741842961,4,4,9.801185591,32.31264195,5.602371181,4.267507902
2002,16,11,2,5.164487592,4,39,0.487717855,0.199816625,0.157106014,13.97150729,121.6784362,0.368731429,0.00831969,54,5.613467901,0,0,10.31750405,84.18314439,6.635008103,3.139986984
2003,16,1,3,102.5753113,4,41,0.492665367,0.046442301,,14.12680276,53.38889392,0.574536479,0.02915515,13,4.134197951,1,3,6.848223755,89.22145165,5.696447509,3.660902345
2004,16,2,3,111.1713816,1,24,0.546964682,0.379079669,0.505667,14.16709211,10.58872358,0.644987,0.11915989,7,6.156026477,1,1,7.870606726,47.24208842,5.741213452,4.045761123
2005,16,3,3,97.8132068,3,70,0.463448114,0.351519335,0.426182066,8.564576889,98.30800334,0.237590293,0.051753096,41,7.274106114,0,1,7.424764938,0.248567551,2.849529877,3.407757503
2007,16,5,3,264.8547053,7,59,0.439789055,0.671628622,0.542626104,13.49836312,36.20461923,0.58065267,0.132575395,50,5.738342555,2,5,9.499090622,13.06536926,4.998181244,4.304334756
2008,16,6,3,285.5520997,7,37,0.550266949,0.133859498,0.711345038,11.18074139,35.69448498,0.607624043,0.016164014,20,4.499450896,2,5,11.87818966,53.98581497,5.756379321,4.879859873
2011,16,9,3,43.36942463,5,21,0.575215395,0.53263009,0.585571421,14.54302449,193.6300209,0.648465927,0.151511998,24,7.470761607,0,1,6.523902494,22.21832983,5.047804987,3.13993194
2012,16,10,3,285.0504545,1,67,0.442698947,0.666111171,0.420640067,13.58647948,140.2585234,0.509732,0.081089088,22,2.271632769,5,8,8.548044156,,5.096088311,3.771103631
2013,16,11,3,211.8744694,3,36,0.533339739,0.625316027,0.642658102,13.37503718,192.3283574,0.450816169,0.108190115,24,6.614309389,2,6,9.875020653,17.45302525,3.750041306,3.579293354
2014,16,1,4,80.13550448,8,35,0.524844993,0.114211473,0.485299518,13.67721098,47.73488033,0.207544063,0.015585493,66,7.530823078,0,3,6.598450542,24.81755994,5.196901083,3.25817859
2016,16,3,4,259.6990038,,34,0.458744902,0.329578157,0.856573022,11.65971666,12.67769806,0.529465452,0.072323721,50,4.245698412,2,5,6.588731475,53.40497752,,4.488439771
2019,16,6,4,36.52020878,8,69,0.443300228,0.165712628,,12.55656554,1.075330516,0.337155766,0.160445932,7,6.033031052,0,0,8.086980858,39.88324343,6.173961716,2.428063744
2020,16,7,4,49.04188962,5,21,0.491215968,0.580348707,0.181662534,15.82312092,123.9052829,0.545134196,0.05446686,39,4.842122533,0,0,7.23506718,96.92340877,6.47013436,3.931088292
2021,16,8,4,146.0014703,5,72,0.458048276,0.06413039999999999,0.75764457,9.255573698,137.548721,0.662689885,0.076790323,60,9.607141611,2,2,10.80865205,37.00685915,3.617304109,4.067253373
2022,16,9,4,192.4205035,4,68,0.528984876,,0.88257342,10.3851533,16.07080314,0.582721148,0.196438732,28,6.521407314,3,1,,7.027642099,3.761281447,
2023,16,10,4,196.8536579,6,72,0.565890806,0.020619029,0.186583409,10.04827455,10.10905137,0.418149761,0.144956466,67,3.690675894,3,5,9.582374749,12.32922196,1.164749498,4.354653197
2029,16,5,5,56.04378844,7,61,0.564907322,0.041246363,0.635060496,12.45837636,56.90290409,0.412584852,0.114816089,27,6.553070537,0,1,9.365764645,36.51270927,2.731529291,3.360943489
2030,16,6,5,195.0263752,1,23,0.427755085,0.299596353,0.050046559,11.0608417,33.53878037,0.571989982,0.072611968,39,4.21880668,1,5,,23.45169775,4.512046328,4.275407911
2031,16,7,5,53.71963094,6,25,0.436129057,0.001880879,0.623860223,11.5018173,28.9924411,0.22855825,0.08963868,51,8.313305805,0,0,,,6.113130334,3.808000704
2033,16,9,5,231.0675288,8,55,0.510553585,0.408978062,0.30606455,13.68504617,79.24251092,0.377703871,0.185255662,41,7.25027793,4,4,,32.32649068,4.094495741,4.599698093
2034,16,10,5,258.4892175,3,39,0.527132419,0.043728705,0.426022746,10.48086639,79.6121032,0.554981232,0.185318047,52,5.369007486,2,7,5.378259104,16.2311968,2.756518208,5.555946869
2035,16,11,5,287.0545465,5,66,0.512474197,0.856029089,0.839980943,13.02126259,4.230026274,0.606614496,0.088415726,28,4.41063438,5,2,8.789590328,65.40089081,5.579180655,4.991486918
2036,16,1,6,155.4655337,8,66,0.427472358,0.545425075,0.673128422,10.96366221,63.05509258,0.267595619,0.131274963,64,8.436848733,1,4,6.202034559,36.87342403,4.404069119,4.216105669
2038,16,3,6,21.05370022,4,41,0.556584764,0.180703158,0.010198100000000002,13.8126465,143.2632003,0.44441677,0.082781247,66,9.272635192,0,0,8.673692498,31.96641804,5.347384997,2.953041368
2040,16,5,6,234.3148749,1,22,0.576455466,0.010846401,0.754263512,11.25363223,142.1484841,0.535584752,0.04387861,44,5.399010729,2,2,6.363129014,72.99263511,4.726258028,5.961906032
2043,16,8,6,43.88976716,3,48,0.521105714,0.194937604,0.60422,12.29161537,82.4185092,0.509031282,0.020832711,22,,0,0,10.38423076,2.444632584,4.768461522,2.792631421
2046,16,11,6,91.52375668,5,23,0.439613659,0.055599587,0.050656785,13.1938513,99.92619614,0.642532698,0.151469501,34,3.613501026,,1,10.32991739,2.560112597,4.659834773,3.375711483
2048,16,2,7,,5,56,0.473960442,0.61198046,0.527166599,12.03260958,99.97701723,0.427070704,0.008050525,10,2.256341458,1,0,8.240338654,29.93873003,4.480677308,3.460129637
2049,16,3,7,239.7732671,3,69,0.526829286,0.271652131,0.114328045,12.50133736,89.61981612,0.584698231,0.186173735,28,9.171877151,4,9,8.500742975,36.43760325,5.00148595,4.968955625
2053,16,7,7,98.78618204,8,43,0.498458119,0.792822361,0.5673020000000001,15.69233563,105.6036627,0.317407392,0.159866213,37,5.086002986,0,0,8.162408685,72.46717596,6.324817371,3.97149639
2054,16,8,7,14.7796147,3,71,0.488657777,0.727976086,0.683154633,12.36031649,174.6258462,0.642506879,0.152693476,56,2.574013166,0,0,6.977953605,79.11888185,5.955907209,3.746942389
2057,16,11,7,125.8824977,2,66,0.461668522,0.688672669,0.222231812,14.62083087,77.06520807,0.603334491,0.137977813,62,4.402392443,1,2,10.12268382,25.86606219,6.245367631,3.558335813
2059,16,2,8,158.2624611,5,53,0.527550732,0.03623047,0.506055495,13.7537818,35.08542115,0.512863169,0.002391504,7,9.961529094,1,6,7.640989889,20.38210003,5.281979778,3.234175801
2060,16,3,8,143.085964,3,34,0.515876306,,,12.89751754,34.15875852,,0.095494331,8,7.906525799,1,1,5.609731969,1.95595053,3.219463937,3.742681452
2062,16,5,8,87.4212669,8,42,0.537021,0.688236995,0.501175438,14.0317564,64.15109437,0.590562919,0.153365895,54,5.591288053,0,1,6.239864667,69.87127194,4.479729333,4.251139244
2063,16,6,8,65.5522984,7,61,0.539356015,0.276161,0.694811693,13.9392418,37.36051151,0.270362245,0.119841932,48,8.726963672,0,1,10.74402322,41.59946017,5.488046443,2.627589734
2064,16,7,8,230.9290577,1,50,0.548776928,0.010964901,0.505269942,9.528408957,80.5636243,0.562510165,0.094695659,54,7.926201201,2,2,8.960227198,28.51825053,3.920454396,4.480117109
2066,16,9,8,86.89678321,6,59,0.52865271,0.047172559,0.466028975,12.12529448,49.69660464,0.331625634,0.135026783,24,7.593034978,1,3,11.84738582,21.94742423,5.694771643,3.314550159
2069,16,1,9,2.1910724,5,41,0.496594396,0.073667264,,11.20707042,111.316637,0.545742584,0.028574324,37,7.238184208,0,0,5.781705786,30.34825896,3.563411572,3.120540161
2070,16,2,9,88.14548459,7,36,0.438455474,0.346040497,0.74259813,10.65934948,187.7494161,0.62048167,0.120115578,39,2.925428397,1,0,8.588527491,11.05510085,5.177054983,3.200046381
2071,16,3,9,250.130442,6,23,0.548305428,0.256693595,0.888575296,12.85781516,26.91820537,0.603435488,0.054269811,53,6.261588538,2,5,5.58767509,36.34685967,3.175350181,4.794472043
2072,16,4,9,251.4022838,6,60,0.440089841,0.158475326,0.138597889,11.71917418,153.0150043,0.231665528,0.158707192,31,7.758841482,5,2,10.06620788,16.37263003,4.132415751,4.065338023
2074,16,6,9,292.0448814,6,51,0.517559397,0.030925306,0.418872899,14.76724375,92.38589491,,0.069670903,7,6.029279733,2,8,12.2040243,42.72024862,6.408048608,4.536061166
2076,16,8,9,9.75464264,5,40,0.540148156,0.850597647,0.744512707,11.36395143,94.795417,0.437662689,0.103946657,39,7.637236944,0,0,6.424417463,64.16982788,4.848834925,3.553621814
2077,16,9,9,79.51510744,8,65,0.431155505,0.014042253,0.336458296,11.75410109,48.98155615,0.560559599,0.150455844,50,9.645656898,1,1,11.64116727,64.31792846,5.282334548,3.241442565
2078,16,10,9,221.1665077,2,21,0.497475737,0.5423457,0.568362615,10.03872987,93.44109671,0.617093943,0.183291176,33,7.009969889,2,,11.24373882,58.37468664,4.48747763,4.440636635
2080,16,1,10,126.6336829,1,31,0.543871479,0.701101902,0.233845585,14.16745566,96.90312169,0.455289871,0.128722087,47,9.781608543,1,1,9.315253147,10.79617197,4.630506294,3.108989767
2082,16,3,10,166.4874831,2,27,0.42475999999999997,0.117087236,0.61511311,13.91775312,84.85069732,0.566788537,0.041395375,41,2.919173124,3,6,6.732085067,42.73646059,5.464170133,3.834808619
2083,16,4,10,122.2749947,1,66,0.434855154,0.42244592,0.081404647,12.53755044,41.28785361,,0.043465322,54,6.800648519,2,4,10.52086136,12.532963,5.041722714,2.443284852
2085,16,6,10,163.5428383,4,46,0.461213215,0.36818115,0.357206139,12.58070354,103.9591358,0.407834342,0.137135113,33,9.560420909,1,,11.10039086,41.39122839,6.200781714,3.734422734
2086,16,7,10,11.97093671,6,23,0.573307405,0.682990853,0.365542316,12.6770645,150.0524604,0.492182277,0.154510173,71,7.324094431,0,0,8.153924723,67.6335481,6.307849446,3.057307503
2089,16,,10,,6,49,0.543671321,0.048656673,0.607934861,13.96677609,197.9046911,0.219795084,0.117135727,25,6.870540424,1,2,6.759320052,8.416311632,5.518640103,3.47255619
2090,16,11,10,88.22752262,2,43,0.542642286,0.426913581,0.73704234,11.27401921,181.0035485,0.263123275,0.026595818,25,8.384832297,1,0,10.93001067,85.92223315,5.860021343,3.727769566
2092,16,2,11,239.3782612,3,40,0.488537388,0.143266821,0.732582688,9.431869028,132.6421229,0.340454363,0.071633669,50,7.567690585,2,7,8.906593904,27.99294035,3.813187809,4.316970197
2093,16,3,11,116.7991385,8,50,0.450999152,0.120552983,0.288711537,12.39706535,181.0064517,0.364089606,0.142437179,38,7.345654275,1,1,11.44281408,10.05975631,4.885628163,3.418575159
2095,16,5,11,212.8352643,3,60,0.571975471,0.181555978,0.336560439,10.77611328,69.50599852,0.237866337,0.038159581,54,6.604043013,2,4,9.542285157,5.84580855,3.084570313,3.556252914
2096,16,6,,39.04643584,4,29,0.444608583,0.339018637,,11.12358037,74.47765264,0.246509959,0.082590425,27,7.844593294,0,1,,47.13852265,3.470644851,3.289176503
2099,16,,11,283.9550828,3,20,0.431117908,0.010257949,0.49767645,12.25235834,19.81529865,0.257684138,0.195939501,24,6.476927884,5,5,11.3624213,74.39142693,4.724842597,5.192164604
2100,16,10,11,131.1653445,8,28,0.523912324,0.054102298,0.78136237,13.98327871,64.21666629,0.308520123,0.116635903,,2.441070334,2,3,11.76848817,76.43688879,5.536976345,4.44110791
2104,16,3,12,267.4027855,4,71,0.423000805,0.75049338,0.184592505,11.84953933,62.79799791,0.521226669,0.056715756,37,4.672907886,2,2,7.583077406,50.36178659,3.166154811,5.106358006
2105,16,4,12,33.87684881,1,65,0.511697854,0.447821593,0.466714151,13.60041873,187.7115579,0.225452467,0.013513983,,3.718167924,0,1,11.00023263,5.140227295,4.000465257,2.577417233
2108,16,7,12,94.69909766,5,40,0.47766039,0.081696496,0.228112861,10.31565718,132.5081454,0.390376236,0.109603735,53,5.180639139,1,2,10.28647621,13.24870348,2.572952426,3.175977971
2109,16,8,12,285.488226,7,30,0.54260029,,0.10783872,13.6621164,149.5406457,0.305105604,0.19091176,63,7.451054234,2,11,6.034509113,31.73440176,4.069018225,4.525498648
2112,16,11,12,77.50674207,1,23,0.509997711,0.006186913,0.646964634,13.56262555,151.6898378,0.653269402,0.011260456,33,7.85167976,1,0,5.979236417,54.70152825,3.958472834,4.108462515
2113,17,1,1,102.802012,4,68,0.538281345,0.444627065,0.287848785,13.83680524,126.2300101,0.299738542,0.026629738,32,7.345536534,2,3,12.24266958,80.94168955,6.485339152,3.788074954
2117,17,5,1,63.0794177,6,33,0.497760604,0.713763565,0.212716648,12.72090922,186.6459535,0.289809042,0.06181706,22,4.102331399,1,0,11.1782829,88.54731598,6.356565802,3.878424679
2119,17,7,1,285.5970116,3,58,0.543613686,0.808489634,0.432890637,12.50211184,111.6759947,0.294858845,0.127999835,31,2.382722282,5,11,9.501173243,73.47719036,5.002346487,4.761192432
2124,17,1,2,120.48748,7,47,0.446458626,0.562100891,0.639189838,13.9168335,179.7038731,0.530851262,0.097111574,53,5.6404383,1,2,7.731574164,74.0094774,5.463148328,4.272744954
2126,17,3,2,192.0931735,2,19,0.541618432,,0.797688724,13.52701511,55.87263097,0.37198727,0.152581036,69,9.405808439,1,7,9.626119503,44.98572726,7.252239006,3.813706639
2127,17,4,2,31.5739538,6,19,0.502502157,0.000601154,0.170414316,13.43126252,35.41170326,0.239758469,0.032374831,30,6.976377517,0,0,8.461812512,61.32836017,4.923625024,3.025720478
2130,17,7,2,156.9575991,2,23,0.567597091,0.15154064,0.729687974,13.34111254,169.2009327,0.479765647,0.183960154,45,9.607966795,1,1,10.41172919,61.66269323,4.823458376,4.075523733
2133,17,10,2,246.0973655,5,52,0.491980399,0.443082923,0.7936320000000001,12.94222719,166.2216326,0.409357274,0.064448751,34,6.610646406,,7,9.30123733,96.87840855,6.602474659,5.334787438
2135,17,1,3,79.32787201,8,28,0.545965268,0.348998091,0.229793968,10.88573866,37.0173083,0.437260136,0.16859671,21,2.795282912,0,0,11.71429926,48.49235204,5.428598516,3.160995146
2136,17,,3,152.20718,1,48,0.564489666,0.001574,0.84172584,10.85259331,92.4331717,0.276676719,0.007836157,33,3.455266974,3,3,8.695885171,37.59960182,5.391770341,3.516364376
2138,17,4,3,111.6668826,8,69,0.575747332,0.229905442,0.734460062,10.78543673,163.5601995,0.613919005,0.005525677,50,6.641531045,2,1,9.103020405,19.11630281,4.20604081,3.843397549
2139,17,5,3,4.587391435,8,60,0.545452313,0.066982163,0.221699348,9.818426577,152.1753151,0.43005123,0.061271553,11,3.768866848,0,0,7.121348098,35.61611623,4.242696196,2.625664608
2143,17,9,3,51.4752884,6,43,0.552258061,0.006980213,0.874483687,13.98244049,148.058222,0.495755026,0.004542187,69,7.188823616,1,1,7.768022496,28.49165968,5.536044993,2.674192776
2144,17,10,3,176.8397248,5,72,0.451919527,0.341875111,0.328891937,12.10316548,183.980679,0.660307017,0.132377815,45,8.44998791,3,3,9.279536377,46.08120511,4.559072754,3.912120938
2145,17,11,3,228.5550394,6,45,0.450105657,0.022918161,0.527559349,15.56573934,71.77773713,0.224541,0.096000763,56,9.757393213,4,2,12.09207741,44.36968326,6.184154827,4.241046917
2147,17,2,4,88.39336454,3,52,0.437189305,0.046005244,0.41335213,15.88019355,7.872487387,0.464698242,0.172907929,8,6.281690986,0,3,12.26677419,67.05553186,6.533548385,3.238134299
2149,17,4,4,187.0488125,8,30,0.440479618,0.140237825,0.258618076,11.62338313,164.5093156,0.339876885,0.152851695,35,9.677695337,1,5,7.124101738,41.3222838,6.248203476,4.231571661
2150,17,5,4,49.74665236,2,64,0.5438538,0.797886924,0.656515868,15.21605287,190.780136,0.549276522,0.115159944,31,9.209006071,0,0,7.897807151,89.25041331,5.795614303,3.53481956
2152,17,7,4,2.018535971,1,,0.529150604,0.000833678,0.546086886,15.21831809,46.43093467,0.540964354,0.069915264,47,5.027876553,0,0,8.899065606,36.93441368,5.798131212,2.214795627
2156,,11,4,100.7639804,5,45,0.574170166,0.001670636,0.132179285,12.32248573,169.5202595,0.294889161,0.16303031,20,7.016645094,2,1,8.956936515,28.16866962,5.91387303,3.361825164
2157,17,1,5,107.2611199,1,44,0.437572249,0.471207738,0.051887712,16.49640201,34.39939814,0.227936762,0.081976063,43,6.563083725,2,1,9.609112228,93.30415172,7.218224457,4.405941531
2158,17,2,5,84.87562792,3,19,0.505323279,5.81e-06,0.811076336,12.79201812,104.8823825,0.326252229,0.154515312,45,2.896256474,0,0,11.66223229,39.11905474,5.324464581,3.817794513
2159,17,3,,118.8698933,7,61,0.448919817,0.841210538,0.76085843,10.68310756,15.04861978,0.394806957,0.116422498,5,8.144958144,1,1,6.046170866,23.93470188,4.092341732,3.886944968
2162,17,6,5,299.8570806,6,23,0.478372844,0.020887619,0.731083009,,86.74136842,0.376923219,0.169427743,71,2.446394242,2,11,9.614298119,107.1287933,7.228596238,5.535627978
2164,17,8,5,290.2670552,5,46,0.56154908,0.579894,0.063487763,12.72274402,12.18245537,0.638239,0.039835603,67,2.911291991,5,8,10.17930223,,6.358604467,5.684269954
2167,17,11,5,,5,36,0.457273237,0.029967254,0.783252371,14.98669306,175.7492903,0.265302925,0.153296112,40,3.47744421,3,7,8.325940587,91.67409885,6.651881173,4.819205667
2169,17,2,6,161.0101692,4,70,0.436580226,0.19673363,0.852341022,17.01172912,121.0119224,0.234218848,0.082309486,29,9.435080628,1,1,11.89540506,72.10651387,7.790810129,3.886316758
2170,17,3,6,132.1633236,2,71,0.555077162,0.029211136,0.866903029,15.09212284,,0.259741313,0.023141495,40,3.392778139,2,2,7.828957131,68.22624065,5.657914261,4.261848709
2171,17,4,6,22.45357461,4,51,0.559512145,0.135729761,0.423602443,16.59502027,149.4072322,0.533835407,0.188666749,63,5.992249747,0,0,8.663900147,39.183909,7.327800295,3.170717007
2172,17,5,6,264.4476931,1,64,0.428722154,0.205869791,0.10683400000000001,15.38890783,15.54657117,0.372896091,0.172690143,23,9.017277722,5,7,10.54939324,71.15689021,7.098786477,4.490742057
2174,17,7,6,20.21719097,7,34,0.431847647,0.289283412,0.892825596,16.80506501,167.9830897,0.210583,0.018455871,50,7.021973629,0,0,9.780591671,42.13414723,7.561183342,2.82223678
2176,17,9,6,243.7887678,,49,0.535006413,0.578232243,0.195364967,12.14163984,197.56933,0.458961146,0.053664385,14,6.867743171,2,9,7.300911025,8.324886185,4.601822049,4.397294538
2177,17,10,6,193.451346,5,45,0.577234112,0.450133698,0.874887276,13.22655918,156.5931483,0.307541529,0.18357328,38,8.223617697,3,1,7.459199542,54.24961382,6.918399083,4.317176076
2181,,3,7,57.64611458,4,66,0.527075835,0.001637285,0.372120024,15.6345221,153.0769748,0.36269895,0.072810728,52,5.898778619,1,1,8.685845612,70.22496931,7.371691224,3.396512791
2182,17,4,7,138.9626089,6,,0.547855103,0.000364206,0.888439958,15.75416262,152.6698613,0.673415063,0.164373768,10,7.605463318,2,5,10.19675701,100.1602752,6.393514027,4.26240223
2185,17,7,7,18.37806062,3,67,0.53972565,0.356310908,0.286663984,13.13951277,145.2105698,0.472405061,0.172685084,56,8.082196474,0,0,8.410840429,59.28828982,6.821680859,3.494270119
2186,17,8,7,98.74781889,5,60,0.526672803,0.425851455,0.105368959,,116.8521436,0.51706024,0.089606205,54,2.596034333,0,3,10.3601335,107.1427118,6.720267008,4.714600883
2187,17,9,7,9.818674448,4,67,0.476464897,0.730377194,0.021856855,13.07210268,114.0128763,0.603264223,0.131287796,16,6.846015415,,0,6.817834821,19.74508527,5.635669642,2.424879616
2188,17,10,7,235.8303062,1,41,0.528516626,0.413860254,0.134980131,16.79231932,151.354801,0.634946657,0.05962953,9,2.997472229,4,7,12.77351073,91.1568479,7.547021468,5.01483893
2192,17,3,8,166.7357303,7,36,0.529796374,0.178250767,0.403705646,9.855667842,71.82064812,0.50554911,0.010000515,43,4.019532664,3,3,,32.23005523,4.28407538,4.762580258
2193,17,4,8,97.08088741,2,45,0.427494194,0.425373401,0.525865966,11.24618313,150.4104551,0.58262952,0.08242583,41,8.779464863,0,3,9.914546183,18.39672058,5.829092367,2.622051647
2196,17,7,8,236.08309,8,71,0.525200236,0.863228274,0.670105856,11.60587869,161.5565676,0.640286867,0.101547226,40,5.933641433,4,4,6.558821496,53.18774723,5.117642991,4.236180175
2198,17,9,8,238.9799771,3,58,0.453778856,0.202233251,0.830697493,14.91270087,198.9025599,0.551067878,0.085722708,45,9.315501478,2,2,8.729278259,39.88527969,5.458556518,4.406118463
2200,17,11,8,267.4848372,1,39,0.549101,0.035603094,0.456564617,10.49593006,184.1270134,0.209405123,0.167002389,43,9.588059039,2,10,9.942183366,,3.884366733,4.74245242
2201,17,1,9,224.211978,3,68,0.450240017,0.419745508,0.138201282,15.40434557,61.93199534,0.609692606,0.058402821,38,8.847804939,2,4,10.00241421,92.92341336,6.004828416,4.896246763
2202,17,2,9,62.82802964,2,37,0.425065827,0.666670349,0.595999737,12.36028022,186.7536531,0.23845929,0.003212193,38,3.82531898,1,2,6.977933457,22.6760271,5.955866914,2.316418817
2203,17,3,9,234.8481807,1,69,0.469654317,0.012069843,0.198336909,11.12858176,43.22309502,0.467123209,0.063723773,65,9.391891002,2,9,9.849212092,82.72476552,5.698424183,4.29719654
2204,17,4,9,95.39741479,2,52,0.526269843,0.849278529,0.796523229,12.29702721,88.94272354,0.287529999,0.14811192,42,7.753354721,0,2,6.942792894,76.72722935,5.885585789,4.000776456
2205,17,5,9,233.3692835,4,43,0.425942447,0.461307545,0.494984459,13.45178894,185.6944605,0.489523573,0.074963195,32,3.991572966,2,4,9.47321608,33.20451677,4.94643216,4.136519246
2207,17,7,9,134.5433788,5,71,0.454241,0.517550066,0.62674168,13.38505765,59.38179787,0.645668517,0.147746368,33,7.590317304,1,5,10.9916987,69.07574885,5.983397392,3.43539987
2210,17,10,9,288.0943519,1,52,0.437556186,0.610139467,,14.73644635,107.6074571,0.428613748,0.141593397,29,2.290008348,2,5,9.742470197,89.34046329,7.484940394,4.498233391
2211,17,11,9,184.2511554,1,70,0.473872176,0.273440921,0.282673827,13.98103664,85.75392172,0.210490708,0.175125575,,3.899326498,1,7,7.767242576,45.74439404,5.534485153,3.543370411
2213,17,2,10,3.199382348,2,54,0.425314109,0.141395138,0.026921901,13.65323327,136.0764338,0.362127251,0.198827147,57,6.564349601,0,0,11.58512959,50.61068001,5.170259187,2.773876937
2215,17,4,10,145.650406,8,22,0.569471525,0.292102762,0.67865035,14.5856014,105.0808181,0.484588293,0.059930661,34,4.293193965,1,2,6.547556331,25.25117798,5.095112661,3.558528639
2219,,8,10,142.9452375,3,72,0.56292084,0.224706821,0.000461918,11.6471603,72.09865178,0.638540442,0.021354528,28,7.805509042,2,4,10.58175572,34.36818635,5.163511441,3.395118744
2224,17,2,11,111.9110879,3,51,0.42664835,0.650790663,0.554819761,11.74981276,53.13592599,0.606566073,0.168001028,19,8.645746547,2,3,11.08322931,54.59772214,4.16645862,3.633498555
2226,17,4,11,211.8178046,1,20,0.515778326,0.194239465,0.327480134,13.62622507,5.911180448,0.66039627,2.34e-05,49,5.984672803,2,2,8.570125039,39.68971018,5.140250078,4.331449027
2228,17,6,11,282.6004835,5,56,0.44817804,4.23e-05,0.12498561,14.54498065,140.2339865,0.448029501,0.087930883,19,6.388878963,5,11,10.0805448,22.30432381,6.16108961,4.197532175
2230,17,8,11,113.9625365,2,57,0.521672337,0.137598122,0.527249884,9.600400912,66.67661577,0.372689271,0.195943633,9,3.703791474,1,4,6.000222729,8.010892462,4.000445457,
2231,17,9,11,299.342924,8,34,0.485588518,0.834266577,0.061102749,13.52193872,,0.22703800000000002,0.096939329,16,8.401586689,5,5,8.512188177,34.72083043,5.024376354,4.50388831
2233,17,11,11,86.58715088,8,50,0.424058769,0.683960075,0.887825698,15.15759928,121.3302516,0.252755817,0.086760617,,5.261180709,1,3,7.420888489,48.97614652,6.841776979,2.976031627
2234,17,1,12,297.4282919,2,47,0.517261263,0.181694812,0.607594076,14.82109659,157.9417713,0.29474826,0.050831954,68,8.930768681,2,5,9.233942548,47.14382983,6.467885095,4.895723485
2235,17,,12,76.03894387,7,47,,0.791599109,0.562061654,12.02796883,,0.614237998,0.089139355,6,3.749063523,1,3,10.79331601,58.52884834,5.586632029,3.085411011
2236,17,3,12,189.5963378,4,65,0.577289587,0.390433816,0.591256892,15.03124252,128.5270633,0.483628474,0.049122463,54,8.944095759,1,1,11.79513474,74.7165105,5.590269471,3.794930541
2237,17,4,12,157.6046097,6,57,0.542710664,0.274539453,0.199487609,12.53019017,81.73108071,0.603880737,0.069323812,57,5.898472614,3,1,6.96121676,37.03925181,3.922433521,3.581370696
2238,17,5,12,207.5027536,6,,0.525677287,0.649421074,0.361122066,13.78365944,122.5310358,0.645315464,0.058363516,12,8.32213195,4,6,12.21314413,80.20912841,6.426288265,4.339580805
2241,17,8,12,13.8415666,7,45,0.512477502,0.000372453,0.852485315,14.95570861,35.66300104,0.575443545,0.194132546,29,3.1256587,0,0,7.75317145,15.72569037,5.506342901,2.365767659
2242,17,9,12,65.29338011,5,25,0.526198972,0.186719934,0.461333434,11.97883595,167.0332973,0.254803466,0.022704093,6,2.988536267,1,2,7.76601997,76.41877281,5.532039939,3.681362312
2243,17,10,12,283.8015702,2,18,,0.297415072,0.845438522,15.66660485,9.818588657,0.412331148,0.136446007,47,3.609123361,2,2,7.148113808,83.42196308,6.296227615,5.122552277
2245,18,1,1,94.96629901,2,21,0.532153735,0.248124459,0.030043151,13.63701984,108.3152711,0.563711867,0.001024239,19,2.872922785,1,0,9.687233243,114.1361375,7.374466485,3.89779916
2246,18,2,1,103.958614,8,70,0.433664438,0.037753908,0.105974781,15.59707514,163.841497,0.224440361,0.118854597,69,2.207531929,2,1,7.665041744,67.55351867,7.330083488,3.544471897
2248,18,4,1,189.2532541,4,71,0.564033724,0.057345838,0.4192309,11.38538674,151.6428324,,0.11914491,42,2.933697835,,1,10.43632597,73.04426054,4.872651935,4.348068496
2250,18,6,1,190.4323731,2,,0.542884753,0.019261263,0.654483721,14.11831567,,0.219583083,0.146939074,8,2.211345425,1,1,11.39906426,29.69199191,6.798128528,2.935565924
2252,18,8,1,18.05163002,7,30,0.569943557,0.657217837,0.73319524,10.72058617,98.23610446,0.610444067,0.169006135,22,6.986459681,0,0,10.62254787,57.93870465,5.245095748,3.021665839
2253,18,9,1,96.49531316,5,57,0.551200989,0.071286205,0.620779655,,175.6736611,0.332815689,0.071252538,40,5.248699774,1,0,7.557458594,111.3917702,7.114917189,3.649205133
2254,18,10,1,12.58696946,3,26,0.537230642,0.620006777,0.343707338,15.05284656,36.26608622,0.30549114,0.084340422,52,9.309190411,0,0,10.80713698,11.70115323,5.614273961,2.708427167
2255,18,11,1,204.6619501,3,35,0.476066456,0.046609141,0.281528456,15.46837896,114.5126564,0.521141278,0.125610458,39,5.450017348,4,8,12.59354387,42.07324135,7.187087735,3.860686581
2257,18,2,2,120.8974591,8,21,0.513918996,0.790360923,0.139055606,14.54435525,93.99280183,0.600798815,0.113481084,68,2.530147245,1,4,10.19130847,83.22609627,8.382616947,3.491761547
2260,18,5,2,117.2874763,6,71,0.428804426,0.663923612,0.209302631,17.1513674,0.924846776,0.469890764,0.002442912,33,8.345342868,2,3,9.972981891,55.29075854,7.945963782,3.148364964
2261,18,6,2,25.31474784,8,69,0.575306225,0.738686385,0.248192147,13.78375226,188.892469,0.622819376,0.001807253,28,8.808703506,0,0,9.768751254,42.09491998,7.537502507,2.890181516
2262,18,7,2,27.81581732,8,41,0.475142276,0.053786802,0.146200937,14.3744854,66.03412585,0.240831428,,58,9.182938439,0,0,9.98582522,68.40603692,5.971650439,3.243005459
2263,18,8,2,93.51324933,5,36,0.454836465,0.845313458,0.290250431,14.71773602,41.47596962,0.513626544,0.051774349,22,2.87377877,1,2,11.17652001,87.64787593,6.353040018,4.184269617
2264,18,9,2,155.9209779,1,25,0.551153405,0.751167488,0.535565848,15.4310953,196.355273,0.328363906,0.143002044,53,5.220537592,3,3,12.57283072,62.11255752,7.145661444,3.564116888
2269,18,3,3,155.8808093,8,31,0.473196285,0.342292221,0.581996161,13.62135058,4.176730591,0.238235043,0.060568162,60,8.973266356,1,,8.122972543,67.51128604,6.245945086,3.853027476
2271,18,5,3,35.47848548,1,24,0.484600085,2.82e-05,,15.92526336,147.3024224,0.460829003,0.070694954,49,8.21655017,0,0,7.847368533,110.8783841,7.694737066,4.115202403
2275,18,9,3,72.88597132,4,21,0.432025156,0.701901737,0.329427527,12.2659513,14.94596498,0.488415538,0.159451589,29,4.325020344,1,2,11.48108406,109.8083579,6.962168114,
2277,18,11,3,115.4273172,5,55,0.47607933,0.482097411,0.009778229,16.41643243,95.94578853,0.559920407,0.069946397,52,7.848837881,1,3,10.12024024,118.4612013,8.240480482,3.91813583
2282,18,5,4,105.3452044,6,50,0.513670176,0.636372398,0.362099831,14.52091481,47.26278812,0.445178953,0.01534571,35,9.858156479,1,3,11.62273045,103.2969813,7.245460901,4.031843172
2287,18,10,4,33.97177521,1,70,0.577204307,0.425859145,0.859954418,14.53232941,41.37363838,0.286364127,0.034762286,56,4.304179022,0,1,9.073516337,82.68117117,6.147032675,3.54456754
2289,18,1,5,162.1569198,5,39,0.574809131,0.716398723,0.271673382,14.45783589,113.111063,0.566718001,0.060801638,39,7.473405277,3,3,10.14324216,121.5695285,8.286484321,4.404201966
2294,18,6,5,90.25687173,1,63,0.501509025,0.982522717,0.117503166,17.22962739,45.64393538,0.582215211,0.137670333,9,6.273582146,0,1,10.12757077,123.1424509,10.25514155,3.569085072
2295,18,7,5,47.25296399,,63,0.431929252,0.0927749,0.440611827,17.64870689,114.2905598,0.375200852,0.160800959,26,2.303773574,0,0,11.24928161,70.09942126,8.498563216,3.267230925
2296,18,8,5,277.2467019,1,43,0.503417645,0.19834509,0.843234815,16.09897585,170.9450302,0.37001866,0.097658938,26,8.149252539,2,5,12.94387547,114.3287297,7.88775095,5.792757611
2297,18,9,5,134.4767025,5,27,0.553868351,0.042085611,0.303458325,14.49621234,78.62485266,0.48649322,0.151769084,34,4.510012326,1,2,8.164562412,92.63347851,8.329124824,3.724762738
2298,18,10,5,74.91136723,1,28,,0.001233613,0.510695551,12.88760075,4.50396168,0.414575268,0.074197511,44,9.806439913,1,0,10.71533375,34.19170399,5.430667495,3.184034559
2301,18,2,6,229.9259662,8,20,0.44250352,0.024245624,0.153128237,12.85336889,73.32004431,0.530105196,0.170458807,63,2.34580564,2,6,12.80742716,104.890578,7.614854319,5.134673355
2302,18,3,6,235.2476593,1,55,0.571637057,0.458938161,0.378513022,11.56318023,68.03518431,0.3619208,0.007960106,17,6.955022392,4,9,11.09065568,29.80317758,6.181311366,4.463392449
2304,18,5,6,163.9747037,2,36,0.451085439,0.048125058,0.555707358,16.29591223,0.557274604,0.340444297,0.084301754,45,8.666856916,1,6,10.05328457,123.0388301,8.106569148,4.861427142
2305,18,6,6,96.70285754,4,34,0.558941773,0.110305541,0.63363437,16.30033182,,0.604360543,0.18428242,55,7.129644054,1,0,10.50018434,102.8979216,7.000368685,4.141032737
2306,18,7,6,129.6885595,3,65,0.514357231,0.108835541,0.137204635,18.18224465,112.3382045,0.596537442,0.085081551,63,5.203943728,2,2,10.54569147,110.9170616,9.091382941,3.833790586
2308,18,9,6,175.7714822,8,53,0.502354232,0.154167369,0.178144735,15.83521246,139.3883097,0.466370483,0.07732598,,5.853176895,1,5,12.79734026,60.40322178,7.594680516,3.976383904
2310,18,11,6,119.6238816,1,71,0.547186011,0.352560678,0.016725943,13.63163982,126.1952504,0.526424259,0.181293397,28,2.033155028,1,4,13.2397999,119.2631682,8.479599799,4.536603208
2311,18,1,7,154.1821415,4,33,0.577901379,0.058959812,0.692264714,16.65210614,138.0011164,0.245716998,0.03648688,,9.185330529,1,4,11.69561452,85.74452113,7.391229042,4.151527783
2313,18,3,7,49.98998561,3,40,0.470643012,0.325108819,0.790041453,15.16336598,46.73505289,0.254560808,0.193296078,12,2.777836245,0,1,9.424092211,71.14948215,6.848184422,
2314,18,4,7,71.49023157,7,60,0.52316129,0.149209259,0.357034111,13.70584173,50.31689983,0.345152148,0.071953201,68,2.491496316,1,2,12.28102319,65.41499803,8.562046371,3.599698352
2315,18,5,7,264.7218751,3,59,0.549723229,0.433802096,0.767862049,12.41171474,117.8695148,0.356711959,0.133063251,50,7.357860174,2,5,8.006508188,57.12183481,6.013016376,4.982480081
2318,18,8,7,10.92054832,7,33,0.483645945,0.049724116,0.649182212,16.09773837,154.0287702,0.596149731,0.003948353,46,6.56551692,0,0,12.0542991,160.6749584,10.10859819,4.38901379
2319,18,9,7,227.5607288,5,37,0.435097103,0.295172303,0.486119227,17.24831694,74.81100989,0.31940744,0.197377789,5,8.318556542,4,4,8.582398298,75.94944404,9.164796595,4.440844031
2322,18,1,8,265.7888017,3,26,0.544458031,0.321139655,0.152839388,16.36600933,58.92025515,0.415338628,0.136735595,30,3.604223335,2,10,7.536671853,71.79981409,,4.712023241
2323,18,2,8,19.42957833,4,72,0.559181942,0.359449755,0.74293113,15.32734886,193.1530056,0.58262721,0.177979434,6,8.21326712,0,0,12.51519381,110.7583908,7.030387621,3.030027939
2325,18,4,8,22.63221461,7,34,0.529863647,0.516943467,0.381030493,14.63556955,157.4836639,0.222357578,0.141371964,19,6.71966059,0,0,11.68642753,48.98939459,7.372855056,2.496714672
2328,18,7,8,130.1159893,2,25,0.527191407,0.070651486,0.632932195,12.34029357,81.04987716,0.607506049,0.139670638,41,9.920881739,2,2,7.966829759,66.17019612,5.933659519,4.188678241
2330,18,9,8,229.5958257,8,22,0.430026621,0.444237842,0.713944475,16.97462585,141.6848441,0.2146043,0.134919176,45,4.373011797,2,6,10.87479214,118.678237,7.749584282,5.279852715
2331,18,10,8,72.52027046,1,49,0.569108287,0.930411497,0.015886395,12.94647935,161.9749054,0.468422548,0.170705038,11,4.154588092,0,1,10.30359964,94.57286113,6.607199275,3.650203145
2334,18,2,9,60.22501399,8,22,0.452051708,0.061424159,0.09308561,15.07958793,91.57778103,0.547856892,0.032362823,67,2.058971651,1,2,11.9331044,48.4368986,7.866208808,
2335,18,3,9,182.3091668,1,38,0.454511164,0.0478031,0.154437804,10.34808404,47.31213361,0.224735353,0.080323368,65,5.388351921,3,3,7.415602243,34.54523859,4.831204486,3.970587261
2336,18,4,9,77.90580096,6,47,0.518879502,0.198022164,0.817754558,18.00089488,30.29838982,0.644276663,0.014167311,8,8.571030377,0,2,12.4449416,111.820422,8.889883197,3.494993684
2340,18,8,9,248.7207196,6,50,0.517863655,0.157302396,0.135236457,15.53240558,49.27088646,0.529916043,0.099573983,28,5.464552853,4,7,12.62911421,100.3441029,7.258228424,5.060156245
2341,18,9,9,44.67519538,3,69,0.575334161,0.152328934,0.291062579,14.80058653,167.0455614,0.499170739,0.198328956,7,6.627264951,0,0,7.778103625,69.23975281,7.55620725,3.09305135
2344,18,1,10,164.8302197,1,,0.537945227,0.064420413,0.807421648,14.71489486,74.67420519,0.410408852,0.046579157,36,4.875542062,1,,10.17494159,68.270634,6.349883179,4.325568481
2346,18,3,10,225.3827696,8,60,0.533770859,,0.249341241,,188.7065196,0.234215896,0.010233829,38,9.00663057,4,6,8.757254541,92.39591534,7.514509082,4.284865036
2347,18,4,10,166.5721565,2,31,0.552532433,0.813915594,0.184152448,15.64994845,184.9883563,0.220936393,0.118770363,14,7.960239823,3,1,10.24997136,90.78632412,8.499942725,4.179628577
2348,18,5,10,123.3473119,2,69,0.433481787,0.417215262,0.558656971,13.90219944,106.9328107,0.423956642,0.180165782,6,7.250154858,2,4,11.27899969,36.41179249,6.557999373,3.190895395
2349,18,6,10,261.8057076,7,71,0.453065802,0.003107077,0.661428727,14.70495117,16.48685255,0.28357349,0.104800683,21,5.544852059,5,10,8.724972871,79.47853845,7.449945742,4.518176292
2350,18,7,10,220.0416544,6,33,0.466927136,0.376326444,0.175609812,12.85169098,106.9400129,0.627447767,0.091181766,61,7.362150446,2,8,11.80649499,69.13745746,7.612989983,4.217909116
2353,18,10,10,273.7154182,6,28,0.434302993,0.087026002,0.278725138,13.57436899,170.8715762,0.446119189,0.177197093,,8.577030639,5,5,11.5413161,22.3790309,5.082632206,4.506459051
2356,18,2,11,55.11958637,8,57,0.487628153,0.077295809,0.318916822,13.70219948,125.5546619,0.244664533,0.118075893,9,8.476753917,0,1,12.1678886,84.7782863,6.335777196,3.315259828
2357,18,3,11,208.2781954,1,48,0.47851898,0.03032299,0.31152019,11.20816775,187.0552496,0.321485797,0.034631346,30,9.641580609,2,6,11.89342653,15.96361712,5.786853053,3.647151781
2360,18,6,11,152.0360273,3,66,0.521874942,0.004688182,0.093183314,12.57373141,130.5148571,0.646093171,0.039809993,35,6.491113491,1,4,10.5409619,43.27667701,5.081923794,3.681837644
2361,18,7,11,2.094966655,4,53,0.548818153,0.09003737,0.166765681,15.39449764,78.71941422,0.389785665,0.075888946,33,6.252069065,0,0,10.55249869,70.9100794,7.104997375,2.490471431
2362,18,,11,233.0210792,4,41,0.422121446,0.040491425,0.847484604,12.09928014,49.85627425,0.350723441,0.116274876,27,,2,9,7.388488968,83.53506855,6.776977935,4.358581027
2364,18,10,11,213.7230706,2,38,0.495422607,0.068548275,0.0882622,13.2360653,152.4724828,0.445370512,0.056037593,20,2.542180545,2,4,6.908925167,19.02826834,5.817850333,3.919574131
2365,18,11,11,137.4417983,4,18,0.522413266,0.338515946,0.221277235,13.66297029,163.0092084,0.550758779,0.084329453,59,8.905012862,2,4,7.146094604,45.386264,6.292189209,3.684130028
2369,18,4,12,157.9416843,7,37,0.573328985,0.009426012,0.076765987,14.48072734,199.1620716,0.590924758,0.16385277,36,7.433132541,3,3,11.60040408,44.76017249,7.200808154,3.355653585
2371,18,6,12,,3,66,0.473134334,0.319099443,0.389726725,11.53015436,49.58538711,0.366969467,0.191475557,55,8.560923891,2,4,11.07230798,84.18944421,6.144615955,3.853127285
2373,18,8,12,179.3418998,6,47,0.551130505,0.57374923,0.608860293,15.73834698,93.32441281,0.539735388,0.170991146,36,5.849245745,3,7,8.187970544,65.22109432,6.375941088,3.898688586
2374,18,9,12,207.1561925,8,26,0.458849614,0.924315909,,12.59442017,29.23381145,0.334266534,0.083588172,40,2.829845595,4,6,11.66356676,70.69872445,7.327133527,4.241327338
2376,18,11,12,120.1125878,4,29,0.577053964,0.196230596,0.443762559,12.78928713,189.6155364,0.48829752,0.163768641,34,4.207631003,2,2,9.660715073,82.41040636,5.321430147,3.789086113
2381,19,5,1,180.8700179,2,68,0.495716,0.67432687,0.249805099,15.67899572,66.92617365,0.57537183,0.069973516,16,8.504645842,1,5,11.15499762,48.59575543,6.309995242,3.496205866
2384,,8,,48.76089987,1,31,0.454271267,0.049620049,0.582779015,13.18657248,104.552776,0.356808546,0.151371251,34,7.138994542,0,1,7.881429155,75.01404941,5.762858309,3.642901804
2385,19,9,1,262.3932653,7,59,0.494363618,0.069231729,0.648337152,14.15412799,45.96297447,0.577319,0.179326464,15,3.270121586,2,2,7.974515549,102.4028122,7.949031099,4.875520008
2386,19,,1,123.2355387,8,19,0.494194254,0.366498927,0.391758775,14.74004493,150.1253426,0.572353,0.114346965,41,,1,1,10.74446941,111.280896,7.488938817,4.170451539
2389,19,2,,185.9797365,4,69,0.557487551,0.04128406,0.484238196,16.67513898,158.1043617,0.593666046,0.040954609,61,8.360300641,3,7,10.70841055,70.10592322,7.416821094,4.228662936
2390,19,3,2,206.4522724,5,25,0.427912437,0.017102582,0.14104363,15.48670538,170.9183536,0.281600271,0.072058449,32,7.85722261,2,6,9.159280767,58.43743086,8.318561534,4.030556791
2391,19,4,2,7.866703651,3,38,0.517850871,0.569728587,0.496613059,12.11721251,134.9165122,0.679326998,0.095889884,47,6.739797665,0,0,8.398451393,47.86631666,6.796902785,2.946128596
2393,19,6,2,160.9813533,7,61,0.525110311,0.635471805,0.528534042,,57.75043306,0.434977,0.012631067,10,2.635308857,3,6,12.3838501,85.14736119,6.767700199,4.144329419
2396,19,9,2,251.9381511,1,30,,0.032521872,0.047907363,14.59385452,34.84964446,0.517789519,0.179876051,12,6.195315292,2,2,8.107696958,95.35743019,6.215393916,5.136459429
2398,19,11,2,167.4055974,7,22,0.535917603,0.013413683,0.179086606,13.40643463,163.8386631,0.593242658,0.107936578,18,8.014435795,1,1,10.1146859,95.11314808,8.229371807,4.178192109
2399,19,1,3,294.1616752,1,41,0.545724866,0.461678069,0.503431519,14.91698893,117.0440661,0.474342069,0.147163437,52,9.305119968,2,2,,32.15293475,6.574432143,4.687314896
2400,19,2,3,168.3468898,5,60,0.432526985,0.173772017,0.892432755,13.84876814,79.18894059,0.668124983,0.109029857,,6.260868993,1,5,7.804871187,,7.609742375,4.760003349
2401,19,3,3,74.80054327,3,26,0.568276482,0.000411817,0.841432605,15.88927241,26.94841967,0.381428452,0.13484817,16,2.976392735,1,2,9.827373561,106.0130264,7.654747122,4.183309594
2405,19,7,3,152.7305539,,48,0.512365401,0.138227286,0.168617007,11.57946076,64.57154957,0.571492387,0.068491348,49,9.39065399,1,6,8.099700422,24.93308899,6.199400844,3.524505755
2407,19,9,3,180.993689,5,72,0.439057192,0.233407662,0.290777483,15.75824084,189.6545226,0.411414691,0.151881136,68,4.973056913,3,3,12.19902269,36.78502791,6.398045376,3.671316946
2409,19,11,3,54.61638116,6,24,0.516602364,0.945657464,0.107998519,14.31029715,169.541657,0.408436523,,11,9.351847041,0,2,11.95016508,68.83787506,5.900330169,3.337862456
2413,19,,4,54.3752749,3,49,0.442138979,0.266227133,0.690136,16.45667252,89.99531666,0.411711467,0.08640462,14,5.397697423,0,0,9.698151402,84.85777306,9.396302804,2.974093322
2414,19,5,4,106.2596566,7,32,0.473913888,0.620169221,0.832380344,15.08392204,148.0775963,0.570509478,0.152729601,26,9.858379747,1,3,6.824401134,87.20497354,5.648802269,4.668930912
2415,19,6,4,261.3187069,3,34,0.458011361,0.443767139,0.535361013,17.16212746,27.29174851,0.339300738,0.184936457,62,9.032323891,5,5,11.9789597,106.29765,7.957919405,5.138649478
2417,19,8,4,26.660971,5,24,0.475113581,0.875553107,0.507994204,15.3297609,9.069953262,0.280424515,0.013183482,61,6.36120941,0,0,10.07208939,113.692687,8.144178778,3.645251556
2418,19,9,4,255.32991,7,42,0.492277911,0.211127225,0.184955201,10.63883278,136.2415819,0.410839151,0.080916084,61,6.214867715,2,7,,10.24374167,,4.035931288
2419,19,10,4,211.3750955,1,69,0.532488341,0.237592214,0.094094751,12.02801294,166.4752041,0.37801357,0.128060845,5,6.43794778,4,2,12.34889608,43.79765866,6.697792159,3.735075154
2420,19,11,4,276.8330698,5,43,0.464776301,0.001110345,0.895698107,13.18906776,49.36344898,0.208749696,0.069907958,38,2.446109752,2,8,10.99392653,,7.987853063,4.133490115
2425,19,5,5,,1,58,0.481383319,0.870199178,0.865304909,13.41366422,131.6487227,0.2418528,0.106572129,31,4.6111478,2,10,7.007591232,57.26956486,,5.202224357
2427,19,7,5,149.8500375,1,31,0.566399711,0.236038371,0.311057384,15.02191787,50.57587876,0.373972537,0.07364231,45,8.850385649,1,4,13.45662104,64.58651781,8.913242074,4.086111793
2428,19,8,5,206.5339833,3,41,0.485973741,0.532924909,0.329514992,13.90929988,145.1561788,0.232971489,0.132183326,19,9.033839091,4,4,11.72738882,7.283816126,,4.048137405
2431,19,11,5,235.4362105,3,65,0.534269,0.153511994,0.451226825,13.46315889,183.3579374,0.425481554,0.050852502,54,9.925981663,2,7,8.146199386,77.7231323,8.292398772,5.115790418
2433,19,2,6,244.6360098,1,21,0.48891707,0.663237501,0.538953776,13.88848503,7.387754526,0.659753299,0.197419244,16,,4,4,13.38249168,,8.764983363,5.626632353
2435,19,4,6,107.789726,2,71,0.554780688,0.495065154,0.17418399999999998,11.78305053,162.2237884,0.417788235,0.181009888,55,5.221609273,1,2,10.21280585,99.94040187,,4.402060141
2437,19,6,6,293.992765,6,58,0.499253172,0.284772962,0.256179748,15.864952,79.6931429,0.5087244,0.12099372,13,8.998221601,5,8,8.369417779,136.444715,8.738835557,5.753353218
2439,19,8,6,184.3636837,7,41,0.506735616,0.24451699999999998,0.240806238,14.78118333,116.1734677,0.584849113,0.151709323,65,2.179881779,3,1,11.21176852,84.31264446,6.423537033,4.883481095
2440,19,9,6,196.5259474,1,62,0.509292744,0.978225721,0.839277041,19.13119862,102.7754795,0.404055717,0.152891125,29,6.437745248,1,1,9.07288812,145.960092,10.14577624,4.730986712
2441,19,10,6,243.6520271,3,19,0.43912728,0.00103678,0.668035316,15.97820061,49.41383968,0.651727287,0.169683844,54,9.265811683,4,2,12.32122256,104.626002,6.642445123,5.528562774
2445,19,3,7,217.8929196,4,44,0.497398862,0.020993293,0.34173418,17.28278212,0.304083277,0.222367001,0.148577385,61,7.041033439,4,2,13.04599007,80.12157037,,4.657598535
2446,19,,7,82.45052336,1,71,0.549077722,0.003117409,0.882466973,15.10832588,184.1564127,0.346545277,0.096231327,32,3.726184614,0,3,8.393514377,44.47480925,6.787028754,3.149845571
2450,19,8,7,68.41151345,1,46,0.426328733,0.3338727,0.237651882,14.51025565,139.2105458,0.541797432,0.110878609,7,5.324428143,,1,8.172364249,127.3087392,8.344728497,3.961198374
2451,19,9,7,267.6708971,5,30,0.531205497,0.195011789,0.387478892,15.45021505,33.74133964,0.595203824,0.090007018,45,6.495930054,5,10,12.58345281,92.68911323,7.166905614,4.734609767
2455,19,2,8,233.9433138,8,27,0.515980293,0.374391982,0.663518888,13.95269508,53.03369619,0.516633485,0.13197718,48,2.155008335,4,,10.30705282,60.24465263,6.614105643,3.86636724
2457,19,4,8,128.8505675,6,22,0.420661997,0.575073986,,15.97204571,37.25574887,0.29006459,0.131701436,64,6.671124025,2,2,10.87335873,57.41838058,7.74671746,3.112063831
2460,19,7,8,79.72984608,8,61,0.558465005,0.756946761,0.020120604,16.7934219,18.22651481,0.316742597,0.124118615,23,9.26938404,1,1,7.774123276,98.75312283,7.548246553,3.954425124
2461,19,8,8,245.2789354,1,33,0.4742224,0.13509457,0.846670267,16.19953161,157.8711182,0.211178332,0.004657018,60,2.940777739,4,2,7.444184228,79.5719538,6.888368456,4.520474286
2463,19,10,8,255.8858067,3,38,0.438167335,0.142485547,0.279860663,14.92820755,114.8730343,0.303608117,0.050414179,28,9.594662863,2,2,10.84900419,64.8290451,7.698008388,4.417088556
2464,19,11,8,140.9962,3,51,,0.30778671,0.627877443,14.57419137,64.31884538,0.342292567,0.062542728,,4.256102273,1,2,10.09677298,40.26129602,6.193545966,3.515775748
2469,19,5,9,222.5882558,1,58,0.529729886,0.023632316,0.14287665,16.57655004,62.89386405,0.424297775,0.13471426,51,4.49976095,4,2,8.209194465,129.3385522,8.41838893,4.254493931
2470,19,6,9,101.7993868,4,32,0.434013546,0.006384548,,15.25828781,195.7960098,0.53495854,0.167445013,50,3.422933005,1,4,8.921271007,66.31575105,5.842542015,3.873134664
2471,19,7,9,185.6336148,6,41,0.439394928,0.840598885,0.62593166,18.70338702,181.4556772,0.214135251,0.172966594,64,2.868929002,1,7,13.83521501,93.01056554,9.67043002,
2472,19,8,9,73.22567583,4,47,0.420561,0.521725107,0.454162678,15.19590681,156.2719153,0.33288048,0.054467716,62,5.61763715,1,2,9.442170452,100.642165,6.884340905,3.772373029
2474,19,10,9,105.8033704,7,71,0.515744133,0.052342399,0.237758349,16.26728646,176.8407941,0.547634619,0.162087302,,7.869110955,2,1,12.59293692,146.5160544,9.185873849,3.759924334
2475,19,11,9,,4,33,0.568748604,0.227406301,0.323502982,17.35258868,183.9348913,0.252256522,0.067657962,64,9.919509753,4,6,10.08477149,114.4521906,8.169542979,4.490571889
2476,19,1,,124.1964974,2,,0.579073379,0.167363906,0.86792802,12.21387936,164.1526802,0.602184416,0.152114764,34,7.723314123,1,1,12.4521552,31.12602901,6.904310398,3.337263619
2479,19,4,10,60.24194574,3,45,0.520101754,0.945709982,0.465028927,14.6759736,133.0286121,0.391847423,0.182561328,,3.57140049,0,,7.70887422,40.09082546,7.417748441,2.361093956
2481,19,6,10,254.7215058,4,18,0.524413597,0.268152328,0.061378468,15.88011977,177.2266292,0.5287824,0.085659293,56,2.748952059,5,7,8.266733204,95.21034294,6.533466408,5.462482744
2484,19,9,,182.5942394,8,45,0.556128018,0.274349093,0.887648986,15.61126431,188.4794786,0.463568004,0.100658359,70,6.818625127,1,3,11.67292462,94.76021541,7.345849234,4.35649865
2485,19,10,10,4.117435437,7,36,0.4373863,0.193542842,0.083326224,16.36075698,76.47606476,0.565606862,0.164345872,62,2.926367535,0,0,12.08930943,59.68703746,8.178618868,2.140848838
2486,19,11,10,126.325859,8,48,0.516053154,0.001219791,0.373926572,13.98334591,177.3240689,0.462459947,,29,3.072542608,2,1,7.879636618,79.02157303,7.759273236,3.906909815
2490,19,4,11,144.9788764,8,59,0.441745483,0.224444216,0.739180911,12.97266203,66.92526652,0.439599166,0.024241483,50,5.946697502,2,4,9.318145572,41.36311209,6.636291143,3.5589313
2491,19,5,11,93.48356741,4,31,0.495616305,0.483166787,0.713512268,14.81280599,85.72334075,0.360728669,0.066163539,54,2.923850773,0,0,11.78489222,108.0868174,7.56978443,3.748281083
2492,19,6,11,200.4456841,5,64,0.453834958,0.763022364,,11.80217163,24.96346725,0.242713904,0.159450743,41,8.864430651,4,4,9.667873128,70.08332194,5.335746257,4.146560799
2494,19,8,11,35.63928477,5,60,0.576313881,0.747399813,0.135783464,16.20016608,175.1817051,0.594428027,0.083256954,35,3.623142521,0,,11.44453671,52.64891216,,2.886622418
2496,19,,11,225.1575971,3,61,0.42064001,0.015373615,0.43041241,,147.0630282,0.332467781,,40,6.680454176,4,6,9.268622151,100.8494472,8.537244301,3.92934354
2498,19,1,12,276.96434,6,51,0.532731165,1.55e-05,0.546905182,16.10220748,154.4764966,0.26377059,0.156406229,52,6.839137593,2,2,9.390115268,31.94129248,6.780230537,4.148248574
2500,19,3,12,117.9067351,5,30,0.487116353,0.019784042,0.767109766,14.96924712,130.4403329,,0.079857196,20,7.708137533,2,2,8.982915064,126.6831782,9.965830129,3.586585788
2501,19,4,12,132.2125702,7,28,0.495374702,0.099881646,0.104015982,11.81524062,61.85913897,0.228940541,0.028753169,8,3.249767396,1,1,10.23068923,75.07081644,6.461378464,3.948111044
2504,19,7,12,155.2063014,5,32,0.543479003,0.334292686,0.733111228,10.58718053,91.22460119,0.322884711,0.14357326,57,7.486879538,3,4,6.548433629,21.3406755,5.096867258,3.560698817
2507,19,10,12,177.2813692,4,28,0.450875299,0.815900576,0.666317843,12.22255446,30.326412,0.500577001,0.105580953,16,3.757285599,1,7,9.34586359,9.594808282,4.69172718,3.847035486
2508,19,11,12,157.7256227,7,43,0.539172585,0.436676,0.311689613,16.38289294,137.4623379,0.434654172,0.17570578,40,8.465685337,3,1,12.54605163,57.54201345,7.092103263,3.477170692
2510,20,2,1,272.0679894,4,20,0.522981273,0.071871218,0.567261886,13.25479269,176.9439388,0.252283651,0.116094412,69,3.492201457,5,10,7.919329273,62.8740538,5.838658547,4.528650752
2511,20,3,1,212.5053754,7,55,,0.18154900000000002,0.220724948,16.35943844,106.8226355,0.566163,0.033086612,50,4.494965009,4,6,13.08857691,,8.177153818,3.57058446
2513,20,5,1,213.6843449,3,19,0.538995828,0.927589966,0.209304326,13.55423459,97.4788435,0.2272725,0.16629103,14,6.354998847,2,2,12.08568589,79.27050393,6.17137177,4.758867194
2515,20,7,1,147.5419783,8,48,0.467414564,0.060722703,0.126092112,12.39937252,73.2098537,0.338123889,0.046725836,51,5.096694733,2,5,12.55520696,82.22316668,7.110413915,4.525467926
2518,20,10,1,172.5093434,5,33,0.564495188,0.000101572,0.518907396,14.94820963,58.78331943,0.595350103,0.121751378,31,5.238324584,1,6,12.86011646,82.50853557,7.720232925,3.600750069
2520,20,1,2,59.54206863,5,48,0.519345875,0.087007546,0.239885393,16.14281418,83.95592794,0.361857171,0.084838799,21,5.112769117,0,1,9.523785657,114.4318296,9.047571314,4.04856549
2522,20,3,2,299.5850377,8,60,0.484094559,0.008355802,0.681402271,12.43592606,152.8808591,0.268284729,0.055722702,20,4.845109693,2,8,9.575514479,40.40574955,7.151028958,4.426127596
2523,20,4,2,7.338098481,7,20,0.458538459,0.23332088,0.084360837,14.96153655,100.6961675,0.524164677,0.096401554,5,2.23714463,0,0,11.42307586,86.32381867,8.846151725,3.487447481
2526,20,7,2,254.1456401,1,60,0.517072015,0.602215109,0.543382202,14.28454529,183.8807845,0.239420646,0.116009225,8,9.711488608,5,2,12.49141405,71.93508887,6.982828102,4.321828795
2527,,8,2,287.7693355,8,57,0.457586945,0.094134228,0.617323032,14.38748968,174.8399631,0.327318,0.074958409,62,2.314778559,5,8,13.10416093,111.9596634,8.208321866,5.195861541
2528,20,9,,296.1753072,2,65,0.574364957,0.632257636,0.386587866,13.66561059,77.18885496,0.440224585,0.184519219,31,4.658480059,5,5,12.70311699,58.09719686,7.406233983,4.476101773
2530,20,11,2,36.58257729,5,37,0.483097749,0.469942143,0.323312885,18.03953378,,0.318312781,0.041383407,71,2.781959189,0,0,13.46640766,94.59795381,8.932815315,3.057505889
2532,20,,3,127.0059571,2,37,0.55334195,0.504847273,0.898309271,12.62947492,123.2878556,0.388338162,0.135990729,9,5.767354511,1,1,7.68304162,52.53926949,7.36608324,3.113404779
2535,20,5,3,162.6248398,1,45,0.447374916,0.011528499,0.650861164,13.58668297,146.3277044,0.336798178,0.038277129,44,5.880306422,1,4,11.65926832,43.45104928,7.318536635,3.307166376
2537,20,7,3,43.48438105,8,43,0.422257533,0.111985782,0.561677762,,80.17353862,0.465970502,0.071798993,38,4.828281156,0,1,7.217694785,53.41831212,6.43538957,3.014584023
2538,20,8,3,120.4465456,7,68,0.517112898,0.001374019,0.304412531,15.58403494,190.1276498,0.35384167,0.007516701,40,9.11601643,1,4,11.7689083,149.2486477,9.537816601,4.01027698
2539,20,9,3,276.4209472,1,45,0.45274226,0.0449338,0.504343302,12.69124096,131.8503039,0.605459548,0.196347617,47,2.342760799,5,11,8.161800534,41.26496453,6.323601068,4.501279899
2540,20,10,3,,8,33,0.525741541,0.646888409,0.345404799,13.10386678,187.3995019,0.289456764,0.173503806,70,4.61567527,1,1,12.94659265,124.144898,7.893185308,4.559350047
2541,20,11,,169.3112432,6,23,0.471600193,0.19570900000000002,0.412762791,12.26483861,62.77714135,0.270731223,0.033079682,14,2.857143136,1,5,9.480465893,94.48068803,6.960931786,4.596333426
2542,20,1,,39.4919059,8,49,0.543116551,0.228937902,0.645611041,14.19630411,56.83969155,0.540493813,0.080318001,34,3.646977561,0,0,8.442391175,59.53959972,6.88478235,2.96621007
2543,20,2,4,279.8652953,6,40,0.552804322,0.259397,0.1508304,12.26790361,44.72053851,0.604573901,0.00900076,66,4.389747762,2,2,11.48216867,35.58645999,6.96433735,3.568227482
2545,20,4,4,103.4130488,6,70,0.494751239,0.103998881,0.586036548,18.69355041,114.1536165,0.351981679,0.197853921,39,7.522903066,1,3,12.82975023,141.0144691,9.65950046,3.952599844
2546,20,5,4,169.5064891,6,62,0.572140742,0.526755499,0.203866196,13.214821,138.1474061,0.261039157,0.115441858,17,7.359990454,1,5,7.897122776,91.00510012,5.794245552,4.551562133
2553,20,1,5,297.0699198,8,21,0.488850348,0.182564759,0.580396651,13.59009585,155.9449094,0.423145406,0.013608919,28,9.084773932,5,11,10.21671992,84.05472442,8.433439832,4.814588832
2556,20,4,5,30.85804045,5,27,0.523784107,0.607519405,0.716759585,14.86633413,49.80844781,0.522657412,0.016879756,43,8.702510635,0,0,12.37018563,,8.740371256,3.274596084
2557,20,5,5,174.8162333,1,56,0.438474694,0.146248061,0.144216943,15.66810601,108.1399938,0.379245285,0.159676234,60,5.29307233,3,5,12.2600589,117.6082514,8.520117792,4.713266299
2559,20,7,5,203.649459,2,46,0.521089979,0.84618937,0.313096604,18.33546582,71.58948199,0.224029288,0.151681509,51,3.679524583,4,8,9.630814346,92.2819261,9.261628693,4.585834083
2562,20,10,5,137.3962521,5,33,0.562956427,0.53245453,0.375958772,16.16085436,63.66513464,0.278791143,0.083586853,71,9.336691718,2,4,8.533807975,142.6453994,,4.981317996
2563,20,11,5,146.7242293,7,26,0.578516598,0.203290981,0.38194154,16.47542051,24.53488942,0.244830142,0.020089063,17,7.699543963,2,4,11.59745584,51.75854153,7.194911676,3.812005374
2564,20,1,6,292.9311345,5,65,0.489019169,0.391558599,0.882780056,16.81541657,193.7621743,0.525493333,0.101421602,56,9.108050278,5,5,13.89745365,138.4567446,9.794907298,5.543153396
2566,20,3,6,153.6925474,3,33,0.567019305,0.005832836,0.408116172,17.34122225,98.91248289,0.55751846,0.104396527,53,7.911348979,3,6,13.0784568,57.2263942,8.15691361,3.918837744
2572,20,9,6,209.6749941,2,46,0.427763591,0.722180622,0.636761,15.86280547,17.7291873,0.533423294,0.025833318,50,7.895631258,2,2,12.36822526,98.00576272,8.736450526,4.402112229
2575,20,1,7,25.47005899,5,51,0.436739294,0.774774124,0.152061079,16.83332306,8.48357988,0.586417254,0.17584046,39,2.572297291,0,0,7.796290588,93.15001799,7.592581175,3.121519358
2578,20,4,7,277.3071539,2,36,0.527536897,0.055086109,0.761682985,13.5715136,101.8528679,0.343489674,0.185280695,15,7.387517838,5,8,11.65084089,92.61401018,7.301681778,5.415542373
2579,20,5,7,60.19977903,3,32,0.437925218,0.004864116,0.363262262,17.52998151,64.53614218,0.20682129,0.034690833,51,2.682395486,1,0,11.18332306,65.68512481,8.366646123,3.487549704
2580,20,6,7,249.8106254,6,52,0.559871496,0.802448996,0.463025854,13.86797709,83.47723934,0.664188945,0.064137583,27,6.867411107,4,2,8.371098384,134.9898349,8.742196767,5.142456078
2581,20,7,7,78.90500209,1,24,0.575110332,0.996564,0.427447488,13.33002308,88.34660075,0.599611277,0.0239849,30,6.772669173,0,3,10.51667949,97.63443629,7.033358983,4.65493748
2582,20,8,7,221.3680082,8,34,0.557368016,0.064357939,0.489317316,14.72590558,184.500397,0.389553295,0.123381771,43,8.172251016,4,4,9.292169768,86.38493105,8.584339536,4.5297933
2585,20,11,7,4.417186221,6,19,0.516970847,0.47569403,0.877128372,16.85918919,94.19140583,0.468914287,0.072199873,42,5.856509909,,0,11.36621622,106.8719847,8.732432432,3.995496508
2588,20,3,8,139.7164885,1,67,0.463688596,0.82352683,0.605973922,17.0441013,128.5621284,0.240040395,0.178233658,34,2.117212903,2,2,9.913389612,84.12130228,7.826779223,3.509867171
2590,20,5,8,175.3005543,5,60,0.490934853,0.404782242,0.135465613,15.39553998,128.9244597,0.220093342,0.12381364,43,6.327043814,3,7,9.99752221,87.54525008,5.995044421,4.365826057
2592,20,7,8,68.19601959,5,33,0.508317271,0.554776567,0.704039898,14.89933357,41.73976382,0.388717273,0.009522677,71,6.077615413,1,2,10.83296309,104.3091958,7.665926186,3.776635024
2593,20,8,8,117.3447147,2,51,0.568284485,0.744856792,0.615158721,12.06101436,179.2113187,0.648835299,0.164119387,61,3.353952718,1,2,12.3672302,33.23392267,6.734460404,3.33674955
2595,20,10,8,7.616046321,7,48,0.467931961,0.740798057,0.69077568,13.1541968,20.31099297,0.215381967,0.083262087,63,5.793469623,0,0,10.97455378,82.62701606,7.949107551,2.796023863
2598,20,2,9,155.8402858,1,41,0.465452772,0.590253012,0.113631806,13.74349437,24.22746134,0.435934645,0.036697621,48,3.658674787,3,4,11.19083021,56.35792296,6.381660413,4.055331825
2601,20,5,9,45.79349416,7,48,0.565470424,0.430281875,0.141716265,15.92933175,28.70648494,0.48192555,0.097354613,60,2.305147777,0,0,7.849628753,74.56642368,7.699257505,2.936165063
2605,20,,9,174.1349755,5,,0.537477319,0.000163582,0.463949016,13.3117256,170.5695936,0.240346318,0.119167343,61,3.397515858,1,5,11.06206978,115.646536,8.12413955,4.378898293
2606,20,,9,88.11621369,8,51,0.515371458,0.803809628,0.080536718,18.04484062,193.0253932,0.406352277,0.068023476,32,5.945378853,1,1,13.4693559,91.48335945,8.938711804,
2609,20,2,10,185.8478267,5,57,0.535285748,0.142173533,0.453544335,13.5639175,31.93647468,0.246958966,0.161480614,71,7.592996222,3,1,,82.99257199,7.293241668,4.11537718
2611,20,4,10,192.293341,8,18,0.465159788,0.114054268,0.81605512,14.9726177,122.9116727,0.210565551,0.094922368,14,2.109225615,1,3,9.762565386,29.19291489,5.525130772,4.435808774
2614,20,7,,190.7916893,8,31,0.475126684,0.892693427,0.567284307,16.08655571,2.758360344,0.503855526,0.181189442,69,8.980355535,1,5,8.936975392,124.9238421,7.873950785,4.297311707
2615,20,8,10,292.7581368,2,42,0.536282949,0.052519904,0.658420151,14.60626971,115.9509359,0.264716938,0.111871201,48,2.571369616,5,11,8.78126095,94.63825156,9.562521899,5.186560495
2619,20,1,11,18.29595948,4,47,0.543844141,0.090714233,0.779420537,11.82414391,51.63989333,0.494880323,0.003661781,60,3.045304359,0,0,8.235635507,98.67767549,6.471271014,3.056750887
2620,20,2,11,13.08676226,1,18,0.522488564,0.026367351,0.129687969,13.92485106,137.7381539,0.618701288,0.028553344,60,8.852005733,0,0,8.84713948,107.0790611,7.69427896,3.146946753
2622,20,4,11,246.8973102,7,71,0.561824706,0.77508549,0.436851612,14.63312531,,0.570982717,0.19909707,10,9.087506359,2,9,11.68506962,84.11385977,7.37013923,4.344917029
2625,20,7,11,178.5636263,8,33,0.496487244,0.038603685,0.786903857,16.79565731,10.75665332,0.532939841,0.082824817,6,2.893324763,3,3,11.77536517,102.5664742,7.550730349,4.456843964
2627,20,9,11,208.2688103,7,39,0.444542179,0.716457574,0.220086001,15.03611755,195.4465308,0.581060807,0.030455873,38,3.831451287,2,2,7.908954197,82.06553597,7.817908394,4.074701627
2629,20,11,11,23.73099284,5,21,0.560533397,0.452866687,0.140207261,15.54897889,131.4590358,0.462010016,0.085930804,45,5.754239963,0,0,12.74943272,100.6594578,9.498865436,2.976823947
2630,20,1,12,147.9964947,5,62,0.479344968,0.977460868,0.237354104,16.22597191,21.93206024,0.380524443,0.089954822,9,4.210922904,2,5,10.01442884,112.7821795,8.028857674,4.027678553
2633,20,4,12,172.3681101,8,56,0.458792947,0.238526104,,12.98868416,187.0638486,,0.040950109,7,8.400759621,1,1,7.327046758,100.0372303,6.654093517,4.355664849
2634,20,5,12,295.7975203,2,67,0.452403822,0.05417606,0.84109209,13.59083198,131.6859076,0.331472378,0.034447744,53,5.965323133,2,11,9.106017768,,6.212035536,4.574563178
2636,20,7,12,126.4643761,1,52,0.448608609,0.641002244,0.257564555,13.78644974,20.89789816,0.662585483,0.095577499,44,2.335570725,2,5,7.214694299,52.30421071,6.429388597,3.445845974
2640,20,11,12,63.93442073,6,28,0.539186312,0.237727443,0.618186819,13.39591528,15.73759213,0.587014812,0.008237272,22,6.295463896,1,1,11.99773071,38.58014868,5.995461426,3.109551184
2641,,1,1,266.1253578,1,72,0.472626658,0.822086226,0.574453506,15.19469948,47.0517011,0.214150489,0.083671162,41,2.440954007,2,2,9.441499711,82.96399452,6.882999422,4.330679259
2645,21,5,1,69.84735006,6,64,0.458770836,0.006306767,0.082316363,14.53115238,26.41786658,0.534884705,0.008943495,28,2.701885764,0,0,11.62841799,67.50948593,7.256835976,2.754278013
2646,21,6,1,180.5675725,2,71,0.548634944,0.602793051,0.587263886,11.37810355,125.5576988,0.669033937,0.078273964,25,4.30899524,3,7,7.987835305,,5.975670611,4.515052052
2648,21,,1,62.52348331,8,57,0.420537887,0.388458089,0.765293648,10.83229734,85.03136105,0.398942671,0.093274128,10,8.989346772,0,0,9.684609632,27.43625949,5.369219263,2.753499673
2650,,10,1,255.7294111,3,32,0.542804157,0.368756428,0.461270105,15.11272254,130.7066996,0.204023,0.013357457,15,7.192887941,5,2,11.95151252,117.2313357,7.903025042,4.807755137
2652,21,1,2,79.62452157,6,67,0.460740429,0.757576087,0.706698227,15.47035184,190.2985442,0.511339873,0.114634637,64,3.265828352,1,2,13.70575102,105.3315047,9.411502043,3.326082334
2654,21,3,2,78.2153574,4,37,0.529906697,0.000896508,0.633489,17.01581403,199.8896382,0.52815214,0.183080491,71,7.790305059,1,,8.897674461,55.59759268,7.795348921,3.164575062
2660,21,9,2,198.5685285,1,72,0.505749401,0.030637207,0.54225687,13.07630367,122.3435538,0.658635528,0.10874529,,6.083643488,3,7,10.93127982,116.0328515,7.862559636,4.69164243
2662,21,11,2,105.3082362,2,26,0.517725512,0.48434499,0.685879843,13.71942925,190.6747116,0.242120793,0.176099542,13,3.655999717,2,1,7.177460697,85.49684492,6.354921394,3.817573588
2663,21,1,3,54.22906778,7,21,0.432461803,0.665904441,0.584134747,14.21061131,67.30217857,0.325992748,0.014795363,7,6.505237358,1,1,10.45033962,60.87691045,6.900679236,3.446464187
2665,21,3,3,205.5242085,8,56,0.464903853,0.098362232,0.379688845,14.03471728,123.0868868,0.397274109,0.08369887,26,7.811817982,2,4,7.908176266,77.2567246,7.816352531,4.827291855
2668,21,6,3,66.13291652,8,31,0.50345024,0.142169995,0.778913646,18.21943331,89.04019327,0.361959371,0.138798719,9,,1,2,12.56635184,142.6071146,9.132703677,4.370948452
2671,21,9,3,258.5344545,3,70,0.559997757,0.041202155,0.078313136,13.80156116,64.93536222,0.243162152,0.051877116,61,6.229126155,2,5,12.77864509,98.35110319,7.557290177,4.610222827
2672,21,10,3,113.6323407,1,66,0.456435698,0.331785382,0.821645888,15.65865554,155.5639221,0.41982588,0.026787318,22,9.667730301,2,1,8.699253076,77.88552546,7.398506152,3.832890308
2674,21,1,4,241.9280338,8,46,0.480895545,0.143149532,0.443224389,14.14844096,187.4182826,0.577592054,,38,7.011837797,4,7,7.971356089,125.336326,7.942712179,5.659825487
2675,21,2,4,121.4079744,1,50,0.49026142,0.087308711,0.101267929,,41.96782825,0.222220251,0.153373928,61,7.822098303,1,3,12.2200695,39.8790495,6.440138993,3.446285808
2676,21,3,4,51.08216322,4,65,0.434046702,0.24555742,0.65885676,15.48543508,114.4577216,0.258817288,0.194773895,35,3.785378792,0,2,9.7141306,125.9351496,9.4282612,4.29691983
2679,21,6,4,282.6640003,6,41,0.484259673,0.274624723,0.865077667,15.24285919,90.144945,0.450134211,0.069426811,57,6.897864883,5,2,8.468255108,65.61050059,6.936510216,4.601913213
2680,21,7,4,84.52436407,8,72,0.560708919,0.806209725,0.392836097,16.50756231,178.0673079,0.445724107,0.144698677,48,3.134051972,0,1,7.615312397,49.07974256,7.230624794,3.541252927
2682,21,9,4,137.0334119,4,34,0.488684337,0.221410981,0.255626222,12.72411871,38.76538066,0.553258703,0.131953812,66,5.030148827,1,5,12.7356215,113.4117909,7.471243007,4.427855548
2683,21,10,4,53.23776617,1,37,,0.346251215,0.20174499999999998,15.46316455,99.77461965,0.625404318,0.16549884,35,2.704789495,1,2,9.146202529,112.5793481,8.292405059,3.561486582
2685,21,1,5,206.3998515,7,47,0.54300443,0.509047927,0.339418952,12.88683439,11.64940809,0.587602447,0.169484708,42,6.188732074,2,8,10.714908,21.58656341,5.429815994,3.962023311
2686,21,2,5,87.8586325,6,30,0.458390393,0.317875219,0.8229179999999999,16.10892378,36.60874217,0.622244625,0.045511675,18,4.671621355,1,0,12.50495765,66.89213183,9.009915307,3.251212217
2688,21,4,5,151.6105572,4,31,0.463690329,0.183479702,0.684459451,16.91328729,60.64054537,0.406811628,0.16203753,34,7.792687251,3,3,9.840715161,79.78856712,7.681430321,
2689,21,5,5,128.8906524,3,64,0.572696319,0.021765015,0.870414786,15.13923881,4.429771197,0.647664275,0.174964438,50,8.925060239,1,5,13.07735489,84.06696281,10.15470979,3.930946206
2692,21,8,5,39.90066276,1,62,0.57510737,0.088406474,0.186205592,15.58189526,122.4813814,0.32720851,0.179509333,65,3.565645531,0,1,12.21216403,,8.42432807,3.561176398
2694,21,10,5,286.6912112,3,29,0.5570238,0.075743051,0.192743997,,86.76609892,0.381386443,0.076090172,19,2.604402224,5,5,13.03120596,49.26922437,8.062411914,4.959658291
2698,21,3,6,10.9806581,4,,0.52018867,0.49059318,0.452245776,15.50474394,37.64193994,0.331105812,0.128075387,15,2.915743053,0,0,10.16930219,69.76013619,8.338604381,3.331924663
2699,21,4,6,14.75841057,8,61,0.445201356,0.047070303,0.361375852,15.91365613,87.53354349,0.511276245,0.064218014,11,3.591140865,0,0,13.95203118,94.24714337,9.90406237,3.49869727
2700,21,5,6,255.8684354,3,44,0.439950234,0.418304752,0.320484605,14.40026869,130.6326077,0.318280026,0.098904317,39,9.589606626,2,7,12.55570483,112.4693726,7.111409653,5.474957509
2702,21,7,6,209.1809703,6,49,0.513156407,0.071928894,0.29622113,15.43084905,101.6106299,0.258739774,0.000484675,40,4.776709733,4,2,11.12824947,110.4173448,8.256498949,4.899564706
2703,21,8,6,110.7551034,3,46,0.5768765,0.002564045,0.666565089,17.84872614,164.9416318,0.454700697,0.080707234,18,4.850747036,2,3,10.36040341,83.28835433,8.720806817,3.754342849
2705,21,10,6,173.0977106,2,70,0.481429806,0.650708632,0.38250019,13.24291167,102.3185622,0.255081752,0.186094125,10,3.26960936,1,1,10.02383982,95.90299561,8.047679637,4.776388895
2706,21,11,6,58.68888926,4,35,0.551256846,0.194747881,0.107911221,16.34154383,84.661732,0.670601441,0.142383948,23,,0,2,13.63419102,78.88157956,9.268382037,3.353465402
2709,21,3,7,261.7246684,8,25,0.571674126,0.153769897,0.812006075,15.88046199,77.04284755,0.498056143,0.038261671,31,4.830439153,2,10,9.822478886,110.9561395,7.644957772,5.355386792
2711,21,5,7,64.90203148,5,26,0.540337468,0.162068093,0.757449045,11.57931363,189.2655922,0.246635285,0.064175329,12,3.984611338,0,,10.09961868,46.42560465,6.199237365,
2713,21,7,7,298.5902192,6,67,0.462337553,0.099476136,0.164327136,16.46629608,18.00214902,0.57595464,0.174526069,55,7.87808267,2,8,9.147942265,62.14791042,8.29588453,5.087368971
2715,21,9,7,25.45109525,4,55,0.554692211,0.063895928,0.658669475,12.21565141,14.73606833,0.463354678,0.013215584,40,5.809428886,0,0,7.453139671,97.21325923,6.906279341,3.808996594
2716,21,10,7,233.8939258,5,39,0.429210482,0.000548348,0.338042,16.04477652,113.7009665,,0.174630585,33,3.006581287,2,9,12.91376474,74.56891412,7.827529471,4.587322354
2717,21,11,7,265.4812615,7,26,0.513261218,0.552055416,0.797270604,15.56914133,54.74655387,0.392113,0.010713898,38,3.219759702,5,,9.649522961,55.11109262,7.299045922,4.66896427
2718,21,1,8,296.5887357,3,41,0.455416029,0.109979441,0.401697372,15.27592156,68.49741708,0.494429677,0.149871417,57,7.903249178,2,5,13.5977342,85.00802635,9.1954684,4.477525071
2720,21,3,8,91.38446212,1,68,0.566106184,0.663401536,0.527575463,16.4456918,36.29719103,0.493525901,0.182571573,46,3.841544341,0,0,8.580939888,52.19691765,7.161879775,3.499582169
2721,21,4,,132.5838644,1,48,0.456503567,0.676421578,0.210651365,15.93159799,80.36988913,0.626004056,0.106992039,7,5.590961177,1,3,10.40644333,118.4983916,8.812886658,3.743924604
2722,21,5,8,158.5957531,3,25,0.506676152,0.232210114,0.527961909,16.3344424,28.01436564,0.213922862,0.17223687,67,3.345160963,1,3,7.519134666,97.28204468,7.038269333,4.255866952
2727,21,10,8,211.7312772,7,19,0.465319442,0.43944266,0.672878649,15.76580826,190.4924724,0.588609737,0.159418568,17,4.22713259,4,8,13.31433792,114.091512,8.628675847,4.984777822
2731,21,3,9,45.19716986,1,71,0.477054312,0.001223308,0.174501224,18.05100605,124.3279951,0.419132551,0.078917188,14,6.562288236,0,0,12.47278114,94.24589378,8.945562283,3.543887971
2737,21,9,9,51.58621204,8,47,0.555969556,0.006579473,0.184386166,15.72848039,73.93626358,0.391953197,0.040628492,43,7.56836842,1,1,10.18248911,65.3137933,6.364978213,3.656545349
2738,21,10,9,87.38902245,2,68,0.472531028,0.293478,0.008166925,13.97907764,155.7891654,0.601858366,0.007171395,51,3.943519526,1,3,10.3217098,38.09270836,6.643419604,3.318728149
2739,21,11,9,150.579394,4,70,0.55723616,0.920034821,0.337730839,12.86290199,176.9977487,0.248385106,0.033705697,25,9.626111906,3,4,8.257167775,103.4270447,6.51433555,4.221927817
2743,21,4,10,76.94670791,4,65,0.548679611,0.065653199,0.506961956,13.87724689,7.964009302,0.322160401,0.157629689,36,3.398461473,0,2,12.82069272,60.71025253,7.641385439,3.673701958
2746,21,7,10,286.6078271,7,69,0.517332281,0.287151003,0.584995335,11.07623386,88.61784106,0.446309125,0.136126309,48,5.697766916,5,8,11.82012992,33.46496792,5.640259839,4.704910657
2748,21,9,10,112.4876414,2,23,0.43457500000000004,0.000368935,0.288101311,13.23290236,164.3373592,0.56791313,0.129791474,,4.431996717,1,3,10.01827909,,8.036558177,3.809175488
2749,21,10,10,62.25779879,7,72,0.432772323,0.003016111,0.110216701,14.62427618,143.9117078,0.651942347,0.186956714,70,8.362544856,1,,11.23570899,126.5024867,8.471417982,3.594272256
2751,21,1,,230.3644074,1,21,0.575782142,0.286382168,0.258687161,14.60922925,102.3076643,0.676817934,0.135408274,67,2.356491699,2,4,8.560682914,36.42903549,5.121365829,4.361555144
2752,21,2,11,112.6031579,3,,0.484029855,0.300180947,0.048495077,15.99763068,118.3739913,0.623175676,0.043769885,19,6.336726986,1,3,10.33201705,89.47364186,6.664034094,3.505966351
2753,21,3,11,136.881303,3,71,0.474809,0.666504246,0.364108221,16.64818882,59.54691764,0.547058875,0.160726092,19,4.724506068,1,5,12.24899379,95.78126708,8.497987577,3.384675005
2755,21,5,11,197.8815172,8,64,0.479485085,0.212579884,0.826411156,12.72275365,22.12151062,0.291371959,0.129631357,17,6.047010564,3,5,7.623752025,74.4940454,5.24750405,4.265072876
2757,21,7,11,122.6119184,4,51,0.504954151,0.602740568,0.074789753,17.4654871,140.3573617,0.275205351,0.182908231,68,9.555045775,2,3,11.14749284,78.22619821,8.294985671,3.277114569
2759,21,9,11,129.0862169,1,27,0.438721376,0.946055446,0.406994075,13.44738677,152.0935951,0.492023323,0.183253826,11,3.109648396,1,1,9.026325983,27.66576618,6.052651966,3.62542903
2761,21,11,11,35.80965337,8,22,0.465253389,0.23786326,0.451457405,14.61485103,18.44867288,0.332138378,0.162146863,21,2.837517136,0,0,12.67491724,116.4177091,7.34983448,3.356713361
2768,21,7,12,184.7611559,2,38,0.467843406,0.013091199,0.493787117,13.910566,79.16829798,0.552082132,0.081462512,48,9.231089527,3,3,11.83920333,73.20056433,7.678406669,4.135899055
2769,21,8,12,252.4838509,6,30,0.554987539,0.133180987,0.272903161,10.9950124,106.2365446,0.208495505,0.063987374,58,4.680005862,2,5,9.775006889,48.30469743,5.550013779,4.134007909
2770,21,9,12,297.1983091,7,55,0.549794431,0.663756812,0.844732342,14.93317017,149.367536,0.371517837,0.105335131,24,3.705316364,2,8,8.851761207,62.23658091,7.703522415,4.30267758
2771,21,10,12,86.39009824,4,72,0.560068905,0.04085174,0.855908418,14.69580144,105.1177475,0.391453014,0.133025675,43,3.159977741,0,0,8.831000802,123.72336,9.662001605,3.733804763
2772,21,11,12,198.5756577,4,28,0.556709498,0.453992388,0.280445766,16.33077391,174.1419159,0.668029058,0.064449892,63,7.121479457,1,3,7.517096617,95.79057304,7.034193235,4.624695913
2774,22,2,1,179.9686407,1,70,0.536136945,0.013937358,0.453470401,12.98803422,160.9793389,0.500850924,0.054571497,57,9.863265068,3,7,7.32668568,33.03679741,6.65337136,3.859668051
2775,22,,1,277.2975469,6,33,0.501299413,0.163807108,0.525395146,16.48029862,51.25633885,0.200636419,0.024947866,11,7.62023096,5,11,10.6001659,56.63738357,7.200331802,3.983337757
2777,22,5,1,146.4317181,4,23,0.528394088,0.580069428,0.635513786,12.89995009,96.00185014,0.392900871,0.097899099,57,3.235646667,2,1,7.722194495,13.56008679,5.444388989,3.377820806
2778,22,6,1,222.7745702,7,26,0.545518162,0.583643597,0.399317781,16.09358592,117.569948,0.285793479,0.004640388,15,5.538753923,4,4,7.385325513,51.77816948,6.770651026,4.051563794
2781,22,9,1,231.2199195,2,35,0.467886578,0.384737664,0.319098082,13.57840009,,0.526386599,0.022196734,38,6.963556323,2,2,10.09911116,65.30313674,,4.383923424
2782,22,10,1,214.6189487,7,40,0.466694019,0.322224734,0.865877576,15.48474207,93.78368902,0.400874,0.131433955,6,8.031773103,4,8,9.602634483,75.40765067,7.205268966,4.085478203
2783,22,11,1,269.5459199,5,65,0.491868019,0.050538327,0.84365267,13.61198978,26.62740891,0.648734624,0.097276964,61,4.337766014,5,2,9.1177721,94.52284413,6.2355442,4.797278707
2784,22,1,2,133.4835492,5,61,0.42597216,0.31617531,,14.11776907,21.74612331,0.213191904,0.161306583,44,3.389856541,2,1,8.954316152,,7.908632303,3.468970329
2785,22,2,2,182.2132194,8,27,,0.682842236,0.591422717,15.07161099,57.91120131,0.524234415,0.007590749,6,5.264941111,1,5,,110.7892696,7.857345548,4.698695401
2786,22,3,2,136.474292,7,71,0.546796179,0.764651552,0.451877248,15.71002476,87.93683793,0.434938938,0.136497226,5,2.756222995,2,1,12.72779154,63.39835176,7.455583071,2.754939799
2792,22,9,2,278.9407399,2,32,0.507072803,0.508031027,0.57258352,15.63193809,67.04428074,0.261628079,0.018445032,60,3.184368375,2,2,8.128854496,49.94454308,6.257708993,4.317058974
2795,22,1,3,225.3162757,1,20,0.46977821,0.246535369,0.305375918,16.96437019,153.1433978,0.279735889,0.036912889,71,3.172632632,2,9,10.86909455,56.43444751,7.738189105,4.344533245
2800,22,6,3,237.2531732,7,69,0.501522944,0.533094678,0.354954816,16.24371906,15.11873682,0.460764745,0.033148574,42,7.377582521,4,2,9.468732814,101.9849789,6.937465627,4.833981062
2802,22,8,3,22.10434111,2,50,0.452015658,0.294170988,0.497117991,14.0033724,100.9513409,0.578328849,,44,6.977786465,0,0,9.779651336,19.56305094,5.559302671,2.02161552
2804,22,10,3,66.93254488,1,63,0.537657587,0.541823907,0.632266343,13.54596337,71.98425712,0.559944544,0.018880577,18,3.669817876,1,0,9.192201872,103.8839568,8.384403744,3.759430136
2808,22,3,4,225.3700851,2,43,0.533455409,0.03012363,0.568245642,16.45466833,153.2682595,0.598908261,0.115756033,54,7.256591009,2,6,7.585926851,89.96779134,7.171853703,4.916558688
2810,22,5,4,27.100044,4,28,0.486188229,0.298563282,,14.1449018,166.7049446,0.595598856,0.07721272,25,2.551577007,0,0,7.969389889,66.08217103,7.938779779,2.98414765
2811,22,6,4,142.3260353,5,30,,0.212808632,0.185794506,14.82379744,26.12292952,0.533158222,0.108276923,55,,2,1,7.790998578,58.51685433,7.581997156,3.729722348
2814,22,9,4,233.2285126,4,54,0.559503315,0.027944006,0.207327149,14.16446477,194.404918,0.394830395,0.164274601,18,4.302310017,2,9,12.42470265,106.7485499,,4.699217045
2817,22,1,,123.2938751,5,48,0.42978299999999997,0.56926251,0.410515573,15.93097857,61.16535418,0.262232917,0.142011071,60,5.791639333,2,1,10.85054365,55.70518871,7.701087305,3.837358132
2820,22,4,5,204.2801469,6,22,0.520432789,0.087678145,0.218772513,12.59317769,142.3693802,0.470497321,0.084024015,17,2.028537546,2,2,10.10732094,63.58181432,6.214641875,4.920019094
2821,22,5,5,168.2318008,5,71,0.526033063,0.441043718,0.29162872,14.50488365,156.0550947,0.605271805,0.080561724,48,9.095843667,3,,10.61382425,44.56233584,,3.934950518
2823,22,7,5,3.389768904,5,43,,0.133547,0.368608901,14.89055181,6.808221938,0.651147866,0.179588495,47,8.283643178,0,0,11.82808434,84.61982474,7.656168675,3.578404285
2824,22,8,5,7.030737788,6,64,0.455649132,0.222304847,0.099654143,16.96539844,103.9756189,0.500035096,0.007917828,38,6.247598888,0,0,8.869665799,111.1079308,7.739331598,3.737809515
2825,22,9,5,154.8408469,8,40,0.566470773,0.251064213,0.543896129,12.02060928,120.4711414,0.477752393,0.115271907,41,5.082142815,3,1,9.344782932,104.5235767,6.689565864,4.392718354
2826,22,10,5,72.66925998,5,72,0.531344619,0.386493994,0.302800221,14.33394252,1.743489858,0.295446867,0.0134742,32,4.449779424,0,,,88.82114855,8.148825018,3.962570548
2829,22,2,6,77.68226796,7,38,0.539962666,0.008418926,0.392949435,16.6346798,7.353892277,0.2724859,0.052877501,34,7.342080861,0,3,10.68593322,57.30827938,7.371866445,3.143425754
2830,22,3,6,21.88274502,3,42,0.479795727,0.359823638,0.439675175,16.55663633,83.86372704,0.437855768,0.051471842,43,4.800928717,0,0,11.19813129,66.52492651,8.396262587,3.350112232
2832,22,5,,64.02682044,1,32,0.451706235,0.526604293,0.626755849,14.26932871,117.7380862,0.211855682,0.1324483,10,3.306121929,1,1,11.03851595,49.90456281,8.0770319,2.988383826
2834,22,7,6,30.65583147,4,18,0.470024368,0.072406958,0.832477101,16.60287912,105.9509697,0.288802573,0.15195844,54,4.514005773,0,0,13.22382173,68.80038595,8.447643468,3.536433962
2836,22,9,6,208.0786312,1,48,0.527721416,0.20555265,0.468636224,,127.448942,,0.186539747,10,9.053107969,4,8,11.58539883,80.78599013,7.170797664,4.762329163
2839,22,1,7,76.67641908,7,64,0.478299625,0.04756301,0.08286161,16.2923141,2.207722423,0.389763733,0.075487223,,7.74359803,1,2,12.16239672,142.6439252,10.32479345,3.604984025
2841,22,3,,53.19749152,1,71,0.451294423,0.088920182,0.734936055,15.14177252,114.205582,0.230521377,0.145490268,17,4.792937016,1,1,10.52320696,72.70934809,9.046413911,3.552645925
2842,22,4,7,83.30482947,1,32,0.558182726,0.833293114,0.809339452,13.02953807,187.9114691,0.219252281,0.035145088,16,3.494516288,0,0,12.34974337,53.24327451,6.699486747,3.58658022
2843,22,5,7,,1,63,0.519331459,0.900646935,0.398375744,17.88682331,195.377338,0.26684744,,42,6.907667422,0,2,8.381568506,103.904056,8.763137011,3.907354375
2844,22,6,7,260.9296969,1,26,0.57310117,0.291972757,0.558551438,14.37783273,0.28810992,,0.116248689,9,9.271617141,2,5,12.65435152,111.4956502,9.308703036,4.838430548
2847,22,9,7,171.219279,,37,0.441005819,0.008956348,0.206050391,15.35458154,56.43478955,0.634757175,0.020792929,58,7.314267867,1,3,10.64143419,,9.282868381,4.822008969
2850,22,1,8,138.3026431,5,40,0.471085822,0.924785358,0.256366664,14.12661747,182.679107,0.311135018,0.131553758,8,5.44153399,1,1,10.95923193,58.11500463,7.918463853,3.827182448
2851,22,2,8,210.9702123,,67,0.469717164,0.402246533,0.883349987,15.9777087,110.792494,0.501123533,0.109945129,33,4.029719421,4,4,9.320949277,,6.641898554,4.367924483
2852,22,3,8,206.5497247,7,72,0.486278293,0.125647465,0.378651807,15.53412008,61.19218245,0.346454734,0.049996091,36,4.440418578,2,6,9.630066709,100.8115111,7.260133419,4.433961454
2853,22,4,8,49.4950892,3,,0.489532527,,0.207844645,12.05990039,164.9017528,0.676975947,0.179623513,18,2.522158881,0,0,10.36661133,37.66389818,6.73322265,2.995512263
2854,22,5,8,38.28599037,5,27,0.509324459,0.714445955,0.747998407,13.51580172,70.01063241,0.642426275,0.11108451,61,3.729289415,0,0,13.1754454,112.4931165,8.350890804,3.232410571
2855,22,6,8,,8,35,0.425107905,0.902075,0.129077308,15.14914188,64.64344364,0.584970046,0.06825887,5,4.254141054,2,2,8.416189936,78.14009309,6.832379872,4.300692802
2856,22,7,8,256.8609588,5,64,0.440826659,0.773290365,0.617018837,16.22927404,104.4881528,0.307031241,0.171119892,31,3.905084966,5,5,10.57181891,86.40739662,9.14363782,4.767901639
2860,22,11,8,27.76604267,2,66,,0.835592526,0.514704442,14.12774958,158.5148957,0.445369365,0.176985704,37,5.340862264,0,1,7.959860876,67.67683645,7.919721751,2.49227734
2861,22,1,9,252.2610528,2,23,0.505132,0.079315448,0.51927764,14.38277521,159.1078292,0.558280418,0.176993742,39,5.543039961,2,10,9.545986226,40.62101301,7.091972452,4.38396649
2862,22,2,9,292.2882079,6,20,0.572641882,0.014535623,,13.77622509,28.48713743,0.346487416,0.013361423,47,9.993445903,2,11,9.20901394,67.11274144,6.418027879,4.913180776
2863,22,3,9,23.37770896,4,20,0.459288245,0.203365069,0.153967681,15.74581563,68.83007654,0.396903965,0.083856269,68,2.455511085,0,0,10.19211979,94.04639817,6.384239587,3.348170038
2866,22,6,9,3.510010883,6,37,0.464111994,0.297103281,0.661020952,13.73279848,158.6070602,,0.071270634,19,8.799434411,0,0,13.29599915,124.0583329,8.591998306,3.710853814
2867,22,7,9,54.06531097,6,29,0.464523156,0.220595891,0.798522278,15.75384303,78.11496916,0.526885156,,7,5.428194623,0,1,12.75213502,41.35819176,,3.004901532
2868,22,8,9,145.3398384,8,71,0.543833892,0.083895517,0.744469134,16.11214128,197.2561468,0.297147662,0.131073095,8,5.628625023,1,5,11.9511896,,7.902379204,3.759884088
2869,22,9,9,150.916728,6,33,0.500440064,0.548126937,0.29787498,16.55881904,100.3226631,0.20466605,0.110311143,58,8.430461013,3,3,13.19934391,66.59598635,8.398687818,3.446921376
2870,22,10,9,267.9647841,7,32,0.56827698,0.466913037,0.150514911,14.58547901,135.7598375,0.279220691,0.163444779,69,7.676223971,2,5,7.103043896,79.26304977,6.206087792,4.651413673
2871,22,11,9,122.5541567,5,,0.516904362,0.051298778,0.331165699,11.48579812,58.80242299,0.335258816,0.133083052,61,6.268896513,2,1,10.49211007,25.26058812,4.984220138,3.202352624
2872,22,1,10,169.7174049,3,60,0.458029407,0.487883755,0.459802259,12.33567394,39.84476434,0.241537053,0.046696052,10,9.760971552,3,5,7.964263301,35.61056173,5.928526603,3.587796116
2873,22,2,10,180.8321349,2,43,0.506926866,0.019171207,0.816256812,13.13233004,142.390824,0.341358275,0.125702862,64,7.067217779,3,,11.85129446,86.90553027,5.70258893,4.054548031
2875,22,4,10,216.4284572,1,71,0.496764252,0.511643089,0.844908218,12.63800186,139.4110294,0.588955813,0.028338295,57,5.096928211,4,8,12.13222325,69.90424822,6.264446507,4.3630561
2878,22,7,10,281.5656553,6,66,0.552049577,0.123736057,0.091398413,11.60167363,79.91451364,0.443474361,0.189561475,66,9.290961886,5,8,12.11204091,72.99515374,6.224081813,4.790826549
2884,22,2,11,250.9092273,3,68,0.566701472,0.23174831,0.298284718,17.73504122,75.41532498,0.55806785,0.094376118,13,5.651705762,5,2,10.29724512,127.2136243,8.594490246,5.247044439
2886,22,4,11,189.4012274,1,,0.577834513,0.132354342,0.730443056,16.92621134,149.3075347,0.300212745,0.193117808,36,2.341959034,1,7,10.84789519,67.92952931,7.695790382,
2892,,10,11,195.3657303,2,46,0.511634435,0.092715925,0.023032555,13.7344861,192.0897498,0.277228172,0.184103847,39,7.650828419,3,1,7.630270053,42.46553837,5.260540106,4.225026893
2894,22,1,12,116.2481137,4,42,0.449635355,0.31059179,0.134502104,14.84708983,122.2995456,0.66282901,0.083961562,52,3.515139166,2,1,10.80393879,103.2119627,7.607877585,4.473317178
2895,22,2,12,24.99198612,8,53,0.490971481,0.166267242,0.875856948,12.61705193,149.3560529,0.24850122,0.099369808,50,9.749734856,0,0,7.120584403,59.08206806,6.241168806,3.202198647
2896,22,3,12,38.90064992,7,58,0.519175242,0.785448913,0.874906446,15.97515301,138.1571325,0.511617877,0.134210614,25,6.684579631,0,0,10.31952945,71.06121456,6.639058902,3.020666276
2897,22,4,12,145.3035449,3,49,0.532652305,0.034363813,0.806094276,14.25069054,112.2150251,0.352055677,0.085138742,49,7.095973127,2,4,10.47260585,48.80923969,6.945211708,3.282476666
2898,22,5,12,293.4259624,7,36,0.446779845,0.059009034,0.872701375,13.11897584,54.34973807,0.362425676,0.187604235,46,6.473761497,5,5,11.84387547,58.39254955,5.68775093,4.883906595
2899,22,6,12,112.4737601,1,34,0.454451148,,0.659027734,16.39278296,101.3872495,0.60793669,0.067153813,13,4.792094706,2,1,9.107101643,70.90612638,8.214203286,3.351627285
2901,22,8,12,246.275484,5,68,0.449232099,0.287872422,0.171130203,13.60258699,135.0848565,0.502654481,0.105581111,34,3.827187379,4,7,10.11254833,64.43735613,6.225096654,4.479827029
2903,22,10,12,162.5554251,3,47,0.535145824,0.000134742,0.1096208,15.79893886,14.06343217,0.411079373,0.136097959,30,2.528740879,1,3,11.2216327,91.80654825,6.443265401,4.057719943
2904,22,11,12,180.76893,6,19,0.57910556,0.133586994,0.613543385,9.899508388,88.01156741,0.664825563,0.084188142,62,3.013331744,3,5,10.16639355,55.39151004,4.332787098,3.784582333
2907,23,3,1,105.8834776,,58,0.483434929,0.614712895,0.19242843,15.32438922,191.0565419,0.313527454,0.038499093,17,9.009518965,1,1,7.957994011,33.22231287,5.915988022,3.607023778
2910,23,6,1,199.2271534,3,58,0.521302199,0.713637094,,13.44548715,144.7677644,0.470375318,0.058658491,59,8.836573422,1,5,8.580826194,93.52977113,7.161652388,4.359872869
2914,23,10,1,254.4279762,7,49,0.576578333,0.239790535,0.057240128,14.8895295,35.99568634,0.611093937,0.146260153,36,3.011932985,2,7,10.27196084,70.92621147,6.543921672,4.118712279
2916,23,1,2,91.13608692,5,21,0.512873752,0.020652013,0.075016371,14.22542134,93.63741973,0.494214822,0.045125619,34,5.078222598,0,0,12.45856741,68.03423512,6.917134817,3.797968113
2917,23,2,2,162.3920841,1,25,0.505397038,0.230180528,0.092200951,15.29663295,121.2456061,0.603935935,0.180310008,62,9.755702924,1,3,12.49812942,44.00166742,6.996258839,3.422851104
2918,,3,2,87.12749777,5,44,0.542173584,0.682260925,0.36300400000000005,12.71218819,71.5701544,0.637397495,0.010567704,11,9.798103579,1,2,9.173437882,93.35528463,6.346875765,
2921,23,6,2,154.9295096,3,43,0.511918665,0.053595854,0.433390266,14.26989586,137.2539461,0.380321649,0.037177951,68,8.403440417,3,3,11.48327548,80.13213049,,4.200969504
2922,23,7,2,226.8653182,2,68,0.498666385,0.028356215,0.653579213,13.18767898,82.8851986,0.328027624,0.169795157,64,3.479000197,4,6,7.993154988,58.44383012,7.986309975,3.936174154
2924,23,9,2,10.79953813,3,58,0.446432256,0.371568644,0.486603152,13.41498167,197.0009019,0.595246632,0.093954497,7,4.85754241,0,0,7.008323153,80.7874571,6.016646305,2.554001058
2926,23,11,2,249.8601461,8,20,0.553006298,0.081294045,0.666534187,15.13551086,91.61323231,0.320236324,0.018889961,40,6.424911782,4,7,7.408617144,50.3589165,6.817234287,4.82210098
2927,23,1,3,265.9170326,5,59,0.424308943,0.494504336,0.105920951,11.05359193,2.636564372,0.368967357,0.147899308,64,8.915869279,5,10,7.80755107,36.32490131,5.61510214,3.910558093
2928,23,2,3,54.6004871,1,32,0.526037331,0.134934462,,16.03757365,161.4663168,0.572343295,0.151990763,32,5.501748363,1,1,11.90976314,114.5878172,7.819526274,3.892757922
2929,23,3,3,59.00158294,7,72,0.4290485,0.323667196,0.079428866,17.68628159,34.43300991,0.514299748,0.145464355,47,5.937619164,1,2,13.27015644,64.16113441,8.540312878,2.320464738
2931,23,5,3,12.56748469,3,47,0.46496393,0.23725652,0.107950093,15.12318289,151.6030837,,0.069555345,71,9.996785651,0,0,10.95732383,106.9169961,7.914647661,3.504293388
2935,23,9,3,257.8399284,8,21,0.568987265,0.670546421,0.293088679,12.97571121,140.1366985,0.480326454,0.004430428,13,5.212841411,2,7,11.87539512,117.8079531,7.750790237,5.45500295
2936,23,10,3,261.5462981,1,22,0.43361399,0.346982751,0.482312282,17.16235951,146.678468,0.359625185,0.077177623,61,4.558322252,2,5,7.979088616,66.97540189,7.958177232,4.23834922
2943,23,6,4,204.343916,1,18,0.482034032,0.878184366,0.746859405,15.82707296,139.1957122,0.415748543,0.044215903,32,2.872259579,4,6,11.79281831,42.18286135,7.585636619,3.2914429
2947,23,10,4,168.9007277,6,22,0.552540411,0.176524737,0.260697353,15.75735136,5.911640724,0.64701961,0.064738173,15,4.568983463,3,6,9.754084091,52.67851596,7.508168183,3.41417518
2949,23,1,5,227.7735417,4,68,0.579255219,0.072963382,0.395234567,14.98640476,171.3315106,0.549901647,0.172389022,66,9.270594084,2,2,10.32578042,96.03035049,6.651560841,5.258111924
2950,23,2,5,137.064545,6,,0.427276112,0.476906647,0.451542247,12.52387179,70.51989815,0.271673256,0.155622132,54,9.369087317,1,2,8.624373215,,7.24874643,4.585067641
2951,23,3,5,204.5449871,1,26,0.573508399,0.029830281,0.166147149,15.26601893,143.2142886,0.383677341,0.146896982,47,8.710257848,4,8,10.48112163,52.14495645,6.962243261,4.447248981
2952,23,4,5,145.7788779,3,59,0.579282394,0.554282424,0.776324258,14.65385124,21.97672766,0.485659191,,64,9.133480102,2,1,11.14102847,99.21694585,6.282056932,4.856226707
2955,23,7,5,8.67019563,2,20,0.538208616,0.285224641,0.005188269,10.65377554,63.31124929,0.22209,0.095567949,38,9.438432713,0,0,11.58543086,8.075905343,5.170861716,
2956,23,8,5,179.3255696,5,25,0.575100536,0.596981688,0.768027112,13.63308991,121.3834071,0.229190051,0.045724119,42,,3,7,10.12949439,61.91426024,6.258988785,4.370320263
2957,23,9,5,94.82611259,2,61,0.514957419,0.877606037,0.086973594,16.08850243,138.9357359,0.557540994,0.100711436,48,6.972403673,1,1,11.38250135,34.55440524,6.765002698,3.297414772
2960,23,1,6,,2,62,0.543333628,0.031373566,0.547544027,12.15552508,6.133350933,0.498866719,0.193421275,29,8.258493523,0,0,7.419736157,102.3803983,,3.659552013
2963,23,4,6,235.3697572,1,56,0.459238189,0.138830284,0.08677941,13.29523373,104.4889821,0.618602,0.03719177,48,5.926826614,2,4,11.94179652,92.70540933,5.883593035,5.153024393
2964,23,5,6,264.1573758,7,24,0.527885304,0.001824942,0.010000325,13.37064283,62.11686813,0.4213281,0.067531294,60,3.678739378,5,7,11.09480157,123.9811909,8.18960314,5.720167025
2967,23,8,6,30.42495737,5,48,0.549787132,0.212996309,,14.55597891,191.5145762,0.571429243,0.187598151,22,6.278900611,0,0,13.19776606,115.6373799,8.395532125,3.957523262
2968,23,9,6,43.01712963,5,48,0.522895398,0.039444114,0.181082611,12.33325733,126.8998866,0.271927407,0.124308842,39,4.734924342,0,1,9.518476294,38.19611766,7.036952589,3.09599666
2971,23,1,7,236.9502153,3,46,0.56920314,0.790329934,0.608884033,15.31850929,58.56626583,0.392980849,0.047241536,60,4.34651247,4,4,11.51028294,57.93025501,7.020565882,4.633323379
2973,23,3,7,166.4831957,6,72,0.550937735,0.331894212,0.563312649,13.58742373,165.8629696,0.626617773,0.055361768,58,5.070477348,1,1,11.65967985,57.90822921,7.319359699,4.068720422
2974,23,4,7,107.7858002,2,18,,0.065230606,0.417608085,16.49964026,135.5256357,0.393378,,27,4.413709237,1,2,10.16646681,60.36912726,8.332933623,3.541844799
2977,23,7,7,22.67109831,4,28,0.483805955,0.518633801,0.136573,10.78004534,145.8441485,0.482329511,0.120989164,50,2.187840406,0,0,11.65558074,36.51134406,5.311161487,3.582352022
2979,23,9,7,6.305079827,7,32,0.554073024,0.273791244,0.735024121,17.78657241,55.93967886,0.288942844,0.129774888,30,3.766807409,0,0,11.32587356,112.4246468,8.651747121,3.293657738
2981,23,11,7,50.82689879,8,47,0.579881303,0.738915757,0.387095995,12.7067901,124.7818987,0.502951737,0.02141187,50,5.981702751,1,1,7.725994503,80.91081179,7.451989005,3.268789822
2982,23,1,8,118.213524,2,50,0.555530007,0.374748287,0.56734943,12.81626826,25.34751977,0.374728046,0.118992518,55,9.025436806,1,3,8.231260142,94.09070585,6.462520284,3.948023556
2983,23,2,8,27.02533076,1,46,0.552266055,0.211393995,0.095421076,12.9003817,127.4110671,0.462695641,0.05967558,11,6.616496405,0,0,8.277989836,88.87885455,,3.814638509
2986,23,5,,16.01672293,8,26,0.55400104,0.123787977,0.425604163,13.3363843,163.193305,0.411488676,0.003072199,70,6.964409442,0,0,8.520213501,71.81528163,7.040427003,3.125473031
2987,23,6,8,287.2992777,1,20,0.569890671,0.115421416,0.800901888,13.18479313,107.2828365,0.24506559,0.038029966,6,4.148929968,5,11,11.88044063,65.00126707,5.760881253,
2993,23,1,9,222.8956875,2,41,0.489865644,0.810866611,0.761712794,14.42488618,180.6832932,0.398638347,0.084379077,71,6.073949451,2,4,9.56938121,51.08840056,7.138762419,4.309485545
2994,23,2,9,,2,27,0.480413588,0.530349701,0.676056086,13.73992834,170.9944125,0.405092122,0.193363768,64,7.277163188,1,2,12.74440463,76.27855532,7.488809266,2.916692244
2995,23,3,9,96.99371549,7,64,0.432053799,0.012899686,0.808971425,18.11965379,103.242575,0.260451494,0.046492105,51,6.408930728,0,0,11.51091877,101.1244101,9.021837542,3.278764389
2996,23,4,9,270.3922695,2,72,0.462630238,0.306200124,0.616421286,14.08382434,60.73536139,0.388402587,0.102540836,33,3.003554393,5,2,12.93545797,85.41615565,7.870915931,4.229776007
2997,23,5,9,261.0799147,6,52,0.47543100000000005,0.001561161,0.012952359,12.82844937,185.6462027,0.604828829,0.059169898,28,2.152843771,5,5,8.23802743,78.37801212,6.476054861,5.180433483
2998,23,6,9,275.0941455,7,43,0.509992094,0.036931337,0.414948,14.44826862,3.460732821,0.493084641,0.048478639,28,3.46166268,2,2,6.471260342,60.4267387,4.942520685,5.048746377
3000,23,8,9,197.455232,1,57,0.478903521,0.912682987,0.512289236,11.15712311,88.29271046,0.530820352,0.003388081,5,2.841391008,3,5,11.8650684,29.9532147,5.73013679,3.40624511
3001,23,9,9,105.1809611,2,72,0.496153769,0.201662302,0.828921536,10.47103629,57.57730103,0.623741479,0.094268826,54,8.879069738,1,4,9.483909048,77.62989431,4.967818095,4.30930989
3002,,10,9,238.0800939,5,18,0.4635921,0.021203539,0.061551057,15.08662108,91.95918771,0.38879836,0.15322172,66,7.112299834,2,9,10.93701171,67.74257569,7.874023419,4.081870746
3003,23,11,9,72.2785267,3,44,0.502498535,0.015614193,0.789587283,14.16642811,82.81889477,0.462662341,0.078608395,15,4.243322034,0,2,9.425793395,92.57439446,6.85158679,3.352739229
3005,23,2,10,76.18751358,5,57,0.538167712,0.291032379,0.727513145,13.58506063,156.0787618,0.263392091,0.108302307,52,8.335567559,1,3,12.10281146,20.36666806,6.205622919,3.202494802
3006,23,3,10,205.1467146,4,47,0.512491343,0.001430566,0.644593277,13.33894371,123.5720665,0.656197701,0.128755964,15,4.852309117,2,4,12.07719095,80.62323864,8.154381896,4.029275335
3007,23,4,10,202.7375514,5,39,0.561183434,0.94419273,0.347788827,16.16989733,89.4743228,0.246297327,0.066476147,,8.525406998,2,4,7.983276292,92.51827284,7.966552585,4.432802337
3012,23,9,10,238.3046517,5,39,0.478503954,0.095899543,0.20023198,11.35512709,145.6254815,0.282107108,0.196611786,42,8.834917757,4,9,10.97507061,65.98342422,5.950141212,4.4243153
3014,23,11,10,100.5600469,4,23,0.501842656,0.011594376,0.291945155,14.33924015,179.0249512,0.43875283,0.188240936,70,8.744999603,1,4,10.07735564,109.4459302,8.154711279,4.261436952
3015,23,1,11,188.2791947,5,35,0.49749578,0.345830529,0.15630715,14.31792444,125.0264968,0.475967971,0.125053988,19,7.225621372,1,3,9.39884691,38.73395466,4.797693819,3.933307614
3017,23,3,11,62.30609786,2,59,0.519860552,0.0825999,0.640881353,14.2967806,83.13378501,0.670747045,0.113017426,14,9.416286872,1,0,8.498211445,62.42951927,6.996422889,3.358271118
3020,,6,11,73.9480721,,67,0.500056755,0.825382075,0.368429726,10.77232161,48.95148206,0.674122173,0.101685752,67,2.895146265,0,2,9.651289785,22.17101409,5.302579571,2.741789638
3021,23,7,11,16.04007195,3,60,0.42072775,0.942075483,0.560448246,13.03546423,84.6368312,0.601604716,0.125169785,27,9.093053581,0,0,7.908591239,59.84658016,7.817182477,2.718113531
3023,23,9,11,184.6833036,6,46,0.507564857,0.267157701,0.649641565,14.03618622,111.79662,0.641372884,0.022355953,8,2.233151488,3,1,9.353436788,57.25672837,6.706873576,3.210700672
3025,23,11,11,228.4329414,4,31,0.461337055,0.120019323,0.599444412,11.62383132,28.74502116,0.470729915,0.026573014,71,8.419179861,4,4,11.12435073,97.6709264,6.248701468,4.728857742
3029,23,4,12,17.81543724,2,29,0.574299,0.522590768,0.758344508,15.43647417,124.8043858,0.27435248,0.012117166,52,2.746406599,,0,11.13137454,130.1065527,8.26274908,3.543157365
3031,23,6,12,228.1747226,6,60,0.492136552,0.054542332,0.319928597,14.79949577,194.1933336,0.503297205,0.183086894,26,3.943540213,4,6,11.66638654,62.39246816,5.33277308,4.739374474
3034,23,9,12,220.8772435,3,26,0.443487195,0.297096831,0.308056,15.1347815,144.4047029,0.603215359,0.078536576,42,8.328640722,4,6,10.40821195,35.78901438,6.816423893,4.252005252
3039,,3,1,,3,39,0.449653591,0.314326105,0.675157607,14.28280234,10.6436667,0.214459073,0.148803066,29,4.945509047,5,2,6.934890186,85.43554913,5.869780373,5.089432252
3040,24,4,1,293.8885405,2,47,0.475577288,0.265080406,0.849362527,11.89459802,55.20909151,0.480976108,0.007789084,12,7.661383697,2,11,10.27477668,100.610085,6.549553354,5.469901599
3042,24,6,1,199.8820578,2,18,0.458489808,0.319764622,0.269860211,15.25456335,30.9071984,0.268515013,0.159401869,64,2.423807152,3,5,10.58586853,95.3525786,9.171737055,4.083520861
3043,24,7,1,38.90874056,7,68,0.563012227,0.048275614,0.068015294,14.29239843,72.11104708,0.57207578,0.109671081,14,9.747846873,0,1,8.606888018,120.5010628,9.213776037,3.361168093
3047,24,11,1,32.4147531,8,28,0.462684729,0.157426147,0.811115122,17.12931952,35.29013666,0.259162182,0.190740891,49,7.572392248,0,1,7.960733069,77.55942055,7.921466137,3.163736331
3053,24,6,2,231.5368922,8,18,0.455527026,0.318820931,0.622810406,12.62740844,151.9358765,0.229935653,0.020725575,50,5.340525482,4,9,8.681893576,40.72171486,7.363787153,4.325001083
3054,24,7,2,205.5768737,4,62,0.455375617,0.928143224,0.684958298,13.44818538,13.21548954,0.35349864,0.017855114,69,4.588755827,2,8,10.58232521,36.9716039,7.164650417,3.55089118
3056,24,9,2,16.79462943,6,37,0.464656005,0.226304235,0.531083707,16.96961578,18.3121657,0.479598,0.090404346,10,,0,0,12.87200876,45.85928492,7.744017529,2.12890495
3057,24,10,2,154.2046519,1,29,0.528364089,0.649120863,0.889744664,16.8923533,197.2016117,0.223211853,0.078980746,23,9.740795486,3,3,9.829085165,64.01658607,7.658170331,4.519399841
3060,24,2,3,53.74250328,6,34,0.488549,0.678850822,0.776624909,16.71447327,36.98015486,0.321078316,0.153229752,67,6.204423664,1,2,8.730262927,80.5234266,7.460525853,3.177807583
3061,24,3,3,222.4725375,3,52,0.529159273,0.095016467,0.857835445,13.62091347,184.3272867,0.434786414,0.099665175,36,7.274863096,4,2,10.23384082,57.2924113,8.467681638,4.066512183
3065,24,7,3,296.906756,1,61,0.572986334,0.000196811,0.089064451,15.79050411,149.4993678,0.283455984,0.028831025,24,7.47960171,5,2,8.21694673,97.02346207,6.433893461,5.353767156
3066,24,8,3,281.318848,7,64,0.532671736,0.264247248,0.70300182,15.73804918,54.30264008,0.41432548,0.184016264,23,7.364014334,2,11,12.74336066,101.2252486,7.486721316,4.635213938
3067,24,9,3,99.78493949,5,55,0.571183094,0.147939344,0.51094766,14.32636774,197.0461509,0.56731161,0.034817842,14,7.621395562,1,3,10.95909319,60.14215923,5.918186377,3.419442804
3068,24,10,3,168.8992728,6,37,0.455051566,0.306733259,0.362886141,15.71034507,83.2884374,0.255986986,0.022591657,71,8.776446231,1,6,12.72796948,72.87869737,7.455938965,3.893730505
3069,24,11,3,193.1715336,1,,0.444532122,0.324290669,0.247600396,15.74116157,134.5039753,0.516749986,0.160570455,50,4.28623705,3,5,10.30064532,123.6308644,8.601290634,4.911790096
3073,24,4,4,61.96956531,3,40,0.494662902,0.093036533,0.070992946,11.69511497,26.88146335,0.472290166,0.009656526,24,8.139468507,0,2,11.16395276,55.2512324,6.327905518,2.645084745
3074,24,5,4,39.58004015,8,27,0.435914448,0.178156881,0.339222237,15.21647204,49.13960875,0.540036556,0.134214957,6,4.95672454,0,0,11.56470669,72.58309579,9.129413383,2.744182799
3075,24,6,4,239.6514949,7,51,0.479884302,0.037628873,0.319439387,15.84639963,58.38880952,0.357362451,0.119601976,24,3.92943087,2,7,7.803555349,89.12714666,7.607110699,4.34569285
3078,24,9,4,104.8290252,5,31,0.456723712,0.321338293,0.298035478,15.12321298,78.85671204,0.39892975,0.074736479,58,7.964094523,2,2,12.95734054,76.54940619,7.914681085,3.37196814
3083,24,3,5,38.42024433,1,50,0.545497315,0.191009058,0.247745923,15.37503117,70.91912914,0.476282087,0.104158164,67,,0,1,13.6527951,73.96146672,9.305590193,2.968627938
3085,24,5,5,12.18143025,4,56,0.467767793,0.11102485,0.692599891,14.1065499,78.0433711,0.385625031,0.091261879,16,7.503716909,0,0,9.503638835,109.2979403,9.007277671,2.86125388
3086,24,6,5,132.878659,4,18,,0.028036456,0.24736631,17.02977399,146.548981,0.557415865,0.004354757,25,9.609867912,2,1,10.90543,85.48316284,7.810859994,4.463777917
3094,24,3,6,116.2924874,5,61,0.422966805,0.001779694,0.151759,14.04932856,75.71987595,0.549105387,0.173051281,30,8.671280554,1,2,11.91629364,55.40121522,7.83258729,3.580018304
3096,24,5,6,170.5728999,3,50,0.528121244,0.184441457,0.773323365,17.74733729,44.04382401,0.679437827,0.18449496,30,3.357381381,3,5,9.859631828,140.5016789,9.719263656,4.488382137
3097,24,6,6,158.9622418,2,54,0.521114283,0.791503126,0.487739734,14.83662829,4.897716311,0.522495049,0.099807999,24,9.202689887,1,6,8.798126827,46.77063763,7.596253654,4.043927667
3099,24,8,6,165.5244665,2,30,0.504187612,0.168896071,0.120719557,15.47696959,163.1920078,0.621929826,0.090968004,37,3.987973367,,3,10.70942755,78.25384946,9.418855105,4.665904369
3100,24,9,6,,1,38,0.43640809,0.071053898,0.165754946,16.00672546,38.11164715,0.566411197,,33,6.704018406,0,0,12.3370697,79.68682216,6.674139405,3.081538607
3103,24,1,7,67.22809407,8,61,0.467188985,0.845564295,0.706072353,15.13663074,122.4928576,0.375937898,0.069505267,25,3.899511324,0,0,9.964794858,58.45144593,7.929589715,3.406893051
3104,24,2,7,56.55344273,4,53,0.474346905,0.104174701,0.79202433,14.78035358,129.5171561,0.545622672,0.1654039,20,6.519809658,1,,8.877974214,94.38643059,9.755948427,3.301066111
3105,24,3,7,266.157595,2,59,0.457348632,0.4664323,0.706646502,13.16601489,175.4846127,0.384985186,0.022967579,61,7.603061552,5,10,8.42556383,103.7960828,6.85112766,5.140055805
3108,24,6,7,180.5743901,4,69,0.441647752,0.697929702,0.089345936,15.7861257,193.5726372,0.523635836,,63,4.812867081,1,3,8.32562539,123.9051178,8.651250781,5.272427864
3109,24,7,7,292.3149836,3,31,0.430261104,0.517233431,0.218911503,15.1545536,10.06428091,0.349688367,0.069403715,48,3.253805286,5,5,10.974752,70.24696683,7.949504003,4.818674512
3113,24,11,7,76.67637455,1,27,0.482750296,0.269526655,0.887002858,16.97349114,109.2471145,0.542016014,0.146005411,23,4.139069965,1,1,10.87416174,90.59121815,7.748323486,4.079008028
3114,24,1,8,249.3348396,7,18,0.512310556,0.496098274,0.014205593,15.10419673,192.5874239,0.59223785,0.010475556,30,2.230888091,2,4,10.05788707,114.8754326,10.11577415,4.884300818
3115,24,2,8,228.7931821,5,20,0.536804813,0.533706758,0.212042638,15.05271833,5.278578098,0.486865686,0.0306452,9,4.527839933,4,4,9.918176849,119.4610249,7.836353699,4.986969094
3118,24,5,8,14.52888023,6,40,0.449418961,0.59989887,0.855265599,16.95502291,31.63500429,0.450578776,0.173194828,19,5.477594854,0,0,7.863901619,66.41715382,7.727803238,2.91912697
3121,24,8,8,156.3611019,7,67,0.562272043,0.503933906,0.359149897,14.17015202,77.11441846,0.389939331,0.05935001,29,8.036071015,1,3,12.53897334,104.087517,9.077946685,3.996255756
3122,24,9,8,216.8944789,7,53,0.495950703,0.003706514,0.697812,17.56367237,141.7233383,0.633353993,0.041737472,57,7.987984439,2,6,10.2020402,93.49397588,8.404080407,3.983467686
3123,24,10,8,202.5320645,6,71,0.434011098,0.136377942,0.096505657,16.42209936,163.0016875,0.423453827,0.131897293,31,4.689050945,4,8,13.12338853,74.21067395,8.246777063,3.638678368
3125,24,1,9,240.3211347,6,71,0.562556376,0.309074918,0.613748792,,161.0356916,0.370605927,,41,6.295512611,2,9,12.7015848,89.80834038,9.403169595,4.560169276
3126,24,2,9,99.70682318,5,49,0.517545038,0.221680816,0.444454686,15.43935814,136.0652025,0.414082714,0.19054853,59,5.464025916,0,0,9.132976744,,8.265953487,3.98440844
3131,24,7,9,112.3732954,1,46,0.547616525,0.204297995,0.792226381,15.22953285,49.16492228,,0.148533508,41,4.190211177,2,1,11.46085158,82.3739882,6.921703163,
3132,24,8,9,102.4067539,5,,0.52356667,0.131818724,0.181907929,16.84135793,39.85581769,0.420443701,0.091954517,13,6.965730264,1,2,11.8007544,95.33767192,7.601508807,4.325280387
3133,24,9,9,183.0427339,1,44,0.422408169,0.976416015,0.784750651,16.87772435,89.8493187,0.40502819,0.157043367,13,5.906460567,3,3,13.37651353,137.3865028,8.753027052,4.531969969
3138,24,3,10,48.89056952,2,51,0.538149204,0.042099748,0.336940459,12.00759897,156.7417332,0.265432094,0.181299646,39,5.250587202,0,0,12.33755498,88.01922237,6.675109967,3.630687583
3139,24,4,10,113.8278058,1,,0.457546731,0.195485052,0.645968162,15.74653305,137.5211237,0.606745627,0.006772862,41,7.369258316,1,2,9.303629472,111.3007846,8.607258945,3.781986186
3144,24,9,10,113.6467425,,67,0.512633126,0.423098342,0.289331627,15.54922754,67.89842612,0.674902395,0.095052807,25,8.440757694,2,4,13.74957085,132.0653192,9.499141709,3.698673375
3146,24,11,10,224.7246762,1,67,0.438168748,0.052888756,0.688682728,13.96030007,158.6339939,0.228593363,0.107211515,28,4.159499907,2,6,9.422388928,67.49803145,8.844777857,4.351577503
3147,24,1,11,263.6413622,4,58,0.57899472,0.485394955,0.771455554,15.77904689,79.16445342,0.33422209,0.189495912,43,8.384997345,5,5,11.32169271,81.27320496,8.643385429,4.443687667
3148,24,2,11,274.5013167,3,47,0.539900058,0.518495853,0.694186073,11.16162773,21.93689392,0.638192034,0.154987858,37,4.374580536,5,5,9.86757096,77.62730471,5.73514192,4.988428344
3150,24,4,11,282.9464543,2,29,0.441005474,0.726771334,0.704993849,14.81331714,39.14661339,0.314343507,0.07443863,41,8.960429345,2,8,10.78517619,107.4842814,7.570352378,4.41472534
3151,24,5,,127.631973,5,33,0.453941275,0.288672634,0.65913208,13.19347821,90.94137901,0.627080422,0.066322335,7,4.38338521,1,3,11.44082123,99.42861916,6.881642459,
3154,24,8,11,74.85581208,1,59,0.576096386,0.206349226,0.520516096,15.13968874,173.8126172,0.652021307,0.068838407,21,5.229532731,1,2,12.5220493,119.293707,9.044098601,3.430574025
3155,24,9,11,230.2653169,7,59,0.501228907,0.666541054,0.493671762,17.51380108,102.8876682,0.324965544,0.068852842,17,5.210788176,2,9,8.174333935,96.45562742,,4.268567171
3157,24,11,11,110.7434431,5,29,0.480118943,0.131405965,0.411418235,13.83703561,174.9587276,0.284760262,0.155275236,15,6.702760342,2,1,7.798353116,71.93908749,7.596706232,3.39900254
3162,24,5,12,278.9938686,4,24,0.525922006,0.561296982,0.499816005,16.06595737,171.1657508,0.471273472,0.174939401,21,4.56776768,5,11,13.03664298,84.79365838,10.07328597,4.272997382
3163,24,6,12,279.5400441,5,36,0.510278568,0.632379412,0.150014595,16.50374769,71.78011189,0.543265551,0.179215613,28,7.284198509,2,8,12.61319316,61.92874686,7.226386317,4.686041394
3165,24,8,12,190.2099483,3,44,,0.711423029,0.825203,17.46946695,84.24596104,0.628109922,0.001503297,41,6.887386519,3,1,10.14970386,87.58333002,8.299407725,3.584868393
3166,24,9,12,162.4522073,2,33,0.462892,0.055811386,0.387822129,14.05814958,83.61922088,0.37170153,0.17240118,38,2.400288675,1,4,,31.87112666,6.731277312,3.33955395
3169,25,1,1,0.427758704,7,62,0.560825045,0.116266435,0.493657268,14.2950657,65.1737698,0.201741215,0.174824827,36,5.972558548,0,0,10.05281428,61.50375712,8.10562855,2.573041306
3170,25,2,1,138.5542509,6,23,0.5022074,0.305342958,0.748198244,12.0084356,132.1552286,0.481428,0.079173308,51,2.767499231,1,2,7.33801978,94.19053815,6.676039559,
3172,25,4,1,45.14470568,5,43,0.497949853,0.009208636,0.451739447,13.78403229,32.59835041,0.633865866,0.195393572,58,4.139218204,0,0,10.32446238,102.7239044,8.648924768,3.281726768
3175,25,7,1,182.7477893,5,36,0.47409999999999997,0.009167369,0.27145901,17.99158782,156.9940217,0.576152859,0.157978148,30,7.307395359,3,7,8.439771011,121.6515714,8.879542021,4.38319953
3177,25,9,1,64.08412587,7,45,0.496682751,0.026762747,0.343475092,11.13697569,135.4728323,0.490058686,0.076774357,25,8.757713676,0,0,7.853875386,75.57286613,5.707750772,3.489499329
3183,25,4,2,34.88751228,7,53,0.555286877,0.000509118,0.160446137,14.57053514,197.7805095,0.672498373,0.183297278,18,5.650629558,0,1,12.20585286,82.79604981,8.41170571,2.973359895
3184,25,5,2,,3,72,0.423221389,0.397081201,0.329961273,14.72497816,7.871835135,0.391058861,0.038123109,12,9.342199955,0,1,11.73609898,76.99724046,7.472197952,3.596080148
3186,25,7,2,166.6240257,4,51,0.54620606,0.141989605,0.268867731,13.06061136,69.1909784,0.230825835,0.103272006,40,4.913996522,1,1,12.92256186,58.87770367,7.845123729,3.929124814
3187,25,8,2,59.94904396,1,36,0.573685842,0.260850195,0.424111176,15.91821285,45.20790012,0.468275085,0.03756036,66,4.915501417,0,,12.84345159,78.20413152,7.68690317,3.598297878
3188,25,9,2,184.6871119,8,34,0.482004594,0.36708655,0.584847716,15.38088725,117.300914,0.453276166,0.000300615,19,3.894726807,3,1,11.10049291,94.4000816,8.20098583,4.479514594
3189,25,10,2,23.75625394,5,59,0.569625094,0.509988634,0.329925584,14.04582499,162.7671552,0.523042846,0.111973547,29,9.490671548,0,0,11.91434722,122.6233969,7.828694435,3.706261755
3193,25,3,3,195.2814087,6,63,0.47725665,0.000633628,0.080271032,14.69592923,99.60530754,0.618315537,0.145086667,,4.507520175,3,5,9.27551624,101.4880565,8.55103248,4.241964612
3196,25,6,3,15.83824105,4,56,0.550950983,0.170409366,0.414824559,15.81953619,107.1676473,0.265245117,0.075028098,15,3.42308785,0,0,10.23307566,69.70303789,6.466151323,2.319793705
3197,25,7,3,155.9578579,2,27,0.435584462,0.086154117,0.04765923,12.87518214,20.1292267,0.557900199,0.192031515,63,7.021786978,1,3,8.819545634,51.39249318,7.639091268,3.740496953
3199,25,9,3,105.3477782,6,29,,0.238938739,0.382416399,14.14212997,51.03442198,0.499685342,0.105675637,64,9.360526912,1,3,11.96784999,50.7072222,7.935699971,2.454736946
3201,25,11,3,18.85766632,8,30,0.519938275,0.02169035,0.718797,12.30620529,68.10289257,0.236835408,0.035174971,43,7.392206049,0,0,7.503447385,96.00073532,7.00689477,3.407791322
3204,25,3,4,153.7410195,1,41,0.574644808,0.001693113,0.143042507,15.27870792,145.9594271,0.338587891,0.094491893,17,8.896381776,1,3,10.04372662,51.89448729,8.087453247,3.591715945
3205,25,4,4,235.8882301,1,64,0.561943647,0.386664657,0.47428535,18.30101933,186.493307,0.65204648,0.034475582,31,,4,9,13.6116774,88.23578825,9.22335481,4.02093956
3207,25,6,4,279.8097815,2,68,0.420492953,0.183324842,0.209405132,16.55353276,32.06720273,0.23283444,0.09743497,43,5.108070341,2,2,9.640851534,70.14315158,7.281703068,4.683835664
3208,25,7,4,183.040381,5,41,0.492627795,0.02643417,,17.3550335,146.0065422,0.330693954,0.08284966,71,2.444464161,3,3,12.64168528,124.5202522,9.283370553,4.353755454
3209,25,8,4,245.078594,7,34,0.516178081,0.549523662,0.433918127,15.24781131,165.1454671,0.576578142,0.032395236,22,4.582238857,4,7,8.026561839,74.01107603,8.053123677,4.643355986
3210,25,9,4,164.3315262,5,61,0.50428687,0.070195271,0.430394892,14.01828624,131.2218585,0.633767536,0.014101552,33,5.746770349,1,3,8.343492357,,6.686984714,3.49895332
3211,25,10,4,121.7522047,6,56,0.564537698,0.920802991,0.162574091,14.82972847,122.2576447,0.202539355,0.069607584,25,7.244576479,1,1,10.23873804,99.29727294,6.477476078,4.084941552
3212,25,11,4,46.90829102,3,35,0.546929111,0.146526395,0.354136682,14.01955485,89.25780446,0.679172666,0.059534914,63,2.85997786,0,0,12.45530825,65.71305401,8.9106165,2.874491096
3214,25,2,5,142.9782532,4,55,0.560869811,0.030644452,0.412238948,17.37671764,50.16479944,0.412272235,0.17917016,13,8.972501723,1,4,10.09817647,107.4784251,8.196352932,4.003140516
3215,25,,5,152.8831201,8,54,0.564323968,0.692092879,0.592896835,17.16247019,110.620893,0.468457794,0.180867317,8,8.510613236,3,3,9.534705661,134.0921289,9.069411322,5.079183762
3217,25,5,5,89.67932547,7,34,0.540312962,0.99736931,0.218590137,11.77162402,89.12090202,0.264409202,0.110701925,71,7.931413399,1,2,8.206457786,83.60926066,6.412915572,4.196704558
3219,25,7,5,22.64558727,5,,0.49434472,0.850131522,,16.59472945,138.0110614,0.222841346,0.102338782,67,3.114118309,0,0,12.21929414,128.7221474,8.438588278,3.857381746
3220,25,8,5,197.1228943,4,33,0.470110628,0.114877013,0.621365511,12.98959877,146.2692504,0.318773567,0.165451982,59,5.414866733,3,1,11.88311043,113.4541458,7.766220851,5.420938354
3221,25,9,5,282.0193693,2,26,0.49417892,0.026176664,0.550712333,17.45830536,80.96923274,0.599652617,0.002023437,10,3.851969098,5,5,12.14350298,56.79446775,8.287005953,4.299291336
3223,25,11,5,270.3969772,3,41,,0.027000721,0.820858271,12.58389157,40.22674407,0.469849228,0.178652664,56,9.770142415,2,8,8.657717539,49.59884796,7.315435079,4.988110403
3224,25,1,6,,7,27,0.426193234,0.02791727,0.386031136,16.80633651,117.4260478,0.441282953,0.179274395,56,9.936414925,2,2,11.78129806,67.65746649,7.562596123,3.985727741
3226,25,3,6,108.9662059,7,43,0.473415145,0.207059418,0.3015241,16.24822928,153.7990582,0.388670619,0.121309259,20,2.719180763,2,1,12.02679404,120.7718482,8.053588087,5.028831312
3227,25,,6,115.2224114,6,61,0.43951678,0.002088484,0.069096185,12.66554207,185.754151,0.64543109,0.053488338,29,8.783952057,1,4,11.70307893,79.35493915,7.406157858,4.397393204
3229,25,6,6,170.0336785,7,72,0.453242398,0.000737539,0.604647707,14.81654796,146.8512034,0.498557,0.017367956,42,8.149264633,1,1,10.78697109,48.44479347,7.573942178,4.028259235
3230,25,,6,56.09409152,7,22,0.576634133,0.152782143,0.525690291,16.045713,35.02040403,0.585686654,0.007209428,50,4.301990296,1,1,11.914285,78.91158704,7.828570001,3.692424748
3231,25,8,6,284.342912,1,30,0.485458221,0.236490559,0.217893573,13.92712723,,0.674444323,0.014135899,11,5.755337677,5,5,12.84840402,44.36684846,7.696808034,4.512213345
3232,25,9,6,243.9290111,5,40,0.426426599,0.023342065,0.341761244,17.60824301,69.46680203,0.480166196,0.120837283,52,8.149561337,4,9,13.22680167,79.93399124,8.453603348,5.198550226
3238,25,4,7,147.8092044,4,62,0.49622848,0.102179056,0.427655747,14.11834512,185.9205235,0.668194761,0.0253479,57,4.374333816,2,2,6.843525065,50.42169914,5.68705013,4.115227449
3239,25,5,7,133.6541384,1,26,0.510420789,0.606471229,0.222148746,14.42044618,165.9297864,0.26659,0.170842583,33,2.576141054,1,5,12.1224701,69.80487628,8.244940204,3.742123928
3240,25,6,7,81.60918605,3,19,0.520970311,0.008946797,0.653943731,14.12488473,107.0137942,0.508716193,0.09243353,6,2.821426668,0,0,9.402713741,102.7076207,6.805427482,4.177528233
3241,25,7,7,12.69947134,6,18,0.526526789,0.796544262,0.062140655,15.80649403,151.2923445,0.524084753,0.147435977,45,2.237480156,0,0,12.33694113,87.63992192,8.673882258,3.839320538
3242,25,8,7,105.16999,4,72,0.508582162,0.096343614,0.278504912,16.59247527,74.38584945,0.632216276,0.134209537,30,4.064743411,2,1,10.21804182,59.62202871,8.436083633,3.805294917
3244,25,,7,241.6941473,8,70,0.549259396,0.408570807,0.129598304,16.45920837,153.9603309,0.618364521,0.105840906,25,2.240089461,4,9,9.144004648,67.87522497,8.288009296,4.635772146
3246,25,1,8,82.74595314,6,32,0.420254975,0.052161651,0.814679318,17.74060362,68.21659356,0.221903332,0.11535291,22,2.379837857,0,0,8.300335343,122.9995621,8.600670686,4.054724504
3249,25,4,8,135.0211138,7,,0.50232571,0.008935285,0.756119283,15.15069812,169.4511893,0.467970046,0.169394744,28,7.821994638,2,1,13.52816562,109.6135956,9.056331244,4.177175832
3250,25,5,8,77.92299886,4,60,0.427588408,,0.216963125,13.10963598,18.75791216,0.6518327,0.153492969,51,9.822694134,0,3,8.394242211,91.49679314,6.788484423,3.21882585
3251,25,6,8,25.38883355,2,28,0.514885274,0.944595741,0.478634784,13.91683145,51.12020874,0.433059971,0.094926785,69,3.395817208,0,0,12.28712858,100.1251221,6.574257166,3.324513188
3252,25,7,8,200.1739053,6,50,0.505551935,,0.240597124,15.21565804,114.521909,0.601126749,0.146912916,33,9.871120705,2,2,11.00869891,92.58654498,8.017397827,3.98860198
3253,25,8,8,,2,69,0.463154521,0.170577011,0.405590436,17.96718116,167.243346,0.585962239,0.085582741,57,3.234966406,2,10,12.42621176,137.6377955,8.852423514,5.053574388
3255,25,10,8,259.4761183,3,29,0.532241641,0.070223599,0.27813247,15.21365221,49.22196915,0.53353696,0.103253494,11,9.203166537,5,2,7.452029005,87.80607124,6.90405801,4.679523484
3256,25,11,8,281.2647784,2,20,0.564528804,0.601049351,0.701741304,13.38304435,,0.52422696,0.161790538,66,3.978264848,5,8,6.990580196,60.43529608,5.981160392,4.658385104
3258,25,2,9,276.644916,5,59,0.481419411,0.007776351,0.326798179,16.44524738,27.6588319,0.671084333,0.101753171,28,7.615425911,5,11,9.136248546,70.70788157,8.272497092,4.502505474
3260,25,4,9,149.7100031,7,30,0.53207557,0.989652332,0.651311479,13.83268758,185.4822692,0.543529163,0.122344388,,8.803415232,2,4,12.79593754,88.56879278,7.591875088,4.481676118
3261,25,5,9,61.06769547,6,57,0.5014647,0.006539407,0.217103758,15.73624321,157.4447385,0.643730675,0.19835553,36,4.318002201,1,2,10.74235734,100.1714066,7.484714675,3.462295643
3262,25,6,9,231.6753936,5,51,0.508352416,0.022479676,0.411810949,14.30780271,107.7811358,0.2818365,0.120746519,47,7.832123194,4,2,11.94877928,57.88848917,5.897558566,4.582957497
3263,25,7,9,57.69530684,4,69,0.478111306,0.38652579,0.485415723,13.84744679,78.65427141,0.457820548,0.090017057,22,9.416697494,0,0,8.804137104,44.54183746,7.608274207,2.732367155
3264,25,8,9,99.6087309,4,47,0.542170276,0.190842302,0.874925563,15.96517071,17.11093468,0.491594514,0.000425997,25,5.901727667,1,0,11.42509484,110.8977076,8.850189672,3.248515933
3265,25,9,9,104.3884629,8,66,0.49579525,0.028162038,0.064080322,13.05657401,43.26128235,0.341099976,0.015615673,64,9.1285299,1,3,12.9203189,54.01232929,7.840637791,
3267,25,11,,98.87827532,7,28,0.434394576,0.163183386,0.253918783,15.97136098,190.4222502,0.665828259,0.078451417,22,8.443292198,0,2,7.872978321,85.24529558,7.745956642,3.7085692
3268,25,1,10,266.1091074,7,29,0.430470208,0.098639527,0.4954239,15.54983483,154.1056013,0.640855007,0.102791948,67,4.898804285,2,5,9.638797128,89.66049933,7.277594255,5.411879985
3269,25,2,10,145.2598146,3,28,0.513841327,0.687666283,0.800003499,16.83862864,81.23421637,0.271401387,0.13790722,57,3.113207412,2,1,7.799238136,97.80736891,7.598476272,4.099545704
3271,25,4,10,27.81220536,4,21,0.510907831,0.304816884,0.155217933,14.91235029,88.52675348,0.287684668,0.060705143,48,6.822437281,0,0,9.28463905,93.07941914,6.569278099,3.511023587
3273,,6,10,281.592582,6,56,0.452375816,0.006304013,0.050743103,15.52444911,72.26331678,0.393017059,0.056393402,36,7.259304558,5,8,8.624693948,55.73790876,7.249387896,4.525810891
3277,25,10,10,103.3069848,7,26,0.556395716,0.43887154,0.631460734,17.0357706,90.10848336,0.644107844,,56,2.222938306,2,4,11.90876144,50.84479325,7.817522886,2.912253149
3278,25,11,10,191.0431371,8,49,0.427061988,0.168361707,0.889095902,14.34275145,110.2912794,0.412241772,0.08953856,35,2.56067545,3,1,13.07930636,83.2077061,8.158612717,4.157506242
3286,25,8,11,44.81532212,5,42,0.515561343,0.131103893,0.287404128,15.47312445,139.4186274,0.276348667,0.115275746,9,7.717943061,0,1,11.15173581,87.1104422,8.303471616,2.406368807
3287,25,9,11,69.85978386,1,,0.491892182,0.955295282,0.790440548,15.34523482,23.07723427,0.618576397,0.162954681,,2.455633045,1,1,9.969574902,57.42394753,5.939149804,3.134785984
3288,25,10,11,51.3035571,3,21,0.511290284,0.174761422,0.847054727,13.84840097,59.64884237,0.633501087,0.160652622,46,6.704093934,1,2,7.804667204,43.75704854,7.609334407,2.880770686
3292,25,3,12,196.478862,4,19,0.464106602,0.36866991,0.876338783,15.45122092,187.2977809,0.638064371,0.022737558,71,2.086199289,1,5,8.58401162,58.18452702,7.16802324,4.253276158
3293,25,4,12,67.28272059,8,68,0.544205154,0.67121868,0.607704445,12.45320556,81.84575036,0.212784411,0.103117938,58,2.098527321,0,2,10.5851142,96.10837259,7.1702284,3.810628179
3294,25,5,12,119.8477252,3,,0.451813172,0.880165916,0.459518995,17.00506045,13.30000143,0.301995239,0.096174984,46,2.228582522,2,4,12.4472558,69.97493646,8.89451161,3.527246621
3295,25,6,12,120.3503589,8,18,0.507054839,0.99917596,0.557946217,14.56822594,147.5123929,0.662416881,0.163324998,50,8.18464727,1,3,11.09345885,38.54675316,6.186917707,2.759750656
3296,25,7,12,236.6822485,7,50,0.517278852,0.1392486,0.583956686,14.0311184,81.58992107,0.223096566,0.098293661,11,5.530643018,4,2,12.90617689,84.51221428,7.812353776,3.745229766
3297,25,8,12,61.35801928,8,37,0.526143361,0.772863145,0.502170276,15.74011861,179.3398371,0.20223084,0.110306572,15,8.20796635,,2,12.18895478,92.5665235,6.377909562,3.316458583
3299,25,10,12,158.6729684,4,50,,0.639163121,0.051796117,13.39413337,,0.22851413,0.052519715,39,2.627819486,1,4,7.996740762,42.09907645,5.993481523,3.68258266
3300,,11,12,9.391094253,3,39,0.539379339,0.663957374,0.048026048,12.77025094,38.83694133,0.262868245,0.042557546,59,5.239194042,0,0,11.20569497,91.27323955,6.411389934,3.117909237
3301,26,1,1,259.9772375,2,56,0.522434067,0.091200235,0.045664104,14.14968624,181.1082298,0.427575255,0.176234658,17,9.677281681,2,,10.52760346,,9.055206928,4.17041072
3302,26,2,1,87.85809091,3,29,0.579021211,0.489896487,0.863843155,15.38839891,106.1358733,0.561939,0.161218296,65,8.045732261,1,0,9.549110507,105.4798997,7.098221015,4.035287602
3305,26,5,1,12.45748038,7,42,0.44266300000000003,0.843304784,0.634188519,,118.6440533,0.49835999999999997,0.023313383,62,3.737579498,0,0,13.36808154,103.215332,8.736163081,2.833601799
3306,26,6,1,23.26167892,1,35,0.55430488,0.054630195,0.65058838,14.03134838,138.4771425,0.219717172,0.114350282,8,3.340794421,0,0,8.239637992,19.04071229,4.479275983,3.357864877
3307,26,7,1,,,64,0.574123848,0.319987836,0.789474679,16.28644474,144.9080304,0.288021504,0.088812393,33,9.307366138,4,4,10.4924693,62.17557225,6.984938605,3.501012899
3311,26,11,1,187.480552,5,59,0.51308454,0.024031612,0.663479346,15.6064542,18.19643266,0.543636098,0.111206047,56,3.627731849,1,3,8.114696776,84.54306532,6.229393553,4.392923549
3313,26,2,2,249.0348217,5,35,0.48310536,0.255736733,0.32173072,15.72522915,138.0028367,0.542991049,0.149850161,23,6.247191808,2,9,12.29179397,122.3666437,8.583587942,4.421842597
3317,26,6,2,62.21439301,1,,0.459845728,0.03051434,0.130770539,13.29970506,22.00346477,0.596734,0.115738738,14,7.407889011,1,1,8.944280588,34.2160832,5.888561175,2.732733402
3318,26,7,2,182.652462,1,33,0.440322331,0.50818042,0.078540748,15.25442284,170.5611712,0.269595734,0.172190371,43,4.46808623,3,1,8.474679355,47.15920771,6.949358711,3.703809145
3320,26,9,2,69.93067807,4,65,,,0.211675498,16.68074328,194.2420426,0.661104609,0.142332359,28,7.181481217,1,2,10.71152404,111.9497086,7.423048087,3.201480591
3321,26,10,2,52.64653827,7,36,0.470802311,0.193750253,0.262115527,13.42463128,66.36291913,0.253649529,0.062521236,45,7.63257307,0,0,9.124795153,79.46195503,8.249590306,3.383563735
3322,26,11,2,85.94149756,4,46,0.478386237,0.18853454,0.364702212,14.65245257,76.25716191,0.660505485,0.087739404,16,9.683972705,,1,10.25136254,90.40028762,8.502725078,3.820515525
3324,26,2,3,3.124242375,5,71,0.489635129,,0.284565692,14.37893114,194.1846671,0.297267,0.197353133,8,6.337722945,0,0,11.65496174,73.83544551,9.309923488,2.24851401
3326,26,4,3,142.1647624,6,54,,0.829942915,0.760673987,15.87076564,99.59933738,0.646437903,,29,3.943327993,2,5,8.261536465,41.4567141,6.52307293,3.240560561
3328,26,6,3,13.73892356,7,35,,0.585865928,0.788028007,14.37211745,16.90622344,0.238277769,0.050952075,14,3.152760821,0,0,9.651176362,70.12153454,,2.228989176
3329,26,7,3,177.6603014,4,35,0.550596348,0.657382043,0.653993815,13.72671273,180.8286857,0.539491901,0.03162412,,9.958001925,1,5,10.73706263,48.22858838,7.47412526,4.019961226
3331,26,9,3,294.3008431,3,33,0.497229888,0.041176447,0.796761847,,4.875130689,0.292991821,0.079376237,31,9.151985427,5,5,9.831494057,86.93060368,7.662988113,5.013974506
3335,26,2,4,237.5535355,1,58,0.556919943,0.814934236,0.656806801,14.87772982,104.3060076,0.334527241,0.036427516,8,,4,2,9.820961012,56.961559,7.641922023,4.664887195
3338,26,5,4,63.72729145,4,43,0.510856192,0.456845887,0.479569003,10.79016477,168.3480849,0.496250323,0.155946562,33,7.726341249,0,2,11.66120265,67.11471643,5.322405301,3.447807961
3339,26,6,,168.6768744,6,59,0.558908397,0.101176969,,12.18483994,104.9674023,0.328846171,0.11356566,8,2.795813536,3,6,11.43602219,107.5286637,6.872044379,4.955085757
3341,,8,4,85.29751545,7,39,0.467158492,0.103998464,0.521110947,15.9982296,118.0049872,0.636185505,,26,7.543476239,1,1,7.332349779,71.96967606,6.664699558,3.354137184
3343,26,10,4,279.8711822,7,68,0.453541176,0.381837364,0.620584238,12.5200099,97.53848319,0.449816685,0.149899088,68,5.615863695,5,2,12.06667217,45.31031204,6.133344333,4.098057153
3344,26,11,4,275.878871,7,33,0.57047136,0.002754824,0.660175241,17.56365346,111.1129192,0.253875369,0.01030159,16,7.889402825,5,11,8.2020297,123.0140267,8.4040594,5.114327329
3346,26,2,5,200.5158419,2,44,0.521116531,0.425145365,0.056633094,15.3124113,39.55950837,0.642061953,0.154554667,37,9.317809504,4,8,9.951339609,92.42598561,5.902679219,5.040367072
3348,26,4,5,114.91765,7,65,0.562037691,0.004614516,0.011081682,14.86566208,103.923323,0.272488261,0.110879994,24,4.58164942,1,4,7.81425671,104.1950392,7.62851342,4.149181711
3349,26,5,5,122.6756958,3,44,0.541737065,0.195691909,0.548696762,17.37858789,80.38854803,0.214226487,0.144053565,39,6.048820458,2,2,11.0992155,118.4971871,8.198430992,4.600829295
3352,26,8,5,82.91232104,1,43,0.559581726,,0.404850374,15.66421585,114.5256598,0.354576099,0.055763529,37,6.973460695,0,,7.702342137,98.5892493,7.404684274,4.820953532
3353,26,9,5,72.37769099,1,25,0.561519681,0.488465003,0.279867742,12.49944245,62.47237602,0.257950815,0.037081622,50,4.846383517,1,1,8.61080136,52.85340536,7.221602719,3.918465456
3357,26,2,6,117.9414115,7,52,0.495620533,0.00012215,0.673674079,16.66920898,36.66791005,0.577688245,0.030844799,44,4.482885955,1,3,9.260671656,116.2560766,8.521343311,4.580553032
3358,26,3,6,43.52731813,7,31,0.555427829,0.663296209,0.819638213,14.51572354,146.3216328,0.64869749,,57,2.672367363,0,0,12.73095752,148.4878119,9.461915043,4.414389849
3359,26,4,6,151.112015,7,55,0.577129742,0.001144649,0.744486614,15.80098218,57.01774705,0.246979476,0.002613749,15,3.96162858,1,3,10.77832343,72.91015848,7.556646862,4.099733613
3361,26,6,6,197.6432414,6,56,0.439985375,0.757412923,0.10368949,16.05928231,99.19299788,0.479067108,0.171589079,27,2.897021724,1,7,11.92182351,115.376015,7.843647012,5.177400102
3362,26,7,6,17.95747253,3,72,0.444997232,0.78998263,0.438824777,13.89887086,146.3282524,0.240552567,0.047215758,62,3.572498187,0,0,9.832706031,73.89529125,7.665412063,3.530535356
3363,26,8,6,268.1075519,6,34,0.48997057,0.463416313,0.441205794,15.07275802,82.74966212,0.633819987,0.178383422,7,8.020108197,5,8,8.484865565,76.26271162,8.96973113,5.011450548
3364,26,9,6,242.0049841,6,21,0.565391646,0.014272571,0.62053511,13.11306709,121.3043662,0.375481299,0.18012367,28,6.64931093,2,9,9.951703938,63.60501723,7.903407875,4.858046419
3365,26,10,6,174.9619966,2,29,0.511823496,0.186321152,0.30082699,16.8453363,167.6018732,0.613002694,0.167214171,59,9.552196603,3,1,11.80296461,87.86941786,7.605929226,4.740185595
3366,26,11,6,9.299786242,3,64,0.445698731,0.212045084,0.57464826,17.5235009,65.95272912,0.217211954,0.032821178,45,7.56889601,0,0,10.29083384,115.5608761,10.58166767,
3368,26,,7,19.10511909,6,27,0.491159054,0.539110403,0.844186883,,110.3855252,0.284178994,0.009957051,21,8.122907744,0,0,13.18894084,120.4563992,8.377881688,3.634501312
3370,26,4,7,161.6826273,1,54,0.545997287,0.030551764,0.716490873,14.47366031,176.6882101,0.53059877,0.134229932,32,5.951502006,1,6,7.040922395,94.43970157,6.08184479,4.945845407
3372,26,6,7,217.5060546,5,55,0.492116906,0.126145743,0.2103138,15.08568298,143.4475727,0.48769238,0.144304999,6,6.086441561,4,4,10.93649054,124.4953895,7.872981084,5.049294791
3374,26,8,7,101.7990658,7,38,0.550266018,0.9501919999999999,0.577333331,,95.43261976,0.470077434,0.119378353,58,4.333198466,1,4,10.63835285,97.71331419,7.276705695,4.071870974
3377,26,11,7,78.29593156,6,27,0.53612,0.001960192,0.677132669,13.10992982,60.94663114,0.237818393,0.189277537,37,3.846376471,1,1,9.394405455,106.6483445,6.78881091,4.477202433
3379,26,2,8,257.7136361,5,19,0.485615627,0.005923321,0.786656577,14.57071449,137.8908901,0.216793566,0.183289755,56,5.95170352,5,5,8.650396938,65.65671451,7.300793875,4.777295444
3380,26,3,8,272.1075694,8,42,0.557437939,0.081164489,0.447285232,16.50897037,62.30025553,0.491768165,0.147969369,51,5.454922279,2,2,9.616094651,91.54957771,7.232189302,4.832272183
3381,26,4,8,88.24615238,2,32,0.521789751,0.009255132,0.12443809,15.1014542,161.3106712,0.605402063,0.184225211,43,5.918362934,0,2,8.83414122,19.65316604,5.66828244,2.850596515
3383,26,6,8,150.3934408,6,33,0.554291087,0.006234496,0.454549426,15.4422392,187.9659174,0.405413556,,64,5.436064541,3,6,9.690132889,136.7179885,9.380265778,4.299362637
3384,26,7,8,9.423056143,3,18,0.508542814,0.022036621,0.090328862,14.29583136,5.091990084,0.559501501,0.06635578,12,9.993547758,0,0,7.386572978,2.403276722,4.773145956,2.398328531
3385,26,8,8,279.0470874,4,53,0.49488726,0.197127654,0.487542273,13.48837638,103.8588198,0.473932692,0.090443936,51,7.585531217,2,2,10.1602091,113.939633,8.320418196,4.872249558
3386,26,9,8,229.5448901,5,47,0.460360911,0.223315743,0.063815434,14.1961208,154.9053089,0.316654512,0.106007689,61,2.302801136,2,2,9.997844891,81.04218705,7.995689782,4.726624509
3387,26,10,8,69.67875313,8,70,0.461372769,0.28186418,0.718393039,13.7308187,192.4248385,0.253882515,0.036631912,7,6.054396029,1,1,10.73934372,85.38743289,7.478687441,3.478710299
3391,26,3,9,,3,63,0.572634734,0.706475884,0.170518065,12.58415032,54.57353057,0.372982493,0.190588838,60,7.993155179,1,3,8.657861289,42.26050736,7.315722577,3.711955629
3392,26,4,9,169.2276555,7,32,0.454704902,0.199265478,0.226972022,16.01291694,190.4752197,0.211237994,0.112600642,,6.296952818,1,6,12.45162052,132.5404633,8.90324104,4.375889933
3393,26,5,9,270.7068788,8,66,0.575591537,0.295647909,0.172083216,13.68806958,51.01622065,0.463146282,0.013469128,26,4.660121973,2,2,11.71559421,65.39617411,7.431188424,4.575210663
3394,26,6,9,211.6712433,7,67,0.515406177,0.873788136,0.855506857,15.32428415,65.79836926,0.674173021,0.101863422,62,6.787783704,4,6,10.51349119,110.536794,7.026982389,4.578942611
3397,26,9,9,213.1323926,6,19,0.448376461,0.090692377,0.595662361,17.45726482,161.4433489,0.364871672,0.044752904,20,7.228738114,2,8,9.142924899,86.74852179,8.285849798,4.198843489
3399,26,11,9,147.9263657,1,59,0.572184967,0.000232745,0.750010463,14.34629582,149.5567594,0.541021006,0.05767952,60,7.755606489,2,5,10.5257199,81.43388228,7.051439798,4.059718711
3401,26,2,10,157.1891734,1,65,0.520760854,0.008086533,0.411162826,12.83814378,31.86061322,0.387564731,0.141530682,37,8.953045685,1,3,10.68785765,51.88347819,5.375715306,4.648124612
3403,26,4,10,32.70592362,2,24,0.558359117,0.033743885,0.616427536,16.05292204,39.84331815,0.242924126,0.167283772,52,6.929189031,0,1,13.47384558,141.3140342,8.947691159,3.766821078
3405,26,6,10,193.1400654,6,20,0.426581127,0.174338716,0.269650464,15.51558404,171.8657715,,0.110233329,29,6.313840528,3,3,7.619768909,55.96530964,7.239537818,4.410659671
3407,26,8,10,67.01829058,5,20,0.473800249,0.854944975,0.567147243,17.42034518,48.05646798,,0.163687648,67,7.03027329,1,1,13.12241399,124.7202078,8.244827977,4.220473582
3409,26,10,10,185.5535156,4,65,0.550807782,0.214228972,0.680163089,14.68400277,142.1492561,0.471879218,0.017574487,61,4.638258583,1,7,11.71333487,59.87013884,7.426669745,3.508176042
3410,26,11,10,71.01088101,5,52,0.461058673,0.603290789,0.544323671,14.1010104,48.36460611,0.329567991,0.136544359,36,7.370944304,0,2,8.94500578,85.12613216,7.89001156,3.094532636
3411,26,1,11,223.738301,5,27,0.546548772,0.172514572,0.642751346,15.94284922,13.72398922,0.343956518,0.171620671,18,2.067737365,2,8,8.412694011,130.2518268,8.825388023,5.203355128
3414,26,4,11,34.83129113,6,44,0.563329904,0.317218913,0.137526994,11.35918849,192.290698,0.447746518,0.099627048,6,2.287756262,0,1,7.977326938,33.82335748,5.954653876,3.001191411
3415,26,5,11,232.8718401,5,66,0.528460419,0.210463245,0.251102511,13.97126444,167.127908,0.378114333,0.195498277,45,5.268883867,2,9,11.42848024,101.8964374,8.856960489,4.975422024
3416,26,6,11,188.6918951,2,67,0.420120072,0.037838209,0.519431704,15.8617484,82.33868517,0.653894684,0.181125133,26,5.491941462,3,3,10.25652689,70.99321098,6.513053775,3.396671522
3420,,10,11,4.710120289,3,67,0.443900387,0.628984497,0.796803822,12.91511656,136.6532456,0.640412063,0.075234264,65,4.122482681,0,0,10.28617587,53.01072926,6.572351738,2.396536382
3422,26,1,12,167.7318538,5,45,0.484966579,0.000450738,0.676798086,12.8461206,,0.267132853,0.06426414,,6.673593495,3,1,11.24784478,60.48510465,6.495689553,3.824904666
3423,26,2,12,41.01028556,2,68,0.44103200000000004,0.389288378,0.51481449,,9.668276036,0.588078013,0.160471492,17,3.861736363,0,0,10.79794694,118.9850361,7.59589389,3.322249784
3425,26,4,12,2.540745154,1,21,0.542621177,,0.660236876,15.48401603,22.94377788,0.297772311,0.181574522,61,5.627902706,0,0,9.157786685,113.1745961,8.31557337,2.984838104
3427,26,6,12,14.57779493,6,54,0.426744985,0.169930265,0.355504799,14.62047913,159.1569299,0.357646466,0.016319733,50,2.154013978,0,0,9.122488408,89.30177982,6.244976816,3.863941027
3432,26,11,12,28.69950563,1,49,0.567505107,,0.301240994,13.5389218,38.12499695,0.407470638,0.096391267,34,6.123487409,0,0,8.188289889,129.6311161,8.376579777,3.009914104
3433,27,1,1,27.07759407,2,32,0.452827106,0.00048362,0.621276266,13.59757444,199.6577361,0.3230388,0.124165578,18,2.659652936,0,0,12.10976358,40.3259461,6.219527151,3.460537179
3434,27,2,1,114.8825776,3,70,0.574343716,0.038712953,0.398899062,10.85667294,54.82699837,0.590846241,0.010014768,15,7.864285389,1,3,8.698151632,54.55899592,5.396303263,3.456801494
3435,27,3,1,209.6844133,7,63,0.508687975,0.143206033,0.246799664,,86.49673818,0.281198976,0.075500801,22,7.811718549,2,6,12.20097078,61.36206047,6.401941563,4.034037715
3438,27,6,1,283.6070717,2,32,0.537246468,0.000371862,0.313493,12.53328108,43.75212581,0.394694957,0.043895902,67,5.29610119,5,11,11.6296006,46.0808314,7.259201203,4.714646952
3440,27,8,1,,5,69,0.447052755,0.795759943,0.639779,11.30860892,161.0364191,0.26390481,0.128991797,9,9.310846165,2,2,9.949227177,51.65219807,5.898454354,3.596299497
3442,27,10,1,281.7193631,5,35,0.550837,0.043197014,0.070770692,9.691541509,109.0841757,0.580900721,0.114263793,44,3.2426207,2,2,,22.44890863,4.101712788,4.554269974
3443,27,11,1,229.9734497,6,72,0.446412757,0.467987858,0.89980642,12.54020856,102.6111825,0.574060507,0.088133153,67,2.63667381,4,6,8.966782534,37.40309126,3.933565069,4.341304538
3446,27,3,,282.6568613,5,55,0.517679059,0.058960448,0.298108652,14.6094563,120.9817354,0.383566381,0.057184899,53,4.750211708,2,2,8.560809056,,5.121618113,4.47577987
3450,27,7,2,114.7965844,5,71,0.524344749,0.258219461,0.497631896,16.19147589,140.7178567,0.545156205,,12,2.110987614,1,4,8.995264382,91.15533047,7.990528765,3.150705896
3451,27,8,2,207.3981457,3,72,0.458760141,0.016326308,0.622186832,15.49434304,151.1069944,0.567134927,0.021779813,24,8.902677449,4,4,9.0524128,58.15093565,6.104825601,4.652648927
3454,27,11,2,181.3768997,1,20,0.490147342,0.118948124,0.073705424,14.47531471,151.7217089,0.225825879,0.102844189,26,2.583885876,3,1,7.041841507,74.00079477,6.083683015,4.655048483
3457,27,3,3,249.3712494,5,19,0.546699763,0.287002869,0.210613894,13.66103167,171.8491581,0.541434859,0.157793142,20,2.757697783,4,2,11.1450176,60.51639487,6.290035191,4.45825938
3462,27,8,3,49.57797001,6,70,0.506228396,0.871792213,0.271228044,16.73482336,120.3169791,0.445819222,0.027231425,11,2.563509346,0,1,9.741568534,98.61661909,7.483137068,3.298730352
3463,27,9,3,230.7990157,3,32,0.422629982,0.108757537,0.845349292,,78.28977039,0.207518966,0.119569291,26,9.881245431,2,6,8.870309854,74.69172211,5.740619708,5.085892463
3465,27,11,3,10.56470785,5,48,0.441967352,0.617826335,0.822115457,14.90132883,105.9268365,0.34807174,0.147431434,35,8.800846451,0,0,10.83407157,49.14908061,7.668143148,2.647409671
3466,27,1,4,107.0922952,7,48,0.554940886,,0.20128724,16.46486387,66.87055422,0.657389,0.073763245,18,9.412912759,2,4,,76.67166179,8.294293189,3.619485024
3467,27,2,4,286.4399676,5,54,0.497683824,0.179516164,0.610148967,12.82712362,48.31160841,0.396405326,0.1344204,57,3.014195997,2,11,7.681735346,67.29968722,5.363470691,5.160804598
3469,27,4,4,144.3785619,1,43,0.446296641,0.082990525,0.430715283,11.23181229,106.9949636,0.598538565,0.185812061,10,5.297214106,1,5,9.35100683,64.73822809,4.702013661,3.824495273
3471,27,6,4,8.793460811,2,44,0.491668117,0.055748501,0.369069538,12.67144155,21.83136048,0.279937263,0.001656238,36,5.801687962,0,0,8.150800862,78.90065292,6.301601723,2.851888655
3473,27,8,4,239.7428739,2,22,0.537187348,0.096585481,0.344474441,11.85385808,18.09762345,0.581707343,0.116976143,57,2.573866813,2,7,11.25214338,65.04098638,6.504286754,4.81031401
3477,27,1,5,85.19284489,,28,0.450990511,0.59657293,0.00842765,14.68168503,20.81454502,0.373437446,0.097485312,46,4.71636441,1,1,8.600936127,67.3995156,5.201872254,4.214362556
3479,27,3,5,137.9955173,6,62,0.53305714,0.003545585,0.35580668,12.46639421,97.97310582,0.336964865,0.175777051,54,5.375600104,2,5,12.03688567,72.89890598,6.073771345,3.865772906
3480,27,4,5,37.47825742,4,62,0.558313975,0.821450918,0.291453744,13.99750504,98.72614802,0.402137642,0.051431844,29,3.875834475,0,0,10.8875028,115.2921455,7.775005598,4.134238205
3481,27,5,5,169.9948048,4,51,0.435494,0.66861302,0.808211,13.86221951,58.88427993,0.466312559,3.8e-05,24,8.209970624,1,3,7.812344174,119.5967349,7.624688349,4.399321753
3483,27,7,5,161.7178491,6,25,0.539907694,0.206375058,0.591614401,18.68038791,68.34429218,0.404955229,0.117935842,19,6.451580142,3,1,12.82243773,88.09528191,9.644875454,3.835360662
3485,27,9,5,130.4236128,4,53,0.444909441,0.484521721,0.62745565,16.25202988,198.9301431,0.288773508,0.162112985,14,5.170215582,1,5,9.473349931,68.5271257,6.946699863,4.886950722
3487,27,11,5,115.8986889,1,19,0.457331163,0.257492515,0.614162591,13.19986283,154.4460854,0.533943676,0.121559313,35,2.111466626,1,2,11.33325713,33.81523262,4.66651426,4.107335551
3493,27,6,6,122.3624385,1,57,0.430757659,0.772348703,0.243206936,13.12831647,72.47859812,0.619899295,0.125455089,8,6.239237486,1,4,8.404620262,50.83425475,6.809240523,4.251908592
3494,27,7,6,201.5705104,5,72,0.509039654,0.231971609,0.301075513,13.96965015,182.1473366,0.353288401,0.19990692,70,2.276761067,2,2,11.76091675,51.00529512,5.521833505,4.762680318
3495,27,,6,173.407726,1,58,0.499718957,0.142028019,0.795215,11.88611393,16.88891969,0.564968572,0.062725828,60,8.511696308,3,1,6.714507741,44.74999154,5.429015483,4.702373213
3496,27,9,6,263.7157025,4,70,0.571755889,0.343218063,0.12986565,14.32303757,63.98377002,0.225194436,0.146326857,66,3.433441119,5,5,8.512798652,61.40384297,7.025597304,5.056083761
3499,27,,7,206.8747169,7,55,0.481557712,0.247977034,0.73116416,15.9720003,135.8096693,0.330638611,0.169053989,32,5.976565699,4,2,8.873333499,82.16439113,7.746666998,4.589751442
3500,27,2,7,275.4588245,7,66,0.495330821,0.04146945,0.5471929999999999,16.25835259,105.5867797,0.633370212,0.18693656,33,9.906962145,5,2,7.476862548,89.35859206,6.953725096,5.129320109
3501,27,3,7,95.51661834,5,27,0.462018201,0.246328251,0.514067731,12.8819819,78.27956945,0.389281635,0.032567753,69,9.390215652,1,1,8.26776772,36.44600877,6.535535441,3.865006367
3502,27,4,7,242.1773944,2,19,0.469193819,0.259675442,0.39087458,14.61703155,46.23358524,,0.007205979,69,,4,2,10.67612864,86.12431913,7.352257281,4.749050041
3504,27,6,7,14.09510761,3,57,0.492445891,0.438129677,0.572072032,13.28627226,179.5354068,0.679360756,0.097367547,60,3.588266073,0,0,9.936817925,63.33135148,5.873635849,3.18046919
3506,27,8,7,13.00751769,5,53,0.553718706,0.492340697,0.838497972,13.77190764,147.0169405,0.358857667,0.167779811,14,6.706853982,0,0,,114.3940058,7.524341817,4.332548088
3508,27,10,7,66.01346282,2,34,0.427931885,0.68460937,0.230015658,16.18468467,107.1219473,0.429451803,0.006258933,23,7.19413452,0,2,10.99149148,109.0658753,7.982982965,4.357038449
3511,27,2,8,255.7354484,5,69,0.480746721,0.011240338,0.41249821,12.55838465,29.45544692,0.258190139,0.006897025,30,7.33605008,5,5,6.532435916,2.571756052,5.064871832,3.761354118
3513,27,4,8,130.7400841,6,31,0.575193912,0.699803966,0.736447059,9.629584508,33.60726166,0.517808207,0.019227905,11,9.705001176,1,3,11.01643584,10.31644175,4.032871676,3.405963914
3516,27,7,8,32.08876305,1,58,0.54874078,0.339492679,0.801806367,16.93830467,148.2371625,0.606793798,0.176295291,43,3.321964426,0,0,11.85461371,87.35301225,7.709227416,2.405018251
3517,27,8,8,167.0561068,8,43,0.42815776,0.703936201,0.893849552,14.58493792,24.45977217,0.509832186,0.171563721,45,9.939958674,1,6,11.54718773,48.56183535,5.094375469,4.250370581
3519,27,,8,146.2531703,5,28,0.490466579,0.084810522,0.253545424,11.28228485,127.5219538,0.438951528,0.081052306,37,,2,5,9.934602695,54.82759857,5.869205391,3.49361249
3521,27,,9,265.3746275,8,44,0.469013528,0.318985885,0.48336399999999996,13.31810829,30.21231653,0.577987645,0.026226839,13,7.854431862,2,7,11.51006016,98.7808796,7.020120319,5.253993462
3523,27,3,9,131.3696785,5,47,0.430251303,0.030533734,0.160597619,11.04441205,175.7930903,0.521832349,0.18683881,11,6.505645833,1,5,11.80245114,85.40730094,5.604902281,3.82577416
3525,27,5,9,275.4176056,1,19,0.562358767,0.209423074,0.700603294,13.58832091,45.46577783,0.667725112,0.126408564,71,6.436398613,2,8,,88.7912244,8.431467682,4.820363362
3526,27,6,9,,5,71,0.436850818,0.012394128,0.404470869,14.51743816,119.013757,0.405652394,0.029889281,13,5.125390708,0,2,,16.33914008,5.019375738,2.938674709
3527,27,7,9,242.0372628,6,33,0.55049971,0.426012725,0.475498333,14.05482826,172.7081725,0.597698841,0.156073065,30,5.82978095,2,9,7.363793475,61.95801322,6.72758695,4.382723262
3531,27,11,9,14.77751272,3,32,0.503737665,0.22241044,0.557531767,12.82834543,190.4197821,0.556873236,0.187865008,17,8.387389544,0,0,7.237969681,91.76002223,6.475939363,3.241791956
3534,27,,10,295.8418729,6,35,,0.027225857,0.197333229,13.65622443,,0.28296931,0.100526914,53,6.51683347,5,5,7.142346908,92.32693348,6.284693816,5.176636982
3535,27,4,10,225.5261745,3,61,0.510269902,0.149553007,0.539520816,16.01172462,40.20259523,0.407452345,0.137491887,22,3.170583411,4,9,9.339847009,30.30317972,6.679694018,3.961496151
3536,27,5,10,284.7315054,,53,0.472015763,0.942739933,0.426287471,11.51961746,158.4091074,0.637162021,0.04662453,15,9.900781234,5,5,10.06645414,46.19008339,6.132908287,4.533013237
3537,27,6,10,264.5794705,1,72,0.424664862,0.281193951,0.193722155,13.4917072,50.53709418,0.586849881,0.105297894,25,8.965649723,5,7,12.606504,89.3470579,7.213008,4.989037178
3538,27,7,10,176.5930335,8,49,0.520048867,0.228618,0.675890857,12.21394444,86.91883765,0.397260123,0.14971101,71,3.183656183,1,3,11.45219135,67.93293955,6.904382707,4.015496453
3542,27,,10,93.94549621,4,18,0.523231832,0.137096252,0.790590042,13.08534951,113.6993149,0.218400923,0.00254968,55,,1,0,7.380749728,73.50175495,6.761499455,4.036863806
3543,27,1,11,33.60985804,7,25,0.507218105,0.062445257,0.185442125,14.92493633,133.9605043,0.573243745,0.1602107,46,6.49025189,0,1,11.73607574,50.74674687,5.472151479,2.651778229
3545,27,3,11,82.68113495,2,45,0.459958215,0.259443362,0.765868585,15.98545606,0.873451169,0.532736396,0.148460594,9,7.995024292,0,3,8.325253367,77.75972991,6.650506734,3.159419414
3550,27,8,11,236.0044094,5,58,0.515621147,0.367179486,0.104467429,10.85532397,107.0974496,0.617686,0.041766254,48,7.171566648,4,2,11.6974022,32.25102628,5.394804406,3.827933367
3551,27,9,11,80.78941432,5,37,0.578168367,0.044412439,0.425456502,11.92411683,177.3306608,0.554998065,0.176302819,70,8.1021028,1,1,6.735620464,20.39825182,5.471240928,2.928469143
3552,27,10,11,184.1486199,6,19,0.525666491,0.84039593,0.134916514,12.16142331,3.183613683,0.404084088,0.033406888,70,4.710838759,1,3,7.867457392,40.49977282,5.734914785,3.544980353
3554,27,1,12,29.88515705,7,47,0.447576232,0.601875919,0.324607166,13.51607457,6.784224856,0.503911747,0.024783301,43,3.174686908,0,0,8.62004143,51.11777108,7.24008286,2.557576058
3555,27,2,12,132.2479617,4,53,0.439504663,0.019748076,0.135319342,13.82841644,127.3366748,0.649131246,0.199151632,19,7.498047823,2,1,9.682453577,48.04940893,5.364907153,4.011279894
3556,27,3,12,175.8034292,1,24,0.505021527,0.021601985,0.571644317,12.69401715,89.50787006,0.212292585,,64,5.546163277,1,3,11.16334286,78.69697632,6.326685717,4.5235835
3557,27,4,12,65.2455505,,70,0.471094272,0.454702858,0.811521548,16.84337419,175.8288944,0.290099676,0.177417817,22,4.684367153,1,2,,81.1212722,7.603749095,3.021341193
3562,27,9,12,183.0066835,1,39,0.531698332,0.429996293,0.544001708,12.21784595,87.69701608,0.449806155,0.193645911,34,5.05131402,3,3,10.45435886,76.66228448,6.908717726,4.160933911
3564,27,11,12,237.2173936,7,56,0.45234095,0.020217642,0.371889482,14.6911839,173.0691789,0.279576946,0.111713112,17,5.162529911,4,2,7.606213275,14.56486762,5.21242655,3.904871983
3565,28,1,1,48.29766427,4,51,0.534146901,0.343427325,0.532294515,12.88018774,161.8941683,0.256694114,0.009250659,17,7.434657434,0,1,8.711215412,36.26979571,5.422430825,2.755950824
3567,28,3,1,52.80816779,2,46,0.574576851,0.050631848,0.09764223,14.96719427,46.50175572,0.637244885,0.025900762,51,7.026474905,0,0,9.315107926,,6.630215851,3.063840004
3568,28,4,1,156.4501776,6,27,0.563876747,0.427952761,0.338287425,11.66588422,139.6713556,0.420844197,0.097653683,58,9.67742145,1,4,10.5921579,55.21317109,5.184315805,3.997862484
3569,,5,1,267.7851339,2,68,0.576312329,0.00269892,0.508787933,,12.22274428,0.244497394,0.086369899,61,7.133127759,2,5,11.10909023,60.34522075,6.21818045,4.400293294
3570,28,6,1,11.83936855,1,61,0.467783988,0.20915964,0.098741934,16.71002657,84.65398546,0.295626218,0.145391046,24,6.989476653,0,0,12.72779254,83.79545848,7.455585073,3.140848706
3571,28,7,1,238.874626,3,34,0.552116771,0.13562314,0.801084524,13.13829224,49.15002307,0.549849261,0.058306976,11,5.369275644,4,4,9.965717914,100.8791498,7.931435827,4.907547416
3574,28,10,1,35.00407454,1,36,0.515733982,0.689236236,0.533511422,16.97759559,199.5833235,0.3345704,0.055339129,55,2.399084649,0,1,8.876441994,102.5302277,7.752883988,2.996303765
3578,28,3,2,120.1661021,7,50,0.544666884,0.018957415,0.322380968,17.4153761,179.8015411,0.311879,0.087785211,9,4.947541751,2,4,10.11965339,93.91605665,8.239306778,4.109423491
3582,28,7,2,229.264042,7,59,0.537554291,0.333019967,0.437597005,11.85750563,92.00962071,0.678373165,0.011591214,23,5.134275766,2,2,6.698614239,67.1921402,5.397228478,4.361790732
3583,28,8,2,,3,56,0.543174279,0.083787488,0.079067943,17.23532615,15.920016,0.509669069,0.020924556,41,3.031912885,1,1,11.01962564,66.40432515,8.039251274,3.321804114
3584,28,9,2,7.345583363,,31,0.45724916,0.494510231,0.307641759,13.26076731,133.6653519,0.340839977,0.032456684,20,2.151982676,0,0,7.478204062,61.13482556,6.956408125,2.648570422
3585,28,,2,148.4009652,1,31,0.512139071,0.31143586,0.38886176,14.53192495,171.1492215,0.291587951,0.163500767,66,8.168761824,2,2,8.628847197,94.87452276,7.257694393,4.120196966
3586,28,11,2,0.700569411,1,64,0.456927018,0.241886708,0.389605683,14.53287042,158.3705496,0.52322247,0.086604388,50,4.647742377,0,0,8.629372456,103.0682329,7.258744912,3.290050024
3588,28,2,3,291.9842385,3,45,0.495513983,0.677668,0.740100569,14.77060126,,0.572764674,0.194555141,54,2.509930426,2,2,12.20588959,67.36806072,6.411779178,5.214885682
3589,28,3,3,229.2723711,5,32,0.468066403,0.81024529,0.389171204,15.35805619,171.3146958,0.499019697,0.003267606,59,9.212999725,2,6,9.532253441,69.15677462,7.064506882,4.151038822
3590,28,4,3,100.3717184,5,21,0.490971162,0.326599047,0.720017694,14.0191209,58.1557767,0.626781506,0.021260105,35,2.904829315,2,4,11.89951161,79.30692439,7.799023219,3.208009559
3591,28,5,3,155.3000403,2,30,0.577779575,0.003153589,0.49878900000000004,14.530139,144.2328067,0.303301195,0.146447222,24,4.008839191,1,6,11.627855,50.40065599,7.255709995,3.659595032
3592,28,6,3,184.0455875,1,60,0.524128312,0.443487364,0.892211606,17.50306291,155.3143126,0.616773805,0.037682582,52,2.763753128,3,5,8.168368286,99.198,8.336736572,4.341324108
3594,28,8,3,174.4717485,5,25,,0.209867445,0.632242386,15.89248361,151.485705,0.661699447,0.134478287,68,4.894122443,3,6,12.82915756,77.6592209,7.658315125,4.392972872
3598,28,1,4,,2,,0.490257052,0.563234779,0.781775099,15.4250945,173.254959,0.333714725,0.099178488,61,9.301118062,4,6,8.125052501,83.24324559,8.250105001,4.162233474
3600,28,3,4,23.21610701,2,64,0.477600079,0.125121227,0.8638800000000001,12.33298606,118.8881813,0.538809758,0.112748073,57,5.671607063,0,0,8.51832559,57.11230197,7.03665118,2.824066607
3601,28,,4,292.9223697,4,19,0.423483206,0.854981411,0.864258461,17.836247,131.297642,0.27433967,0.089730724,50,2.116679889,,2,9.353470555,117.1296825,8.706941111,5.183392987
3604,28,7,4,204.04104,2,62,0.483613,0.245109809,0.111925879,16.13812602,165.402706,0.264645372,0.181833637,69,7.601899889,2,8,10.52118112,67.01605363,9.042362248,3.546318058
3605,28,8,4,225.3694545,7,69,0.493552494,0.375978074,0.343658462,14.19342513,119.8610153,0.229647415,0.064317257,56,5.270034503,2,2,8.996347294,68.99555207,7.992694588,3.82568048
3606,28,9,4,27.37310704,5,70,0.550499511,0.015355103,0.258587256,12.07890566,176.13378,0.661743814,0.049585252,42,6.750029241,0,0,12.37716981,90.66782658,6.754339625,3.347368573
3607,28,10,4,112.1445809,7,66,0.464564409,0.952483154,0.763240368,16.60894157,108.372631,0.482640159,,30,3.222926207,2,4,9.671634203,101.3731135,7.343268407,3.977458824
3608,28,11,4,259.8064206,6,25,0.556173435,0.069909737,0.511265276,16.40505824,6.785346593,0.244371786,0.183650296,43,2.865105291,5,2,9.669476799,105.6118635,9.338953598,4.758543166
3609,28,1,5,208.5001701,8,33,0.562787309,0.541778305,0.081117465,16.32827768,,0.424201824,0.13325767,46,3.173788365,4,,10.51570982,52.8277833,7.031419643,
3610,28,2,5,164.7703643,1,50,0.428415159,,0.722919436,14.56876951,37.4329449,0.594614416,0.006178203,60,3.896595646,1,4,9.649316395,72.55548376,7.29863279,4.30023903
3612,28,4,5,272.5354025,3,41,0.555151705,0.890339601,0.688520906,13.52683811,88.70653299,0.588265159,0.078002267,,5.690930625,2,2,12.18157673,118.715817,8.363153459,4.947404231
3613,28,5,5,139.3113462,5,63,0.431663078,0.006693028,0.419649868,17.81587539,115.0529134,0.644857597,0.18898783,28,5.721723279,2,5,8.897708552,144.3542733,9.795417105,4.148912188
3619,28,,5,180.6772395,4,37,0.513542496,0.076937154,0.898375336,15.10375096,172.5143443,0.679708189,0.143689071,11,7.42921345,1,5,10.50208387,120.5988356,9.004167738,4.751147279
3621,28,2,6,246.3586377,1,60,0.575876839,0.053464432,0.210732075,16.68486825,127.3971514,0.208873104,0.075147681,40,5.278055326,4,9,10.26937125,103.4621339,8.538742502,5.393071133
3622,28,3,6,212.4629433,7,48,0.498847606,0.028609372,0.426240107,12.820572,196.2063888,0.241453447,0.173933219,50,3.329600758,2,8,10.78920667,107.5759522,7.578413336,5.296367658
3623,28,4,6,251.108124,8,54,0.505784028,0.352354297,0.767282517,15.92766151,126.0978939,0.2855106,0.017251661,27,2.708833659,2,5,9.404256392,124.4817798,8.808512784,4.87857528
3624,28,5,6,3.458858658,2,19,0.551508072,0.179767227,0.594900791,,149.8249158,0.562002417,0.164779274,36,4.144663312,0,0,12.56733279,103.2773016,7.134665576,3.60552551
3625,28,6,6,209.9931661,4,19,0.487060592,0.307153355,0.365327468,13.5255843,20.63020007,0.201321966,0.077967913,70,7.977390541,2,6,9.180880167,80.01430915,8.361760335,4.849933228
3628,28,9,6,156.6121007,5,21,0.566846225,0.009889905,0.849376169,15.71581168,197.6786158,0.226779714,0.071832429,71,6.805251482,1,1,8.286562042,64.14734782,8.573124085,3.645846782
3630,28,11,6,27.3038283,6,68,0.468441708,0.50845452,0.429501869,15.73030725,104.7953195,0.649269381,0.188446515,47,4.299086168,0,0,13.29461514,92.39619239,8.589230274,2.998710522
3632,28,2,7,136.8032823,5,22,0.459496566,0.46914217,0.619989898,15.32441818,165.8241637,0.200852381,0.101298733,34,7.331733792,2,1,10.06912121,115.9276914,8.138242418,5.180603353
3633,28,3,7,259.5120288,2,68,0.560767677,0.670377061,0.367409137,12.98399729,157.5236193,0.312107727,0.068075313,66,2.490136415,5,,12.87999849,57.7432385,7.759996986,4.497724879
3636,28,6,7,265.0969472,5,22,0.483252923,0.003697675,0.498371678,10.96253508,79.95027569,0.599858738,0.1920267,10,9.432692681,2,7,6.756963932,36.56129182,,5.289178038
3637,28,7,7,69.86696385,8,48,0.542461868,0.017326016,0.610819553,13.58652457,11.42248272,0.247478458,0.180486229,60,4.582337082,1,1,9.659180316,106.0116129,7.318360631,4.489804237
3638,28,8,7,147.7515165,6,57,0.456990452,0.048418964,0.744145623,11.81651784,196.4783205,0.243723574,0.115150664,64,3.01486153,2,4,12.2313988,79.76943302,6.462797597,4.399327852
3639,28,9,7,190.1292202,4,53,0.512592089,0.650631889,0.848177234,14.96325693,4.515394263,0.572099424,0.070521356,61,3.981809238,1,3,10.97958719,89.02995454,9.959174371,3.950202374
3643,28,2,8,202.3477443,4,29,0.42867307,0.60241449,0.386638668,14.18854488,42.87999433,0.455134379,0.048570846,7,2.563966647,2,4,12.99363604,104.3896138,7.987272084,4.241257681
3644,28,3,,81.25131572,2,35,0.485820069,0.740908149,0.566520836,16.67496468,170.489477,0.569745174,0.053412672,68,8.595522337,1,3,8.708313709,66.64270497,7.416627418,3.730606628
3645,28,4,8,58.75484129,1,72,0.507819924,0.420817518,0.399735195,14.14505692,13.42527448,0.35682312,0.050953892,20,3.641911117,0,2,10.41392051,89.99440423,6.827841023,3.655835934
3646,28,5,8,263.011383,4,39,0.574218729,0.1309901,0.594230936,15.5064148,40.96088631,0.663065658,0.116950646,32,6.119564966,5,10,11.61467489,55.00778692,7.22934978,4.382159848
3647,28,6,8,123.0551332,5,32,0.544283272,0.00333673,0.894116197,12.21488335,98.95809395,0.614197596,0.101432592,27,8.336076578,1,4,9.897157414,84.49999134,5.794314829,4.026917997
3650,28,9,8,254.3164807,7,24,,0.750458774,,13.41310398,30.45653013,0.246833803,0.163771358,66,2.480233696,2,10,11.56283555,101.7184672,7.125671092,4.911414588
3652,28,11,8,298.6679243,6,71,0.570478851,0.005724551,0.262001754,17.30004305,167.6998305,0.385345318,0.166385529,16,8.553554723,5,8,11.05557947,121.427024,8.111158947,5.713236363
3654,28,2,9,29.81056098,4,53,0.489841177,0.131139101,0.732066312,15.39846735,149.72478,0.331817138,0.101344166,48,6.738368889,0,0,10.11025964,94.90287805,8.220519274,3.416751201
3655,28,3,9,138.7040131,4,21,0.485106714,0.025746629,0.680787874,16.19574784,146.3596429,0.37906283,0.067090524,69,3.683005776,2,2,12.44208213,105.2076889,6.884164266,4.305712837
3656,28,4,9,137.4202559,3,34,0.42414286,0.767795735,0.897363184,15.71333157,122.3306802,0.551048668,0.079838809,5,9.242640629,2,2,8.729628649,62.64166631,7.459257298,3.312630425
3658,28,6,9,262.0973367,2,54,0.511388519,0.00892312,0.888681033,12.40644543,107.2309883,0.37338724,0.037853545,11,8.14649147,2,5,8.003580797,84.85810041,6.007161593,5.233035102
3661,28,9,9,180.2478828,8,36,0.477206676,0.0036463,0.080702604,9.361726729,116.4392696,0.562115824,0.13923426,13,7.993459292,3,3,7.867625961,6.362605066,3.735251921,4.008209841
3662,28,10,9,83.33163627,2,66,0.450782327,0.661913971,,17.26558757,162.7313192,0.59996602,0.062439404,71,3.070954051,0,2,9.036437538,93.33933513,8.072875077,3.084943959
3663,28,11,9,26.25757188,4,37,0.544840403,0.420733622,0.705273747,15.53873147,71.30227517,0.350933917,0.063887605,52,2.599357129,0,1,8.632628595,85.67090749,7.265257191,3.590465829
3665,28,2,10,118.3223927,5,21,0.498916839,0.68518973,0.242108351,16.648028,90.63733522,0.587070932,0.106974935,66,5.503018862,2,2,12.24890445,117.5300354,8.49780889,4.210800631
3666,28,3,10,219.2276644,1,29,0.438912281,0.000144427,0.619718198,,190.7331445,0.548799978,0.148441947,47,6.509908242,4,,9.262495009,119.0292162,8.524990017,4.37764397
3674,28,11,10,90.7431834,7,22,0.429518907,0.209152231,0.154198621,15.71039176,181.5358367,0.28365186,0.195022382,39,3.856956301,,2,11.83910654,106.2070647,9.678213072,3.52842536
3675,28,1,11,27.55058118,4,24,0.569757919,0.465442296,0.201048315,12.81928911,81.24186921,0.356091863,0.053285973,32,2.455451834,0,1,9.788493948,61.52066625,7.576987896,2.731183377
3677,28,3,11,100.0924452,5,24,0.450893825,0.564753995,0.637010719,16.64944782,58.60778146,0.607076051,0.029960728,38,6.881831668,1,4,7.694137676,58.17550896,7.388275353,2.766644559
3680,,6,11,190.4817422,1,61,0.55375145,0.004715144,0.292823852,14.35180343,33.80230825,0.661064235,0.122148385,66,6.216084212,3,1,6.97322413,47.55255535,5.94644826,3.865468805
3683,28,9,11,161.3147539,7,55,0.54650657,0.00763247,0.513636125,15.65259318,164.176752,0.470678923,0.113964796,53,9.303766872,3,6,11.6958851,99.54531718,7.391770205,3.963274951
3688,28,3,12,182.7944428,4,35,0.549059909,0.214985602,0.831744,15.82788622,85.50671879,0.407027447,0.16801953,7,8.761960333,3,1,7.793270124,120.8674753,7.586540249,5.0298281
3689,28,4,12,139.1715195,6,62,0.476667716,0.343298825,0.553035347,11.65930994,80.62111998,0.280537758,0.133355111,,8.851957672,2,1,12.14406108,21.87848019,6.288122152,2.86146935
3690,28,5,12,39.10782219,5,24,0.489817513,0.732985538,0.307119979,15.54763456,80.88144259,0.346926025,0.166505096,18,8.457394248,0,1,9.637574755,112.7131587,7.275149509,3.750194368
3694,28,9,12,264.0061322,1,69,0.555033973,0.002450827,0.654997698,16.42716027,171.9777936,0.275148972,0.144771029,47,4.690113875,2,2,10.5706446,101.4456862,,4.965993087
3695,28,10,12,61.28108827,6,36,0.551289098,0.846490735,0.24939424,11.96780948,41.92347809,0.406619745,0.170174544,5,6.001123489,0,0,11.75989415,13.09674495,5.519788308,
3696,28,11,12,129.7999238,7,28,0.538212546,0.842463346,0.886536803,12.44031556,21.99662014,0.515451497,0.108450721,18,4.945107867,1,3,8.577953089,80.15290467,7.155906178,3.878837444
3697,29,,1,176.250163,7,50,0.451945724,,0.859892638,13.50128546,65.6650978,0.415711881,0.040271425,23,9.709828133,3,3,7.611825256,96.50609402,7.223650513,4.080998193
3700,29,4,1,2.99230147,4,34,0.549975243,0.055059417,0.594305753,14.81275642,85.80252861,0.320649922,0.148540797,34,9.832776249,0,0,7.673753568,52.40335419,5.347507136,2.614787194
3701,29,5,1,124.0228316,2,18,0.456609,0.147433829,0.34568841,10.60785502,196.8174924,0.318111,0.196590334,52,6.504342174,2,2,7.004363901,54.50760421,4.008727802,3.970468138
3702,29,6,,227.0920812,6,29,0.469138711,0.104769686,0.732160019,15.6298441,106.3120801,0.629079487,0.168840902,5,9.056118639,4,2,10.23880228,112.4518029,8.47760456,4.357768571
3706,29,10,1,33.40800363,7,37,0.457020695,0.494941128,0.051999685,12.20479854,6.680170002,0.536484627,0.18684902,40,9.455446315,0,1,9.4471103,38.59756048,6.8942206,2.557150361
3707,29,11,1,24.11118593,2,68,0.566683656,0.035887497,0.692830986,15.66573702,57.20615638,0.369552595,0.083774905,56,5.282865321,0,0,9.703187231,68.05704112,7.406374461,2.889581109
3708,29,1,2,225.4928408,8,43,0.444270183,0.088188737,0.268887035,17.46319272,197.8709894,0.409483372,0.193525402,44,4.431424772,4,6,8.146218176,91.7197444,8.292436351,4.63548528
3709,29,2,2,295.2604215,6,29,0.502545986,0.376617442,,15.22104349,14.73350993,0.295120998,0.166450465,55,9.611818533,5,5,10.45613527,31.20053004,6.912270543,3.701997831
3710,29,3,2,200.3846345,4,62,0.578324584,0.545466,0.642341655,16.44772437,181.6902007,0.456596891,0.039572911,7,7.196017094,4,4,13.13762465,91.93102297,8.275249305,4.240650399
3711,29,4,2,96.99092707,6,71,0.428897511,0.480847203,0.511523148,14.51766654,17.12145469,0.429950448,0.012421099,65,4.481323729,0,3,12.0653703,29.98806356,6.130740603,3.335643548
3712,29,5,2,279.1076744,6,38,0.43353972,0.237585331,0.308320796,12.80483596,161.9985244,0.261015184,0.097945617,34,5.989530582,2,8,8.224908866,63.37776606,6.449817732,4.646707353
3716,29,9,2,139.6544456,8,52,0.579784896,0.000852262,0.839495349,15.42954385,75.81470912,0.633913918,0.151059497,44,4.71913442,1,2,7.571968804,50.18884167,7.143937607,3.228311607
3718,29,11,2,232.9558495,3,28,,0.290594163,0.893004734,15.60315031,93.11905831,0.28571923,0.167899645,31,9.445143978,4,2,8.66841684,92.89684681,7.336833679,4.449581297
3719,29,1,3,120.7272658,5,65,0.553631144,0.188241559,0.205306164,15.63144692,27.64100074,0.528827725,0.028436597,7,9.36145698,1,3,7.12858162,24.44137995,6.25716324,3.178345009
3721,29,3,3,268.5508111,6,62,0.490091107,0.65193172,0.431833873,16.51680232,158.5539366,0.356470142,0.088391485,55,2.296370843,2,2,12.17600129,123.8227582,8.352002578,4.877496373
3726,29,8,3,26.50601756,3,20,0.49994929,0.091499611,0.771141579,14.05001689,49.69700756,0.525528409,0.166859046,6,7.834650664,0,0,11.91667605,90.27327313,7.833352104,3.08599545
3727,29,9,3,161.405064,6,29,0.510839748,0.057197169,0.517772962,12.91623855,188.2481134,0.629799041,0.176947746,28,2.828109386,3,3,9.286799193,85.06139852,6.573598387,3.637037332
3729,29,11,3,65.58676936,1,23,0.528647179,0.558376058,0.505071536,15.88172217,167.377941,0.427218156,0.177969549,54,9.258441385,0,2,10.82317898,66.10684696,7.646357963,
3730,29,1,4,255.3402331,1,60,0.467718481,0.174540482,0.318145155,14.81030441,187.014801,0.34685099999999996,0.147742689,8,9.596212756,5,2,8.227946896,68.70379497,6.455893792,4.799441119
3732,29,3,4,275.1532604,3,60,0.422417948,0.408895189,0.542776327,14.46328051,74.05959684,0.646601852,0.051749748,24,9.691947992,2,2,10.14626695,54.64629621,8.2925339,4.627627616
3734,29,5,4,116.7528676,7,51,0.429442148,0.21332959,0.608627774,17.45774498,138.3694398,0.37024255,0.197143663,13,2.773119572,2,4,13.14319166,111.6255099,8.286383316,3.974727233
3735,29,6,4,8.600339981,6,18,0.435906193,0.249768128,0.803829847,12.26472379,35.02354055,0.590174416,0.191398462,37,5.439867114,0,0,9.924846547,70.49951523,5.849693095,2.976941437
3738,29,9,4,204.2757482,2,28,0.536856576,0.08775231,,12.91569727,171.420188,0.475778609,0.193525084,32,4.173322293,4,8,12.28649848,77.47919403,6.572996965,4.355415537
3739,29,10,4,145.5235728,2,56,0.506146336,0.03525822,0.871835997,15.17772078,152.2603556,0.331075017,0.119220342,26,7.385572195,2,4,7.987622655,60.17550491,7.97524531,3.709885492
3740,29,11,4,248.9515433,8,65,0.512544087,0.063859055,0.700670548,12.70460272,193.621724,0.245838837,0.156469842,20,5.246525513,4,7,9.169223732,35.5342108,6.338447465,4.041945013
3741,29,1,5,149.5831158,6,,0.45874772,0.543993428,0.787794119,14.8990153,165.3302688,0.251696854,0.14766556,37,6.342364601,1,2,13.38834183,120.8307187,8.776683669,4.739717243
3745,,5,5,163.5858768,7,,0.543682453,0.008543898,0.152698413,13.79801383,181.8187953,0.667541761,0.144422536,69,5.604139715,3,6,11.66556324,27.82869983,5.331126483,4.435170852
3746,29,6,5,169.3908466,7,36,0.550986414,0.077089934,0.37342251,14.22723567,138.2392256,0.609490185,0.199183768,57,6.768456019,3,1,12.45957537,53.01746791,6.919150739,4.256356424
3747,29,7,5,135.6174967,2,57,0.515190984,0.060360603,0.561029571,13.34051538,49.70166146,0.614597371,0.154365435,10,,2,2,8.966952988,47.30844665,5.933905976,4.494524425
3750,29,10,5,210.4883491,8,31,0.55870438,0.493524088,0.811994455,14.26820649,63.63643963,0.429816299,0.011613433,58,7.678239546,4,4,11.03789249,55.50245132,8.075784987,4.356721408
3751,29,11,5,30.56907222,4,38,0.511586072,0.220714086,0.667937883,11.68841962,96.36061753,0.449702836,0.106151872,11,2.569059667,0,0,7.16023312,69.93225856,6.320466241,3.500807377
3752,29,1,6,18.21135138,8,51,0.548218626,0.607913766,0.0425382,13.55991197,106.9273577,0.429122983,0.061022331,58,9.84381235,0,0,12.64439554,71.41711332,7.288791079,3.914256543
3753,29,2,6,,5,25,0.55082417,0.830415773,0.521834749,17.3110869,87.83530505,0.64240548,0.114978803,66,5.83510552,1,6,8.617270501,73.02313169,9.234541003,
3754,29,3,6,266.4280148,4,37,0.441888294,,0.260185163,13.99731699,3.688580515,0.468569069,0.132930092,66,3.978748194,5,7,10.44295389,85.6470872,8.885907772,4.685426285
3755,29,4,6,298.0502979,6,34,0.426425014,0.011306674,0.77287066,12.08983209,190.2394006,0.30706900000000004,0.127822406,20,8.448718723,2,5,6.827684495,87.08381246,5.655368991,5.726807955
3758,29,7,6,196.0231338,6,36,0.433351477,0.032497006,0.111028597,15.74053177,150.3738352,0.604131684,0.045194648,28,8.366009157,1,7,10.74473987,72.11633712,7.489479749,4.438747876
3760,29,9,6,206.5520982,2,19,0.52411545,0.185861332,0.238528242,13.88837399,171.6975125,0.477117056,0.187945024,8,7.523872927,2,8,12.38242999,125.5255601,8.764859985,4.873173572
3761,29,10,6,176.3025753,4,61,0.452087431,0.144304306,0.762563693,14.90090825,171.5467313,0.237506788,0.038532279,58,8.947877932,1,5,7.833837916,87.60500801,7.667675831,4.237822689
3764,29,2,7,274.7143929,1,52,0.490579944,0.14738400000000001,0.892946846,13.2022635,14.9421231,0.519613972,0.062368335,35,4.384838001,2,2,9.890146392,79.17750187,5.780292783,5.790022022
3767,29,5,7,157.1377476,8,39,0.553329638,0.494994292,0.41873749,11.43453435,10.71838176,0.305709555,0.096583078,39,4.674124183,3,3,12.01918575,96.32943383,6.038371497,5.066744254
3769,29,7,7,153.2050425,7,72,0.530408064,,0.629459641,14.32879068,107.2888469,0.263285932,0.175042259,34,,1,3,7.515994821,81.39822286,7.031989641,4.31826855
3772,29,10,7,242.7250133,4,19,,0.052627861,0.099886545,15.59962371,97.67799133,0.266564613,0.163097998,10,8.951309597,2,9,8.666457617,58.55525116,7.332915233,4.616781216
3775,29,2,8,26.01384875,2,48,0.447070631,0.289560608,0.646572543,14.84356472,143.265677,0.632397644,0.140486669,33,7.429378205,0,1,9.8019804,110.1137716,7.6039608,3.363931121
3778,29,5,8,14.24533603,2,42,0.46244799999999997,0.977134141,0.276615846,12.71390431,39.33957488,0.49029517,0.131930124,32,5.289907702,0,0,11.72994684,63.29729747,7.459893676,2.750096341
3779,29,6,8,230.2358249,2,22,0.457035136,0.091199738,0.225856387,14.89815864,62.12846319,0.633036237,0.089702048,71,6.607261082,4,6,7.832310355,46.60924036,7.664620711,3.968661719
3780,29,7,8,203.7637963,4,39,0.555388138,0.193044806,0.607534344,12.25359802,172.5287714,0.62715039,0.046699939,43,,2,6,6.918665568,56.27487099,5.837331136,4.086478951
3781,29,8,8,226.7542427,8,25,0.524466575,0.014394487,0.528074141,14.13509794,80.19357186,0.380476177,0.133367312,22,8.370428467,2,6,9.408387744,103.5856994,6.816775489,4.900585484
3783,29,,8,118.3138504,1,40,0.5503638,0.000104101,0.343507238,13.45111681,51.11177891,0.261500912,0.062659414,69,,1,4,8.583953781,102.0416434,7.167907563,3.881604824
3785,29,1,9,197.5821683,1,61,0.503694519,0.33714993,0.770607524,12.02288752,14.07458984,0.518138936,0.095838644,63,6.542144797,3,1,8.346048623,47.57506862,6.692097247,3.843208587
3786,29,2,9,50.93527299,1,56,0.497647891,0.009862795,0.456405699,14.81529141,132.433521,0.408163815,0.033968632,50,8.423391918,1,2,10.34182856,81.70471245,8.683657121,2.965467294
3787,29,3,9,203.6128438,4,61,0.422815138,0.776251572,0.44768048,13.96583275,111.3026284,0.641270846,0.002755278,45,7.47148656,2,2,9.869907084,119.3603861,7.739814167,5.389274106
3788,29,4,9,149.4909908,1,69,0.449522356,0.071995556,0.736282811,14.61928959,36.82844466,0.397399542,0.160795346,16,7.593039882,1,1,13.23293866,83.34383948,,
3789,29,5,9,0.985475723,4,22,0.421324893,0.421303265,0.514118521,,166.6683246,0.423277624,0.012024238,61,3.272548439,,0,6.622175823,5.250756022,5.244351646,2.970719779
3790,29,6,9,83.81596671,7,53,0.526769991,9.75e-05,0.7109730000000001,12.50022528,71.37211657,0.663662961,0.035401552,8,2.287902493,0,1,11.05568071,47.76483018,6.11136142,2.932598756
3792,29,8,9,33.51773596,6,26,0.433651837,0.002568608,0.416249954,17.31596415,74.07847269,0.220052389,0.097831604,54,3.674144491,0,0,9.064424528,97.52147812,8.128849056,3.411099769
3806,,11,10,290.2291605,2,67,0.53985909,0.201730292,0.071453586,12.14119078,149.5874818,0.278458749,0.174679271,59,9.7245891,5,11,11.41177266,53.05082823,6.82354531,4.529138707
3808,29,2,11,0.735710864,5,20,0.518869806,0.040494803,0.741812918,12.09849182,108.05632,0.461607334,0.114668661,23,3.772870553,0,0,10.38805101,90.22453671,6.776102023,3.238249749
3810,29,4,11,195.8963894,7,61,0.55172065,0.831909147,0.330436904,11.28474912,143.452382,0.508316207,0.087176406,49,9.395716962,1,1,8.935971731,84.08854503,5.871943463,4.489678288
3812,29,6,11,90.86164984,6,20,0.521715649,0.80447063,0.67913975,14.3810438,121.9544503,0.501264594,0.073414144,55,4.793566581,0,1,9.989468779,38.07026471,5.978937559,3.012441438
3815,29,9,11,291.8970246,5,48,0.571626712,0.9574630000000001,0.64667347,11.65310176,39.00575986,0.220818794,0.068136811,21,5.485957732,2,5,6.585056531,65.92164978,5.170113062,5.175206391
3817,29,11,11,170.6568972,4,55,0.451147183,0.508363242,0.081005494,15.21866583,126.5163076,0.342728632,0.008058783,45,9.532996599,3,6,7.454814351,56.32989451,6.909628702,3.932292534
3819,,2,12,154.519135,7,42,0.489089845,0.053846979,0.673625778,13.6447359,42.80530926,0.51275539,0.168898456,40,,1,1,10.58040883,35.76041445,5.160817661,3.491523016
3822,29,5,12,278.7887323,5,24,0.44695815,0.844448783,0.291620389,15.89616735,19.28434438,0.635266386,0.178966804,64,2.487008592,5,5,7.275648525,52.28193737,6.551297051,4.903358418
3823,29,6,12,140.3128718,2,19,0.51098404,0.403314126,0.79722694,18.03155974,73.64034618,0.278572,0.045180522,39,2.399046688,,1,12.46197764,107.166167,8.923955271,4.233654337
3825,29,8,12,100.5611655,4,35,0.495966235,0.007853374,0.435447452,16.64334349,157.896586,0.343151975,0.078397493,53,3.054491342,2,2,12.69074638,,7.381492762,3.439877419
3828,29,11,12,61.27086266,3,67,0.425621309,0.802974383,0.290428174,15.15717112,172.842025,0.430945462,0.035212326,67,6.45140656,0,2,9.97620618,67.14164121,7.95241236,3.13715032
3829,30,1,1,91.26208102,5,26,0.435895574,0.00249239,0.325639062,16.33634869,,0.368958133,0.151590718,41,3.168939092,1,1,7.520193719,83.51232882,7.040387438,3.991063833
3830,30,2,1,78.42517857,7,52,0.509058,0.217386343,0.082650578,12.00093306,74.85813517,0.261251471,0.045928029,59,2.249518401,0,3,11.3338517,103.565016,6.6677034,3.732367139
3832,30,4,1,125.1470215,6,64,0.468033856,0.242772743,0.051018638,13.92129017,199.7188672,0.55486181,0.020184862,62,4.542837858,2,1,9.845161204,68.41998808,7.690322408,3.138875697
3833,30,5,1,266.7044284,2,61,0.550782218,0.681174413,0.066387346,12.9361366,187.8264308,0.362602559,0.12398329,65,7.736059499,2,5,10.29785367,94.07258767,6.595707338,4.909940788
3836,30,8,1,288.0374818,7,18,0.471691458,0.671714183,0.657162113,14.79603998,144.5037096,0.510587239,0.086329439,59,8.781541632,2,5,8.33113332,118.3734392,8.662266641,4.98416833
3838,30,10,1,108.3694318,2,61,0.510192929,0.326088004,0.199915011,16.59707424,23.00106083,0.622395046,0.06587236,9,9.10988761,1,2,12.66504125,99.60993642,7.330082491,3.638631062
3842,30,3,2,268.8727377,6,53,0.571915555,0.272479428,0.0109064,12.72723419,31.87269763,0.443127701,0.09670987,52,3.805437426,5,2,9.18179677,87.77910386,6.36359354,4.446828362
3843,30,4,2,168.8853867,1,61,0.521626823,0.361038455,0.600576335,18.00097446,116.3601552,0.575758238,0.033661767,66,5.750994929,1,3,8.444985813,75.85008855,8.889971626,4.02374663
3844,30,5,2,22.77532103,7,51,0.437480381,0.148314,0.191020742,12.26098327,199.845912,0.673810775,0.144464829,13,9.778484862,0,0,10.47832404,45.35894689,6.95664808,3.014383065
3845,30,6,2,45.92720688,5,63,0.510384108,0.546554122,0.100856525,15.28487373,6.685562283,0.342956,0.108563525,60,9.067634401,0,0,13.04715207,62.51990278,8.094304144,2.439744293
3846,30,7,2,118.231885,5,35,0.546651368,0.144953645,0.772887395,15.5323407,,0.314307591,0.022991507,43,5.812966721,2,3,10.62907817,,7.258156337,3.487911926
3847,30,8,2,118.4941763,2,54,0.44855649,0.14242003,0.799975793,15.12290707,182.4652599,0.403585625,0.057765972,48,4.069544806,1,3,12.95717059,113.814163,7.914341189,3.875141986
3850,30,11,,267.1852616,5,66,0.443800672,0.017738666,0.315901299,11.23411516,49.45462294,0.317677,0.035675983,37,4.470851855,2,5,8.907841756,25.11329271,5.815683512,4.483621734
3853,30,3,3,148.6286811,2,23,0.569652626,0.396673655,0.739292238,14.78862347,34.8697903,0.235867238,0.020544419,34,4.171463303,,5,11.21590193,31.41215053,6.431803858,3.573004815
3855,30,5,3,42.98427433,6,27,0.466864698,0.048313303,0.558448561,14.10170353,125.1951349,0.406074893,0.141432506,14,8.808488844,0,1,7.945390852,50.45970009,7.890781705,2.798942805
3860,30,10,3,28.11878009,2,23,0.442856459,0.050493407,0.008277001,12.20632173,175.6783996,0.416501,0.065218616,57,8.069914315,0,0,6.892400962,30.78074294,5.784801924,3.265336453
3863,30,2,4,105.3399109,8,59,0.553689257,0.100573241,0.834749893,14.56880135,31.22264051,0.225103501,,25,7.202544406,1,4,11.09377853,84.3520861,6.187557057,3.906084701
3864,30,3,4,133.6061326,5,68,0.560660341,0.003407603,0.39103933,15.32922675,135.0474854,0.656231432,0.074249088,62,3.812512527,1,4,10.51623708,45.48117266,7.032474165,
3866,30,5,4,116.625709,6,57,0.420901227,0.105205441,0.527747201,15.72889023,94.896813,0.234966385,0.114701512,38,7.981425837,2,4,,67.18527398,7.476544695,3.415908649
3869,30,8,4,36.13592081,8,31,0.443822915,0.071531165,0.26276294,12.63932903,44.98665067,0.593774961,0.148359472,55,8.011428237,0,1,10.68851613,49.54182753,7.377032257,2.544863669
3870,30,9,4,96.64904947,3,67,0.516375684,0.987830442,0.639453568,12.67322682,178.8447264,0.474210225,0.193599869,39,7.596448088,0,2,9.151792677,100.1980542,6.303585353,3.740945367
3871,30,10,4,71.14802509,8,40,0.488122896,0.003386684,0.622877071,16.34213149,184.9815272,0.678431679,0.120404544,60,2.746902183,0,0,8.078961936,50.93772954,8.157923872,2.529893149
3872,30,11,4,165.1539017,8,64,0.535477647,0.044011241,0.557295292,18.24525239,36.71190665,0.56644176,0.103099662,64,4.822998211,1,1,11.13625133,160.6442057,10.27250266,4.739111907
3874,30,2,5,27.06221595,8,40,0.50280936,0.02485728,0.304307444,13.36331294,171.6109954,0.490609204,0.005094781,28,8.720297993,0,0,11.09072941,102.4896664,8.181458827,
3877,30,5,5,204.5601607,3,69,0.428749212,0.038962784,0.302511284,14.5770644,92.59853687,0.631751304,0.162421838,18,7.999193189,2,6,13.76503578,106.0523235,9.530071557,4.501331403
3882,30,10,5,72.00259079,6,45,0.426696,0.350551666,0.241669901,14.43345172,80.08210801,0.256476399,0.196270517,12,7.274013595,1,2,12.1296954,98.34904032,8.259390803,3.520998883
3883,30,11,5,218.014333,8,35,0.564656672,0.692515741,0.4666775,13.81355271,112.7499496,0.551800966,0.169057742,32,5.209142374,4,4,10.2297515,46.70186398,6.459503009,4.391145011
3886,30,3,6,,8,34,0.535891227,0.500234568,0.295855088,15.95891326,18.16355062,0.281389699,0.15763034,45,4.843087204,0,0,8.42161848,83.94479361,8.84323696,3.24015059
3887,30,4,6,180.2384889,4,52,0.422627648,0.682427237,0.608901976,13.69191452,192.1982423,0.581254501,0.032619195,68,8.122135104,1,7,11.16217474,35.8147534,6.32434947,4.051496727
3888,30,5,6,93.46157256,7,30,,0.042430102,0.780933994,14.33360237,61.62589349,0.437403517,0.04012103,9,7.966786277,0,1,10.51866798,90.2759486,7.037335968,4.319406324
3891,30,8,6,141.5476976,6,37,0.574491537,0.002012257,0.455645008,16.15879696,62.40682444,0.449127249,0.010346487,52,7.012275209,1,1,12.97710942,75.85824954,7.954218845,3.802952482
3893,30,10,6,197.3125081,4,23,0.477921099,0.281504927,0.294203768,16.80311267,85.68638169,0.33251727,0.195915637,23,9.367708374,3,3,8.779507038,45.12780951,7.559014077,4.482728013
3894,30,11,6,161.5238627,6,38,0.451656208,0.145778884,0.857341,15.20794952,151.8443221,0.522967922,0.139521128,52,5.211059569,1,6,11.55997195,88.38625463,9.119943908,4.107086134
3895,30,1,7,47.80361296,,54,0.453573294,0.05150305,0.216171738,14.96041614,13.85321551,0.214967765,0.17181492,70,8.0782468,0,1,12.86689786,50.92515355,7.733795713,3.464329784
3896,30,2,7,174.0842464,7,41,0.483342773,0.367698681,0.496704158,16.09079011,125.0135584,0.393485498,0.189217992,16,4.501784479,3,5,9.050438948,102.9458137,10.1008779,4.572645158
3898,30,4,7,287.3522842,7,32,0.513271784,0.435232353,0.584610068,13.39820097,114.6876731,0.203905776,0.110578318,5,6.129787195,5,8,12.11011165,78.60663241,8.220223295,5.315436922
3899,30,,7,79.15804937,8,21,0.447836184,0.615495616,0.009043953,15.15084871,172.1389687,0.253485812,0.13831439,56,8.795878354,0,1,10.97269373,111.5289242,7.945387451,4.088030337
3901,30,7,7,219.0812539,4,48,0.514315159,0.472634305,0.773049,17.44456937,67.09839614,0.407715268,0.144905327,64,8.270901433,4,4,10.13587187,65.79148422,8.271743739,4.921145606
3906,30,1,8,161.2106818,6,60,0.561779232,0.268942635,0.040170322,15.01751212,107.1230721,0.504235655,0.066386529,62,4.759889508,1,1,10.34306229,43.4569579,6.686124583,3.841807802
3907,30,2,8,135.6529349,6,61,0.557741908,0.769304368,0.342473548,17.10639429,196.0680286,0.230679255,0.1592448,22,4.708793171,1,5,9.059107939,95.98276557,10.11821588,3.87917304
3908,30,3,8,89.94798983,2,25,0.576102713,0.567838377,0.596636387,,124.9527325,0.504918465,0.165060233,49,7.76253532,0,1,12.06776132,118.4154478,8.135522633,3.91624598
3909,30,4,8,107.21263,5,27,0.438629115,0.255267872,0.033167300000000004,16.87790574,18.57972799,0.668745336,0.120010959,11,9.478743691,1,4,11.3766143,125.0410398,8.753228603,3.768600304
3911,30,6,8,134.5398368,8,42,0.527893047,0.221433328,0.44743099999999997,15.69667709,66.78113855,0.640413832,0.153900298,36,6.431136282,2,4,8.720376161,106.2523583,7.440752322,3.986291419
3912,30,7,8,213.4370824,8,41,0.578976605,0.000185331,0.478089165,16.93887074,184.5939071,0.575867134,0.012202255,38,9.278541268,2,4,9.410483744,104.6732002,8.820967488,4.304074493
3913,30,8,8,268.0811786,3,52,0.49185669,0.030017944,0.028304724,14.29241341,49.25286294,0.259200419,0.161898648,68,4.534756056,2,2,11.49578523,80.13244951,6.99157045,4.991074205
3914,30,9,8,242.6320536,5,23,0.558301825,0.623395088,0.569216852,13.87600538,3.094855774,0.302994298,0.142309042,51,5.379410748,4,2,13.37555854,67.41172142,8.751117084,4.062884196
3915,30,10,8,267.2873922,6,48,0.452832236,0.062718538,0.643681919,18.0509275,149.0473516,0.272022416,0.051329732,38,,5,2,9.472737498,92.50355506,8.945474996,
3920,30,4,9,81.22840409,6,18,0.463859515,0.453195884,0.028648169,17.29518464,193.168844,0.407604697,0.065140216,66,4.538803127,0,1,12.05288036,104.3721742,8.105760714,4.116334135
3921,,5,9,165.1555193,7,67,0.52583595,0.044852206,0.590873498,17.88658917,37.18715469,0.462189459,0.081629522,9,3.227267432,3,3,8.38143843,99.9323267,8.762876861,3.56465356
3923,30,7,9,66.72044599,4,35,0.506066235,0.183221748,0.557002216,15.69446827,91.3338922,0.250164543,0.164727525,52,8.40440438,0,2,8.274704593,118.986037,8.549409186,3.327398708
3924,30,8,9,122.3072185,1,39,0.560036545,0.241316007,0.501632015,15.70698182,61.34581139,0.229410235,0.02553882,10,7.285911329,1,4,9.281656565,77.70196558,8.563313129,2.865911468
3925,30,9,9,242.8403783,4,42,0.452941853,0.388601124,0.701285449,15.63100469,108.5709452,0.400475879,0.197882307,22,4.261517818,4,9,9.683891492,89.47675348,7.367782984,5.035838136
3926,30,10,9,175.7642204,8,34,0.555692926,0.652077978,0.224735805,13.9471824,66.27891775,0.398291045,0.042209037,57,5.621474556,3,1,8.748434664,32.83243238,5.496869328,3.694292842
3930,30,3,10,75.74774168,1,69,0.559173605,0.000479874,0.240988792,14.71723255,28.40365292,0.400053052,0.107241711,60,2.409150956,0,1,8.176240303,79.60354888,6.352480606,3.727519233
3931,30,4,10,115.1027444,5,41,0.526652363,0.907859893,0.307851491,16.27418744,194.6045776,0.316123,0.172804289,62,2.956411446,1,3,12.04121524,103.4405193,8.082430487,4.168386163
3932,30,5,10,151.4409725,8,23,0.507979146,0.000131329,0.287268503,12.81035357,172.4515947,0.390224144,0.191865481,14,3.891436011,3,3,9.783529759,73.19479731,7.567059518,3.50576569
3935,30,8,10,84.20723005,3,59,,0.000274672,0.268753087,16.57397434,106.8179712,0.570778297,0.133020188,65,8.026356144,1,1,11.65220797,72.92866937,7.304415937,3.251934633
3936,30,9,10,158.2135698,5,25,0.447254928,0.468580758,0.781918967,16.0609404,182.6170299,0.42085488,,58,4.966852184,3,4,12.47830022,112.3333449,8.956600448,4.620142628
3937,30,10,10,25.20767269,3,35,0.554456179,0.691709837,0.380790791,17.69398047,54.6568795,0.411179422,0.101709826,31,7.535301713,0,0,9.274433594,91.24315165,8.548867189,3.274058703
3938,30,11,10,,8,34,0.538919475,0.383451878,0.462951427,14.68212245,91.40934574,0.389956732,0.066762355,43,2.723518055,1,1,7.712290251,106.9750841,7.424580502,4.180303928
3939,30,1,11,146.0093515,2,61,0.531411333,0.074129623,0.099418616,15.57594794,199.1232684,0.592036311,0.055446317,9,5.170247979,1,5,8.097748858,26.57174252,6.195497716,3.484303539
3941,30,3,11,220.3214177,5,26,0.43719571,0.003238171,0.725283776,12.14132371,156.5178318,0.549522944,0.04210009,53,2.491266513,2,4,7.411846508,74.56008525,6.823693016,4.216565131
3944,,6,11,137.5556009,5,71,0.495756163,0.118520232,0.295345674,14.93333187,100.3988029,0.399228069,0.103610715,27,9.135840879,2,1,12.29629548,46.88923153,6.592590964,3.684289649
3945,30,7,11,252.9987822,5,72,0.426779623,0.890236918,0.453154624,11.10457289,142.3905101,0.38444408,0.041947724,20,7.463598223,2,2,11.83587383,55.37141578,5.671747659,
3946,30,8,11,114.6434621,2,,0.473414918,0.737295368,0.789008673,12.06396768,57.24919829,0.245758,0.155119358,32,4.218974816,1,1,12.36887093,46.88886109,6.737741863,2.669601073
3947,30,9,11,175.166016,5,69,0.453730826,0.366015188,0.585896017,12.75965835,100.2971321,0.388491761,0.094178328,8,6.789262244,3,5,11.75536575,91.16223231,7.510731497,3.862994807
3949,30,11,11,143.04463,7,55,0.479339767,0.652342836,0.24189702,15.47610337,15.86378663,0.534949601,0.198346822,57,9.503898648,1,5,9.153390763,129.6942375,8.306781527,4.859480745
3951,,2,12,,2,60,0.5721139,0.34680676,0.661623281,13.25699545,116.984035,0.65441119,0.067424449,10,3.25123718,4,4,13.03166414,64.65078914,8.063328279,4.02838114
3954,30,5,12,264.4007487,5,64,0.504178305,0.358549578,0.360188556,14.1005263,160.4605676,0.547571774,0.032704271,31,5.328642666,5,5,11.83362572,38.91455213,5.667251449,4.496779346
3955,30,6,12,3.999466227,1,26,0.503642099,0.553182314,0.398770988,14.05700787,146.6303367,0.223303102,0.035272039,48,6.988037872,0,0,9.365004374,37.36226507,6.730008748,2.914958752
3956,30,7,12,172.6984183,1,34,0.564824999,0.01399531,0.4071568,17.29583507,46.15757588,0.483957456,0.086241236,34,2.767903081,3,1,11.05324171,,8.106483412,4.078630781
3959,30,10,12,18.17630474,1,60,0.55919209,0.262952123,0.811543747,11.5796718,34.72628945,0.604553696,0.179916288,69,8.703644662,0,0,11.09981767,44.44044211,6.199635334,
3964,31,4,1,173.0663474,6,69,0.489198352,0.248588126,0.48122409,14.88184293,169.626958,0.590273991,0.077137907,21,9.158058704,1,1,8.267690517,97.62920827,6.535381033,4.003448072
3965,31,5,1,104.6561157,1,50,0.520709644,0.034171636,0.428564111,8.498824726,165.7600094,0.457329328,0.003681454,31,8.507179777,2,4,9.388235959,19.35637888,2.776471918,3.178988038
3971,31,11,1,250.2090565,4,71,0.545967063,0.150516562,0.287927207,11.1093063,189.3884004,0.243795655,0.052061835,57,4.433934706,2,5,11.28294794,21.08802214,4.565895889,3.901024838
3974,31,3,2,214.2334184,7,68,0.505229671,0.035435697,0.786888746,14.08864952,129.7459074,0.345584174,0.089402399,11,,,2,6.271471955,29.14888896,4.54294391,4.220295897
3976,31,5,2,113.8809235,5,26,0.452552689,0.373668794,0.300742513,13.33646349,109.871438,0.21980723,0.073200355,19,3.039349323,1,2,9.409146384,21.3275965,4.818292769,3.653318946
3979,31,8,2,270.0420198,4,60,0.450626785,0.001375946,0.2655942,12.204121,87.24716142,0.585939958,0.071084435,13,3.975419881,5,8,11.33562278,17.5926485,4.671245558,4.29221863
3982,31,11,,57.13828818,7,54,0.551803205,0.003354364,0.053087485,12.1296521,100.5915485,0.573209556,0.189034501,31,7.034141017,1,0,7.294251167,50.55566721,4.588502334,4.030784484
3984,31,2,3,181.3473866,6,60,0.556604257,0.4255736,0.014297445,10.18927709,63.71609479,0.246811258,0.014790866,37,8.815108711,1,5,6.327376164,7.360473442,4.654752327,
3985,31,3,3,280.6242653,8,28,0.506152022,0.029826988,,12.82954917,82.99927153,0.420557115,0.035263868,27,6.969554091,2,11,6.127527318,47.17435651,4.255054636,4.981292813
3989,31,7,3,55.61587791,4,20,0.427482641,0.922499247,0.090785565,8.836603961,44.61888569,0.457386075,0.199731366,12,9.699483433,1,2,7.57589109,19.12051458,3.151782179,3.447608877
3991,31,9,3,167.7874263,8,25,0.4373807,0.128823835,0.493949958,14.20693192,146.3771016,0.308084363,0.194113317,62,6.265771396,1,5,7.337184402,1.249397206,4.674368804,4.071197304
3995,31,2,4,272.1131447,4,21,0.524554236,0.237955772,0.114444094,13.5207375,62.23314739,0.429400999,0.056547208,30,3.208293062,5,10,9.511520834,67.52172562,5.023041669,5.131614878
3998,31,5,4,298.2315576,2,44,0.531252388,0.083929883,0.416760934,12.25026619,103.8834434,0.419052353,0.036350179,,,2,11,9.805703437,23.80953059,3.611406873,4.303603537
3999,31,6,4,103.4625646,3,28,0.579661021,0.179305423,0.087635046,14.08491727,70.06381877,0.635161824,0.062799458,51,6.197172771,2,3,10.26939848,0.760811039,4.538796968,
4000,31,7,4,65.25428137,4,24,0.464400295,0.000548219,0.178892111,15.39351601,142.3520138,0.598415492,0.196035693,51,2.019031841,0,,7.996397783,88.31378546,5.992795566,3.581010021
4004,31,11,4,115.8753021,8,18,0.50552419,0.171856,0.241245039,11.32095151,165.6572142,0.666579211,0.052392247,38,7.305753157,1,2,9.400528616,71.90076619,4.801057231,4.388915866
4007,31,3,5,222.8582423,1,35,0.492123574,0.046184086,0.291771,9.162342433,162.4863793,,0.12974326,44,3.817957625,4,2,10.75685691,24.19711534,3.513713815,4.505912433
4010,31,6,5,291.9309739,3,38,0.578917915,0.115115851,0.148162141,14.27159333,43.35827548,0.587653787,0.170783685,40,6.44088965,2,8,10.37310741,68.95798105,4.746214815,5.445161323
4012,31,8,5,283.79396,7,30,0.563157674,0.295664758,0.189504824,10.86596514,159.9426227,0.458644767,0.032797979,66,6.575942216,5,11,8.14775841,63.06342353,4.295516819,5.446735974
4013,31,9,5,281.7916715,7,20,0.427629597,0.050806864,0.229362291,13.01137903,,0.373989948,0.174112717,68,4.139017064,5,5,11.78409946,72.74407538,5.568198922,5.66311113
4014,31,10,5,95.67897276,6,71,0.472186327,0.100549956,0.103909646,9.3999645,44.2097443,0.531968513,0.193529412,69,3.069173448,1,0,6.888869167,30.58607296,3.777738333,3.517455913
4015,31,11,5,58.76127352,1,64,0.43596752,0.267398028,0.510326197,14.19485714,67.01153523,0.32486885,0.047140926,18,5.701987014,1,1,6.886031747,79.42729294,5.772063494,4.356927166
4017,31,2,6,26.34968107,8,41,0.448813005,0.107544229,0.480537701,13.82562564,45.19455493,0.67812648,0.164960926,67,5.118499142,0,1,8.125347577,47.45966027,4.250695153,3.405263408
4019,31,4,6,30.25594066,1,71,0.461753606,0.371612337,0.410671012,14.71638153,106.3231258,0.316896538,0.028353172,32,6.40481783,0,0,8.175767514,75.65438837,6.351535028,3.978026452
4023,31,8,6,101.5932189,2,34,0.524499472,0.25078801,0.659864267,14.9358747,82.86895527,0.558132169,0.076173508,69,5.906296274,1,2,11.85326372,91.06355361,7.706527448,3.80534913
4025,31,10,6,86.18610867,3,65,0.472423363,0.674444926,0.473275228,13.88504984,48.40687608,0.46141653,0.088496916,39,8.948368393,1,2,10.71391658,59.95176796,5.427833153,3.612320544
4028,31,2,7,105.9301111,7,29,0.50898419,,0.111189046,14.68559256,115.2538663,0.49844607,0.016671139,32,4.622236414,1,3,9.158662535,29.39840181,,3.629448069
4029,31,3,7,219.7493569,3,32,0.550460777,0.112225556,0.617579269,11.16406544,118.6632527,0.433660888,0.080025205,60,9.672676954,2,4,5.757814135,52.77985771,3.515628269,5.108827069
4030,31,4,7,152.5525287,7,,0.485515775,0.540326415,0.33516313,15.18063282,49.0380918,0.664270804,0.012628381,57,2.13374026,1,3,,105.34384,6.867369804,5.230223372
4031,31,5,7,81.11428652,5,31,0.492318901,0.188561031,,,21.95492994,0.491048118,0.043500521,43,5.243548927,0,3,10.20819608,94.98844249,6.416392154,3.646994839
4032,31,6,7,28.34079,1,28,0.423133761,0.073143747,0.453518026,15.22585889,175.4676703,0.622880568,0.010300151,66,9.785058289,0,1,6.903254939,70.44512634,5.806509878,3.890040721
4034,31,8,7,281.0666047,2,36,0.471669881,0.2558499,0.064392644,12.34011045,91.57304602,0.379405991,0.16244787,43,3.725372383,2,11,10.85561692,7.226834061,3.711233837,4.805320153
4040,31,3,8,230.896227,2,67,0.576168404,0.710273804,0.774073865,12.94215198,125.0085916,0.306067315,0.125402646,,7.992106289,2,9,8.745639991,,5.491279982,3.891357957
4043,31,6,8,188.6037525,8,59,0.47639782,0.006828792,0.73287232,15.57694137,23.73463351,0.260927909,0.050489522,50,3.20223401,3,3,7.653856318,58.90180463,7.307712636,3.398760735
4045,31,8,8,89.43866729,7,51,0.473163187,0.8403634,0.86467353,11.62217445,61.99401259,0.268866608,0.179944841,27,5.167182947,0,0,7.456763585,3.058590105,2.91352717,3.069140915
4048,31,11,8,59.06864519,2,56,0.51268701,0.007371020000000001,0.836887699,9.678199344,166.4128429,0.429885961,0.164319536,59,2.106719719,0,1,7.04344408,0.105508687,4.08688816,2.767636502
4050,31,2,9,56.47173944,6,69,0.536437819,0.724211068,0.486242749,11.9027938,62.94507916,0.462299727,0.078338333,63,7.988472043,1,2,9.612663222,20.42712444,3.225326443,3.4888211
4052,31,4,9,147.6985387,3,65,0.434993774,0.864114981,0.122940433,12.06795779,65.8303464,0.289715148,0.189905162,44,9.345957513,1,,6.704420994,3.219450005,3.408841988,3.499999044
4054,31,6,9,92.36835515,4,27,0.549009478,0.689806,0.484722422,10.77898739,125.8952911,0.215870445,0.054974478,48,9.428911786,0,3,7.654992993,33.07033112,5.309985985,3.884824594
4055,31,7,9,37.15637174,4,72,0.442790334,0.726041143,,13.20789537,87.69416027,0.247343513,0.183012268,45,2.404007545,0,0,8.782164095,16.12447611,3.564328191,3.181870502
4056,31,8,9,31.09934179,2,30,0.464568998,0.003955077,0.815279287,10.82742223,13.96791668,0.297848525,0.11719906,14,2.362896837,0,1,9.681901238,27.13250725,5.363802475,2.566131647
4057,31,9,9,158.933676,1,20,0.551700365,0.969697171,0.805430957,12.42430662,173.8809826,0.41961059,0.121100462,51,6.4623156,1,4,5.902392564,0.177761345,3.804785128,4.091283735
4058,31,10,9,96.34749467,6,40,0.450146014,0.273558983,0.522882873,11.5059352,52.69246488,0.652871423,0.002475111,15,4.278690815,1,2,5.947741776,59.20129382,3.895483551,4.094580381
4059,31,11,9,14.69720571,5,29,0.436467218,,0.714307434,9.734480209,62.27267024,0.269762212,0.073578184,20,2.969562812,0,0,6.074711227,,4.149422454,3.015987801
4062,31,,10,184.0485861,1,28,0.546234408,0.476944753,,13.8380474,86.48142473,0.524762945,0.051967522,17,2.690297631,,5,10.13224855,42.73878917,4.264497107,4.636312581
4063,31,4,10,178.1279498,7,41,0.563465161,0.111607161,0.689654041,13.45777111,36.8874899,,0.112508429,25,,3,3,6.476539503,31.18773915,4.953079006,3.690550571
4064,31,5,10,166.8074101,7,71,0.421998468,0.300633149,0.306731296,11.46063116,101.1316162,0.421590224,0.14891358,69,8.497439451,3,5,,25.95157166,6.067367955,3.06278736
4067,31,8,10,219.0694723,4,50,0.519351938,0.11041495,0.094288721,12.73846864,132.6883785,0.20024413,0.149351147,63,4.616664745,4,8,10.18803813,74.14387155,6.376076269,4.763225574
4069,31,10,10,57.46549949,2,70,0.52643703,0.129668,0.055042182,,150.4781977,0.231119316,0.044853752,18,6.088533962,0,1,7.129969196,38.13954233,6.259938393,3.592422616
4071,31,1,11,237.9907104,2,19,0.508414679,0.320149607,0.183174726,9.028440652,40.78052466,0.324565087,0.075346687,58,5.38952725,2,2,10.68246703,39.09539097,3.364934058,4.424107985
4072,31,2,11,122.4993677,1,68,0.429024815,0.088343682,0.1512453,12.17535672,183.3022991,0.312301816,0.082539368,16,8.444493117,1,1,,6.272458899,4.639285245,3.383541119
4073,31,,11,27.7591183,6,58,0.553765893,0.923189793,0.061156804,8.574203691,174.9954302,0.661687264,0.037646936,49,2.317337534,0,0,5.430113162,2.491936599,2.860226323,2.69847226
4074,31,4,11,16.93191642,6,25,0.510207118,0.392635755,0.454651587,13.25716854,113.8291625,0.659186471,0.073632686,65,3.835784342,0,0,11.36509363,70.99738996,4.730187264,3.136090968
4076,31,6,11,146.0010901,6,47,0.576405066,0.551062797,0.544011032,11.22905945,137.8352897,0.604153739,0.084439977,57,8.938366739,1,1,5.793921918,45.89281588,,3.284020543
4077,31,7,11,69.63589998,3,60,0.497393894,0.039667942,0.320745734,13.38254969,32.91052042,0.217432326,0.127008202,61,2.972356949,0,0,9.879194274,54.31871227,3.758388549,3.513873729
4079,31,9,11,105.5400728,3,26,0.575877856,0.760087592,0.1956451,13.54969593,99.60466153,0.486899432,0.159125621,7,3.016432601,2,1,10.63871996,108.8023691,7.277439921,3.88714169
4081,31,11,11,91.46378728,8,49,0.509366601,0.305054418,0.316231052,,138.4433586,0.620145224,0.0477451,60,5.591415547,0,2,6.440881182,41.35473371,4.881762364,3.657884586
4084,31,3,12,242.1376333,5,32,0.42450469,0.751925726,0.700760272,14.24671676,38.97770676,0.631661925,0.180038911,37,5.546106119,4,2,7.359287087,42.37065718,4.718574173,4.22753431
4085,31,4,12,30.1042237,1,38,0.545920678,0.073914002,0.840480979,11.21021758,101.4252606,0.378261869,0.137586027,42,2.532263959,0,0,6.783454211,44.06569967,3.566908422,3.169796111
4086,31,5,12,233.6420811,8,67,0.545223404,0.112782617,0.699719466,13.69339021,135.3942573,0.444039261,0.138507424,71,5.642986144,,7,6.05188345,61.01658976,4.103766901,4.604385492
4087,31,6,12,150.0635979,2,61,0.5465442,0.561245618,0.555025374,9.364312617,188.4232873,0.423636928,0.173064134,5,2.430283263,1,4,6.869062565,28.17448915,3.73812513,3.732615269
4088,31,7,12,220.2673917,2,56,0.568095117,0.228418255,0.110953559,10.19654373,4.41425609,0.625261315,0.161179146,12,7.592935725,2,8,7.775857627,41.83905306,3.551715254,4.060281679
4089,31,8,12,52.11727634,4,53,0.540435146,0.263520898,0.80098076,9.13612651,180.5722901,0.430263665,0.122818279,59,7.552131786,0,2,7.742292506,20.92166991,3.484585011,3.418010029
4091,31,10,12,45.10283986,6,27,0.435941656,0.013634635,0.661383176,11.75878125,130.0468882,0.294960877,0.109915706,,8.970484728,0,1,7.088211807,44.66037704,4.176423613,3.127373545
4093,32,1,1,268.3042805,6,58,0.447064117,0.023402249,,12.49679304,,0.31443597,0.192419437,25,8.82266347,2,2,6.942662802,27.28709812,3.885325603,4.762388017
4094,32,2,,160.6968241,4,45,0.499399093,0.729873219,0.403572275,10.40206839,172.222608,0.552715472,0.109287901,62,7.950396496,3,1,9.890037995,57.30055444,3.780075989,4.789035893
4095,32,3,1,142.2914841,4,66,0.469467752,0.813897475,0.363659134,12.04686285,52.91420295,0.238044267,0.072817173,17,5.68099874,1,4,9.248257141,41.40133645,4.496514282,3.555609955
4097,32,5,1,284.5325645,1,24,0.423879,0.357702,0.694786468,12.84745382,144.6171302,0.281986324,0.019311192,71,6.719609594,2,5,7.137474347,51.49137099,4.274948693,5.223302743
4098,32,6,1,123.588669,2,62,0.481583606,0.068423256,0.826430136,13.94343972,132.291899,0.222005594,0.150386394,57,6.28142699,1,4,8.190799842,5.234871683,4.381599684,3.124002628
4099,32,7,1,97.57644901,6,44,0.428829485,0.000673508,0.55795215,8.933679336,187.1738419,0.448608409,0.034754464,21,4.336212534,1,3,8.629821853,48.55445975,3.259643706,3.537625529
4100,32,8,1,293.2222452,2,27,0.47553257,0.464264,,9.865468864,194.0193017,0.340605993,0.115920757,67,4.711723493,2,2,6.147482702,43.9371888,4.294965405,4.536537069
4108,32,5,2,156.1812971,8,30,0.567801947,0.001242318,0.639411029,12.89352173,16.37872361,0.288097234,0.158735575,19,3.467009128,3,1,10.71862319,13.23534973,5.437246372,3.736498186
4109,32,6,2,209.2234747,6,28,0.5155588,0.380179017,0.690479425,11.86776107,140.5060869,0.361183357,0.0687745,21,4.18146822,4,4,5.037645041,5.160596501,2.075290082,4.243335208
4111,32,8,2,22.01625348,3,46,0.462753312,0.437531769,0.291315,14.38420968,180.9147548,0.428781632,0.089001461,12,8.568977615,0,0,6.9912276,22.19606231,5.982455201,2.565130148
4113,32,10,2,42.38065973,2,24,0.471285014,0.000173345,0.697864,10.76753179,62.76272475,0.637134748,0.059962042,44,7.123820026,0,1,9.64862877,20.56955019,5.297257541,3.149337194
4115,32,1,3,270.6633654,7,29,0.563824696,0.779763371,0.004469753,14.52281453,175.3702001,0.500778672,0.071732556,61,6.509293362,2,5,6.512674738,37.91361017,5.025349476,4.749605045
4117,32,3,3,162.6642766,8,61,0.508689636,0.001396747,0.684772771,11.6359444,14.42942494,0.333854698,0.175816006,66,5.044679319,1,4,9.575524666,7.235500976,5.151049332,3.388053115
4118,32,4,3,222.4256588,4,25,0.535788097,0.285881901,0.516576286,12.95501397,73.06893397,,0.168808008,11,9.582740464,2,4,10.75278554,10.81007181,5.505571075,3.918715279
4119,32,5,3,276.5768443,3,40,0.489992934,0.040343465,0.590461588,9.994235686,84.42298341,0.672513626,0.004666088,18,9.251915178,2,11,10.66346427,30.52897533,3.32692854,4.480212913
4120,32,6,3,39.107025,8,38,0.470603832,0.88032748,0.025380656,11.52099801,107.9682376,0.301531681,0.098667061,16,2.377595717,0,,10.95611,1.053219044,3.912220006,3.199946673
4123,32,9,3,54.83109456,5,54,0.466792049,0.598078905,0.263889172,13.92691306,197.6146526,0.533587363,0.042620253,11,6.553169429,0,1,8.73717392,66.56492625,5.47434784,3.61200768
4124,32,10,3,144.5739633,5,50,0.423304384,0.01961903,0.40750902,14.3030413,119.018765,0.369670909,0.159110622,67,4.887361913,1,4,7.390578497,,4.781156994,3.726031555
4130,32,5,4,132.3301779,3,62,0.558069463,0.294937429,0.349834275,14.33255107,97.19724944,0.671203645,0.160448133,11,2.230108404,1,2,9.518083926,109.889878,7.036167852,3.957838028
4131,32,6,4,66.44054395,3,23,0.489146918,0.907551636,0.057272878,9.232036377,20.53713449,0.517931079,0.19046515,31,7.226314708,0,0,9.240020209,37.87868255,2.480040419,3.095635519
4133,32,8,4,234.0012859,2,56,0.492889569,0.372536214,0.1356115,10.87154238,34.45990718,0.492179218,0.034425466,42,9.471462403,4,4,10.03974577,30.53523975,2.079491535,5.012366583
4134,32,9,4,180.1345625,3,70,0.518100894,0.297306704,0.002955097,12.37068068,130.337404,0.523291,0.18191701,23,8.085297979,3,1,6.872600377,47.70833887,3.745200755,4.179239266
4135,32,,4,42.24943094,3,37,0.480584548,0.002183196,0.377388953,13.82273248,32.66276304,0.206053489,0.029345135,10,9.039686258,0,0,11.12374027,37.6503468,4.247480532,3.214139068
4138,32,2,5,214.3436166,2,,0.478357812,0.452283697,0.639366779,14.15688247,93.14870777,0.547687081,0.147389915,14,6.909543509,4,6,10.30937915,38.74189147,4.618758305,4.025010587
4143,32,7,5,198.3985591,8,,0.456273171,0.020057765,0.03907241,14.85232382,154.3531191,0.375509697,0.156559846,54,2.619486884,1,7,9.695735453,42.55114978,5.391470906,4.32834236
4144,32,8,5,28.86711791,3,51,0.453196466,0.003600219,0.051960158,11.37251,64.44780937,0.482801895,0.194219546,56,7.303558661,0,0,7.429172222,12.3995017,4.858344444,2.84148978
4147,32,11,5,216.6869955,4,57,0.579151388,0.011478382,0.001211418,14.60120425,68.18065102,0.601251024,0.15084882,10,2.794349096,2,8,10.11178014,39.39490818,6.223560277,4.129803308
4151,32,4,6,173.7994268,,41,0.425507876,0.023350662,0.430411662,10.64014942,168.4774013,0.322115174,0.107939081,16,6.828083081,3,3,11.02230523,1.458392047,4.044610462,4.670661418
4152,32,5,6,253.8909205,2,,0.488909501,0.074291063,0.056884361,9.88241606,90.23576622,0.355163299,0.158792124,51,8.389800783,2,5,6.156897811,20.71357484,4.313795622,4.561986725
4153,32,6,6,34.79603407,6,47,0.528941397,0.133453935,0.623295176,11.20758166,77.78214338,0.507347691,0.065215406,,7.783758097,0,1,7.78198981,16.26802102,3.56397962,2.843278281
4157,32,10,6,83.28414778,8,23,0.484568185,0.878896457,0.512820043,13.35780426,127.3524085,0.498396193,0.149743033,70,8.969673045,0,3,6.421002368,22.02646466,4.842004737,3.574766682
4158,32,11,,13.22437139,7,40,0.424258571,0.079761544,0.135178917,10.39926312,94.63220781,0.573943579,0.003374338,62,7.459083703,0,0,5.888479514,3.284561483,3.776959027,
4159,32,1,7,82.0944786,1,64,0.555028588,0.304136879,0.100608167,13.62989232,58.0658762,0.370509419,0.106001642,11,9.837562625,0,2,8.572162402,34.24431006,5.144324803,3.710088156
4162,32,4,7,156.7773115,4,26,0.574138862,0.975660382,0.726204254,14.86870193,91.62393868,0.45935927,0.052403456,31,4.299156932,1,1,9.260389961,45.54728915,6.520779922,3.692490375
4163,32,5,7,195.9527896,7,40,0.552489933,0.171427058,0.176868243,9.468882675,161.7057236,0.582325277,0.007402617,56,2.691303353,3,7,7.371601486,40.75508148,2.743202972,5.554488292
4164,32,6,7,37.06240674,1,46,0.564769452,0.107391162,0.727562373,13.31508215,186.5970619,0.285828724,0.110387722,18,5.418174695,0,1,8.952823416,84.8034267,5.905646833,3.570307304
4166,32,8,7,283.30132,3,30,0.427542273,0.873374,0.17107652,14.77688984,141.3258736,0.630666711,0.14120002,39,3.553449869,5,5,9.653827688,75.78844204,5.307655377,5.115838187
4168,32,10,7,87.65249745,2,30,0.508478405,0.010207808,0.196986557,13.0652753,86.39495845,0.587564177,0.071915365,50,6.695830322,0,1,7.258486279,25.80469001,4.516972558,3.804348917
4169,32,11,,257.8934435,8,64,0.455744764,0.562543867,0.346083639,12.97983213,168.1563497,0.349059274,0.088046797,28,6.510692548,2,2,10.21101785,17.92034867,4.4220357,4.517704165
4170,32,1,8,250.6512473,1,29,0.434313647,0.271081067,0.691547864,11.03965597,103.7893137,0.672210364,0.061846259,7,8.76604349,2,2,10.24425332,34.11150551,4.488506639,4.590291185
4171,32,2,8,107.8545274,2,43,0.57339085,0.080540249,0.329090823,9.137220424,9.286448287,0.536961413,0.176659442,29,,1,3,8.742900235,9.30153944,3.485800471,3.391226592
4173,32,4,,30.95189244,2,53,0.467903577,0.001791024,0.883613927,14.02535766,135.2849821,0.432974,0.166659168,29,2.734236766,0,1,11.79186537,26.88610494,5.583730733,2.428148423
4182,32,2,9,143.8262588,6,54,0.566329,0.422578833,0.137208547,13.49085813,177.8517587,0.232597391,0.166201388,44,8.011937132,1,4,9.494921184,0.123653759,4.989842369,3.498075175
4184,32,4,9,130.3749657,7,30,0.474847556,0.620719109,0.884020682,10.08948889,1.260686318,0.325269776,,31,4.773066894,1,3,7.716382719,14.34956663,3.432765438,3.547852115
4185,32,5,9,240.1267495,8,27,0.436934402,0.192383125,0.867666973,15.329975,143.0765636,0.23969285,0.018670174,45,7.448531447,2,2,8.961097224,40.88094604,5.922194447,4.83441417
4186,32,6,9,201.3463171,1,44,0.575342785,0.015431249,0.868358556,12.87710154,84.71284397,0.634782039,0.115748013,29,2.295092479,2,2,10.26505641,35.37944998,6.530112826,3.79342931
4187,32,7,9,91.28638146,1,48,0.489935268,0.290650076,0.7173091,11.95843961,41.21098704,0.634835117,0.049850466,10,8.436159915,0,0,7.754688673,24.69140709,5.509377346,3.056156886
4188,32,8,9,203.2647756,1,20,0.496974728,0.4055574,0.62247956,11.04467058,23.37892265,0.288843695,0.054805812,56,8.116512971,4,4,7.691483655,12.54557172,3.38296731,4.126773496
4190,32,10,9,150.3112578,4,24,0.483892458,0.778218573,0.731950229,9.565237112,118.5651079,0.455792774,0.095356742,31,8.653322872,1,6,6.980687285,3.490084863,3.961374569,3.774272299
4192,32,1,10,54.57171178,1,27,0.523946636,0.195761,0.820538169,12.33228011,153.2295065,0.226469683,0.098217565,29,3.597960196,1,1,7.851266726,31.43217373,3.702533453,2.855626438
4194,32,3,10,134.7835819,1,68,0.502676599,0.644575403,0.413252998,13.73714766,152.0652643,0.6635099,0.095427133,14,2.875791642,2,2,9.631748698,47.10649193,5.263497396,3.767516939
4196,32,5,10,274.54508,5,46,0.429806042,0.010069996,0.797983973,13.71529369,183.3980201,0.349918767,0.09923678,5,7.109449952,5,8,8.064052048,7.154134555,4.128104096,3.792266215
4197,32,6,10,203.1681981,8,68,0.49953579,0.014665035,0.697166916,10.82645675,67.3353772,0.661635961,,35,9.222444149,4,4,9.570253747,27.28111677,3.140507495,3.774351871
4200,32,9,10,177.8983716,4,64,0.527138429,0.17638692,0.548800762,9.959480478,114.365437,0.450918868,0.114951503,9,5.25169683,1,3,8.199711377,5.56728397,4.399422753,3.900621128
4203,32,1,11,248.0352398,3,62,0.48195173,0.275653868,0.1933088,9.891006447,42.26838396,0.375929225,0.071316213,61,7.944678502,4,2,5.606114693,39.5045335,3.212229386,4.984080443
4205,32,3,11,285.8616949,7,69,0.477015205,4.33e-05,0.704981691,9.9718639,147.8544452,0.34209531,0.086137166,22,6.953914283,5,8,5.095479944,11.98671607,2.190959889,4.465132344
4208,32,6,11,72.5600231,4,54,0.551978157,0.272017321,0.828822035,10.33695832,140.5433281,0.637972566,0.123539244,50,7.156874436,1,1,8.298310178,2.153458723,2.596620356,2.839280746
4210,32,8,,170.9776953,3,52,0.516657797,0.099232124,0.45781556,12.95862043,136.878741,0.213639761,0.019848996,23,3.857619584,1,6,7.754789127,32.7411155,5.509578255,3.820778842
4211,32,9,11,20.77854108,2,35,0.503043204,0.2099782,0.20628998,9.716595886,196.894025,0.329636776,0.01957341,52,3.457209035,0,0,5.509219937,47.78862054,3.018439874,3.423528501
4212,32,10,11,184.8397953,5,68,0.577464925,0.062350612,0.631988693,13.33947714,129.8034906,0.204705484,0.199260134,71,8.278621799,3,7,7.410820631,66.94088634,4.821641262,4.079017363
4214,32,1,12,13.41059434,7,61,0.553086664,0.251678434,0.562461019,14.31487076,33.75378748,0.541467616,0.066165681,23,4.512780358,0,0,9.952705976,69.43559743,5.905411952,2.925541303
4216,32,3,12,146.5519703,2,51,0.561395193,0.381214898,0.728408319,12.41865871,175.5896933,0.299974204,0.157912323,21,9.886895284,2,2,9.343699285,18.36841442,2.687398569,3.787135043
4219,32,6,12,181.084638,3,25,0.574514949,0.037835574,0.6364730000000001,14.3639592,64.13549077,0.42333729,0.148733659,60,9.587856794,3,5,11.42442178,4.115590655,4.84884356,3.08250722
4222,32,9,12,170.3189958,8,54,0.460652823,0.935057067,0.044441342,11.01621527,46.001836,0.648839039,0.194986835,,9.723624093,3,3,11.23123071,42.32145495,4.46246141,3.267838278
4224,32,11,12,114.0392335,8,61,0.497089,0.233392938,0.79660693,11.36293616,100.4551302,0.27458567,0.003658702,67,4.632380239,1,3,11.42385342,2.924423438,4.847706848,2.564447742
4225,33,1,1,153.4547342,6,52,0.541227322,0.389490822,0.510493193,11.76112887,9.465969601,0.373131167,0.132997652,29,7.885119431,1,3,11.64507159,38.26153049,5.290143188,3.602690625
4226,33,2,1,88.00519305,6,72,0.539149684,0.369238102,0.438507823,,163.8510115,0.648625572,0.110958505,39,4.020982732,0,2,6.970874235,5.919417591,3.94174847,2.558171232
4228,33,4,1,169.2777937,6,66,0.468327834,0.146498139,0.849535652,12.53194687,101.0879462,0.244443527,0.077277115,16,9.932977897,1,5,7.517748261,36.25803196,5.035496522,3.455886214
4230,33,6,1,38.58518817,6,28,0.546921263,0.333502581,0.336192417,11.28902173,44.95540338,0.222193556,0.154826231,58,6.554260475,0,0,7.382789849,58.76142119,4.765579698,3.045488142
4231,33,7,1,116.6527769,3,72,0.510568502,0.177213634,0.264746269,13.22499888,30.21757097,0.599846322,0.084967223,16,9.716293803,2,4,6.3472216,11.37952374,,3.13817892
4232,33,8,1,256.2806597,3,60,0.551272169,0.276186403,0.275090258,10.1398943,99.74411534,0.515665014,0.140613849,18,5.032384881,5,7,8.299941279,0.846181212,4.599882557,4.025106458
4233,33,9,1,95.73650704,2,56,0.52737538,0.203593808,0.581732772,11.25288418,192.2601743,0.325172155,0.139484544,44,4.107206469,1,3,7.918268988,66.74900425,5.836537975,3.399213586
4234,33,10,1,153.3541512,8,51,0.453223222,0.837462102,0.195013375,13.57941545,78.20718585,0.411246792,0.029541876,12,5.463747079,3,1,8.544119695,5.697902396,5.08823939,3.186702502
4235,33,11,1,65.67990629,8,36,0.488470131,,0.243795034,12.29144709,174.7426338,0.665625164,0.09813837,71,8.184612415,0,1,8.273026159,20.79265135,2.546052318,3.171473942
4236,33,1,2,269.0465125,7,35,0.440947112,,0.423525474,17.07340116,179.4951511,0.266400129,0.115156474,56,8.632836214,5,5,11.92966731,109.534594,7.859334627,4.715737065
4241,33,6,2,67.99220518,7,60,0.570462849,0.34367438,0.757390471,12.39258428,99.22819565,0.406482712,0.066253052,45,7.269362828,1,2,8.995880155,21.57942053,5.991760309,2.787165737
4242,33,7,2,19.53269168,1,56,0.519766052,0.484911263,0.259895917,14.41569617,194.22236,0.317619703,0.194245148,24,6.404314764,0,0,9.008720096,17.70141375,6.017440192,2.387365014
4244,33,9,2,224.7800495,7,52,0.567681,0.022060002,0.459268367,11.73901896,2.433030727,0.482617666,0.135496972,18,9.736296099,4,6,8.632788312,47.76546992,5.265576623,4.981285543
4246,33,11,2,40.59834221,8,26,0.518176751,0.14642905,0.750124763,15.04323406,97.00758011,0.345835024,0.021376925,14,3.731606552,0,1,12.35735226,80.27540332,6.714704515,3.920984375
4247,33,1,3,35.35092585,7,62,0.537523583,,0.545631623,16.17703079,175.0035523,0.385272664,0.168172956,51,7.350409112,0,1,7.987239328,107.2424483,7.974478657,3.35968995
4250,33,4,3,9.053070495,6,63,0.422799,0.325811927,0.582376842,15.81412744,152.0404913,0.499695106,0.092944298,34,2.161557944,0,0,12.2300708,71.31500215,6.460141596,2.700864493
4254,33,8,3,262.0278914,8,49,,0.519794913,0.077345544,14.0130542,197.1946618,0.231123825,0.054405572,9,3.424389752,2,7,10.34058567,93.59170735,6.68117133,5.26963912
4256,33,10,3,223.2531931,8,51,0.444325755,0.004675445,0.700200562,12.06919847,148.3978331,0.397903656,0.13658827,65,2.669023518,4,6,8.81622137,66.41126272,5.63244274,4.440802664
4257,33,11,3,22.52327214,1,49,0.492152573,0.337480549,0.600592605,11.0356914,68.32307031,0.384346776,0.052796198,35,6.982164225,,0,11.79760633,19.41707186,5.595212661,2.378104807
4258,33,1,4,257.302379,3,28,0.554885806,0.674329683,0.38097763,13.10216848,61.83104478,0.489962683,0.10979053,54,,2,7,8.834538043,79.12646309,5.669076086,4.439879497
4259,33,2,4,135.398469,2,35,0.431473507,0.033398342,0.469046212,10.54328782,146.7770633,0.532225026,0.035815919,23,2.584727058,1,5,10.52404879,59.3469355,5.048097581,4.098665264
4260,33,3,4,289.0424417,6,18,0.529711117,0.044155454,0.6399205,14.10235724,1.538113547,0.200753951,0.125391384,19,7.470623945,2,8,12.94575402,50.08641747,7.891508045,4.454143921
4261,33,4,4,141.7119475,6,51,0.426205441,0.421304756,0.362355209,17.10876671,17.21190231,0.391197776,0.027919455,52,3.825255522,,1,12.94931484,68.7284615,7.898629674,3.655201787
4262,33,5,4,234.8612822,6,21,0.438371314,0.094115567,0.24132771,14.62051724,108.8251156,0.308830361,0.100662754,,8.221670342,2,9,9.566954021,68.81241687,5.133908043,3.567269348
4263,33,6,4,8.135892913,7,53,0.440037621,0.449947785,0.632375887,11.62602234,65.31640911,0.342859189,0.012970282,46,6.537676252,0,0,8.57001241,6.053419325,5.14002482,2.357819326
4265,33,8,4,216.4134333,3,65,0.495658552,0.089328935,0.050554997,11.50400001,90.09025832,0.442590083,0.102522592,46,8.975112057,4,8,12.05777778,69.73855991,6.115555566,4.861609871
4266,33,9,4,7.139427046,2,50,0.553959133,0.54276181,0.235433237,13.65079516,142.6927623,0.499164011,0.142680469,47,4.630977931,0,0,8.139330645,96.63756465,6.278661289,3.676489161
4268,33,11,4,100.998381,6,46,0.549087835,0.006507365,0.869727091,12.01951791,20.40009765,0.505652482,0.000578784,6,9.611237659,2,3,8.78862106,45.01432885,5.577242121,2.966819539
4269,33,1,5,293.1679715,1,35,0.494072099,0.715749286,0.556756026,12.2543233,101.7971137,0.608000531,0.186385005,23,3.602124553,5,8,10.9190685,75.01229675,5.838137004,5.294579138
4270,33,2,5,272.2982388,5,57,0.509522,0.781197716,0.616408759,14.84360741,161.6969745,0.501863885,0.023820271,60,6.043824537,5,10,8.690893005,29.86998451,5.381786011,4.647202957
4272,33,4,5,66.33454902,1,63,0.545868407,0.083751411,0.180058349,12.67685869,167.7163545,0.651264744,0.147414191,12,7.609179357,1,1,9.598254827,65.05126275,5.196509654,3.705106807
4275,33,7,5,259.4422554,7,50,0.436800399,0.042651869,0.303558466,14.39238067,189.0831066,0.329035461,0.083734444,6,6.995567065,5,7,12.55132259,49.10388768,7.102645186,5.019565046
4276,33,8,5,118.9756959,1,27,0.424148755,0.01775432,0.293618158,13.68062885,73.3957545,0.421964308,0.185432468,63,4.956577783,1,3,8.711460473,54.09106338,7.422920946,3.760209117
4277,33,9,5,177.6730003,6,60,0.519501398,0.127743449,0.645056052,15.15639228,,0.556099023,0.075722966,22,4.422330184,1,5,9.420217932,95.10988752,6.840435864,5.078268256
4278,33,10,5,117.3929035,3,27,0.538547106,0.623786771,0.488860415,12.32505766,,0.237469183,0.016545222,,9.418085966,1,4,11.51392092,52.55433274,7.027841846,3.309143387
4280,33,1,6,137.1595472,3,38,0.53044334,0.208885628,0.258514806,12.49028671,37.17728678,0.41612039,0.175044923,45,9.164983168,1,1,10.60571484,73.57793479,7.211429675,3.988557485
4282,33,3,6,160.8632198,8,70,0.579084817,0.611291747,0.595081419,11.72007024,44.75189839,0.635433443,0.17099552,12,2.507949983,1,1,11.1778168,37.48163893,6.355633603,3.95557332
4283,33,4,6,189.1608342,1,61,,0.931971744,0.147224949,13.10991665,26.74781757,0.602967791,0.166836925,7,4.563410285,3,3,8.394398141,54.12630728,6.788796282,4.061151097
4284,33,5,6,10.56998407,,52,0.503272981,0.942795143,0.613598354,12.0780407,73.03623499,0.309430114,,54,3.806083551,0,0,6.265578164,27.80245536,4.531156329,3.135764514
4288,33,9,6,148.9883855,2,23,0.432874036,0.021697543,0.582936838,12.5870309,170.6662186,0.430103948,0.08285789,34,6.132235926,2,5,8.659461609,45.62839987,7.318923218,4.122903512
4289,33,10,,35.53608856,8,63,0.500951,0.063254946,0.127481178,12.43457123,120.5553174,0.516426574,0.12887072,33,6.377432497,0,1,7.574761796,79.38471827,7.149523592,3.686574304
4290,33,11,6,52.16847333,7,70,0.527653125,0.022998397,0.79838725,14.81281464,174.7245017,0.277559892,0.163167713,42,2.263441314,1,0,12.22934147,86.57970859,6.458682937,4.353363497
4291,33,1,7,96.69594844,4,45,0.462132258,0.019104838,0.060476732,12.25491988,169.0218497,0.401155387,0.170207362,12,2.195846272,1,1,11.47495549,50.95511487,6.949910977,3.282200456
4292,33,2,7,218.8731249,1,38,,0.004189139,0.837970503,11.96344352,71.38493455,0.608433749,0.127811337,43,8.441193809,2,6,7.757468624,41.08734679,5.514937248,4.870647055
4293,33,3,7,258.1035609,4,25,0.465124402,0.101456,0.894751328,12.06345622,60.43468736,0.459695189,0.151750596,34,,5,5,8.813031233,17.39805052,5.626062466,4.913941717
4294,33,4,7,64.72187726,7,20,0.533513936,0.086619084,0.773029157,15.46282566,62.03918611,0.609066023,0.162018341,62,6.580319857,0,1,8.5904587,101.3618519,7.1809174,4.297451524
4297,33,7,7,115.0014585,7,35,0.517507492,0.241194,0.070644895,15.43006836,106.1002554,0.665949689,0.16362162,55,3.79992946,2,2,8.016704644,27.72033798,6.033409289,3.596076998
4298,33,8,7,234.6265049,6,27,0.431309705,0.228414561,0.283963075,14.35137108,9.634850356,0.278659442,0.121984396,31,7.745096926,4,4,9.972983936,23.04916879,5.945967872,4.606659138
4301,33,11,7,232.5782985,3,37,0.513134097,0.263834974,0.329470382,12.25772326,108.680285,0.419636933,0.006960199,5,5.021056885,2,2,8.365401811,25.24138277,4.730803623,4.636781749
4302,33,1,8,23.87515046,2,58,0.497938473,0.531640168,0.6399940000000001,13.8430728,110.8111054,0.350312158,0.106857848,41,2.796941835,0,0,12.24615156,37.47575524,6.492303116,2.431562272
4305,33,4,8,34.05894885,7,41,0.540251766,0.585813127,0.088757543,15.24830719,194.6664085,0.21627892,0.13364757,52,7.893634488,0,1,8.47128177,52.35153608,6.942563539,2.942705154
4308,33,7,8,123.079683,7,62,0.501394491,0.246636077,0.082007616,14.03377479,45.76746604,0.443231924,0.152616368,41,8.968847967,2,4,9.796541548,77.49393317,5.593083097,3.461370527
4310,33,9,8,176.2749802,8,21,0.486817526,0.02502046,0.631867697,15.123185,185.034958,0.6362326,0.092214496,71,2.926267041,1,7,7.401769443,58.62875944,6.803538886,4.119545901
4311,33,10,8,2.071142162,2,21,0.432074985,0.332859212,0.609064586,10.69956192,91.86113797,0.229234781,0.001028085,41,2.077503331,0,0,8.055312179,51.18424855,4.110624357,3.283206892
4313,33,1,9,233.5452421,3,30,0.450274452,0.665485298,0.689566456,13.06410926,9.635504649,0.410808286,0.068595596,5,6.519696564,2,2,8.813394035,71.17789343,5.62678807,4.415137368
4314,33,2,9,74.87111585,6,68,0.422503961,0.025529214,0.463741248,14.60322213,186.4768332,0.439996015,0.025074569,41,8.417197679,1,0,9.112901184,35.19326924,6.225802367,3.315844886
4315,33,3,9,168.8655121,6,67,0.502620433,0.000136733,0.023349862,12.63767501,93.53618947,0.591132377,0.076754894,16,3.947135036,3,6,7.02093056,43.11297908,4.041861121,3.846004712
4317,33,5,9,26.75495588,7,50,0.456485768,0.052054382,0.48102668,11.21069305,197.8162393,0.345618987,0.139840618,61,2.607815731,0,0,8.894829473,52.48225006,5.789658945,3.163622563
4319,33,7,9,161.0695963,7,67,0.565718427,0.274972895,0.001520154,13.96748876,32.20259132,0.370183719,0.180105088,43,2.102105187,3,4,9.315271532,39.19692108,6.630543065,3.932678858
4320,33,8,9,164.5293531,1,24,0.42305116,0.30669799,0.751995341,12.78788692,49.14886447,0.238691428,0.120710189,63,8.391250391,1,4,11.77104829,46.1248493,7.542096582,3.901263542
4322,33,10,9,290.1468397,3,32,0.537697755,0.444825043,0.194568795,13.25227694,70.96774363,0.347379672,0.032189378,51,3.986165048,2,8,6.917931633,52.67019559,5.835863267,4.559091418
4323,33,11,9,32.17771931,8,24,0.459442365,0.013725385,0.56610308,10.82542994,63.94886331,0.637515516,0.147554669,35,3.431025147,0,0,7.680794409,35.37368109,5.361588818,3.309475549
4325,33,2,10,217.5070354,2,36,0.45073049,0.512372895,0.725485675,9.879168974,16.60160207,0.315799986,0.037332435,14,8.015975664,4,2,8.155093874,41.86448572,4.310187749,4.383582857
4326,33,3,10,19.14622046,8,64,0.425715586,0.600933834,0.205984716,11.77213512,16.64294122,0.573500374,0.150611505,66,6.435350734,0,0,8.651186176,49.925959,5.302372351,2.815991215
4327,33,4,10,113.7098708,8,29,0.488592592,0.453291287,0.086985974,15.7000006,157.80084,0.25980628,0.066318458,16,8.981742718,1,,10.166667,47.2064625,6.333333997,2.988145917
4331,33,8,10,232.4469449,3,31,0.491467709,0.36883834,0.795815036,12.22694348,64.9245934,0.264194842,0.020882609,60,4.702046368,2,6,8.903857491,89.55944367,5.807714981,4.385220306
4332,33,9,10,148.6868157,6,67,0.5040808,0.886428089,0.737903376,15.24626688,32.53067921,0.616124278,0.093985225,37,8.661432247,1,1,10.91459271,18.64687887,5.829185421,3.701935993
4334,33,11,10,255.5321752,7,,0.500178757,0.562073397,0.794326185,14.94742182,98.9246573,0.241281931,0.104493235,56,,5,5,10.74856768,36.71258345,5.497135355,4.639618582
4338,33,4,11,103.2172869,4,44,0.539607244,0.980752746,0.592969155,14.35445513,123.0202344,0.629618,0.150634852,50,9.916185547,1,1,6.419141737,62.8526191,4.838283473,3.397149513
4339,33,5,11,211.3341701,8,64,0.552531504,0.006851427,0.116845891,12.94913396,10.85246162,0.358318881,0.013774523,23,3.105131312,2,2,11.86062998,65.23217991,7.721259954,3.330306825
4341,33,7,,100.584791,8,41,0.54773631,0.136337033,0.31292783,14.98184077,15.73723145,0.502271939,0.116578941,61,9.810324936,2,2,11.32324487,28.59057098,6.64648975,2.942945587
4343,33,9,11,198.8476806,1,32,0.479704197,0.041341612,0.214597972,12.13509612,110.9562694,0.209017841,0.140612496,20,3.800921047,1,3,6.741720066,18.9343999,3.483440131,4.521876725
4345,,11,11,80.97185827,4,48,0.576673231,0.146680361,0.228417672,14.63048975,81.22405239,0.267035465,0.082084537,62,8.889081334,1,3,7.572494306,48.01014267,5.144988612,3.405769715
4346,33,1,12,201.6884687,2,25,0.486733206,0.63314709,0.8722331,12.60375145,82.87573204,0.505933039,0.161257105,31,4.692092381,2,6,7.002084141,58.25771853,4.004168282,4.817903201
4347,33,2,12,217.9885849,4,70,0.489572,0.029439348,0.183101857,10.42145098,21.71411834,0.491591297,0.014478763,62,8.412495588,2,6,7.900806099,11.5686284,3.801612198,3.969944232
4349,33,4,12,288.1914247,6,68,0.520774439,0.397682861,0.817273525,11.83023046,119.4517218,0.496242784,0.057155082,6,2.249718509,2,2,9.683461368,18.54736296,5.366922736,4.087633018
4350,33,5,12,203.9161028,2,40,0.471426,0.151187285,0.08377807,10.74984114,149.5271133,0.616320687,0.025372513,59,4.016121228,4,8,8.08324508,25.05798386,4.16649016,3.984279099
4351,33,6,12,13.04296533,2,38,0.542389743,0.775465924,0.500253596,11.9494719,152.0669494,0.671269195,0.084118497,26,5.759310999,0,0,6.638595499,50.77486893,3.277190999,3.573106351
4352,33,7,12,132.4838696,6,55,0.567398839,0.046668457,0.87334066,11.7527346,121.6178265,0.511790027,0.164679073,28,8.188165342,1,5,10.08485256,10.24380515,4.169705111,3.205670338
4355,33,10,12,80.63683734,8,20,0.528300304,0.151108129,0.201066512,13.32838305,172.8330022,0.268926807,0.166169922,51,7.335247362,1,1,11.40465725,58.12900076,4.8093145,3.339717024
4357,,1,1,172.250867,4,25,0.544811895,0.02381682,0.075432979,16.08392727,70.8892255,0.664889915,0.077537695,17,3.759590165,1,5,,87.72556241,6.759919194,4.335802648
4359,34,3,1,243.3538164,,18,0.531085406,0.475064136,0.234356568,17.06444539,110.8055631,0.654100476,0.004770336,63,5.068948523,4,7,11.92469188,81.41154297,7.849383769,4.455018434
4360,34,,1,121.2195852,2,69,0.533461413,0.836828373,0.160781302,16.16991374,41.0121747,0.362690028,0.044347034,41,9.841196043,1,4,12.42772986,75.67685477,6.855459711,3.392978821
4361,34,5,1,128.3694899,3,25,0.53917529,0.476171805,0.152928722,16.07779095,147.5685359,0.425519392,0.117659953,9,6.922645844,2,2,9.376550528,65.8420833,6.753101056,3.690633865
4364,34,8,1,158.6233856,3,70,0.469646564,0.749577017,0.166682153,14.74171617,57.5793314,0.605981374,0.049752924,43,6.690468004,1,4,7.745397871,60.21930982,7.490795742,3.216022313
4365,34,9,1,244.3321072,4,25,0.477525044,0.923558093,0.152866555,12.95432728,135.1034692,0.434542688,0.093435149,20,9.715193673,2,,10.75240404,30.63501589,5.504808085,4.002742978
4366,34,10,1,111.927613,4,43,0.552359815,0.820252847,0.170140881,12.85627239,194.1665155,0.300395773,0.149891725,19,3.6566755,1,4,8.253484662,80.53313065,,4.036540922
4367,34,11,1,44.31967296,3,39,0.47891288,0.050055052,0.820086,13.11808757,157.4974914,0.475045731,0.047215393,22,5.022472404,0,1,6.732270871,15.82189265,3.464541741,2.439489861
4368,34,1,2,218.1918296,1,46,0.477893447,0.317827714,0.010693277,13.35067094,161.3005099,0.398195322,0.163466014,51,3.076692158,2,8,9.417039409,28.68788623,4.834078818,4.106663561
4370,34,3,2,129.4527114,7,19,0.511134829,0.400879134,0.809206709,14.01724005,151.9720049,0.54773778,0.036074687,69,4.179759749,1,3,9.342911138,70.15164968,6.685822276,3.807194224
4371,34,4,2,216.1238135,5,51,0.462093716,0.711867062,0.700826502,16.23845353,27.8627336,0.401529057,0.01545722,31,3.869138925,2,4,,79.1730875,6.931615032,4.817979904
4372,34,5,2,26.87953211,,70,0.527399762,0.827410313,0.86489591,13.53408724,146.9139994,0.484550391,0.076927713,50,,0,0,9.630048468,54.39708736,7.260096936,2.870930932
4373,34,6,2,220.8977703,5,26,0.426260747,0.000922217,0.883937,14.48687511,54.13445308,0.584915141,0.074208717,49,5.757487617,4,4,7.603819505,78.91075009,7.207639011,4.876525076
4375,34,8,2,194.3066273,7,53,0.536347039,0.100856075,0.256535556,16.32061633,118.0303956,0.540800866,0.148274783,21,3.307889629,1,7,12.51145352,,7.022907031,4.262889598
4378,34,11,2,169.5824418,4,59,0.436058113,0.026973835,0.017000432,15.65259194,75.77640953,0.594673901,0.000798508,13,6.80944982,3,1,12.25143997,82.45775166,8.502879938,3.709282938
4380,34,2,3,42.2517759,4,49,0.502048558,0.281023129,0.232266981,13.93181822,182.4572192,0.62646,0.000909624,46,6.155561673,0,0,7.295454566,98.03668953,6.590909133,3.824883503
4381,34,3,3,66.09554316,2,47,0.554781685,0.117254434,0.57811818,15.98727498,122.9311505,0.324859,0.078997755,13,7.97292679,1,2,7.881819435,49.54266503,7.763638871,3.067604795
4383,34,5,3,179.0046034,3,21,0.498066855,0.42126394,0.741018385,,113.7169165,0.43680300000000005,0.127818543,32,8.994145836,1,1,12.18123022,94.959757,8.362460441,3.984776725
4384,34,6,3,135.4401399,3,67,0.535492161,0.137018802,0.70168294,16.5768562,176.8854526,0.300750152,0.020664128,42,8.559729785,2,4,12.653809,44.24960502,7.307618,3.84674185
4386,34,8,3,217.4148474,2,55,,0.391262,0.739349435,13.91500767,143.7073202,0.49548367,0.059786909,68,7.005788213,2,2,11.84167093,68.151733,,4.675730799
4387,34,9,3,242.138637,1,65,0.442519765,0.575220242,0.353260541,15.57622124,48.56064434,0.64311433,0.051308272,48,8.883225854,4,7,10.65345624,68.5345189,7.306912488,3.889550977
4388,34,10,3,283.0160402,5,51,0.462378628,0.419361825,0.167228244,17.60328955,99.68827382,0.474663658,0.180387267,51,6.537926183,2,8,8.224049751,110.8146087,8.448099502,4.939280738
4389,34,11,3,258.8018018,1,34,0.507584421,0.17410599999999998,0.380571752,14.53396295,57.50600165,0.446858907,0.162126916,59,9.452796503,2,5,8.741090527,123.0951038,9.482181054,4.441078409
4390,34,1,4,193.3561542,5,71,0.431164969,0.623574881,0.723994112,13.8296201,199.1194884,0.220123102,0.065025968,52,4.196349899,1,3,10.79423339,,7.588466775,4.199052399
4391,34,2,4,40.04742059,6,,0.492844569,0.094656874,0.526279222,15.63591033,87.18235261,0.29218215,0.023000098,58,8.44906892,0,1,7.686616852,68.9292729,7.373233705,2.97466827
4394,34,5,4,51.81396116,8,46,0.543921676,0.259007399,0.334535206,15.00556961,,0.406528203,0.187841572,19,7.915760519,1,1,9.891983116,104.8246487,,3.498541013
4395,34,6,4,140.296155,7,44,0.533703745,0.548256072,0.627518798,17.1988129,44.25718737,0.626788981,0.001828217,40,4.855550863,1,5,9.999340498,86.08767654,7.998680997,3.693884987
4396,34,7,4,159.3812116,7,64,0.545640576,0.717091836,0.025636136,13.73060738,89.61439619,0.255258263,0.063357665,71,4.040841375,1,3,10.18367077,94.76455922,,4.974526358
4398,34,9,4,87.89563471,2,,0.466044543,0.002345692,0.236824752,16.87876248,,0.388520869,0.016529118,51,3.733827049,1,0,10.37709027,70.50842951,8.754180531,3.356916146
4400,34,11,4,236.8740988,8,45,0.507232067,0.0390484,0.784367513,15.29009742,197.1059567,0.222069967,0.062149657,64,9.411574632,2,2,7.494498565,105.8212015,6.988997129,5.035432449
4402,34,2,5,4.333788022,1,66,0.431249941,0.0556356,0.754753467,18.15991494,131.2592224,0.440012622,0.173543426,37,9.590639807,0,0,12.53328608,97.71548295,9.066572154,3.490666667
4403,34,,5,93.15701369,5,49,0.430601813,0.852063012,0.098299291,13.76247434,32.93828155,0.383295639,0.023123118,42,8.749095265,0,2,10.75693019,86.94228977,7.513860381,3.674104204
4405,34,5,5,250.292871,3,40,0.478191784,0.616107888,0.431837831,16.8319963,9.459687803,0.510474966,0.050112703,68,5.553528318,2,5,8.351109058,131.7320965,8.702218115,5.293515466
4406,34,6,5,126.9411499,3,51,0.520455665,0.301466319,0.417435936,12.2356621,126.8785986,0.523443983,0.186647087,22,7.727432792,1,3,11.46425672,35.98437136,6.928513443,3.631273316
4408,34,8,5,291.0664991,1,39,0.453447116,0.15606584,0.88679895,16.2813561,46.62378922,0.342635935,0.053044822,35,6.640678673,2,11,11.60075339,84.67312118,9.201506773,4.613464013
4409,34,9,5,55.83789109,8,22,0.426289321,0.299344732,0.618963831,16.49146751,101.0506631,0.622569148,0.126780323,39,8.84778584,1,2,11.1619264,114.5390154,8.323852791,4.188933387
4411,34,11,5,20.86896527,7,25,0.428282736,0.280675407,0.536489,17.01900441,103.7408053,0.256346892,0.08121762,22,9.471649255,0,0,12.45500245,115.7051745,8.910004904,3.959519159
4412,34,1,6,205.8548901,1,23,0.550318212,0.905263683,0.387028374,13.10612362,135.3298892,0.530621967,0.020604788,19,2.644481443,2,8,10.94784645,76.24660517,7.895692907,4.46330004
4415,34,4,6,126.0943463,7,62,0.446097997,0.253565203,0.336202146,15.61913009,45.51178871,0.330459731,,,3.093894419,1,1,9.677294493,57.64498996,7.354588986,3.708745865
4416,34,5,6,294.4541629,3,20,0.504782847,0.020987148,0.214924252,15.61392117,9.559461945,0.276799248,0.002938837,52,5.311778423,5,8,8.118845093,65.30557942,6.237690186,5.441668231
4417,34,6,6,271.6914465,3,66,0.537917,0.032731558,0.71276543,11.89889371,141.6497662,0.25007999999999997,0.143481142,11,8.88932654,5,5,12.27716317,86.37564135,6.554326348,5.557506979
4418,34,7,6,188.4319401,,21,0.475478203,0.013179513,0.008922079,13.20806126,184.597359,0.225876583,0.014486566,36,8.774736173,,7,10.44892292,83.26412629,6.897845841,5.09895405
4419,,8,6,269.2556348,6,53,0.529976129,0.410336041,0.823362767,14.41636618,11.21022015,0.403742947,0.113851869,32,9.330739943,5,10,13.12020343,84.84586508,8.240406863,4.810481604
4420,34,9,6,220.4721826,8,51,0.52653187,0.349132087,0.127329036,13.55381049,189.1210419,,0.078893551,25,3.545639143,2,4,8.641005829,68.5504648,7.282011658,4.472512865
4421,34,10,6,284.2742181,3,59,0.463481049,0.614034181,0.799417908,14.66671811,94.61645085,0.4435414,0.189708254,13,8.980617585,2,8,7.703732282,74.7945837,7.407464563,
4423,34,1,7,296.8788679,1,61,0.573160516,0.931601546,0.890375982,17.59295797,59.43500129,0.487664097,,24,7.218474127,5,2,9.218309986,133.2058704,8.436619972,6.207427171
4424,34,2,7,117.2079474,4,26,0.482959242,0.383371594,0.815737836,13.23043571,64.6008247,0.339723046,0.086307106,58,2.496295016,2,4,12.01690873,115.9880772,8.033817451,4.07427991
4426,34,4,7,233.0066889,1,60,0.554620552,0.328873975,0.791358836,15.17053171,145.8611144,0.461385925,0.183659367,26,9.675220699,2,4,11.42807317,43.93962557,6.856146348,4.764607261
4430,34,8,7,127.4046941,5,24,0.434512961,0.375969485,0.829097939,12.43644014,31.53371435,0.213319314,0.076443466,44,8.796492821,1,5,8.575800078,109.972597,7.151600156,4.019446957
4433,,11,7,204.6204764,2,24,0.537931963,0.092252646,0.260374305,13.17718225,195.9927888,0.483915932,0.196197692,45,3.074684733,,6,8.987323471,86.47417309,7.974646942,4.557306923
4441,34,8,8,212.7893527,5,30,0.561795085,0.131676182,0.169887055,11.33781374,165.4298975,0.320835927,0.14111959,39,2.110719962,2,2,9.965452076,23.6498284,5.930904152,4.153972456
4442,34,9,8,76.26835009,1,42,0.500290345,0.262452797,0.894003519,16.09678716,54.56298299,0.226580399,0.040267798,28,9.441010309,0,2,8.387103978,80.43968533,6.774207955,3.417094822
4443,34,10,8,296.1295117,4,67,0.460466115,0.067441475,0.520238653,13.0733021,18.78430988,,0.125274443,50,4.725861668,2,2,7.929612276,89.63249996,7.859224553,5.08051137
4446,34,2,9,57.43580003,4,30,0.441212,0.376913107,0.641145178,16.1071416,67.92598307,0.582208385,0.182013335,15,4.780897217,1,,13.50396755,118.9505063,9.00793511,3.318853554
4447,34,3,9,227.5096086,1,53,0.532270734,0.0274819,0.819498245,14.23502015,126.0639683,0.669535179,0.197171687,48,2.844187439,4,9,13.01945564,52.51513215,8.038911276,3.558355063
4448,34,4,9,244.6637208,2,46,0.510626877,0.14032633,0.467547841,12.52576554,8.800607551,0.63687331,0.027043608,44,5.201205461,2,7,9.069869742,40.18036197,6.139739483,3.95249942
4450,34,6,,195.9883419,1,43,0.427898465,0.964060243,0.606951556,10.9109796,99.58973334,0.349133591,0.099597438,58,,3,3,11.728322,39.3532427,5.456643995,4.168621355
4452,34,8,9,79.06342001,1,30,0.462070644,0.006704644,0.346616035,14.03835687,57.9605207,0.422024243,0.095274483,7,7.459661707,0,3,6.799087152,41.1845043,5.598174304,3.373424519
4453,34,9,9,26.23217953,7,53,0.471385606,0.01755668,0.486399215,14.25110048,134.8969518,0.314758075,0.126007912,40,8.818893117,0,0,9.917278045,16.28248653,5.834556089,2.712967107
4456,34,1,10,228.6873793,8,67,0.461132856,0.280468687,0.760226386,13.85007445,181.2417004,0.370381947,0.022400606,61,6.207996223,2,4,9.36115247,89.68409048,8.722304941,4.559406839
4457,34,2,10,70.99942822,8,24,0.439779494,8.83e-06,0.280234569,13.0739011,48.18689943,0.45334765,0.189669192,57,5.601069995,1,2,10.81883395,21.98104922,5.637667894,2.850617064
4459,34,4,10,208.3818095,7,55,0.531574561,0.235060523,0.484017434,16.7721221,101.8705283,0.254408575,0.149568375,,7.666203477,4,4,9.317845614,109.6122007,8.635691227,4.993382567
4460,34,5,10,,3,22,0.531173232,0.406383516,0.717479363,16.69046303,71.34330753,0.550997865,0.097572707,43,8.689206193,1,4,8.272479462,87.04475059,8.544958925,4.084153283
4461,34,6,10,119.9567887,3,68,0.457571904,0.389492261,0.668291712,14.15099887,174.8358082,0.343286535,0.157919094,54,2.431214714,2,4,7.417221595,85.98992296,6.834443189,2.985510752
4463,34,8,10,14.98285298,1,32,0.555769358,0.034409652,0.825009116,17.29639839,120.0745969,0.223316801,0.119539517,64,3.272104752,0,0,8.053554663,118.0864236,8.107109326,3.537503075
4464,34,9,10,244.5133675,8,53,0.539114803,0.001125584,0.074136241,14.05687073,198.671338,0.519139148,0.060498828,38,8.742469475,4,9,8.92048374,61.9149425,7.840967481,4.073510199
4467,34,1,11,285.8793292,8,31,0.466326796,0.032406647,0.675010585,14.18598082,112.4416487,0.601598132,0.133503369,20,8.125604706,2,8,7.881100456,43.89875616,5.762200913,4.593236895
4468,34,2,11,155.0413645,5,37,0.489927183,0.963816048,0.27934504,,23.54013177,0.457568096,0.134660788,45,2.722661596,1,6,8.536022932,78.91356468,7.072045863,4.290854778
4469,34,3,11,76.30906541,4,40,0.452949923,0.255655373,0.078911158,12.49042863,110.7771871,0.218141746,0.027978538,53,9.876127619,0,0,8.494682573,17.03502649,4.989365146,2.998182089
4470,34,4,11,126.9030698,1,57,0.555199,,0.090388556,13.2068034,119.5769208,0.591584494,0.05301573,46,3.547754821,2,2,12.44822411,55.71831113,6.896448219,3.742402324
4471,34,5,11,74.35497046,7,72,0.572591139,0.248274736,0.880743174,15.15569386,78.15979226,0.305867897,0.174096557,64,8.364647553,0,0,11.86427437,88.41181268,5.728548732,3.526469418
4473,34,7,11,175.6064108,7,63,0.428750358,0.002975544,0.259316808,16.29405413,77.96171868,0.232896615,0.041300413,5,7.914840425,3,3,7.496696737,94.36353694,6.993393474,4.155472691
4475,34,9,11,89.4610106,4,45,0.457962966,0.076016287,0.604236952,12.24966508,132.5620913,0.539437862,0.028115733,29,6.008493269,0,2,10.47203615,72.6477574,6.944072307,3.539934496
4479,34,2,12,59.08133096,4,56,0.512937,0.00982081,0.294702243,15.08575033,78.47126474,0.63839594,0.137115789,15,9.409399239,1,0,9.936527959,56.00499811,7.873055917,3.269121385
4481,34,4,12,199.652895,6,58,0.539783403,0.001066113,0.851181174,14.89149276,5.463209993,0.576545348,0.189344362,44,6.070111766,3,7,11.27305153,56.61136227,6.546103066,3.016569929
4483,34,6,12,,4,72,0.537989988,0.034694212,0.615656216,14.05349665,125.6730638,0.374117333,0.03916517,14,6.271937357,0,2,12.3630537,69.92747685,6.726107391,2.837236846
4487,34,10,12,97.85059179,6,63,0.433361891,0.198943819,0.626525241,14.49928591,100.0149609,0.300236233,0.139768507,12,9.845590474,0,1,8.610714393,94.94590398,7.221428786,3.736708484
4489,35,1,1,103.0248076,6,18,0.576833591,0.703336092,0.627118301,,89.10095675,0.500868578,0.160257423,15,,1,3,7.086740476,97.04590606,6.173480953,3.815790139
4492,35,4,1,86.1339579,2,71,0.562297206,0.242947304,0.157337569,11.89755766,139.2681213,0.245229442,0.135121927,29,8.152144753,1,3,10.60975426,5.835165012,3.219508516,3.092578449
4493,35,5,1,28.90635585,5,53,0.50870238,0.616727783,0.722457081,14.3823392,27.0464555,0.320225835,0.025166395,11,4.02302653,0,0,6.434632891,66.18374259,4.869265782,3.602545517
4494,35,6,1,202.6050693,1,47,0.538905507,0.38804497,0.89446914,12.8723467,76.6293673,0.20346499999999998,0.092039858,24,7.797494223,4,4,12.26241483,88.74126444,6.524829666,4.228594676
4496,35,8,1,278.496138,5,30,0.437914812,0.497918459,0.393808443,11.6327812,176.899107,0.292328612,0.152507989,29,2.559262952,2,11,7.573767335,6.59677763,5.14753467,4.064469616
4498,35,10,1,176.4117896,3,68,0.516155187,0.002747701,0.781895613,12.80275775,93.42568541,0.572236434,0.169823477,31,5.447355806,1,5,7.223754303,34.53005142,6.447508606,3.72228644
4499,35,11,1,136.6114468,6,58,0.561303838,0.18647706,0.699206069,10.90689432,71.83186909,0.442008218,0.020968777,43,3.928123147,2,2,9.170496845,,4.340993689,3.704596925
4500,35,1,2,247.3467093,6,51,0.443176009,0.102011357,0.195799267,11.34862612,47.34931665,0.217595277,0.190954092,21,3.830964478,4,9,9.415903401,16.0768268,4.831806802,3.879555173
4501,35,2,2,70.35306264,1,,0.523753264,0.482336223,0.602676102,13.31281454,62.42125215,0.671765445,,71,6.715632559,1,1,11.50711919,89.52270321,,3.075915687
4504,35,5,2,217.7965612,4,49,0.537249378,0.402783795,0.443180815,14.04358782,196.9851177,0.204453873,0.18225537,8,,4,4,7.357548789,88.8262927,6.715097578,4.950921282
4506,35,7,2,57.09640805,6,18,0.4699757,0.43517416,0.354347584,11.74469415,186.7936377,0.219871098,0.01475445,23,4.759855422,1,1,10.63594119,15.93130919,5.271882389,3.231515277
4510,35,11,2,258.1873907,3,65,0.576780058,0.00204898,0.216020604,13.46817441,102.087072,0.627789083,0.140313617,27,9.038132544,2,2,8.59343023,108.7484289,7.18686046,4.912645863
4513,35,3,3,258.1342072,8,58,0.56792522,0.692809372,0.818743998,12.43600375,17.92133987,0.451733138,0.170402689,41,8.40374042,2,7,10.02000209,56.48492745,6.04000417,4.770963072
4516,35,6,3,230.8201521,1,36,0.478582744,0.413580857,0.035876285,11.09963064,,0.653019786,0.018099433,28,7.36085884,4,9,6.833128131,27.5347353,5.666256262,3.978472153
4517,35,7,3,74.92048439,2,55,0.457503728,0.009409636,0.653781229,15.593361,171.5276489,0.526495505,0.013008781,34,2.257038693,0,2,7.662978335,65.50516613,7.325956671,3.04849286
4518,35,8,3,284.4697343,1,,0.568771407,0.392452236,0.598799082,14.48953709,18.09232667,0.462838211,,63,4.976038172,5,11,,35.80156376,6.099485659,3.769853625
4519,35,9,3,210.3093686,7,66,0.52047716,0.111462085,0.742882917,13.55499877,177.338616,0.670427543,0.0557988,56,6.633675743,2,4,6.530554874,18.99514898,5.061109748,4.363145551
4522,35,1,4,227.2698812,4,23,0.56706224,0.09941151,0.37476166,12.95762263,0.023092172,0.602681168,0.167805717,58,5.850864081,2,9,12.30979035,43.52054609,6.619580702,3.664187003
4524,35,3,4,33.6086467,3,58,0.431683766,0.021116369,0.214539586,11.72157434,146.5447943,0.590316167,0.005911349,48,3.790077249,0,1,7.623096858,33.26915372,5.246193715,3.091826683
4530,35,9,4,66.17450679,2,26,0.509417608,0.196749611,0.0838733,15.1971524,115.2493662,0.260409066,0.132889559,43,5.877270556,1,1,8.442862442,76.61635807,6.885724885,3.643962767
4531,35,10,4,172.3957859,1,18,0.51840165,0.101415105,0.075725273,13.51075021,147.5334554,0.567613152,0.196205196,27,7.14402299,1,3,9.061527897,68.80617489,6.123055794,4.393751687
4532,35,11,4,87.88906356,1,71,0.5125873,0.130354725,0.675985903,11.19589587,138.7475541,0.310618507,0.139185272,50,2.090694368,1,2,10.88660881,15.71162939,5.773217628,2.706309312
4534,35,2,5,150.307565,1,30,0.485069751,0.135868466,0.353433549,13.69059413,36.53613681,0.637852851,0.095512288,17,4.467498339,1,4,7.60588563,12.48392767,5.21177126,3.874366198
4537,35,5,5,206.2300718,7,33,0.52636418,0.609833577,0.706035943,13.97543451,134.067778,0.271506239,0.09118788,9,2.692792583,2,6,9.764130283,40.44608349,5.528260567,4.825192242
4539,35,7,5,295.8029856,8,18,0.436115902,0.73266615,0.304475818,,174.1758224,0.641094404,0.189396657,7,6.756843036,5,2,9.217423624,72.3386426,6.434847248,4.799966372
4542,35,10,5,171.7932075,2,42,0.57173218,0.276445179,0.162626061,14.1331075,47.05938865,0.2733006,0.096286665,17,7.387532555,1,6,9.85172639,14.20191033,5.703452781,3.538550578
4545,35,2,6,229.0061988,6,26,0.5292547,0.248261835,0.544933352,15.1686168,86.8020708,0.634735487,0.111357326,39,9.90458164,2,9,10.42700934,104.552678,6.854018672,5.31267465
4546,35,3,6,259.7178318,1,24,0.423326047,0.390868179,0.67813698,13.07070733,23.16740748,0.520961107,0.008849518,54,,2,10,11.37261518,76.67968785,6.745230369,4.285974664
4547,,4,6,284.8144347,3,59,0.56821602,0.531101136,0.877555008,12.88810233,109.7084172,0.629221408,0.00681243,56,8.819378467,5,2,8.271167962,46.24843376,6.542335924,5.473844623
4548,35,5,6,165.1219171,3,61,0.495481852,0.009636188,0.839781514,14.04964292,108.1352678,0.444084535,0.113501396,68,5.223061259,3,6,12.36091273,65.75158892,6.721825465,4.472652582
4550,35,7,6,135.7106465,1,65,0.451233735,0.779134938,0.680086873,10.58845688,94.77412848,0.429074936,0.121947642,14,7.69170006,1,5,10.54914271,4.134645746,5.098285423,3.254011147
4551,35,8,6,173.8219856,6,51,0.466234421,0.037708641,0.206212015,13.46913336,185.4887753,0.312626676,0.182700614,58,3.429511574,1,5,11.03840742,30.20520396,6.076814847,4.246916707
4553,35,10,6,296.3699266,1,25,0.521941819,0.185512621,0.121347867,11.84006581,39.99353914,0.252220368,0.142600351,40,2.015936961,5,,7.244481005,68.91163552,6.48896201,5.119844061
4555,35,1,7,165.9729323,5,45,0.452005806,0.274382775,0.634888782,13.28978615,,0.245023094,0.085213923,28,3.452950562,3,4,12.49432564,85.64574706,6.988651274,4.556566938
4556,35,2,7,115.6745336,8,45,0.489258957,0.159744883,0.528971213,13.51707488,84.36221829,0.4353835,0.052672443,48,4.756351966,2,2,7.509486047,4.159114844,5.018972094,3.668567885
4557,35,3,7,201.3627275,3,19,0.509047171,0.041686672,0.750210296,,55.95135785,0.654082026,0.005029435,33,7.753061913,2,6,11.25087558,40.49658606,6.50175115,4.059093405
4558,35,4,7,64.41505514,6,22,0.447963862,0.080976205,0.648744788,14.15945009,184.2247605,0.476943095,0.161236482,24,2.932152127,1,2,10.86636116,56.11277244,5.732722318,3.763835317
4559,35,5,7,195.8143728,6,41,0.502016003,0.081328571,0.799490442,12.15505693,155.3074047,0.286480488,0.193216032,27,8.432148655,3,5,7.419476072,81.88697768,6.838952144,4.651360999
4563,35,9,7,201.8946438,5,60,0.566403867,0.435388931,0.499044665,12.22246575,174.0251702,0.367662635,0.173092397,17,3.37227237,2,4,9.456925417,62.59083566,6.913850834,4.30722085
4566,35,1,8,127.9799508,4,50,0.48274117,0.482792464,0.53474811,14.80994563,104.0137127,0.271245523,0.080707647,59,5.095192677,2,2,9.783303126,55.60919532,7.566606252,3.273482121
4567,35,2,8,2.732936897,7,44,0.560686843,0.112704607,0.647967279,14.21451339,148.9527835,0.534303003,0.197269653,32,7.195145833,0,0,10.89695188,72.83273882,5.793903767,2.695841085
4571,35,6,8,39.03219246,7,55,0.570044913,0.161582682,0.141457388,13.95125859,131.7656913,0.352907208,0.043871741,37,3.111814439,0,0,9.19514366,22.45120431,4.390287319,2.693936126
4573,35,8,8,272.5275148,5,71,0.485020627,0.55642948,,11.39069267,57.06297268,0.220573057,0.178941973,24,7.135446622,5,8,7.439273706,20.46514088,4.878547411,4.458219616
4574,35,9,8,127.6321054,6,38,0.484520792,0.255668197,0.35202212,11.24769414,44.63843855,0.620735774,0.087176759,6,6.702325934,1,2,10.91538563,62.14810494,5.830771266,3.641781975
4575,35,10,8,294.2942286,5,35,0.575769602,0.10216351,0.176232494,13.54437192,179.3452652,0.667469122,0.193794848,8,8.108750369,5,2,11.52465107,55.22955512,5.049302133,5.22264989
4579,35,3,9,193.8366184,5,37,0.539928056,0.958084238,0.330833015,12.22251563,,0.371545441,0.047898256,64,7.141164272,3,3,10.90139757,33.50971292,5.802795142,3.819344995
4580,35,4,9,197.4702934,4,22,0.430722622,0.008392369,0.152757863,13.36303333,146.0601036,0.546921749,0.038990406,13,5.723253079,3,3,6.423907404,2.035783785,4.847814809,3.81336764
4582,35,6,9,289.9245519,7,20,0.515080656,0.007157709,0.846176715,15.12558696,65.48695325,0.332017473,0.093405182,63,,2,11,8.958659422,54.12959093,7.917318843,4.839835484
4584,35,8,9,141.8649328,2,33,0.481245437,0.032923638,0.658182245,12.24560066,73.0861003,0.444434123,0.089113128,50,9.066774707,1,5,11.46977814,51.47545629,6.939556289,3.80229413
4585,35,9,9,269.7965958,7,58,0.446117719,0.958388207,0.149114715,11.13102121,35.80393707,0.408041695,0.01468672,30,8.383641932,2,5,11.85056734,23.86841955,5.701134681,3.983325164
4586,35,10,9,234.0592383,7,44,0.570171206,0.869158622,0.897666119,14.19189282,80.88398017,0.644517855,0.034037118,52,6.390442215,4,7,9.995496012,125.2013576,7.990992025,
4590,35,3,10,64.7276087,8,45,0.507610017,0.5021651,0.528438472,12.80666697,37.84475579,0.397949449,0.103594002,18,9.118712511,0,1,11.22592609,102.1206665,6.451852187,4.052969397
4592,35,5,10,76.8788342,7,63,0.554863061,0.636380711,0.516841898,13.43138243,185.1933397,0.425552288,0.140655236,16,5.175806381,1,0,10.46187913,27.79624917,4.923758251,3.438646686
4594,35,7,10,183.5535914,1,29,0.537445781,0.366584995,0.808392616,13.30588195,181.2589757,0.509284233,0.066563146,10,8.628301692,1,7,10.50326775,35.5823348,7.006535497,3.76925389
4597,35,10,10,274.2433029,4,60,0.449329215,0.596014639,0.089916367,15.41896747,31.5600129,0.584816457,0.049291758,45,6.24738896,5,8,7.010537481,41.23382146,6.021074961,4.38403094
4601,35,3,11,1.664000707,4,36,0.56538522,,0.86836998,13.49633048,37.39011653,0.651554462,0.097361877,10,7.643531004,0,0,8.609072488,62.26491162,7.218144976,2.420911783
4603,35,5,11,269.7897559,2,61,0.486598838,0.153806896,0.080158774,13.50748945,12.97831679,0.337106319,0.007469365,43,3.888405179,2,2,8.504160807,11.47119098,5.008321615,4.310061017
4604,35,6,11,209.3284542,2,49,0.548224579,0.360361146,0.179166594,15.79767939,174.4486696,0.534592637,0.088864096,14,7.060188019,,8,8.220932996,67.80265294,6.441865991,4.172158887
4605,35,7,11,240.0206333,6,57,0.430115506,0.410241735,0.818268282,13.88137207,79.29484996,0.509295127,0.198268009,37,4.667337255,4,4,10.71187337,43.66067839,5.42374674,4.162249032
4606,35,8,11,57.61157575,4,34,0.507540628,0.003378276,,16.44843537,17.32128492,0.265894828,0.107037616,14,5.52406604,1,1,8.582464092,,7.164928184,3.690252457
4607,35,9,11,294.108675,7,67,0.575061841,0.262871887,0.703592587,13.56304933,54.86044794,0.439627562,0.094884922,43,2.744662705,5,2,6.535027407,,5.070054814,4.747254488
4608,35,10,11,244.9342713,7,43,0.539047112,0.285498705,0.250488777,13.34046546,15.70967909,,0.170092277,,6.680780074,4,4,9.966925255,72.25220803,5.933850509,4.300368715
4610,35,1,12,43.0416735,1,72,0.541806998,0.350523463,0.609207093,11.50235899,82.41094215,0.528231625,0.002909564,47,3.54722126,,0,9.501310549,37.01924584,5.002621097,3.209903205
4611,35,2,12,95.17303011,,40,0.515132092,0.824285944,0.857598326,12.71765891,150.1009971,0.55011074,0.188546969,33,3.584143577,1,0,9.176477175,69.72300059,6.352954349,3.857288961
4614,35,5,12,277.6910789,2,44,0.42545249,0.487094707,0.040570216,12.1397829,168.5044093,0.35420999999999997,0.1957439,7,8.801977818,2,11,11.29987939,37.60696402,4.599758777,4.852135765
4615,35,6,12,196.2689179,5,57,0.516242985,0.50223708,0.081073816,12.95751417,165.3155027,0.520034681,0.154417168,35,4.126003458,1,1,7.754174539,21.53178194,5.508349077,3.721155905
4619,35,10,12,272.7140031,1,31,0.558890694,0.699190235,0.767011771,11.82570149,127.4909644,0.351974063,,42,7.679026845,5,10,8.680945273,23.2501117,5.361890546,4.258343793
4620,35,11,12,261.4385268,3,27,0.500592261,0.258077722,0.796268315,14.45752887,197.4678643,0.278810136,0.112463246,71,4.526950348,,2,7.031960486,73.51326403,6.063920971,5.027786288
4624,36,4,1,66.46381157,7,22,0.558620643,0.330001383,,6.84877657,8.558398097,0.483624614,0.071089489,69,8.316694531,1,2,9.471542539,30.90869443,0.943085078,3.659061575
4625,36,5,1,225.7257796,8,39,0.564990994,0.045586777,0.635157819,8.93112133,190.4334995,0.213142697,0.129581657,54,2.466386232,4,2,4.517289628,41.02415243,1.034579256,5.061539479
4626,36,6,1,45.47826108,6,69,0.440327831,0.935958669,0.178667959,7.664198198,140.693764,0.586756998,0.170929043,63,,0,1,4.924554554,39.11812098,1.849109109,3.030834468
4629,36,9,1,296.2314959,6,25,0.479117,0.045730805,0.603094843,8.352496846,153.3879613,0.556939728,0.022428438,39,7.25397514,2,5,7.195831581,18.62387082,-0.391663162,5.536736214
4631,36,11,1,75.24042173,8,49,0.43837042,0.087548458,0.454039074,7.174504434,151.6404363,0.481097325,0.069741638,31,4.681893149,1,1,9.652502463,43.47760763,1.305004927,4.036604979
4633,36,2,2,44.45976546,2,48,0.490488047,0.001416889,0.680028,10.86717816,112.6790235,0.504428002,0.046118904,57,3.921449538,0,1,7.481765645,60.33070649,0.96353129,3.814297134
4635,36,4,2,55.74849603,7,34,0.444280301,0.028211454,0.58356258,7.114205582,48.26225965,0.436247278,0.013865457,53,5.392216519,0,0,4.619003101,45.21472239,1.238006202,4.456044318
4636,36,5,2,183.0896751,5,55,0.55025206,0.613610511,0.801259624,7.417905671,52.80581098,0.469771857,0.072511531,51,3.444452619,1,3,4.787725373,7.849490271,1.575450745,3.967171659
4637,36,6,2,12.15358178,8,20,0.462660003,0.12622547,,6.024984909,9.178807465,0.222512172,0.166744238,43,7.156235969,0,0,4.013880505,73.89221475,-0.027761009,4.807220035
4638,,7,2,177.970308,1,30,0.501915695,0.35751516,0.376510112,8.205930446,43.67944429,0.455475712,0.086673586,40,6.823129828,3,1,6.669961359,25.89384269,1.339922717,4.142489758
4640,36,9,2,20.37975235,1,58,0.565660156,0.922948611,0.808123583,7.08504801,171.9463109,0.44844459,0.098262735,26,7.115363346,0,0,4.60280445,45.03366672,1.2056089,3.449716189
4644,36,2,3,225.4451696,6,65,0.474319186,0.606317217,0.38445143,10.61186348,103.4003194,0.618254421,0.165391512,17,2.461401297,4,6,5.451035264,28.04474112,2.902070529,4.203319796
4645,36,3,3,,4,49,0.465707734,0.443937129,0.828970345,11.11409188,103.5527464,0.605662195,0.131486085,61,3.537063709,3,1,6.174495488,7.846861823,2.348990975,4.294030313
4646,36,4,3,210.8116449,,65,0.526441046,0.297069117,0.680119581,11.19805011,168.8664075,0.606570906,0.004407908,58,2.188753104,4,8,6.665583394,38.62846776,1.331166788,4.917866802
4647,36,5,3,252.6587428,4,64,0.421358,0.017558784,0.197421355,10.89222997,118.1048013,0.597079977,0.001972268,20,5.167805745,2,10,10.05123887,40.98200213,2.102477744,4.991096214
4650,36,8,3,39.48666263,,18,0.515721679,0.196409574,0.591390758,8.129704106,13.70030094,0.56063784,0.146359833,58,2.156528921,0,1,6.183168948,30.08426627,2.366337895,3.702507002
4652,36,10,3,215.1455379,8,23,0.546079538,0.549189508,0.186048768,11.74566058,198.0576965,,0.001645722,55,7.974877497,4,4,9.969811434,7.366249317,1.939622868,
4653,36,11,3,233.2854316,4,57,0.45643041,0.422245498,0.271784407,8.45589562,88.36831287,0.289277237,0.129506233,50,7.58544839,2,9,9.8088309,0.589943474,1.6176618,3.935113371
4654,36,1,4,269.5407156,4,41,0.473565778,0.341545185,0.364466142,7.120884916,120.2971872,0.576570927,0.153241058,44,9.244019704,2,8,,58.22696799,0.134316573,5.94688471
4655,36,2,4,298.8286588,1,37,0.475896154,0.9313410000000001,0.570286623,10.83425232,105.2744207,0.356208688,0.0357274,53,7.853299162,5,2,6.463473512,56.62539943,0.926947025,5.821299525
4657,36,4,4,116.2392211,2,20,0.431465412,0.878472245,0.334699505,10.74192994,111.1578297,0.347289256,0.056680471,8,5.023938155,1,1,5.4121833,36.79369415,0.8243666,4.55053026
4658,36,,4,34.72250706,3,,0.458537682,0.044011287,0.684613184,11.88310175,123.9916642,0.379530182,0.107126931,5,2.477179179,0,0,10.04616764,29.95720384,-2.09233528,4.375548669
4661,36,8,4,191.7124479,8,68,0.469693527,0.380037345,0.636637288,7.08808332,118.0744281,0.679781259,0.069502698,58,3.557813879,3,7,5.048935178,60.9176881,-0.097870355,5.501395728
4664,36,11,4,95.80185274,8,56,0.554893047,0.182421367,0.269633031,9.041634938,114.890503,0.558927158,0.13308539,70,9.447950282,0,3,9.023130521,39.93200252,0.046261042,4.269820357
4665,36,1,5,188.4341459,3,47,0.464467365,0.457592489,0.200055767,6.612910366,9.932552012,0.552693406,0.014780528,9,4.625741388,1,1,8.340505759,35.85943582,0.681011517,5.589139473
4666,36,2,5,147.7691567,,18,0.474646826,0.994789159,0.360980745,7.833843559,83.12824668,0.470020665,0.077615832,30,7.012386127,2,1,8.463246421,13.01602211,0.926492843,4.655865073
4669,36,5,5,88.97951551,5,28,0.507885701,0.036773952,0.288223534,10.22376281,88.5066492,0.488813927,0.101134146,11,9.766842859,0,3,5.124312673,26.92000621,-0.248625345,4.73014703
4670,36,6,5,290.2705737,7,72,0.515205376,0.095454016,0.647276928,8.995099105,81.78495044,0.553710325,0.136797491,44,6.040792796,2,11,9.108388392,12.30242565,2.216776783,4.604986526
4671,36,7,5,157.4615894,8,33,0.538392486,0.00015731,0.202549062,11.41792019,150.271669,0.561150187,0.089231352,21,3.918563874,1,6,,43.2667329,1.575466873,4.715984815
4672,36,8,5,37.3581278,6,41,0.438681853,0.224006658,0.152484616,11.32191679,7.692965555,0.371308923,0.116988131,26,3.772633325,0,0,5.289953771,2.23998777,2.579907543,3.386415913
4673,36,9,5,208.8612291,3,60,0.559428686,0.015029828,0.608221063,8.123129186,48.37510189,0.297611347,0.150551026,11,7.934189445,4,4,5.623960659,4.532804226,1.247921318,4.382229297
4674,36,10,5,142.2973973,3,25,0.530149336,0.022707685,0.607963136,6.054551159,185.5382356,0.353834316,0.190533805,61,8.812473002,2,5,5.0303062,38.51539422,-0.060612399,4.983389921
4675,36,11,5,81.1064753,3,24,0.537958065,0.014277555,0.024736279,13.01992911,24.13286067,0.213309671,0.032024921,47,5.227329533,1,0,9.677738392,39.32936035,3.355476783,4.156341663
4679,36,4,6,8.490491098,7,21,0.497850653,0.213774808,0.695219183,11.9721737,,0.634503306,,57,4.781672858,0,0,9.095652055,30.16746684,2.19130411,3.841273532
4680,36,5,6,46.02664525,1,43,0.424042376,0.496336,0.108277724,9.639624829,137.7550606,0.579560725,0.079511979,7,5.824191207,0,0,6.910902683,11.26872363,1.821805366,3.519029406
4681,36,6,6,88.49511933,4,49,0.430517075,0.093391881,0.332436278,8.81928061,115.3452807,0.398801538,0.104220467,,3.483482335,0,1,8.455155894,2.327798531,0.910311788,4.172251591
4682,36,7,6,267.3560121,1,42,0.526943777,0.331088784,0.438933814,6.936053793,193.9544429,0.321568459,0.06476862,37,3.077584451,5,8,9.520029885,15.85730227,1.040059769,5.194843354
4683,36,8,6,105.9071763,2,27,0.5402579,0.283499341,0.793459491,8.476847873,102.1759765,0.267775046,0.163876598,57,5.276848986,2,4,6.376026596,36.29735541,2.752053192,4.182829498
4685,36,10,6,119.4334413,5,59,0.484314419,0.46794797,0.568965004,8.294668289,38.40919114,0.308617335,0.14816926,29,2.369752716,2,2,4.719260161,17.18027543,1.438520322,4.239219105
4686,36,11,6,130.6784479,7,72,0.470821224,0.016163799,0.120690278,6.211744098,173.4518381,0.418528746,0.045889507,56,3.01155321,1,5,9.11763561,18.10545375,0.23527122,4.419226768
4687,36,1,7,248.05982,3,33,0.556214958,0.321291829,0.003292463,9.962372296,35.52391157,0.384448481,0.03306978,8,2.842255523,2,4,5.534651275,57.83055604,1.069302551,5.711350446
4691,36,5,7,37.5390527,1,19,0.464785353,0.136215749,0.524254836,9.602232237,41.84161189,0.459614558,0.100488646,56,2.813100196,0,1,8.334573465,42.85188176,0.66914693,4.210492134
4694,36,8,7,92.00142763,1,30,0.50600876,0.008940527,0.673853347,,20.36418786,0.515146866,0.156340353,47,3.939754767,0,2,9.74079661,13.53222085,1.481593219,3.744980097
4696,36,10,7,20.90834901,4,34,0.54800439,0.00276945,0.505423262,9.296707284,175.9524699,0.300605979,0.116119056,39,7.967325663,0,0,6.275948491,22.90663385,2.551896982,3.452277927
4699,36,2,8,212.5487168,6,31,0.50627681,0.035032284,0.836164969,10.74772522,117.3904097,0.31711326,0.073075484,70,9.577219852,2,6,9.415402899,5.857579263,0.830805798,4.377815727
4700,36,3,8,121.0196435,6,54,0.509435151,0.185196425,0.886916518,,67.74053762,0.625958389,0.155371539,6,9.271969117,2,1,8.171030811,32.01253054,2.342061622,4.136481512
4702,36,5,8,,6,24,0.4222592,0.9388549999999999,0.701785523,8.153079433,60.43038136,,0.049243873,52,4.808072805,2,7,7.08504413,46.55875777,-0.170088259,5.580109779
4704,36,7,8,22.39386964,6,,0.470965728,0.219606152,0.348004183,11.78144128,177.8173987,0.393727108,0.164995546,23,2.575424882,0,0,7.989689601,30.10966867,1.979379202,3.613025815
4707,36,10,8,223.5345104,7,36,0.562850397,0.800818142,0.861446607,10.96242112,154.3277884,0.230392175,,63,5.495134686,2,8,6.534678399,55.80110817,1.069356798,5.927043509
4709,36,1,9,50.69440845,4,33,0.429624533,0.312958265,0.603492099,9.583259247,60.40490512,0.595990295,0.182416669,63,5.475846877,0,2,7.879588471,12.18730325,1.759176941,3.40505225
4711,36,3,9,139.4703583,1,40,,0.013434503,0.01649668,11.46404357,125.1291128,0.366483985,0.192754679,8,9.227465479,2,2,9.368913093,37.05031831,2.737826186,4.472642947
4712,36,4,9,210.3442612,7,57,0.453284435,0.560347976,0.682186973,8.444540777,193.3121971,0.486717958,0.03732884,30,7.265527139,4,8,5.802522654,17.90119641,1.605045308,3.803654818
4713,36,5,9,92.13581092,2,54,0.529026259,0.77837136,0.50017649,9.646176526,74.57495946,0.476500537,0.09699103,13,3.291783936,1,0,8.358986959,2.820933024,0.717973917,3.190603151
4714,36,6,9,148.3370736,4,52,0.430474822,0.188229202,0.406200555,8.022109784,57.55686395,0.240336579,0.041834162,40,9.87585762,2,5,5.012283214,65.94145067,-0.024566427,4.451408451
4715,36,7,9,189.1437807,1,72,0.470848758,0.216238874,0.511576587,6.336965358,,0.587817523,0.024412969,54,9.693758563,1,5,9.187202977,2.014123459,-0.374405954,5.020157671
4716,36,8,9,195.232898,5,23,0.510938255,0.003090574,0.473470921,10.44428791,55.71132325,0.286613511,0.149992316,15,2.184647817,3,3,9.802382171,11.28767391,1.604764342,4.39389053
4721,36,2,10,251.2287666,4,33,0.476817363,0.012236675,0.131994146,8.574283582,61.51489802,0.642996352,0.161017627,66,6.131290665,5,,6.319046435,52.59224561,0.638092869,5.358477259
4723,36,4,10,154.5474614,4,68,0.486024723,0.409533419,0.178441243,7.844559973,48.96157573,0.516743569,0.01490037,5,6.268586847,3,3,10.02475554,7.278150719,2.049511081,3.822316039
4724,36,5,,232.5679731,4,,0.555340724,0.395243686,0.261165042,7.842751486,33.88801651,0.276655874,0.036257401,10,2.366545891,2,6,7.46819527,26.57078534,0.93639054,5.076079927
4725,36,6,10,45.84999328,1,32,0.54234488,0.230240294,0.155928595,6.187979887,130.0924463,0.51640229,0.196470706,60,8.134624389,0,1,8.104433271,64.52702546,0.208866541,
4727,36,8,10,220.315793,3,55,0.472811108,0.489294452,0.676633191,,0.042324777,0.238654355,0.027807834,65,9.171513994,2,6,8.386270277,26.69857698,2.772540554,3.864439067
4731,36,1,11,23.48478362,7,62,0.442773584,0.574837885,0.316361,10.44795939,166.9615468,0.225121011,0.005172757,20,5.157944101,0,0,5.804421884,11.28003329,1.608843768,2.780955178
4732,36,2,11,54.61525025,5,55,0.565098214,0.429624178,0.895303598,11.34468522,72.40080299,0.60137049,0.067347465,54,7.411939639,1,1,6.302602898,32.93056632,2.605205795,3.194852658
4733,36,3,11,107.0377704,6,72,0.428670452,0.918877553,0.325172366,10.61835855,82.6767739,0.26863499999999996,0.104147678,23,2.726791279,2,2,6.454643638,23.329911,2.909287276,3.579405286
4734,36,4,11,95.71673735,5,37,0.469524154,0.0651726,0.038059248,10.92741684,66.11924992,0.41049384,0.014472199,25,7.643944571,1,3,5.515231575,6.072127117,1.030463151,3.654834579
4735,36,5,11,279.9017813,4,50,0.5637639999999999,0.654683333,0.246362642,7.078582139,129.3084706,0.36684705,0.08038006,53,6.505775497,2,,5.043656744,13.98914376,0.087313487,4.740563674
4739,36,9,11,245.3051844,6,49,0.565855034,0.923190708,0.180867061,10.82761422,150.267302,0.30452945,0.144836947,28,9.348957544,2,2,5.015341235,45.47996631,2.03068247,5.272977104
4740,36,10,11,233.9110858,2,69,0.495270017,0.062933128,0.893441788,10.52385674,43.61236288,0.670339575,0.150348859,16,8.419087185,,9,9.846587078,29.7911812,1.693174155,4.570659164
4742,36,1,12,66.68703584,1,18,0.452379323,0.56882824,0.205291619,10.44437985,114.2468485,0.476100094,0.169633321,36,8.205383283,1,2,9.246877697,23.18625379,,3.628640705
4746,36,5,12,52.28660765,1,31,0.421515667,0.753279281,0.41449769,6.387735839,78.12926809,0.420861991,0.191978221,37,9.878822175,0,1,6.2154088,29.27797805,0.430817599,3.545230254
4751,36,10,12,183.6462342,6,70,,0.264372045,0.465310241,6.83083788,64.77245895,0.442130345,0.100637784,44,7.648650469,3,3,6.4615766,6.857548927,0.923153201,3.456581804
4753,37,1,1,271.5780603,4,48,0.467077335,0.533042157,0.559627343,11.50070448,162.7565396,0.561453571,0.065443979,44,3.99403447,2,8,8.055946933,73.44362039,6.111893865,4.537677715
4760,37,8,1,298.2082121,5,33,0.513314195,0.149014429,0.832560984,14.44483556,188.3659648,0.265964089,0.003881353,19,3.93546981,2,2,10.46935309,34.89932101,4.938706183,4.422137037
4761,37,9,1,13.36455807,4,49,0.497250543,0.775509731,0.746435488,15.93630579,128.1591814,0.441519712,0.103259163,11,3.733599711,0,0,11.29794766,86.2332734,6.595895319,3.073236778
4762,,,1,71.83810559,5,55,0.558356817,0.152929145,0.346441392,11.82406094,193.760618,0.464407733,0.092828007,38,2.856632476,0,0,11.68003386,27.81182363,5.360067712,2.968780762
4764,37,1,,8.240772328,2,69,0.44170065,0.083728217,0.363997034,13.35978575,172.8954454,0.280694254,0.135384569,15,4.274030158,0,0,11.97765875,43.0125237,5.955317503,2.355728394
4765,37,2,2,28.7821481,1,28,0.46147235,0.0817905,0.232864707,12.12218408,93.48190118,0.296028198,0.05687579,13,8.368114278,0,0,7.401213378,88.14955124,6.802426757,3.054378277
4770,37,7,,273.6103642,5,49,0.535692507,0.275024527,0.529259273,13.12261157,174.0089394,0.37098493,0.196042952,7,6.574864098,2,10,11.40145087,83.53375893,6.802901744,4.927272985
4771,37,8,2,216.3205136,5,58,0.461563453,0.637224187,0.576762655,15.45157301,140.2230157,0.389388373,0.059913384,51,7.837598582,2,6,12.58420723,100.8646557,7.168414459,4.484183269
4772,37,9,2,139.2394332,7,32,0.453006276,0.253213463,0.126379649,12.02733522,176.6558383,0.499661459,0.120238038,34,3.580734161,1,2,7.348519565,38.22612893,6.697039129,4.014869543
4774,37,11,2,125.6645873,,40,0.544452131,0.729616281,0.095094947,14.36075003,114.6422215,0.664142906,0.177557026,30,9.493491968,1,1,11.53375002,80.92145012,7.067500033,4.355270228
4775,37,1,3,187.6334896,6,19,0.443612176,0.000145003,0.450904462,16.63170934,94.11518117,0.642676545,0.188409076,44,7.153613628,3,5,9.684282966,54.4295159,7.368565931,4.488870376
4776,37,2,3,248.8589988,3,49,0.460370123,0.047015598,0.719476277,12.44173488,185.0051117,0.34056,0.049234401,68,9.156624105,4,4,12.02318605,64.22361855,6.04637209,5.446091758
4777,37,3,3,160.2087038,,43,0.485728178,0.013109801,0.632047584,13.97620045,114.1582718,0.239620355,0.010089159,,7.293337183,1,4,7.209000248,63.84212891,4.418000496,4.363759582
4778,37,4,3,176.8399602,7,44,0.468028836,0.18167673,0.111640145,14.31108647,194.316152,0.375632676,0.167049941,49,5.195218562,1,7,9.506159151,75.82805271,7.012318303,
4780,37,6,3,290.6034889,1,33,0.484794873,0.000628986,0.666066704,11.71675835,127.8650133,0.40456926,0.071330336,60,8.650131511,5,11,11.62042131,75.60930321,5.240842615,4.672579378
4788,37,3,4,36.35699622,1,62,0.490032671,0.11852443,0.209584558,15.34246849,148.3274314,0.532747421,0.149187762,10,8.262192769,0,1,7.523593608,53.14763247,7.047187215,3.108204025
4790,37,5,4,271.2470335,2,61,0.512212769,0.1032714,0.168359346,15.39981494,169.408488,0.294764688,0.17184677,23,5.233416833,5,10,11.55545275,99.78348264,7.110905492,5.385485884
4792,37,7,4,,7,41,0.520394346,0.343493031,0.19638516,13.3386252,26.1842794,0.625771,0.033733573,60,2.483608967,2,1,11.52145845,95.63714927,7.042916891,4.072756815
4793,37,8,4,108.8097484,4,55,0.557857167,0.599969761,0.710128851,15.81725121,17.58175595,0.475907475,0.031095799,63,7.046792912,1,1,11.23180623,46.05811341,6.46361246,3.28743378
4795,37,10,4,255.4591708,3,32,0.442586638,0.418214927,0.520310565,11.70604007,169.5688994,0.260821462,0.182172947,50,8.608524004,5,10,12.17002226,75.02852103,6.340044523,4.645740898
4797,37,1,5,115.0594403,6,21,0.430624471,0.072188741,0.456799793,16.19525335,181.1498088,0.437238555,0.031642486,59,7.265023024,2,2,8.997362971,90.00019001,7.994725942,4.367115841
4800,37,4,5,19.99434447,6,46,0.428728434,0.820024532,0.709681473,12.78349762,52.08372023,0.372429715,0.035742149,19,2.862996913,0,0,11.21305423,60.13389043,6.426108461,3.619591029
4801,37,5,5,215.456556,3,26,0.570226131,0.337665221,0.060351414,15.58232124,23.54598204,0.497228889,0.19096438,61,7.929434559,2,4,12.21240069,61.30265044,8.424801375,4.15055706
4802,37,6,5,114.8512466,4,25,0.527974958,0.032397719,0.375558568,16.22714663,34.65212497,0.588832308,0.039181186,32,6.221589948,2,4,7.459525903,56.00446516,6.919051806,3.723849678
4803,37,7,5,243.925616,2,30,0.500849242,0.731161753,0.15025614,13.72373,56.74110227,0.404822934,0.13092518,22,7.706045596,2,7,13.29096111,65.02149741,8.581922219,4.760702608
4808,37,1,6,269.5227328,6,52,0.491228769,0.112232121,0.445143223,15.58766207,50.39744928,0.547389681,0.087649908,41,,,5,10.65981226,42.99168786,7.319624523,4.214407546
4809,37,2,6,220.0519348,6,64,0.526857478,0.26505073,0.744479064,16.26188275,71.57790066,0.367399446,0.057666802,8,6.598934068,2,2,8.47882375,99.70042158,6.957647501,5.447991468
4810,37,3,6,38.71699996,3,52,0.430483451,0.973916927,0.710576144,15.51533912,90.41236259,,0.098560798,22,7.528641049,0,,12.61963285,39.75936866,7.239265692,3.164596287
4811,37,4,6,141.5015422,4,24,0.531595226,0.070188418,0.12468193,13.05105481,1.621231894,0.553791829,0.027232126,63,7.398759796,1,2,11.36169712,89.8958836,6.723394233,4.886939152
4812,37,5,6,137.2206346,7,71,0.53544189,0.072469233,0.567998524,15.94819843,48.48833704,0.295633318,0.115277229,8,9.262791546,1,1,,99.21512071,6.60910937,4.734682058
4813,37,6,6,252.0697108,2,47,0.509844815,0.7333799999999999,0.831759507,11.25245474,194.3875385,0.415174441,0.167650245,25,2.086156424,5,2,7.362474858,69.66623707,4.724949715,5.546856141
4816,37,9,6,277.9293741,8,57,0.571472521,0.152027249,0.225732043,12.48069397,6.834709791,0.675896809,0.155336751,31,7.811446304,2,11,11.60038554,90.19584421,7.200771077,5.5901484
4818,37,11,6,194.0531906,3,44,0.514030096,0.601434175,0.524471107,14.6328442,85.12071176,0.638187303,0.078790064,55,6.00599424,3,7,11.12935789,39.72599204,6.258715782,3.825783899
4819,37,1,7,9.13232081,1,66,0.453065795,0.001481126,0.257721983,12.15394624,158.3857619,0.540941767,0.12255955,24,5.50131041,0,0,11.41885902,86.53442579,6.837718047,
4822,37,4,7,143.2167378,4,28,0.485942172,0.004638431,0.664332511,14.16320241,40.50549313,0.320362208,0.169919692,40,6.263809664,2,5,12.97955689,79.07423742,7.959113785,4.24621951
4823,37,5,7,134.2923105,3,35,0.568202361,0.318497279,0.713239,,124.1622083,0.483678058,0.029663574,28,2.635941661,1,1,7.554998073,71.53838958,7.109996145,3.937286667
4827,37,9,7,102.7107802,1,39,0.564964716,0.422064871,0.177563231,16.19748365,72.57125632,0.43776200000000004,0.102615287,41,4.507849934,2,1,9.99860203,92.31754345,7.997204061,4.002168705
4830,37,1,8,239.4098579,4,42,0.558206127,0.419077326,0.805427185,16.73010914,104.8254536,0.596479038,0.003249118,58,9.250930591,2,2,8.738949525,51.01910744,7.47789905,4.099823708
4833,37,,8,224.2618325,4,19,0.516763097,0.08248446,0.446660702,15.07155345,56.85461903,0.578273478,0.043888667,27,7.927541264,2,2,8.817529696,64.23434741,5.635059392,4.591999094
4837,37,8,8,157.6096192,,57,0.44394177,0.66858201,0.346212218,12.02364524,171.783599,0.47589719,0.092345052,49,2.441991907,3,6,11.34646958,44.26099462,6.692939153,3.655783183
4838,37,9,8,161.110384,2,70,0.499059888,0.731908063,0.174165525,15.73506067,91.95818322,0.41581234,0.057073347,58,9.638083142,3,1,11.18614482,93.50094358,6.372289636,4.266610384
4839,37,10,8,70.57410266,4,54,0.463873935,0.005251231,0.813633318,15.84688009,2.552847438,0.523453586,0.118375168,33,9.60848165,,2,11.24826672,52.01740201,6.496533436,3.10324478
4840,37,11,8,141.5721895,3,45,0.461222315,0.7999995,0.284430997,15.14021966,195.2436614,0.528336496,0.085749762,35,6.765305969,2,5,12.9667887,55.73379331,7.933577401,3.225392411
4841,37,1,9,203.320854,,,0.479118457,0.208822906,,17.43349204,124.0559198,0.671262648,0.131609117,7,3.394339681,2,2,10.1297178,,8.259435601,4.802752696
4842,37,2,9,,7,43,0.448291866,0.667764234,0.075438039,15.27748711,166.2641747,0.512488337,0.147461424,44,6.136411851,2,5,9.931937281,60.13203771,5.863874563,4.333628241
4843,37,3,9,142.0914424,5,22,,0.704293901,0.001402684,16.10358624,65.20606155,0.241054952,0.01178602,58,3.787623161,2,1,10.9464368,71.7749007,7.892873595,3.918241908
4846,37,6,9,152.2755835,5,30,0.440565124,0.251830799,0.456837335,,29.4555218,0.24921600000000002,0.135316513,49,5.881775718,3,4,8.144081761,39.7728203,6.288163521,3.523705946
4847,37,7,9,278.2166953,4,55,0.523306803,0.443221884,0.074806839,17.43216873,148.8458226,0.39131517,0.10403397,12,4.993309504,5,2,12.12898263,123.8713464,8.257965257,4.877485593
4848,37,8,9,216.9942803,3,40,0.506200755,0.46992754,0.182436504,11.62185548,138.3722443,0.676441559,0.100689821,17,5.581136098,2,2,9.123253045,93.390445,6.24650609,4.892542277
4849,37,9,9,177.6406762,7,20,0.544318031,0.245458944,0.531488463,15.74047827,147.9937445,0.587289915,0.013257339,26,5.775479847,1,3,8.189154594,93.85187137,6.378309188,4.273195743
4851,,11,9,138.8955869,8,63,0.483805482,0.157482947,0.869248391,14.30578888,49.85641227,0.430311894,0.134893503,34,2.228448204,2,5,12.50321604,66.36504636,7.006432088,3.426889926
4852,37,1,10,218.2156748,1,42,0.535116058,0.315898112,0.847668363,15.7923608,35.81059349,0.302656371,0.192170757,65,9.905989348,4,4,12.77353378,84.01794099,7.54706756,4.170819503
4860,37,9,10,3.925046419,4,32,0.473056101,0.08667694,0.080330132,13.0149588,22.94496725,0.313910526,0.066834119,11,4.202560422,0,0,9.786088223,32.42563216,5.572176446,2.351763738
4862,37,11,10,89.81250929,3,65,0.435826841,0.20113299999999998,0.145988222,12.8248304,153.2967675,0.302461777,0.060693548,61,2.515787699,0,1,8.791572446,85.99767347,7.583144892,3.493363073
4863,37,1,11,197.1177653,3,72,0.573468816,0.488704397,0.238658449,12.05869846,60.61611811,0.605928076,0.091549968,47,4.95255581,3,1,7.36594359,99.02762539,6.731887179,4.628345832
4866,37,4,11,94.98539684,2,49,0.565106894,0.00298096,0.47170902,13.62970742,5.595303943,0.533929589,0.18428102,16,3.520833952,0,1,7.683170791,105.4000409,7.366341581,3.567293444
4870,37,8,11,243.3740372,7,42,0.448432568,0.080063309,0.381568817,13.63232083,179.7876896,0.246427583,0.029704481,35,7.187790356,2,7,11.12906713,67.69425148,6.258134251,4.061865499
4871,37,9,11,279.9807921,5,48,0.513322448,0.24438707,,13.0877619,89.87594736,0.542638609,0.044113126,64,7.064357513,5,11,,59.72267139,5.653068775,4.594134307
4872,37,10,11,135.7348498,5,24,0.52899978,0.504837,0.661540294,13.50046091,101.8798128,0.419538525,0.117022427,19,2.877803646,2,1,7.50025606,67.42653054,5.00051212,3.884083391
4873,37,11,11,240.6610862,5,53,0.534362,0.096267219,0.584230013,13.85302111,11.74991361,0.475457484,0.03103037,26,2.537370595,4,7,8.251678394,100.6984392,6.503356788,4.518280648
4877,37,4,12,174.7303184,3,67,,0.389786,0.451807281,13.39950424,14.43148272,0.628601133,,63,4.940770366,3,3,7.444169023,30.67488833,4.888338045,3.80972467
4880,37,7,12,181.2226513,8,,0.451980008,0.055220039,0.3622435,13.12821608,26.5259615,0.314886445,0.14192543,25,3.397637584,3,1,7.293453376,45.89665441,4.586906752,3.775586002
4882,37,9,12,12.70827897,,30,0.567266922,0.002755036,0.244251665,17.08338004,141.6724375,0.589862182,0.10221425,59,9.803679876,0,0,7.935211132,60.87245353,7.870422264,2.577936515
4884,37,11,12,284.9233251,3,67,0.53878649,0.395885208,0.546862706,12.6610524,82.75339023,0.442451086,,35,9.008846177,5,2,8.589473558,56.11529435,5.178947115,4.623346493
4885,38,1,1,168.2098407,6,22,0.486521349,0.3375585,0.388934227,10.44131514,14.78964761,0.570772113,0.132996587,70,4.075205391,1,5,8.4673973,26.03237685,4.934794599,3.154756473
4886,,2,1,227.2313914,4,43,0.477864982,0.046824208,0.467442069,13.62139766,161.5366097,0.6660630000000001,0.026271551,48,5.051546944,2,4,7.011887591,20.81402935,4.023775181,4.753568112
4888,38,4,1,8.843300642,8,55,,0.063249884,0.077740327,12.75264265,88.73736937,0.317765471,0.030703905,68,3.95041801,0,0,9.084801475,60.20297783,4.16960295,3.142145366
4889,38,5,1,,3,20,0.574338226,0.014642301,0.479824,14.04541787,65.2884549,0.266055972,0.090952447,5,7.256436106,1,0,8.914121039,55.29399255,7.828242079,3.185736338
4890,38,6,1,55.92925681,3,66,0.436921956,0.445446803,0.170921648,14.8901953,181.6550381,0.537466902,0.155708258,55,5.078084978,0,0,10.71677517,46.31920546,5.433550332,3.080613252
4892,38,8,1,177.2456991,6,23,0.432800156,0.309000608,0.390862374,9.333671991,158.3569312,0.336369038,0.128104713,47,4.386186248,1,5,7.852039995,11.22534856,3.70407999,3.653675924
4893,38,9,1,117.8807945,7,51,0.421980071,0.397743239,0.636274524,11.61762952,50.8577677,0.310014937,0.0723729,43,6.462566312,1,1,6.565349732,63.49234771,,3.585967942
4898,38,3,2,,1,25,0.454040318,0.005909845,0.438504281,12.87477453,110.9045353,0.350925366,0.00120415,41,8.58363875,2,5,12.26376363,85.6289539,6.527527253,3.437631826
4899,38,4,2,107.9082546,7,21,0.426348376,0.017960833,0.765489822,10.07234061,162.392069,0.287442092,0.064858664,36,6.065843822,1,4,6.262411452,55.53562161,4.524822905,3.739189377
4900,38,5,2,154.4754886,2,37,0.530810707,0.549667302,0.571838176,11.71428138,91.89833149,0.207649319,0.077672083,69,3.769710357,1,4,7.619045214,30.44795551,5.238090428,4.237106266
4901,38,6,2,51.96625601,1,64,0.464384746,0.588890673,0.454792643,11.63979653,16.01042436,0.545701609,0.190648394,32,7.273203627,0,2,8.133220294,34.68103833,6.266440587,2.607766792
4902,38,7,2,258.8843552,8,62,0.54632243,0.600642034,0.041058457,15.61567268,187.8850094,0.456364103,0.109969215,,6.919402115,2,10,9.119818153,98.60827597,6.239636306,5.158784747
4903,38,8,2,198.8611935,6,68,0.525441114,0.027927353,0.521983892,14.85706573,50.0103065,0.265595366,0.1825696,54,4.639857337,1,3,8.698369852,16.03470743,5.396739703,3.424452848
4905,38,10,2,34.9906225,5,28,0.444773233,0.088586212,0.128439354,13.78392781,,0.44357599999999997,0.037087352,12,2.502493412,0,1,8.657737673,70.69903684,5.315475345,3.814962708
4907,38,1,3,35.8849493,2,18,0.532010025,0.558083626,0.519450776,15.34619719,77.53306001,0.286661196,0.19859522,6,5.794574604,0,1,6.970109552,77.17095128,5.940219104,3.136005045
4908,38,2,,285.0139277,6,61,0.545097872,0.084529403,0.625417749,12.56409144,104.6421112,0.525559371,0.049148818,64,,2,2,11.53560635,30.72058121,5.071212708,4.658273968
4910,,4,3,23.83657793,6,25,0.578992081,0.016485631,0.131236553,10.04808191,111.834849,0.33896296,0.033011625,34,7.410256118,0,0,6.248934394,5.269097822,4.497868788,3.198955981
4911,38,5,3,49.80347994,5,30,0.446532714,0.00149426,0.78994738,12.4085146,51.63789975,0.673573082,0.154967078,63,7.76853517,0,1,7.004730335,94.45283348,6.009460671,4.073301621
4912,38,6,3,194.0102293,2,26,0.540106539,0.154148573,0.487238604,14.02030193,59.54982741,0.500307186,0.169528413,11,6.35048309,3,1,11.78905663,81.65380363,5.578113257,4.883738699
4913,38,7,3,148.7787603,5,58,0.4584067,0.015190044,0.395673732,13.86570371,106.2783239,0.585886615,0.153045714,68,2.281036706,2,1,11.70316873,48.11922487,5.406337453,4.053884118
4914,38,8,3,186.1520412,4,38,0.557700624,0.197605677,0.061150722,15.73825626,66.44495748,0.451954613,0.185218897,36,3.55261528,3,5,9.743475702,112.4133824,7.486951404,4.49908753
4916,38,10,3,251.1138399,3,41,0.444476912,0.2164106,0.757574481,11.78123364,6.185298304,0.563399391,0.083041849,31,8.74035502,5,7,9.656240911,55.56669931,5.312481823,4.884126664
4917,38,11,3,258.008588,6,29,0.474835672,0.036659772,0.221093503,10.79929131,184.6687493,0.665270224,0.026760394,27,4.550624993,2,7,9.110717395,60.54633574,4.221434791,4.735494385
4918,38,1,4,259.6845751,7,42,0.497757938,0.093153375,0.090605437,11.5998371,167.4773773,0.671670113,0.186496727,40,2.898784884,5,5,9.111020611,27.40902888,6.222041222,3.863033498
4919,38,2,4,199.1623271,2,62,0.5394570000000001,0.344738356,0.874727,12.67612448,17.67598515,0.675528885,0.028423768,38,3.228648077,3,1,11.15340249,81.14633287,6.306804976,4.490501387
4925,38,8,4,117.7089771,2,71,0.5242994,0.963134192,0.25486002,13.81221193,12.86650027,0.454615035,0.018393737,10,5.45892783,1,4,12.22900663,29.96272071,6.458013251,2.649547123
4928,38,11,4,289.9399728,1,26,0.51378555,0.79157026,0.316438663,,162.7557452,0.606901635,0.14620361,56,8.528618601,5,11,6.557476045,23.79441624,5.11495209,4.87180564
4929,38,1,5,115.4655424,1,64,0.567500183,0.283490507,,11.58827026,158.8760865,0.483917602,0.160946895,37,4.577200185,2,3,9.104594591,55.67939554,6.209189182,4.01350981
4930,38,2,5,132.4315671,7,52,0.488096362,0.016493502,0.370369644,14.00066808,14.08736524,0.462328054,0.168727966,11,4.054594227,2,3,6.778148931,72.86263673,5.556297863,4.223867237
4932,38,4,5,1.665689618,3,25,0.442307259,0.11817399999999999,0.197044497,13.05342377,26.11206841,,0.12247685,68,7.41621024,0,,12.36301321,56.2953811,6.726026411,2.913607159
4933,38,5,5,85.02999919,3,31,0.549125271,0.239432177,0.238952075,14.07628209,86.45492593,0.492773668,0.104988417,18,6.913921335,1,1,9.820156715,28.1733888,5.640313429,3.953725412
4935,38,7,5,137.1391757,2,48,0.420363949,0.253376803,0.093141076,15.03390637,160.0507909,0.625193048,0.020285937,13,7.600669633,1,2,7.352170203,90.00917097,6.704340406,4.908603389
4936,38,8,5,65.47686037,1,31,0.472450397,0.007913532,0.340489604,13.57667166,147.4267216,0.501032878,0.174887345,5,2.492594742,1,1,10.54259537,38.08226146,5.085190736,3.600732863
4937,38,9,5,99.03669126,3,66,0.501551453,0.533040149,0.038126723,12.56132871,182.2672253,0.50848176,0.168245316,20,7.750302374,0,0,10.5340715,65.31133442,5.068143009,4.155618068
4939,38,11,5,258.8536268,6,23,0.562183571,0.372218087,0.138332201,11.89709911,157.0964801,0.60816742,0.17315902,30,3.879050106,2,10,9.720610615,70.50810333,5.441221231,5.57399198
4941,38,2,6,192.2977671,4,54,0.502761247,0.001181386,0.748932485,13.29940532,159.3499925,0.476125217,6.34e-05,28,8.344943217,3,5,8.944114069,72.35944165,5.888228138,4.598643044
4943,38,4,6,,7,33,0.477635085,0.548465337,0.802989578,12.96974238,11.6330002,0.40169143,0.068366356,43,8.577819893,0,0,8.316523545,99.2893746,6.63304709,4.014206502
4944,38,5,6,165.8326042,6,19,0.433684109,0.716121352,0.7963020000000001,11.21088341,46.02014521,0.541694396,0.128491717,22,3.059573294,3,4,8.894935227,22.63510557,5.789870455,3.792644298
4945,38,6,6,51.46900987,2,70,0.569770144,0.40170708,0.147186534,13.90577701,194.8479454,0.294329633,0.181575875,33,8.000899882,1,1,11.83654278,83.0412099,7.673085564,3.270757289
4946,38,7,6,249.217021,1,61,0.569107303,0.688061684,0.126916768,16.87041279,179.8238041,0.509774227,0.022231743,34,8.502475003,4,,7.816895992,102.9778097,7.633791984,5.499122529
4947,38,8,6,195.2782488,6,54,,0.824412772,0.075468916,15.68275776,46.96299194,0.492882959,0.171471317,57,8.667524745,1,5,10.7126432,,7.425286403,4.47433242
4950,38,11,6,23.08662024,8,49,0.487617233,0.147819249,0.815220687,14.82554519,65.79878939,0.41038672,0.000538043,11,6.879672638,0,0,8.236413995,89.12827525,6.472827989,3.528851591
4951,38,1,7,162.0936051,6,40,0.511225089,0.611595744,0.238174828,13.21582201,91.30539014,0.595153802,0.15063966,9,9.022557038,3,4,7.897678896,87.39513,5.795357792,4.735961257
4955,38,5,7,168.5587686,7,61,0.514356399,0.990970952,0.493441944,13.84713562,133.1247945,0.493930335,0.060113502,64,4.135711995,3,1,11.24840868,80.20233213,6.496817354,4.647607384
4957,38,7,7,239.765151,,67,0.560376414,0.131366586,0.091191023,15.0283761,160.0903864,0.210600719,0.102957167,22,4.620848268,4,,11.79354228,9.489056925,5.587084556,3.900739715
4960,38,10,7,261.1086899,5,42,0.427947622,0.394534748,0.136445465,15.2475942,115.0986203,0.430331687,0.140937935,45,9.121803457,2,10,7.915330112,33.35896802,5.830660224,4.797126479
4961,38,11,7,88.57381497,7,43,0.517298918,0.018313139,0.690208265,15.72689358,2.567824427,0.291830281,0.106639713,32,6.581558917,1,2,12.18160754,64.00214324,6.363215084,3.411157742
4962,38,1,8,195.0932265,3,52,0.558715379,0.178939799,0.027881931,11.26748535,137.1582547,0.213456492,0.112004006,35,5.684222424,1,1,9.926380749,66.17812825,5.852761497,4.510935427
4963,38,2,8,111.6725411,2,29,0.573250656,0.493790404,0.822105779,15.14976909,106.7896839,0.45701538,0.145595661,32,5.301959556,2,1,6.860982829,55.78067601,5.721965658,4.160392054
4966,38,5,8,80.7528131,1,72,0.449281553,0.104297219,0.552177955,11.76261157,1.351780027,0.550719713,0.077345072,13,5.207135806,1,1,8.201450871,65.43831599,6.402901743,3.436468101
4968,38,7,8,285.7080015,6,53,0.516022994,0.617476271,0.278729466,10.47733699,198.4126796,0.220289221,0.067029356,18,6.010868938,5,2,10.48740944,56.18246426,4.974818878,4.616374192
4969,38,8,8,292.9200211,6,61,0.449234388,0.975033311,0.832575417,14.53357699,92.90153882,0.270460296,0.008424818,50,7.888732135,5,11,7.518653886,33.57123737,5.037307772,4.69869429
4970,38,9,8,193.2950326,1,41,0.493814958,0.054916874,,11.1282578,143.9320118,0.42267825,0.053393838,63,8.216148355,3,7,11.84903211,21.34062688,5.698064223,3.54154983
4973,38,1,9,163.1997183,3,25,0.440867339,0.85787921,0.765459751,12.55758427,36.75428894,0.324549896,0.054427554,41,6.459880421,1,3,9.087546817,37.39705546,6.175093633,4.026075016
4977,38,5,9,263.2791386,2,72,0.458736345,,0.414020526,,180.7361558,0.513093545,0.077294235,15,7.051283005,2,5,8.044878211,31.58282138,6.089756422,4.903197457
4978,38,6,9,172.4622185,1,39,0.434759713,0.754022579,0.686028153,13.62946865,43.16421704,0.27306508,0.117630933,37,6.613633527,1,3,9.571927028,57.13487804,5.143854056,3.96749811
4979,38,7,9,269.4867226,2,39,0.471995727,0.935642869,0.768577692,14.74493396,90.25217268,0.227428879,0.008505492,71,3.361946355,5,2,8.747185532,100.5585536,7.494371064,5.215888747
4982,38,10,9,119.9162245,1,41,0.461317569,0.013664393,0.6360308,13.87066395,16.20256526,0.255560655,0.144087746,27,9.802369896,1,4,12.81703553,73.93481406,7.634071059,3.425120274
4983,38,11,9,152.7929136,3,37,0.42736136,,0.675583197,13.79814062,90.93918759,0.299803251,0.18194352,29,7.248513429,1,3,8.665633678,25.12981296,5.331267357,
4984,38,1,10,,8,52,0.53183706,0.872510241,0.447748398,13.99544217,89.2921416,0.27876481,0.035191141,30,3.928202289,0,3,9.886356759,44.53398922,7.772713519,2.866204397
4985,38,2,10,44.82950968,6,30,0.427194118,0.26892900000000003,0.007409211,14.55151166,92.50967931,0.320453743,0.104353513,13,8.510178825,0,1,6.528617589,6.882708426,5.057235178,2.873832786
4987,38,4,10,62.70223407,1,35,0.426687807,,0.098197243,14.21373883,25.55254016,0.201448053,0.049081448,30,4.514965217,1,,6.896521571,92.51500546,5.793043143,4.002815678
4989,38,6,10,57.41003283,1,61,0.559734104,0.015578985,0.357681113,11.53915253,63.88653367,0.276577379,0.148685108,47,9.942442965,1,0,7.077306962,55.83130322,6.154613923,3.435389172
4990,38,7,10,33.48611369,3,68,0.540976607,0.961116561,0.286821961,13.80853462,,0.47939805,0.186474953,42,4.599925202,0,0,10.67140812,33.17861607,5.342816241,3.074720911
4991,38,8,10,208.1393486,7,25,0.507756831,0.277708938,0.187795726,13.39672618,169.6732857,0.238440314,0.174039376,29,6.71782961,2,8,8.998181212,72.28243083,5.996362423,4.245112801
4996,38,2,11,180.9619389,4,60,0.476549462,0.92982442,0.238006719,11.74799834,136.4491716,0.52553831,0.062850215,16,3.711966222,1,3,11.63777686,57.03251171,5.275553716,4.412167045
4997,38,3,11,69.3293777,5,60,0.440101881,0.727533304,,15.49895991,63.3032662,0.610729077,0.176845288,61,6.416073081,1,2,12.05497773,28.44088476,6.109955458,2.514525537
4998,38,4,11,214.6891846,1,41,0.443353542,0.137334053,0.326324779,12.15241899,148.1903451,0.225178242,0.171681101,21,4.632465266,4,8,8.862454997,30.07426468,5.724909994,4.087609267
5001,38,7,11,99.37324266,2,21,0.438537411,0.136464163,0.414369615,12.72839585,57.50360423,0.297108899,0.138281391,59,9.538915546,1,2,9.626886583,38.29527096,5.253773166,2.544091021
5003,38,9,11,220.1500712,4,59,0.545422865,0.047982628,0.029216886,12.2609047,46.87419118,0.619344549,0.032078424,19,2.560220134,4,2,7.367169276,3.476971579,4.734338552,3.840093111
5008,38,3,12,125.3241935,5,46,0.502366596,0.955104957,0.723554982,10.70180065,67.17139899,0.447666403,0.036706909,53,5.358728392,2,2,8.056555914,51.75015227,4.113111828,3.426000994
5009,38,4,12,263.8652853,2,60,0.453930415,0.630981376,0.525103344,13.68277686,16.39009787,0.461341704,0.123103346,20,2.350158315,2,10,8.157098256,70.91361676,6.314196512,4.344587153
5011,38,6,12,232.8230119,8,18,0.458278451,0.687860519,0.129762202,13.54583195,,0.506640405,0.083077404,56,7.049839147,2,6,11.52546219,25.4657944,5.05092439,4.278385366
5012,38,7,12,146.4902437,8,59,0.488148483,0.541197706,0.18957238,11.02698017,103.6159562,0.48234225,0.068617585,41,6.205085948,1,2,6.237211205,4.975814119,4.474422409,
5013,38,8,12,263.0858576,3,53,0.574039232,0.778856265,0.057837287,12.55061713,146.1076558,0.303433839,0.076833066,46,4.444605897,5,10,6.52812063,53.8614512,5.056241261,4.803335535
5014,38,9,12,254.35746,,56,0.547899926,0.108481826,0.010578129,10.76035508,39.2495315,0.560564908,0.049778676,65,2.835894324,5,7,9.089086156,23.9053492,4.178172311,4.189347957
5016,38,11,12,163.8794747,4,57,0.427262185,0.925309448,0.764421821,13.32449167,4.42171609,0.525843782,0.091861038,64,4.409492489,3,4,6.958050927,16.8540137,5.916101855,3.537208554
5019,39,3,1,203.0977055,6,42,0.501725106,0.007673411,0.270362286,8.227077331,134.4782429,0.348921339,0.081010547,46,3.76156409,2,8,8.237265184,18.4550466,2.474530368,4.305349983
5020,39,4,1,265.3516727,7,54,0.571126283,0.230345037,0.019121786,8.413782427,151.0417179,0.431944512,0.048016754,56,2.673252522,2,5,5.785434682,44.30108089,1.570869363,4.925400536
5025,39,9,1,85.46512034,4,21,0.488863488,0.502349328,0.653525567,10.42795206,,0.579741977,0.038190336,39,7.695143008,1,0,9.793306699,11.49373059,1.586613397,3.522121699
5026,39,10,1,108.1137722,1,57,0.535983027,0.97421579,0.534615601,9.77005935,115.9966451,0.521966386,0.077523727,45,6.405282255,2,1,7.983366305,47.40444984,1.966732611,4.310417628
5031,39,4,2,87.29900651,3,33,0.470896192,,0.117299887,12.07672519,176.0176673,0.51867,,26,,1,0,6.153736218,26.82387485,2.307472435,4.159376778
5034,39,7,2,153.1038189,3,69,0.5746143,0.506650519,0.621272716,9.419301911,196.6407922,,,12,,1,4,7.899612173,0.942891797,3.799224346,3.436778901
5035,39,8,2,55.4485532,4,21,0.42171637,0.301273773,0.29161335,13.47509452,32.92879983,0.3171076,0.017859303,50,6.275693516,1,1,9.930608064,59.32609025,3.861216129,3.495310952
5038,39,11,2,262.580898,6,62,0.42272521,0.112366947,0.45946113,13.48386465,186.2182665,0.409464145,0.046290424,30,6.551786554,5,7,10.93548036,20.31692267,3.870960725,4.935388876
5040,39,2,3,92.3660478,7,22,0.551562709,0.25815441,0.774217263,8.534017429,196.1185128,0.423932675,0.036192976,50,4.324144835,1,2,4.852231905,19.84291673,1.70446381,4.12593685
5042,39,4,3,41.56550261,6,62,0.518409939,0.445107583,0.106060122,12.3134054,100.3459151,0.493389957,0.067717455,55,9.316504733,,0,6.840780776,13.47044222,3.681561551,2.677937767
5045,39,7,3,294.9496252,7,45,0.555110583,0.002437722,0.767521436,11.53217234,107.0131419,0.435107396,0.169446394,67,2.529155013,2,11,8.517873523,,5.035747046,4.480890598
5046,39,8,3,257.1365329,2,29,0.451449636,0.004264913,0.112395731,10.19787138,63.62262316,0.206991922,0.04926784,27,2.395106866,2,10,10.77659521,18.24072123,3.553190426,4.924129625
5048,39,10,,234.0745831,3,56,0.531313531,0.560986154,0.519132759,7.849964369,37.98362486,0.531581421,0.075119563,24,2.547631472,4,4,10.02775798,47.09541955,2.055515966,5.58827403
5049,39,11,3,159.5036409,4,60,0.502711746,0.60913293,0.509563079,8.304153193,5.890561831,0.464248517,0.097003436,30,4.893352149,1,6,6.280085107,39.24392298,2.560170214,4.097606547
5050,39,1,4,4.443600843,6,34,0.516930313,0.106024271,0.412591027,10.33339726,46.01648481,0.259469884,0.076128135,60,6.285688218,0,0,7.851887365,51.39117562,3.70377473,3.047265585
5056,39,7,4,193.7479436,5,55,0.454205409,0.302020143,0.434246925,8.566170588,120.8065766,0.536181873,0.167090801,35,9.386700409,3,5,9.425650327,28.23232031,2.851300654,4.489442829
5057,39,,4,64.20947724,7,40,0.548451369,0.015244428,0.449924801,13.39576142,49.97291424,0.412620244,0.071353376,46,2.010833501,0,0,9.442089676,6.30092671,4.884179352,2.943998164
5058,39,9,4,142.178515,3,57,0.522582084,0.252557521,0.292656977,9.064119826,167.4490414,0.316522005,0.078466368,54,6.808039757,1,5,7.702288792,2.936649562,3.404577584,3.752175474
5059,39,10,4,181.7059427,1,32,0.494019728,0.115894959,0.825420434,9.824089202,60.72199191,0.223907351,0.175800561,32,5.432812803,3,5,7.568938445,3.894885782,3.137876891,3.777369982
5061,39,1,5,39.19287598,7,32,0.432872808,0.18164999999999998,0.195892382,12.23100186,90.85348165,0.278430477,0.019371046,66,3.351913177,0,0,6.23944548,30.85491089,2.47889096,3.773825145
5063,39,3,5,162.7009295,1,60,0.448051216,0.256809509,0.457800569,8.68471568,163.1916008,0.213649352,0.061168971,70,5.953970763,1,1,4.935953155,8.440959706,1.871906311,4.599556061
5068,39,8,5,144.75262,1,71,0.455537586,0.016996418,0.479182162,9.823441373,4.965358882,0.546801529,0.135081731,47,5.262530657,1,4,10.01302299,42.12024019,2.02604597,4.139216035
5069,39,9,5,194.2436213,7,63,0.469104254,0.219179507,0.322933734,10.37529519,118.4372372,0.293769474,0.164684699,20,8.16112282,3,1,7.319608437,18.03225346,,4.466690756
5070,39,10,5,274.528632,8,39,0.539629753,0.00222373,0.845934129,10.50091967,1.487139746,0.461433481,0.062239247,54,9.508061007,2,2,8.500510926,17.82125397,5.001021851,5.197472568
5071,39,11,5,152.6754237,4,30,0.534415334,0.063574021,0.567206867,11.0645709,57.36587115,0.245828564,0.065035853,21,4.420714036,3,1,7.70253939,9.580231531,3.405078779,4.397157486
5073,39,2,6,213.4842064,4,19,0.555624441,0.01039059,0.738006979,11.7247634,44.90617153,0.50480111,0.040092293,15,4.286472018,4,8,9.513757446,14.22645297,3.027514893,4.804811471
5074,39,3,6,34.12873131,7,20,0.500156334,0.005605286,0.869788312,11.63366706,136.6410683,0.636256608,0.13867897,32,2.176458316,0,0,9.463148367,33.42519902,2.926296734,4.544647521
5075,39,4,6,251.0052704,1,38,0.565332167,0.00027904,0.409103006,14.68082653,184.2276492,0.371391446,0.144836068,61,2.167227415,2,5,7.600459185,47.80357722,5.200918369,5.218435069
5076,39,5,6,208.2633843,8,72,0.475595503,0.145297459,0.521832595,10.24213823,9.935751155,0.672673515,0.031612867,68,3.74986214,2,4,6.801187905,20.45946835,3.602375809,4.774605181
5077,39,6,6,75.37342029,1,40,0.452030436,0.405544223,0.733051881,11.14649303,11.89343301,0.552032429,0.034361484,17,3.865462404,1,1,8.748051686,40.40594662,3.496103371,3.905943423
5078,39,7,6,248.0116048,8,19,0.571233234,0.082205382,0.160223118,7.59595364,153.2205313,0.421613115,0.103711177,27,2.966277375,4,2,7.886640911,33.12938492,1.773281822,5.190669542
5079,39,8,6,227.6452052,6,24,0.537133404,0.658853202,0.6636107,12.05665403,58.53868542,0.279360984,0.19463427,,5.129346153,2,2,7.809252239,65.26618747,5.618504478,5.16028648
5084,39,2,7,298.0673861,5,60,0.438322083,0.207798114,0.369831203,12.46727545,154.5197947,0.675478567,0.120289447,47,9.731180119,2,11,9.481819696,8.711470313,4.963639393,5.015157796
5085,39,3,7,52.88344298,5,46,0.465455091,0.1703775,0.252333745,10.55491099,133.4659417,0.64295179,0.104762327,8,4.455682664,1,1,6.419394993,8.210543458,2.838789986,3.731423942
5086,39,4,7,189.1291593,6,66,0.428548318,0.05253412,0.276852945,12.52406596,22.63586852,0.584621028,0.187209544,35,9.647245559,3,7,6.402258867,27.63253176,2.804517734,4.601268944
5087,39,5,7,262.6292172,7,34,0.526601557,0.017929253,0.360162638,11.07695014,175.6693883,0.270171801,0.174510448,56,9.959073404,5,5,9.709416743,24.85172828,3.418833485,5.05840831
5088,39,6,7,127.104625,4,62,0.576243807,0.341238036,0.245708539,11.98416268,23.78858818,0.457899753,0.108893484,63,4.09861596,1,5,8.657868155,25.78874407,3.31573631,4.276738046
5090,39,8,7,288.1247025,3,61,0.540663746,0.759394117,0.856223059,13.75996604,41.79859919,0.610583318,0.011254143,9,7.501088342,5,11,10.08887002,3.624292857,4.177740048,4.785973492
5091,39,9,7,131.0278087,1,41,0.557720516,0.017086098,0.142071768,10.98295043,106.7556526,0.276380065,0.182744164,50,2.016711056,,1,9.657194683,39.30273576,3.314389367,4.426860311
5092,39,10,7,79.80707331,2,34,0.574557467,0.000639184,0.152014966,11.59308929,93.76787096,0.32942958,0.020101141,31,8.139934343,0,0,7.107271829,98.80075375,6.214543657,4.74278222
5094,39,1,8,27.13478378,5,48,0.523568299,0.052309282,0.33158079,8.32950151,77.60768619,0.26301346,0.128952255,60,8.372043305,0,,4.183056394,13.40890776,0.366112789,3.716308058
5095,,2,8,299.1042684,1,45,0.424136168,0.745112455,0.723621,9.270938804,51.9594674,0.401874538,0.007339984,36,6.53848626,2,2,8.817188225,10.31454607,3.634376449,4.368589692
5097,39,4,8,0.910219442,4,57,0.570981249,0.014039369,0.654813881,8.89082705,11.19599609,0.205795239,0.183469827,8,9.245699991,0,0,9.606015028,10.6097056,3.212030056,2.804668791
5098,39,5,8,30.38782565,4,69,0.431033475,0.067898251,0.441203284,12.66299115,55.15099727,0.459805992,0.175562203,21,8.136613709,0,1,7.479439528,8.360665081,2.958879056,3.340377849
5099,39,6,8,60.10513544,8,54,0.5205810000000001,0.21058123,,13.16031632,89.11029352,0.652992314,0.198736204,52,8.530801634,1,1,9.755731291,0.409243706,3.511462582,2.541444565
5100,39,7,8,88.95478266,6,39,,0.678684771,0.708668935,12.49325086,103.9879098,0.492442102,0.061665046,70,8.755506315,0,1,8.940694925,8.473056973,3.88138985,3.298064107
5101,39,8,,148.2535491,1,52,0.503623337,0.362655736,0.124002746,12.89182394,154.906799,0.439592209,0.012503248,30,5.778777251,1,4,6.606568856,7.272201747,,3.216752125
5102,39,9,8,13.35590911,5,50,0.422314066,0.371654097,0.183843245,12.16552934,117.2108863,0.251840209,0.020637004,59,7.584025643,0,0,9.758627412,19.0904012,3.517254824,2.693560955
5105,,1,9,134.6014093,3,59,,0.011776851,0.466199438,12.25808217,58.52905586,0.281845267,0.037514444,33,2.543191922,2,1,8.365601204,65.7430638,4.731202407,4.694320786
5106,39,2,9,8.887734688,3,32,0.567484565,0.335868113,0.604872828,13.09781143,20.44153332,0.452979838,0.176550652,36,6.94656277,0,0,7.721006351,24.6605526,3.442012701,3.015903903
5107,39,3,9,189.3545062,1,46,0.488572398,0.021193819,0.216897718,11.65196567,182.1195363,0.221474868,0.18689583,43,8.524971156,3,3,6.473314262,2.702755181,2.946628524,4.335630102
5108,39,4,9,71.71138868,3,27,0.495767261,0.126278395,0.07416208,13.35962277,41.22407314,,0.036586185,42,2.172128811,0,2,11.42201265,36.54259174,4.844025305,3.228531289
5109,39,5,9,227.2883937,1,69,0.495600022,0.766080559,0.299724596,12.42209137,85.60052568,0.415176593,0.14990899,44,7.71489951,2,9,6.345606319,12.17934346,2.691212638,4.215964444
5110,39,6,9,270.3726117,4,29,0.54552702,0.70440172,0.662721758,13.69971585,107.9385701,0.262553338,0.096600892,43,8.597176332,2,2,10.05539769,53.2885766,4.110795385,4.89139068
5116,39,1,10,42.60044438,8,30,0.549703326,0.023212516,0.071785066,10.96170667,74.17166499,0.413504279,0.058630319,35,2.974059768,0,0,11.20094815,59.82094024,4.401896303,3.801805159
5119,39,4,10,31.30093429,6,30,0.497601623,0.231564197,0.587573189,11.14287602,179.0707437,0.26021139,0.121973223,55,8.100238561,0,0,5.190486677,35.35435397,2.380973355,3.64543367
5120,,5,10,213.2422766,,42,0.506397137,,0.613991448,10.71394438,69.91931678,0.463746477,0.192613209,19,7.396674171,,6,7.063302434,38.80537389,4.126604869,4.138753092
5123,39,8,10,166.3768889,7,60,0.433480434,0.343655155,0.588528396,9.927460771,170.8506605,0.346149441,0.192708936,43,5.721847678,3,1,6.07081154,6.063216688,2.141623079,3.682367023
5124,39,9,10,134.6736174,7,50,0.502775308,0.792635581,0.31208387,11.30564768,98.43576932,0.623586,0.089397892,15,4.772329813,1,5,10.39202649,45.30248087,4.78405298,3.544976412
5126,39,11,10,179.4849515,6,33,0.553102717,0.127094708,0.76903091,13.61061954,114.4082861,0.645743525,0.066495101,57,6.322762764,3,5,11.00589975,39.34035018,4.011799492,4.057392541
5128,39,2,11,227.7309149,4,24,0.567018477,0.16709364,0.053807746,8.899127137,46.2997474,0.410454324,0.009388967,30,2.877291024,2,2,7.055070632,9.519589027,2.110141263,4.085427418
5129,39,3,11,152.2328147,6,33,0.575230549,0.641292201,0.480584125,11.12273998,199.3821614,0.370546323,0.103785738,52,6.890835757,3,6,8.734855543,12.7940529,3.469711086,3.927740207
5130,39,4,11,183.2199285,7,27,0.510294018,0.032634243,0.13975137,11.00996813,91.3684077,0.393892186,0.179418078,70,9.095554652,1,7,8.672204515,9.905032519,3.34440903,3.407443125
5131,39,5,11,288.6266926,1,38,0.535855262,0.428883186,,10.50021026,33.62751076,0.499740402,,12,5.229612557,2,8,9.50011681,15.31138262,5.00023362,4.075339728
5132,39,6,11,290.5874666,7,25,0.542233709,0.418730659,0.473033385,9.082994053,54.87857153,0.64978664,0.067479165,46,5.575320404,5,2,9.157218919,9.887560246,2.314437837,5.001818543
5133,39,7,11,140.2040523,,57,0.57570092,0.409934486,0.595320838,11.46436751,60.17235272,0.510107798,0.1642407,38,4.725994705,1,1,9.369093062,36.89151349,2.738186124,3.773681976
5136,39,10,11,106.1167846,2,46,0.46987373,0.615390159,0.325273671,,186.5902683,0.577620965,0.059314104,10,2.428533126,2,2,5.623213443,48.64133694,3.246426886,3.689433482
5138,39,1,12,0.941687798,1,52,0.562500783,0.115624178,0.541742024,11.97690008,135.0883671,0.26692992,0.181693572,6,2.507477897,0,0,10.20938894,6.955916056,4.418777871,2.375948418
5139,,2,12,219.7070545,6,47,0.485526211,0.667962608,0.314982816,12.73503605,72.8495599,0.260602452,0.05854585,22,4.505057369,,6,10.51946447,3.427780842,3.038928944,4.382894878
5141,39,4,12,25.1537122,3,67,0.421306136,0.000112899,0.318794056,12.2803899,92.51151658,0.490120769,0.036438398,41,2.070627641,0,0,9.822438833,50.9149867,3.644877666,2.626570477
5142,39,5,12,165.8505697,8,42,0.52980186,0.082981062,0.185972,10.85915657,8.855475752,0.344653442,0.037590668,45,9.922929898,3,1,5.588420315,17.75430755,3.17684063,3.641611937
5144,39,7,12,8.934294234,2,21,0.514221006,0.378344712,0.2907879,8.382035619,34.11232449,0.548674798,0.05176073,24,3.472808311,0,0,9.323353122,26.44353083,2.646706243,3.604377933
5145,39,8,12,84.74999773,2,67,0.451043329,0.32392427,0.433300265,8.553174955,18.43924065,0.443871825,0.06033234,25,3.919517899,0,3,10.41843053,40.77317479,2.836861062,
5148,39,11,12,207.6977451,6,24,0.529086648,0.003940535,0.449203838,10.02725154,132.0161636,0.584269991,0.050975491,30,3.172330021,4,6,8.681806409,11.64136332,3.363612818,3.935068736
5149,40,1,1,67.39912369,1,45,0.503799346,0.890675512,0.036342454,13.05184971,153.4173947,0.489882813,,61,7.395680017,0,1,9.806583174,18.53516301,5.613166348,3.01963591
5150,40,2,1,190.3577257,2,24,0.433339063,0.26957,0.236433379,14.14471321,57.13849619,0.387797064,0.050475702,,9.620050895,1,3,8.413729559,73.88423849,6.827459117,3.980342958
5151,40,3,1,2.627726037,3,36,0.422536394,0.375426578,0.719542689,14.53778155,150.0641067,0.416987254,0.058276309,49,6.856771274,0,0,9.076545305,88.21169008,6.15309061,3.716780402
5152,40,4,1,269.5756169,7,49,0.464659153,0.456321695,0.341696936,12.20208465,79.32542523,0.66617377,0.022419131,43,9.145232446,5,8,8.334491471,22.53171901,4.668982943,3.997018816
5153,40,5,1,0.806729945,1,71,0.543899834,0.123606906,0.742664038,13.01515341,128.2009914,,0.09820936,35,9.40193452,0,0,12.34175189,92.16421667,6.683503784,3.08626724
5154,40,6,1,48.83008863,1,37,0.541079605,0.460430397,0.819536457,13.55387773,73.84167505,0.522478315,0.185102687,12,3.034981162,0,1,10.52993207,20.89493589,5.059864143,3.011245664
5156,40,8,1,114.5998775,7,42,0.56723868,0.789418006,0.06252186,15.16797179,47.16628436,0.258012631,0.125680442,52,2.22809,1,2,6.871095441,89.95535571,5.742190881,3.397814778
5157,40,9,1,190.3208387,5,50,0.516196914,0.008864825,0.576106883,11.89751792,17.34231921,0.408042806,0.194300332,32,5.744314425,1,5,9.165287734,18.74152729,4.330575468,3.389567193
5158,40,10,,38.42482561,7,18,0.552829495,0.000635423,0.717824492,10.82440527,41.02747117,,0.143833143,62,3.817486205,,1,9.680225152,73.68378009,5.360450304,2.939447906
5161,40,2,2,278.9412856,2,33,0.557387634,0.350561028,0.766056,13.81522962,65.00573304,0.536538,0.162725274,42,4.520461539,5,5,9.230683124,98.75910066,6.461366248,4.797211463
5163,40,4,2,274.0735498,4,71,0.491413621,0.559117412,0.642919505,11.2562479,2.77513375,0.654493992,0.142617684,27,2.410364929,5,8,11.92013772,,5.840275447,4.479170108
5164,40,5,2,31.48356859,3,62,0.48297744,0.41226128,0.506976053,10.54298607,35.98281142,0.665637123,0.047352518,53,7.551200712,0,0,6.968325596,15.48727127,3.936651193,3.07317167
5165,40,6,2,228.5455913,1,18,0.500728796,0.052295974,0.751467381,12.24612825,48.23689814,0.502114541,0.060485466,47,4.825302887,2,9,7.914515695,60.2228088,5.82903139,4.371709486
5167,40,8,2,61.8740945,6,52,0.435672168,0.189940236,0.373978588,10.12705538,47.3569447,0.677503348,0.192267541,12,3.735543499,1,1,9.292808547,28.82309705,4.585617093,2.915601386
5168,40,9,2,228.4589403,1,62,0.524917427,0.045773374,0.291994122,13.20809114,150.8706968,0.519788177,0.056110311,24,4.109798989,4,2,9.004495077,107.3188593,8.008990153,4.945504387
5169,40,10,2,130.1542352,2,72,0.560738151,0.42298936,0.431327179,10.54066742,156.6708751,0.234670472,0.12011827,31,8.062160676,2,1,8.522593011,35.98462359,5.045186023,3.787327144
5170,40,11,2,275.5338816,2,,0.508085128,0.013669836,0.383656015,12.82031746,29.06928458,0.444158076,0.045110581,54,9.173280657,5,8,11.2335097,79.12941938,6.467019405,4.820264421
5171,40,1,3,170.9241757,4,,0.431231982,0.01609202,0.091966273,14.58199334,117.1774056,0.384186769,0.052982392,17,3.995105132,1,1,11.10110741,90.81651136,6.202214819,3.883595011
5172,40,2,3,249.1867402,5,47,0.507225545,0.841748117,0.714453771,14.97607687,197.1557415,0.297513749,0.036058232,60,4.609881856,2,9,7.320042705,60.83701955,6.64008541,4.430374828
5177,40,7,3,61.71977016,8,45,0.506367721,0.176054182,0.546798386,9.941905655,,0.63436153,0.056072999,35,4.999633432,0,1,9.189947586,6.040033367,4.379895172,3.022736687
5184,40,3,4,153.1016619,3,31,0.427680652,0.022234924,0.455408096,11.84088115,154.9524602,0.514245847,0.002399774,25,9.271954389,1,3,10.24493397,24.92010702,6.489867942,3.15599274
5186,40,5,4,27.08421705,2,72,0.549730768,0.664398274,0.346461556,14.72526539,67.10209455,0.654277641,0.097245972,48,7.939298562,0,0,12.18070299,86.59448422,6.361405989,3.402828303
5187,40,6,4,14.92263187,3,31,0.429693892,0.060526916,0.475755112,9.898294675,168.0300152,0.326940706,0.125339725,39,7.929837583,0,0,8.610163709,35.89889484,3.220327417,3.19473129
5188,40,7,4,180.7741861,7,60,0.470154094,0.389184988,0.772303697,13.57095119,184.6418108,0.411125624,0.042260883,53,9.82571871,3,7,11.09497288,44.18296328,6.189945764,3.490175183
5189,40,8,4,44.88847949,6,24,0.420211369,0.330359544,0.292354534,13.5237683,182.4031676,0.374926769,0.172958931,52,4.072698849,0,1,10.06876017,89.46372019,,3.150465387
5190,40,9,4,241.7076377,1,36,0.495623791,0.005524111,0.358969873,13.98994908,41.29507835,0.373543216,0.122776062,17,8.865036919,4,4,9.772193934,38.51305042,5.544387867,4.609794259
5193,40,1,5,266.4078386,3,60,0.42993534,0.446837537,0.108713745,16.66939612,177.0745175,0.41791631,0.085552263,35,6.848369559,5,2,12.70522007,62.20118171,7.41044013,5.042143384
5196,40,4,5,89.40849293,4,55,0.501505987,0.62391331,0.324794141,14.3418017,157.9659408,0.257730153,0.046180856,18,2.712387926,0,0,8.967667611,82.44392552,5.935335221,4.576039715
5197,40,5,,54.74574705,2,36,0.533080467,0.045750272,0.334309961,15.67768985,66.09143803,0.583253717,0.102761669,28,8.398575925,1,2,12.15427214,39.70149423,6.308544283,3.011519934
5199,40,7,5,154.5153378,3,26,0.452988502,0.878491598,0.345754828,13.32598685,37.9015074,0.262675144,0.138883184,14,5.311697111,1,4,8.514437138,35.98166355,7.028874276,4.054616484
5201,40,9,5,141.9676435,3,69,0.514384113,0.946580883,0.272277888,14.14300359,81.93194857,0.586641683,0.043302937,59,3.350059082,2,4,7.857224215,14.24029745,5.714448429,3.785094149
5202,40,10,5,216.4410446,7,45,0.447456286,0.003297109,0.387002257,17.33118722,146.0693957,0.348820761,0.125506451,22,7.928467365,2,8,12.07288179,125.973484,8.145763581,5.105192373
5203,40,11,5,142.5173305,,66,0.452372227,0.105285523,0.010708098,12.37392262,128.3436843,0.392846571,0.100777262,26,3.824331025,2,2,11.54106812,,7.082136244,4.18752306
5206,40,3,6,50.54828796,2,45,0.48918467,0.06760698,0.869485485,11.51204694,13.5521018,0.573961016,0.173857275,38,7.151256313,0,2,6.506692747,53.61971434,5.013385494,4.001623916
5208,40,5,6,272.9552402,6,69,0.486755251,0.089957675,0.191892361,13.92502635,11.00308072,0.6690590000000001,0.145290647,12,5.672816044,2,5,10.29168131,25.9494173,6.583362616,4.542729821
5209,,6,6,52.31489798,4,35,0.434007329,0.076492986,0.1901456,10.76651471,198.5853105,0.598970262,0.157691133,38,8.195518454,1,2,6.648063729,13.61119054,5.296127459,3.249253333
5211,40,8,6,266.6623621,,23,0.426566693,0.627673219,0.14772692,17.31864454,145.729509,0.609740746,0.026247544,6,8.140912714,,2,12.06591363,51.74157219,8.131827263,5.309994151
5212,40,9,6,,4,41,0.458502231,0.173909138,0.505449,11.00844927,107.6022661,0.409230226,0.061807513,18,6.264278392,0,1,10.78247182,61.3805746,5.564943637,3.598765482
5213,40,10,6,245.1917564,5,60,0.479228653,0.727961803,0.777670557,12.1083757,107.1057815,0.582680466,0.184302915,45,,4,2,,38.49146981,5.675972996,4.399861697
5214,40,11,6,138.0264537,1,48,0.474844262,0.271001582,0.026058753,15.19542515,86.02960883,0.382451321,0.136371179,33,3.481693348,2,1,9.886347304,65.57382106,5.772694608,3.74002308
5216,40,2,7,236.255866,6,57,0.47112226,0.614781246,0.476093745,14.03605947,164.0412645,0.341212442,0.126411846,56,8.457563899,4,9,8.353366373,96.59374207,6.706732747,4.704175027
5217,40,3,7,115.9414247,3,68,0.477573974,0.17782634,0.503507745,16.72015346,133.4451907,0.23675601,0.069698224,14,6.996257326,1,1,7.733418587,89.16658811,7.466837175,3.990011618
5218,40,4,7,18.31322297,7,52,0.457271359,0.373639185,0.866199625,11.43294919,193.5834372,0.557091083,0.080508352,24,7.432670436,0,0,8.46274955,38.38708439,4.925499099,3.462525865
5220,40,6,7,34.26012655,8,63,0.543959428,0.113745032,0.711899506,12.44286331,193.0619549,0.542691774,0.080379209,8,7.22258276,0,0,11.4682574,55.84837001,4.936514792,3.721139293
5221,40,7,7,205.9572083,6,65,0.53375529,0.474150648,0.163003949,12.89691314,65.42159262,0.675665628,0.044197387,47,7.883592087,2,8,8.276062858,74.18749146,6.552125715,4.823760412
5226,40,1,8,67.14151515,4,53,0.515235498,0.30172214,0.863360774,11.7889244,154.2793079,0.525850422,0.090717806,59,7.259099277,1,1,9.660513558,21.30308266,5.321027116,3.122420015
5227,40,2,8,24.14458366,4,55,0.458883088,0.86114175,0.551296672,13.04642987,83.90911025,0.362786555,0.009183419,9,4.150773505,0,0,8.248016594,11.10905308,4.496033189,2.880598115
5231,40,6,8,40.26537138,7,62,0.527560792,7.34e-07,0.64590711,14.02294511,173.3498877,0.537857776,0.052367515,5,9.494555046,0,0,7.346080617,57.80386606,6.692161234,3.356465361
5232,40,7,8,137.4422213,4,51,,0.761140098,0.508290421,15.87086142,141.4398079,0.263306544,0.11769659,45,5.387956123,1,4,7.261589675,68.54766333,,4.125511394
5238,40,2,9,108.6062727,5,29,0.42025351,0.258512889,0.588602271,12.88912902,135.7633763,0.666679015,0.015469713,23,9.842484095,1,1,10.71618279,63.19921747,5.432365578,3.790169974
5246,40,10,9,76.37679975,4,55,0.556493168,0.999959256,0.589047527,14.16490526,178.5063969,0.526516927,0.192535639,11,3.475729384,0,2,9.869391809,17.93849752,5.738783617,3.254012454
5247,40,11,9,29.94032718,7,46,0.491595447,0.024682992,0.443202355,14.04622006,165.9122019,0.613391977,0.001120257,46,3.238537369,0,0,11.80345559,16.08717942,5.606911175,2.485044202
5250,40,3,10,153.0399493,5,39,0.570692354,0.33732822,0.024137566,13.12661787,41.62631556,0.399805763,0.099926912,64,7.112186251,1,4,10.29256548,25.12536294,4.585130961,4.048063464
5251,40,4,10,222.5280606,6,72,0.513880411,0.356491388,0.835646373,11.62270024,81.09774038,0.376482055,0.199724949,50,3.268267365,4,8,10.5681668,68.1435549,5.136333605,3.976608239
5253,40,6,10,140.6543039,8,29,0.455319138,0.167109043,0.214434888,15.17394931,158.9527764,0.435410701,0.180189172,40,6.686735033,1,1,9.874416281,90.3222253,5.748832562,4.435261349
5254,40,7,10,150.1954487,7,26,0.454575068,0.174789098,0.355555507,9.886006687,58.99082372,0.245983815,0.154875729,27,2.818813445,1,4,9.158892604,28.37897471,4.317785207,3.662671708
5257,40,10,10,102.0340158,1,70,0.479977171,0.024478193,0.231760709,15.50588508,9.032420198,0.638220687,0.148169697,12,9.655301911,2,1,12.6143806,90.87490046,7.228761202,3.33547702
5260,40,2,11,1.993312759,2,34,0.425293111,0.626312893,0.768493582,13.94423491,193.7918045,0.37937808,0.032218395,19,9.937313207,0,0,9.191241617,8.886007403,4.382483234,2.74560299
5263,40,5,11,58.56844347,4,23,0.544657449,0.0828367,0.517523488,13.57078537,112.2824339,0.561247818,0.024937343,16,4.95557661,0,0,9.539325207,67.89306404,5.078650415,3.148422098
5265,40,7,11,251.3229237,6,29,0.466402921,0.6457942,0.196555581,13.17192017,180.3649859,0.655059496,0.074548762,45,7.383778705,2,2,11.31773343,39.55281148,4.635466854,4.345014819
5266,40,8,11,14.55455936,8,27,0.564825537,0.798487797,0.233206898,13.34237385,155.0309506,0.625033762,0.022938468,10,6.281845017,0,0,7.412429914,1.594613533,4.824859829,2.593781364
5268,40,10,11,89.79527413,5,20,0.440910971,0.348862506,0.804541572,15.04192648,197.258069,0.406483722,0.177362474,64,5.237027725,1,3,10.80107027,31.32947231,5.602140533,3.443757374
5269,40,11,11,14.43531754,1,38,0.46014541,0.019070134,0.367862836,13.74856624,128.7714999,,0.060616163,19,7.942658735,0,0,8.638092354,16.54523569,5.276184708,2.455766821
5270,40,1,12,53.41657942,4,,0.487888475,0.050203308,0.821993386,14.41042419,118.7159306,0.317803812,0.107290169,35,3.002859011,1,0,,90.17177807,7.122693549,3.380214246
5274,40,5,12,82.67356809,8,71,0.528729826,0.039849689,0.854059019,12.41380485,47.71150457,0.244439402,0.022547844,57,8.60001287,1,0,10.00766936,88.71272386,6.015338719,3.458148133
5277,40,8,12,123.972698,1,19,0.492598705,0.00663417,0.003636279,10.41589087,127.6984769,0.472392341,0.052529067,47,6.270215747,1,1,6.89771715,34.98700627,3.7954343,3.352985354
5278,40,9,12,92.86193579,4,53,0.563865522,0.095570539,0.835177769,13.4206677,176.5199739,0.439470248,0.055700471,60,3.646034768,0,1,7.455926498,42.70373405,4.911852997,3.661171811
5279,40,10,12,257.0283983,4,71,0.438770702,0.519985027,0.250923865,13.34798868,63.08269991,0.380705177,0.028756942,21,8.6706387,2,5,10.41554926,70.46288636,4.831098529,4.603758133
5280,40,11,12,32.12393153,8,48,0.571486604,0.37386338,0.224428917,10.51140979,38.93902744,0.462388385,0.052463964,22,6.968928228,0,0,6.506338773,14.25736349,5.012677546,1.937612219
5284,41,4,1,242.4393823,7,45,0.505660893,0.417393152,0.471070632,16.25313284,178.5602232,0.659751774,0.112513005,42,8.467855096,2,2,12.47396269,31.68089314,6.947925375,4.239821154
5286,41,6,1,261.1173965,5,,,0.622691477,0.277615282,14.3635662,14.5012168,0.622731132,0.12265923,59,4.287656484,5,2,10.09087011,75.08187525,8.181740218,4.379637141
5287,41,7,1,37.97677099,5,52,0.510661748,0.661106315,0.146725861,15.04728811,121.5589838,0.668070202,0.107265791,5,4.376251409,0,1,7.915160063,61.29214284,7.830320126,2.86536364
5289,41,9,1,186.7479921,7,51,0.460323078,0.184953179,0.897919803,18.04256178,143.7026172,0.39622999999999997,0.043276023,21,3.246200398,3,3,12.46808988,127.6401096,8.93617975,4.434539821
5292,41,1,2,235.793547,4,56,0.438888906,0.384983594,0.184367236,15.65703395,,0.278070132,0.046741592,54,6.189144131,2,4,9.809463308,140.0452372,9.618926615,4.419574586
5294,41,3,2,179.8191682,5,29,0.576309671,0.533022399,0.670192597,16.00568434,140.2890404,0.515508627,0.072922446,21,3.424196745,3,1,13.44760241,68.40615571,8.895204817,3.989088402
5295,41,4,2,43.03092111,7,47,0.431748019,0.00282471,0.556729466,13.6593307,72.95982067,0.258746355,0.177625724,61,9.603214583,0,1,13.25518372,107.7889993,8.510367442,4.021546808
5296,41,5,2,23.70918608,5,51,0.435701761,0.484542488,0.680090842,18.16599805,94.69073194,0.662611079,0.184136389,52,8.811076143,0,0,8.536665585,132.8946165,9.07333117,3.236661112
5300,41,9,2,58.41091403,8,55,0.433933697,0.4925,0.326046946,14.04576328,71.89705246,0.285661912,0.027634588,31,4.290534033,0,0,10.46986849,94.63208814,8.939736975,3.180016385
5301,41,10,2,123.0231014,3,36,0.44713087,0.554016089,0.424054618,13.59360479,104.7033448,0.564282228,0.056273052,15,7.550830921,1,4,12.66311377,84.47079426,7.32622754,3.490187668
5304,41,2,3,161.6164898,6,63,,0.069091494,0.896737302,14.60437614,197.8310633,0.553632944,0.020014918,40,5.311902376,3,3,9.669097854,39.8103561,7.338195709,3.641534807
5306,41,4,3,236.9804932,6,66,0.497197286,0.082500793,0.751953163,14.92508374,199.4431947,0.562969858,0.049122512,27,5.326052825,4,9,13.4028243,125.4451859,8.805648598,5.485931371
5308,41,6,3,221.0470606,7,19,0.569531512,0.210997875,0.252329388,14.61988797,36.20709016,0.4803195,0.073488358,25,2.139086508,4,6,10.67771554,114.6824166,7.35543108,4.924259826
5310,41,8,,130.0389595,8,69,0.478199634,0.116824016,0.415839438,16.02170345,175.0930505,0.312862485,0.151943541,60,2.52775008,2,3,14.01205747,143.3855642,10.02411494,3.588438046
5311,41,9,3,41.7281793,3,21,0.487344693,0.059083419,0.043753053,16.04676505,111.255313,0.609427882,0.173391785,56,5.199519686,0,1,8.91486947,67.40278696,7.82973894,3.131469644
5312,41,10,3,263.1046429,5,20,0.439147029,0.020605025,,18.91496056,43.48991596,0.396736844,0.007576444,48,2.845984804,2,5,8.952755869,139.0693507,9.905511739,
5314,41,1,4,225.0596603,5,57,0.561008241,0.78748432,0.506676886,17.04230344,163.0261277,0.310346917,,69,2.014381284,4,,11.9123908,78.75218622,7.824781597,4.152682173
5315,41,2,4,29.64363855,4,61,0.46261,0.321309634,0.627146022,15.28620856,150.2486684,0.441787269,0.072962455,29,6.222901739,0,0,12.6034492,97.58734677,9.206898398,3.212900051
5317,41,4,4,103.9154856,6,66,0.533283151,0.981194985,0.033451049,14.13512114,66.99879307,0.446476738,0.050182108,19,3.71377516,1,2,10.51951174,79.78320857,9.039023486,2.689092804
5318,41,5,4,112.199729,,30,0.461162166,0.009795629,0.262935908,13.05412532,4.927152455,0.675904801,0.058930091,21,3.00407126,1,2,10.36340296,31.5375404,6.726805915,2.986752067
5320,41,7,4,153.2183992,2,28,0.422996923,0.047845199,0.369807328,15.03865917,5.648576783,0.668056791,0.107698248,24,5.800644004,1,1,8.910366208,102.2487214,7.820732416,3.464477045
5321,41,8,4,235.9931303,3,39,0.483895402,0.454311,0.308479289,18.39591067,142.9009211,0.402069418,0.16976836,70,9.589188114,4,2,13.66439482,147.7651597,9.328789636,4.529856784
5324,41,11,4,49.99583657,1,31,0.505478632,0.042504513,0.805304277,17.47335883,69.45374215,0.543948466,0.140604261,22,3.806724111,0,1,12.15186602,132.8042874,8.303732037,3.790167437
5326,41,2,5,124.4850493,7,67,0.478654119,0.195160974,0.689027555,16.65616347,26.10165397,0.59276782,0.156687477,20,4.48978491,2,3,9.808979706,104.0788167,9.617959412,4.284189632
5328,41,4,5,91.57272625,6,71,0.482780107,0.039956507,0.805976072,15.72738471,189.0784723,0.241298162,0.19525821,15,3.726683651,0,0,11.29299151,71.62341752,8.585983012,3.436982318
5329,41,5,5,227.3624881,1,34,0.57472116,0.006657582,0.532519505,17.28555633,66.41637263,0.36250894,0.120689211,25,5.567022301,2,2,10.15864241,102.0960061,10.31728481,4.873406141
5332,41,8,5,92.40044703,5,55,0.491363933,0.122297462,0.119646088,14.12977205,66.06787834,0.212632376,0.183139098,59,7.83855377,0,1,8.96098447,76.81564485,7.921968939,3.676770131
5333,41,9,5,227.4659794,1,26,0.517020792,0.000807432,0.214418952,16.2948759,176.1863041,0.672757381,0.162646679,29,7.634976869,2,9,9.60826439,86.57293711,9.21652878,4.893768028
5334,41,10,5,164.5861253,3,29,0.430131307,0.26751907,0.565743971,16.37386661,59.48647212,0.670513331,0.039910496,18,4.087367442,3,4,8.096592559,115.0174347,8.193185119,4.811881114
5335,41,,5,280.9831018,1,20,0.432570327,0.000538165,0.111762277,14.00229362,92.14826901,0.640585273,0.132956704,46,6.50263817,2,8,10.44571868,135.1172343,8.891437353,5.677062062
5338,41,3,6,6.566282459,3,25,0.510963339,0.248385721,0.018176882,16.61805216,135.3089333,0.254625363,0.043208312,48,9.975585185,0,0,10.2322512,90.81937533,8.464502397,3.831967261
5341,41,6,6,41.72167798,3,25,0.571037442,0.782043164,0.203718971,17.68823566,34.85890119,0.203743982,0.080508541,14,5.051958858,0,1,12.82679759,133.3061223,9.653595177,3.996041978
5342,41,7,6,100.707459,1,54,0.553104158,0.344264351,0.277109503,16.73165372,12.39163398,0.36472829,0.1794905,40,8.711999283,2,3,8.850918733,141.87256,9.701837467,4.30236666
5345,41,10,6,32.29943351,6,55,0.548848844,0.000735213,0.217887436,15.67670684,144.7343348,0.426866197,0.083098746,53,8.410692888,0,0,8.264837136,,8.529674272,4.186904806
5346,41,11,6,250.6965206,5,18,0.557553276,0.169111759,0.303543128,14.02075252,153.9064961,0.234565536,0.19620608,49,4.597795146,5,7,8.455973624,75.96602383,8.911947249,5.08148919
5347,41,1,7,170.6377321,,,0.45959794,0.00341214,0.381610944,16.68878466,150.2627381,0.536173544,0.168049874,57,6.169900199,3,1,12.27154703,90.18021371,8.54309407,4.685599821
5348,41,2,7,196.4619049,7,31,0.460903901,0.332048093,0.443223502,15.36875921,60.73724701,0.600009842,0.158540198,11,2.175597104,1,5,10.53819956,79.99433228,7.076399117,4.713033329
5349,41,3,7,249.1717216,2,48,0.570983891,0.39318996,0.267387475,14.87114301,102.4865304,0.27062038,0.166153559,10,4.93279676,4,4,13.92841278,120.0551956,9.856825567,5.179626684
5351,41,5,7,100.3584488,4,71,0.460715661,0.471053177,0.502487136,13.10428106,84.49370167,0.539907313,0.170595821,55,2.115598574,1,1,11.94682281,115.7472643,7.893645627,4.742693495
5352,41,6,7,161.078235,1,48,0.483474603,0.225820275,0.859870942,13.30419926,121.2086056,,0.043200698,18,9.513665539,1,6,12.05788848,56.67589146,8.115776958,3.761523556
5353,41,7,7,262.7484933,8,21,0.539396779,0.09888155,0.371751512,19.96604741,42.75786961,0.60586428,0.082043669,69,6.698663967,2,10,14.53669301,142.0200982,11.07338601,
5354,41,8,7,100.1966693,6,64,0.46149392,0.023982512,0.374481496,13.70530851,11.62353614,0.214658141,0.065023181,54,6.704615186,2,4,7.725171393,60.36590912,7.450342786,3.808107919
5355,41,9,7,22.60832159,6,21,0.550050218,0.101505261,0.298841134,13.49535371,38.83770437,0.342066081,0.008908231,14,9.49783248,0,0,7.608529841,84.18872667,7.217059681,3.446163089
5356,41,10,7,109.3781746,3,71,0.515049356,0.310673519,0.561028005,14.4881349,15.81574063,0.250447202,0.143779014,60,4.910724052,2,2,8.7156305,131.3417235,9.431261,4.330739622
5357,41,11,7,168.429556,3,42,0.436988538,0.317730018,0.281241483,13.73711495,148.1911936,0.55021185,0.154982392,27,9.243263148,1,5,12.74284164,118.6593263,7.485683273,4.925480364
5358,41,1,8,132.5422471,2,50,0.517514559,0.272472317,0.37658765,16.22672278,96.72975226,0.505010356,0.10799723,9,3.552973067,1,2,9.125957098,85.06042775,10.2519142,3.399784098
5361,41,4,8,185.0874373,7,21,0.546351799,0.287877872,0.329636554,15.99738998,193.8870444,0.263625399,0.009646934,34,4.143095669,1,1,10.88743888,85.19953463,7.774877759,4.164919195
5362,41,5,8,190.9663732,6,72,0.538129199,0.217049717,0.05089311,13.16975354,87.0438167,0.317491943,0.107206089,21,9.6859075,1,5,11.98319641,55.04130666,7.966392823,3.688944404
5363,41,6,8,91.45613441,7,18,0.535680571,0.847754751,0.782089526,14.31344715,113.8476843,0.673891651,0.040691647,33,7.339616382,1,1,7.50747064,103.674345,7.01494128,4.050684539
5366,41,9,8,,6,32,0.466338437,0.72512476,0.25263671,16.44917958,37.63977514,0.35767797,0.073434442,31,5.978388787,0,0,11.69398866,99.98768001,9.387977311,2.341940685
5368,41,11,8,64.53581562,8,52,0.467780912,0.134782948,0.859342344,12.76617713,175.6382449,,0.070350501,31,2.699219666,0,1,12.20343174,53.07472878,6.406863473,3.147548533
5370,41,2,9,299.0431856,4,43,0.535829857,0.196671069,0.144694544,16.62358181,35.64475905,0.659844496,0.036896094,56,8.339082413,5,11,9.235323225,78.3557297,8.470646451,4.386813818
5371,41,3,9,51.73915547,4,39,0.540849658,0.169605502,0.155167191,18.0565234,110.4339181,0.632259512,0.068116707,24,3.370598805,0,2,9.475846333,66.0933023,8.951692665,2.347911517
5372,41,4,9,231.3858604,6,59,0.5516960000000001,0.935387343,0.594004655,16.35205338,184.1803117,0.53598205,0.104606452,9,8.713501431,4,2,12.0844741,113.015096,8.168948199,4.589125294
5376,41,8,9,199.0099908,4,54,0.495332346,0.29743641,0.700225755,17.76683245,124.7353882,0.648278057,0.181405962,61,7.991777427,1,1,9.314906918,128.3734044,8.629813836,4.140427241
5377,41,9,9,52.17124014,4,52,0.492406319,0.003239691,0.398687219,13.48709952,181.3159566,0.272346335,0.08196937,5,4.112465662,0,0,7.603944178,98.0345278,7.207888356,3.957244128
5379,41,11,9,209.1938731,4,55,0.560522068,0.542475516,0.650971668,12.8394889,90.07121575,0.574645,0.187295423,21,8.522171168,2,2,12.79971605,75.2857332,7.599432108,4.158523523
5381,41,2,10,188.9071645,6,24,0.541402913,0.780936493,0.088605911,16.89957413,89.43003153,0.217097577,0.000358431,9,8.546910085,3,3,13.38865229,75.96187804,8.777304583,3.855623053
5383,41,4,10,39.33223028,1,25,0.436546676,0.308122436,0.214990626,15.7400119,192.568964,0.61180269,0.1724832,33,5.288348693,0,0,10.74445106,63.76110536,7.488902115,2.676206866
5386,41,7,10,118.3318398,4,48,0.436615482,0.107971574,0.276848328,14.68527093,64.98249749,0.361583388,0.149602795,41,4.318007987,1,2,9.158483849,62.19796297,6.316967698,3.632029507
5387,41,8,10,38.86519433,7,64,0.526149257,0.275358375,0.465118431,16.65089237,45.38989596,0.595531136,0.016349967,,2.130639547,0,0,12.25049576,109.5770493,8.500991517,3.333503096
5390,41,11,10,22.87247647,5,22,0.521599968,0.851716332,0.297393977,14.06938966,119.7888359,0.424353458,0.104961268,34,6.112638969,0,0,11.9274387,99.75476755,7.854877398,3.652330426
5392,41,2,11,123.3962076,5,58,0.458054921,0.014140729,,14.20315648,112.4868903,0.285631938,0.189298571,66,8.941112541,1,2,10.0017536,120.2234931,8.003507198,4.257124205
5398,41,8,11,243.6858181,5,47,0.477165259,0.975974998,0.197913784,13.19911986,14.94417477,0.255932334,0.130027878,68,3.459302564,4,9,9.443955478,65.33503279,6.887910957,4.039783524
5399,41,9,11,83.21959543,1,50,0.498446755,0.729543221,0.161995347,17.43071131,110.2566595,0.390581525,0.184238347,25,4.602815153,0,3,11.12817295,112.0343881,,3.596163093
5402,41,,12,211.7955574,2,24,0.495925034,0.417607851,0.388002646,14.05002782,68.46839126,0.528431,0.119256377,5,,2,6,10.36112657,56.02030015,6.722253133,3.699780979
5405,41,4,12,1.423590648,5,57,0.543691611,0.288715818,0.752010066,13.55545566,169.9163046,0.376223457,0.136163141,10,6.306023601,0,0,12.19747537,72.27050271,8.394950738,2.634289624
5406,41,5,12,267.1238241,6,28,0.474271222,0.061048581,0.852906741,13.90602553,49.91942019,0.302880346,0.199064762,22,3.191339169,5,2,12.39223641,111.1417019,8.784472815,4.457979925
5407,41,6,12,242.9658177,8,29,0.446108491,0.912515835,0.826296707,16.86393652,192.3662827,0.382541997,0.042569155,13,8.601802225,2,9,8.368853623,129.2799587,8.737707247,5.24134589
5408,41,7,12,21.42692903,8,31,0.456111881,0.237460443,0.298315659,15.20796493,173.264381,0.658002118,,14,5.175566678,0,0,10.00442496,113.5600714,8.008849918,3.425365784
5415,42,3,1,112.0233452,8,46,0.535456671,0.379594336,0.361705768,11.65875115,127.0170766,0.429400232,0.13296307,59,3.196114929,1,4,7.032639527,47.27898336,4.065279054,4.027868525
5416,42,4,1,245.6832353,6,60,0.487684443,0.151903948,0.748089558,9.200490572,181.5203028,0.587294261,0.15286554,14,8.018372751,4,2,7.222494762,0.304370408,2.444989524,4.572145698
5419,42,7,1,217.4052264,5,30,0.511388863,0.765717461,0.54396059,11.57771641,76.63254736,0.633264162,0.079438056,8,9.03658813,2,,10.98762023,16.23184659,3.975240458,4.259116881
5420,42,8,1,209.3638257,4,53,0.493974915,0.509283396,0.759263629,14.55404904,167.7417017,0.661563492,0.195268526,50,8.593759499,2,2,11.53002724,4.944342275,5.060054488,3.810941475
5421,42,9,1,76.48696785,2,48,0.481365772,0.270814227,0.40996187,9.850399669,57.41066511,0.514863771,0.165023996,64,9.487229202,1,0,6.027999816,3.506184922,2.055999632,2.916826922
5423,42,11,1,25.27738661,2,25,0.435590137,0.004141625,0.257658202,11.59579798,147.744395,0.57909537,,38,9.169924181,0,0,6.997665546,21.72667718,3.995331092,3.218133643
5424,42,1,2,142.4179782,5,52,0.569785534,0.891945596,0.384317024,9.285863597,46.31174495,0.559645374,0.032637293,63,6.707804876,2,4,10.26992422,32.83116244,2.539848441,4.248246864
5425,42,2,2,287.4872103,8,59,0.480142592,0.584579616,0.066732197,12.57946971,176.2617492,0.660458523,0.0486641,33,5.15403528,2,11,7.988594284,56.88022654,3.977188568,5.602805692
5426,42,3,2,220.9189255,5,31,0.527808265,0.168429547,0.540433328,7.38716883,109.3323175,0.455545665,0.043961291,23,7.434333191,4,8,9.77064935,26.99471449,1.5412987,4.70431575
5428,42,5,2,271.944428,7,69,0.469653041,0.056202572,0.652308546,11.34708075,147.1819764,0.517226789,0.122703954,26,5.607763958,5,2,5.859489304,40.05361819,3.718978607,4.648223463
5429,42,6,2,21.6941113,3,38,0.546561419,0.095877188,0.647649047,11.16030015,23.09266025,0.539945621,0.065394851,62,7.053143256,0,0,9.755722305,14.97197871,3.511444611,3.192863959
5430,42,7,2,201.209955,3,49,0.447694967,0.005976972,,15.28662672,154.4154506,0.215083073,0.143876777,20,4.151582068,4,8,10.93701484,63.71776732,5.874029685,4.135990412
5433,42,10,2,93.79614686,3,60,0.542269013,0.211312178,0.732498791,9.976132514,24.28751335,0.271259472,0.107610684,6,6.982948852,0,3,7.208962508,7.256645482,4.417925015,2.702800447
5434,42,,2,166.17576,4,23,0.471121497,0.001981523,0.486129941,11.25350856,129.8694189,0.538526178,0.090980174,15,5.960398958,1,3,9.807504753,10.21553257,3.615009507,3.850150111
5436,42,2,3,114.5465327,5,55,0.512368782,0.006729348,0.508895913,10.65877938,23.14964446,0.318143542,0.195857359,66,7.77651303,2,3,11.03265521,32.14129984,4.065310426,3.933855687
5438,42,4,,107.5282223,1,56,0.525995721,0.055136397,0.542354471,,165.1311179,0.532776222,0.095368951,7,4.395179317,2,4,7.944331638,8.360408319,3.888663275,3.165943602
5439,42,5,3,287.9685228,3,64,0.546174205,0.752725171,0.088362414,10.62239156,48.02493226,0.507385702,0.097065683,47,2.662363228,5,8,9.012439753,10.46076081,4.024879507,4.234368723
5440,42,6,3,193.4414455,7,29,0.573547387,0.998492287,0.516226846,14.58212519,90.48941621,0.214589912,0.125577169,14,7.195620736,1,3,9.545625103,74.74354458,5.091250206,4.724148183
5442,42,,3,2.027418943,7,55,0.441397779,0.370557194,0.458869912,12.46014023,,,0.000918686,18,9.837780906,0,0,10.92230013,59.84297679,3.844600256,3.460302834
5443,42,9,3,22.3059324,7,55,0.472543109,0.382298343,0.371403847,12.02723204,132.8188329,0.616585508,0.166597468,50,5.72198729,0,0,6.237351133,70.27702497,4.474702266,3.345051534
5444,42,10,3,253.1668304,2,41,,0.032687581,0.144139178,11.22814489,59.97551812,0.465131814,0.176041236,37,7.283567191,2,5,9.793413829,24.84886009,3.586827659,4.843680567
5448,42,3,4,,1,34,0.512176361,0.11590533,0.77751429,12.67660506,91.63512467,0.35746071,0.136013672,12,5.484182498,4,2,12.15366948,22.84665627,6.307338954,3.62861251
5451,42,6,4,288.0423624,5,51,0.435160139,0.007975999,0.18693462,9.386878908,57.52380685,0.381932939,0.040386539,53,6.870610851,5,11,6.881599393,1.769198654,3.763198786,4.474820422
5453,42,8,4,76.25163643,8,53,0.548599693,0.067620655,0.15863179,11.06655271,194.5768215,0.488325266,0.19370861,70,9.676003841,1,2,6.703640394,20.50677466,3.407280788,3.737084951
5454,42,9,4,224.6180216,2,32,0.457558188,0.180792952,0.643818716,13.1051758,143.4616451,0.32739869,0.123108151,47,8.322425605,4,2,6.280653222,61.50521834,4.561306444,5.018551644
5455,42,10,4,114.9110592,5,,0.528652767,0.158022105,0.474046005,14.30115568,13.21053472,0.492455492,0.178371491,13,3.717219563,2,4,10.38953093,2.155285322,4.779061865,3.138579535
5464,42,8,5,13.61701378,8,66,0.433956367,0.498550604,0.424093597,11.88061777,5.192000995,0.523469499,0.065480363,56,9.963763578,0,0,9.711454318,79.34671439,5.422908636,2.898627387
5470,42,3,6,94.76685123,3,60,0.529638773,0.487316072,0.086867708,13.90600939,80.76404129,0.38068317,0.063742132,5,4.08344688,1,3,7.725560773,85.69369053,,4.074391867
5473,42,6,6,115.6290993,1,42,0.431184331,0.592455033,0.093633774,9.785210047,107.1967045,0.32110459,0.122727954,30,4.731290699,2,1,7.10289447,12.11862875,4.205788941,3.554767775
5476,42,9,6,175.5771193,7,45,0.515324349,0.19590800000000003,0.464308369,10.45312032,75.08977016,0.528968233,0.18527347,25,3.572872293,1,1,8.918400178,42.79118786,3.836800356,5.066334157
5480,42,2,7,29.9367508,3,35,0.577070889,0.361359679,0.21499713,11.49164411,19.27332532,0.226049182,0.133262662,36,9.803203612,0,,9.939802283,9.516905975,,2.405290295
5481,42,3,7,129.1547872,5,21,0.458089442,0.751925562,0.480263673,8.18414179,18.39209764,0.201023299,0.110641865,17,8.990466537,1,5,8.213412106,16.67723783,2.426824211,4.230466466
5486,42,8,7,234.7849193,1,54,0.560683206,0.014587995,0.575228349,10.02128872,151.1987255,0.538867,0.063198169,30,9.759676911,4,4,9.234049289,11.00111701,4.468098578,4.390926236
5489,42,11,7,293.7219005,,52,,0.186059373,0.418732551,12.44323109,6.378393701,0.650301889,0.197966364,22,4.903199341,5,11,7.357350604,15.11441982,2.714701208,5.135767588
5491,42,2,8,230.8790624,8,32,0.437598853,0.053363711,0.459643932,10.16401799,129.4732287,0.584440631,0.065040909,20,5.245271741,2,9,6.313343328,28.95523933,4.626686655,4.613849039
5492,42,3,8,220.5723599,3,71,0.421467435,8.47e-06,0.506965737,8.473173364,,0.257337585,0.029822552,71,9.77051361,2,4,8.373985202,21.56007395,,4.61495059
5494,42,5,8,23.37831549,2,60,0.516995193,0.568638515,0.324591082,11.33972565,47.35275561,0.533435042,0.154743852,,9.359712255,0,0,7.410958694,42.63674932,4.821917388,3.007313084
5496,42,7,8,23.44861444,2,26,0.502896184,0.005288363,0.295875542,13.46072308,150.2861465,0.627319456,0.14068792,7,7.050308207,0,0,6.922623932,13.80513052,3.845247864,2.919247898
5498,42,9,8,138.6267643,7,55,,0.98952922,0.396291337,10.20837718,141.9971803,0.378416339,0.01216717,8,8.856238806,2,1,9.782431765,15.07746017,3.564863529,3.318335981
5500,42,11,8,261.4649135,4,44,0.432593331,0.197919545,,12.1614007,89.67324922,0.402941221,0.155510583,45,,5,7,8.31188928,40.60960207,4.62377856,4.518961009
5501,42,1,9,99.40707234,1,72,0.466741242,0.046410516,0.77934143,13.08573531,159.3327765,0.260173083,0.033730309,17,3.851900107,1,1,9.714297395,50.26868979,3.42859479,3.817430849
5502,42,2,9,22.8358478,6,46,0.452826507,0.00270569,0.044288737,8.652244247,72.74313151,0.240623344,0.058325858,43,7.455296803,0,0,6.473469026,1.387369053,2.946938052,2.735002626
5504,42,4,9,90.74862978,2,54,0.475503289,0.186406727,0.294409,13.11615023,41.67292271,0.596241575,0.006398141,38,6.516845816,0,0,5.731194575,21.83327727,3.46238915,3.743800002
5507,42,7,9,32.20423394,2,67,0.468938971,0.002613755,0.199850562,13.61403768,149.3915543,0.22995136,0.172491328,26,2.451171172,0,0,9.007798709,6.323558097,4.015597418,2.256406277
5508,42,8,9,165.1600302,6,33,0.462505333,0.127383244,0.127441084,12.6226337,114.735248,0.658446979,0.014170791,32,6.101201071,1,4,9.457018721,17.98281676,2.914037442,4.368629561
5509,42,9,9,183.0332092,6,47,,0.347367122,0.271166836,12.79506218,142.461282,0.26126895,0.046869703,10,3.303021004,1,3,9.10836788,59.50788269,4.216735761,4.819148097
5510,42,10,9,138.8056574,6,52,0.555506054,0.311157205,0.201518554,11.19677809,37.75793184,0.506677982,0.122277726,25,8.463876681,2,2,5.775987825,45.68598956,3.55197565,4.091894228
5511,42,11,9,255.3386864,6,67,0.421336922,2.55e-05,0.760386696,10.1798692,138.2755166,0.638444956,0.168214507,27,7.249052062,2,10,9.766593998,24.92932617,3.533187997,4.36092762
5513,42,2,10,4.680493402,8,64,0.546501406,0.540452539,0.623561917,11.59994826,94.45840976,0.480801374,0.089328074,35,4.797041728,0,0,,62.78549041,3.999942513,3.27706821
5514,42,3,10,143.2581004,2,49,0.568075577,0.756606289,0.772643086,12.56872684,35.45393125,0.244447451,0.133544594,63,4.730648683,1,5,11.53818158,11.27715598,5.076363151,2.992002043
5516,42,5,10,,6,62,0.483864932,0.220729033,0.049630465,10.64373291,82.45332421,0.427263611,0.017892925,57,3.9206678,2,8,10.57985162,3.230976033,5.159703236,4.269919497
5517,42,6,10,78.96796304,8,30,0.501148968,0.149929035,0.042199614,12.61648558,99.45632544,0.653652985,0.08233313,44,2.435284879,0,1,6.453603101,32.82507485,2.907206202,3.512598704
5520,,9,10,262.8529816,5,54,0.520310167,0.26826778,0.431791938,14.47462586,14.52438675,0.340221256,0.051911075,8,7.586920469,5,2,8.485903256,76.19654566,4.971806513,5.345691625
5521,42,10,10,173.7096308,7,59,0.566596095,0.642933542,0.836524063,12.4040597,140.1305107,0.532996803,0.014958201,64,3.007559549,3,5,9.891144279,14.80130626,3.782288559,3.684039935
5522,42,11,10,79.22425452,2,46,0.532371308,0.03303089,0.40621828,12.77826474,177.9914502,0.497680617,0.154666205,26,3.602642112,1,3,9.654591524,38.87719182,5.309183047,3.061536407
5523,42,1,11,,2,46,0.469943607,0.068867831,0.671004649,13.92764269,135.7467264,0.286553407,0.091579512,47,3.04897985,4,9,7.182023717,4.40520212,4.364047435,3.753843291
5526,42,4,11,244.8148992,4,31,0.523939632,0.771981814,0.354084338,13.46547449,104.2950556,0.552459526,0.072033612,52,9.952652476,4,9,6.925263608,10.79965888,3.850527217,3.957214548
5527,42,5,11,222.2764866,5,72,0.50000267,0.306425928,0.079324462,12.60636338,20.46839329,0.284752968,0.008514215,26,2.115298407,2,,8.114646322,25.59046346,6.229292644,3.142789893
5528,42,6,11,299.6534289,1,47,0.427782788,0.183922378,0.52372033,10.81289871,183.4634022,0.517945389,0.035119324,51,3.581040371,2,5,10.11827706,55.58410578,4.236554126,4.297192022
5529,42,7,11,113.5773677,2,21,0.471087777,0.014263929,0.511680892,10.85880988,187.1169871,0.587825367,0.025636245,54,6.243449281,2,4,10.58822771,5.81472493,3.176455425,2.910095247
5530,42,8,11,80.89277676,2,28,0.576988507,0.653277676,0.007181293,10.5430349,32.56920238,0.493469005,0.050613706,36,7.458985014,0,0,9.412797167,13.42970285,2.825594335,2.731686359
5532,42,10,11,,5,71,0.421668691,0.904695764,0.36964088,9.738995031,102.1354632,0.397526149,0.151036591,48,8.705717243,0,0,10.52166391,5.235455546,3.043327812,3.133648321
5533,42,11,11,124.8813947,5,18,0.432760677,0.006030344,0.163084968,10.90302725,36.04270425,0.597029086,,38,2.745100204,2,1,8.723904026,71.52107458,5.447808051,3.700069183
5534,42,1,12,245.7575848,6,49,0.435577771,0.115662697,0.591177786,9.558221825,193.4844346,0.611931837,0.19206495,44,9.852227151,2,9,8.865678792,11.29720575,1.731357584,4.684266719
5535,42,2,,,2,24,0.563725448,0.070043693,0.382749305,12.32431887,118.1677812,0.447682079,0.082790761,5,6.275720728,4,4,7.402399375,11.00415967,4.804798749,3.237072653
5536,42,3,12,31.66275941,4,47,0.51299984,0.233920921,0.321274436,13.82401238,84.93521432,0.437652826,0.082073392,45,2.970565962,0,0,8.680006878,75.85757728,5.360013756,3.414625074
5537,42,4,12,251.6943351,6,67,0.524481201,0.811112622,0.296200535,10.37435332,176.1666604,0.278690607,0.037490956,69,7.265073277,5,10,9.319085175,21.42821396,2.63817035,4.255510459
5542,42,9,12,92.08551857,4,44,0.458471204,0.056336769,0.711070244,10.2899476,130.5242013,0.555971624,0.178035229,55,3.118804232,1,3,11.38330422,42.54487444,4.766608442,3.627492708
5552,43,8,1,275.5215278,8,23,0.573481312,0.770910268,0.268847724,14.04084032,147.7602943,0.348920768,0.118089193,49,7.565300778,2,8,10.91157796,85.80619338,7.823155916,5.295507304
5555,43,11,1,273.5172351,3,31,0.566452872,0.4225936,0.641124108,12.79263852,5.159829778,0.295639166,0.021386956,9,9.263381403,5,5,10.77368807,53.85938939,7.547376139,4.245467501
5561,43,6,2,151.7942157,7,44,0.4719814,0.866950866,0.494634134,12.56675251,114.1914239,0.639070012,0.162095324,6,6.405196255,1,6,10.64819584,83.10780165,7.296391677,4.418035484
5563,43,8,2,249.257251,4,38,0.553056956,0.550948,0.082547373,15.82835003,26.80242866,0.292047,0.145673354,25,7.533277435,2,9,13.34908335,121.0563704,8.698166705,4.392038137
5564,43,9,2,86.92496394,8,62,0.498117665,0.81870587,0.363954592,13.32845574,128.8625873,0.559586107,0.081501167,64,4.188655179,1,1,12.0713643,113.4524879,8.142728602,3.45748198
5565,43,10,2,28.68152965,2,40,0.517488342,0.056330197,0.6149600000000001,15.54082184,78.80042153,0.219288518,0.063032884,56,9.73415642,0,0,11.18934547,122.7382886,8.378690931,3.729375923
5566,43,11,2,287.8727214,5,41,0.491095316,0.087516691,0.30185178,14.55294129,148.0597493,0.226440886,0.078867029,32,6.339759571,2,2,7.64052294,58.52231134,7.28104588,4.487024663
5567,43,1,3,203.1909827,1,66,0.477025163,0.165970968,0.281344338,17.93607879,112.463481,0.216630983,0.196605433,59,2.55810216,2,6,10.96448821,101.7826432,9.92897643,4.053763183
5568,,2,3,175.262517,5,26,0.55335527,0.025863213,0.562078179,,111.9258479,0.470535406,0.149714851,11,9.134618479,3,7,10.63540445,73.98934241,9.270808896,3.645492332
5572,43,6,3,3.322001246,4,68,0.51421148,0.558868589,0.630519003,16.83623621,114.8955395,0.568318159,0.099831633,66,8.022699531,0,0,12.35346456,76.67880967,8.706929127,2.477201338
5574,43,8,3,124.5402113,8,65,0.55134651,0.059345153,0.396267798,19.16539049,67.6196689,0.364362564,0.199849329,37,4.225358304,2,4,14.09188361,160.0885534,10.18376722,4.090509917
5577,43,11,3,163.8801402,5,41,0.456511751,0.037981943,0.825092924,17.34404907,86.18405444,0.340228797,0.136362893,21,5.024349357,1,6,8.08002726,75.00131193,8.16005452,3.695454953
5578,43,1,4,289.3432966,4,48,0.466248761,0.221270018,0.223243281,12.40251445,35.2515895,0.368501728,0.03573157,42,5.604591346,2,11,9.55695247,70.51454776,7.113904941,4.659482915
5581,43,4,4,3.659359883,2,40,0.473074377,0.259149,0.526038269,15.37139225,96.00367734,0.493343902,0.197319726,69,8.365463393,0,0,8.095217919,94.67111281,8.190435838,2.846609585
5584,43,7,4,275.5334742,1,48,0.48085693,0.102268621,0.305459667,15.04290884,38.95019596,0.413151367,0.181184557,50,8.062948717,5,2,10.46828269,136.4409068,8.936565378,5.83771674
5585,43,8,4,156.2084817,2,24,0.448305391,0.384061927,0.136812372,16.2288716,0.939147838,0.310552713,0.040666653,20,3.057885805,3,4,10.01603978,56.05126603,8.032079557,3.502481266
5587,43,10,4,47.86432162,1,39,0.550031822,0.33782079,0.031143699,15.7003779,85.57843028,0.232310856,0.049602171,48,8.94908392,0,1,7.722432165,118.2154443,7.444864331,3.678166796
5588,43,11,4,105.1442544,8,,0.554364476,0.174847539,0.84670206,15.42546588,171.0036351,0.474464052,0.072569678,64,7.075506832,2,4,11.68081438,90.84594232,9.361628759,3.300418083
5589,43,1,5,44.94059291,6,29,0.430405029,0.381986623,,15.37502077,59.0186833,0.662057707,0.011934591,15,5.472838207,0,0,13.09723376,73.90894809,8.194467523,3.384990112
5591,43,3,5,116.9893973,1,35,0.566397233,0.698309491,0.091151489,17.65825361,167.1072169,0.35916474,0.001691614,22,3.524633348,1,2,8.254585337,71.4985173,8.509170675,3.714346934
5595,43,7,5,140.8803417,7,50,0.551478831,0.397664716,0.614301,19.69726918,104.9486802,0.291986288,0.180823287,13,3.845154648,2,2,12.38737177,140.6989518,10.77474353,4.409540458
5596,43,8,5,149.4877808,8,36,0.50073967,0.74723701,0.223262526,17.15055896,112.8960883,0.36360666,0.182982347,67,3.604077381,2,1,9.528088309,85.31299659,9.056176617,4.037536703
5597,43,9,5,208.7376987,1,27,0.518860628,,0.279793348,14.98600982,51.72563684,0.567484867,0.187545486,55,8.543626581,4,6,8.992227678,102.0800987,9.984455356,4.172605518
5599,43,11,5,53.98889854,8,54,0.511499925,0.002159595,0.262054755,17.68081048,79.53751131,0.507496305,0.178310905,21,6.185840774,1,1,12.82267249,101.8925817,9.645344975,3.519726724
5600,43,1,6,245.3370494,3,62,0.508737272,0.101943013,0.278746288,13.61058125,151.7698446,0.488646363,0.150887431,17,4.186250849,2,4,12.67254514,83.24637529,7.345090277,4.897855804
5604,43,5,6,219.1565229,6,47,0.464292498,0.000136221,0.368524912,16.91358047,159.0022828,0.441219424,0.01800596,21,5.301218445,4,4,12.95198915,145.3003886,9.903978305,5.170064583
5605,43,6,6,137.0550167,8,42,0.565040443,0.004848899,0.090536199,18.41535844,26.61351663,0.251725167,,52,5.153835733,2,2,10.67519913,149.4134661,9.350398265,4.904098147
5606,43,,6,297.4607673,2,24,0.541137132,0.922636927,0.261641872,15.4898059,51.44473745,0.365763143,0.120553538,48,5.977160881,5,5,10.27211439,103.2388958,10.54422878,4.804643861
5608,43,9,6,189.5997039,2,68,0.469223952,0.115069554,0.016705888,14.98869102,13.8850258,0.56212325,0.197592656,19,6.284399317,1,1,9.438161677,83.49206076,8.876323355,4.076704576
5609,43,10,6,282.8822801,7,38,0.482377029,0.607632503,0.411757448,16.26789209,154.8649108,0.492993439,0.014022975,30,5.272481031,2,8,13.59327338,82.14740212,9.186546763,5.2033434
5611,43,1,7,174.1629315,3,65,0.537462137,0.291762338,0.202441717,16.85711388,80.13159104,0.295752014,0.033437029,16,8.258308547,3,3,8.920618824,108.6691856,9.841237648,4.335063136
5614,43,4,7,283.5692811,1,42,0.537496714,0.436770822,0.769672534,15.43044163,61.59357103,0.542884795,0.134557215,69,9.77703115,5,11,,113.1879188,8.256046258,5.573330205
5616,43,6,7,187.0075277,4,38,,0.008622293,0.757917392,17.09065457,53.71356752,0.471954072,0.174410494,16,3.912970806,3,7,13.49480809,112.0479179,8.98961619,5.131586527
5617,43,7,7,32.96130662,5,41,0.503177243,0.122386725,0.439746878,16.14855805,156.6447934,0.267742631,0.131251519,26,7.293420363,0,0,13.08253225,82.80584157,10.1650645,2.986413462
5619,43,9,7,13.81156089,7,19,0.567382503,0.925946077,0.105014024,16.09420075,47.17065339,0.24661105,0.105509635,70,8.515548797,0,0,12.05233375,119.0649562,10.1046675,2.857388037
5622,,1,8,5.401737669,1,62,0.575433955,0.05389376,0.837593313,14.18652939,153.8706516,0.334192981,0.036319818,34,7.976400999,0,0,9.992516328,106.5301927,7.985032655,3.7248419
5624,43,3,8,20.20605362,7,,0.564346146,0.173986257,0.277591509,15.31717144,158.6290214,0.473020854,0.167719341,56,2.994718765,0,0,14.17620635,127.319418,10.35241271,3.028335116
5626,43,5,8,163.8409388,7,60,0.572388,0.08690624,0.171559853,16.92541371,120.3880443,0.399109506,0.06569304,48,5.740602808,3,1,12.40300762,62.08582539,8.806015231,3.227450398
5627,43,6,8,225.2504024,8,53,0.431052999,0.207197522,0.252304476,15.71800912,173.6643051,0.67744895,0.135270946,57,3.431330775,2,6,9.176671732,70.58649918,6.353343465,4.364106815
5628,43,7,8,159.5490582,4,31,0.449122425,0.720524057,0.57877274,15.6638019,15.25633207,0.397150149,0.178955508,55,9.478479183,3,6,9.257667724,,8.515335449,4.887751305
5629,,8,8,85.33024779,3,59,0.472069574,0.488024384,0.845037336,16.30824968,155.1659804,0.509790439,0.155654878,27,6.019198362,0,1,10.50458316,48.6641701,7.009166312,2.771457692
5631,43,10,8,87.41710777,3,41,,0.258035047,0.32347677,15.20575481,153.0481781,0.663580007,0.046113395,,4.212720905,1,0,,87.05985242,9.11750534,3.719883488
5633,43,1,9,11.34755233,6,59,0.513855657,0.001302518,0.41464199999999996,17.20489975,180.2732518,0.272084591,0.026836192,45,2.845764316,0,0,10.55827764,116.2507263,9.116555279,2.770833055
5636,43,4,9,62.10574511,5,31,0.424764208,0.671935768,0.221422101,17.86174033,168.1927055,0.49263878,0.009072716,15,9.722768178,0,0,8.367633517,73.48851187,8.735267033,3.258022381
5640,43,8,9,287.1235795,8,34,0.455982774,0.434538671,0.403435706,18.38575602,2.462983643,0.321913897,0.103505692,71,7.829754894,2,8,12.65875335,120.2566467,9.317506692,5.474513691
5642,43,10,9,1.25924943,3,29,0.475747683,0.913449818,0.027795768,13.67696092,196.1731965,0.235665161,0.051630476,58,9.960359463,0,0,12.26497829,118.3166456,8.529956583,3.773869923
5643,43,11,9,135.5874024,8,56,0.462379942,0.02877491,0.515954995,14.88160998,84.34279926,0.538736587,0.152611299,9,3.153900906,1,1,12.37867221,79.57711182,8.757344423,3.503535883
5644,43,1,10,241.0769832,6,24,0.498325881,0.755997172,0.017464355,15.79763256,186.3359323,0.342520461,0.159163587,,6.139430996,2,7,11.33201809,60.75090358,,3.857371109
5647,43,4,10,299.8506218,2,56,0.502465992,0.477595186,0.792221999,15.25457286,92.10712002,,0.065408114,18,3.002621149,2,5,13.14142937,158.3514896,10.28285873,5.304607803
5650,43,7,10,251.0157729,4,62,0.431989218,0.201209987,0.081021375,14.34655155,40.8990238,0.280520348,0.008518661,70,4.906078583,5,5,8.636973085,113.5511263,9.273946169,4.400552949
5652,43,9,10,71.3105804,1,45,0.478534308,0.556834181,,15.17845823,112.4848751,0.525511631,0.162718517,7,7.267672813,1,2,14.09914346,101.7779611,10.19828692,4.031367082
5656,43,2,,219.7852636,8,20,0.547077308,0.637673091,0.828165495,13.66780512,113.1831024,0.316855941,0.180995299,57,4.897053609,2,6,13.25989173,77.54640909,8.519783469,3.909314375
5657,43,3,11,213.9310361,6,45,0.438904556,0.524364535,0.171423929,15.88460745,191.3041401,0.222479353,0.11008427,63,3.915418448,2,2,11.38033747,81.42945436,8.760674942,4.616892672
5658,43,4,11,144.062654,5,46,0.458924312,0.077775963,0.000488777,16.17265812,143.9245619,0.495146485,0.129078418,39,4.759212092,2,5,9.429254511,67.78259761,6.858509022,3.521712147
5659,43,5,11,273.0724595,7,48,0.512664772,0.414265802,0.393035079,14.47137279,173.316784,0.270065697,0.06074661,17,5.339464995,5,8,8.150762659,109.7341773,8.301525318,5.04129892
5660,43,6,11,54.28495173,5,27,0.471797,0.445150356,0.668506544,13.79655516,11.53052717,0.370621588,0.054140559,44,5.54609551,1,2,9.220308422,36.86299867,6.440616844,2.840986939
5661,43,7,11,145.5546886,7,66,0.517149605,0.372714116,0.693781254,12.73457861,161.0070665,0.365761951,0.003757245,48,7.979523146,2,5,11.74143256,52.7489977,7.482865126,3.398569883
5663,43,9,11,296.6690765,1,36,0.523761062,0.115597857,0.237396955,14.57463421,24.97172901,0.416621728,0.098443219,59,2.263743279,2,8,9.76368567,135.3377675,9.52737134,5.274047322
5667,43,2,12,109.2304288,4,45,0.461518165,0.485505455,0.712664289,15.47595993,49.9373597,0.612139206,0.106317865,20,8.73401335,1,4,10.70886663,89.60899645,9.417733251,3.281350721
5670,43,5,12,63.37860111,7,41,0.456006576,0.744271752,0.596634138,15.46811512,19.35834151,0.220790446,0.039438776,32,3.357849654,1,2,8.704508398,86.48424276,9.409016795,2.956278067
5671,43,6,12,210.1798101,3,27,0.514002035,0.029874351,0.728012765,16.30493965,130.1917203,0.56658946,0.104339269,46,2.186887997,4,6,9.502744249,33.92943202,7.005488499,3.371168767
5672,43,7,12,147.8921675,4,60,0.504937054,0.013925279,0.635829344,12.96208258,148.8321904,0.204237925,0.000187671,53,5.911437598,1,5,7.312268102,57.8159594,6.624536204,3.457800354
5673,43,8,12,148.4422894,7,,0.46381383,0.004735509,0.412048763,16.27148238,69.41257092,0.637042932,0.15476326,36,2.92436683,2,5,10.59526799,75.44790097,9.190535978,3.487058961
5674,43,9,12,78.68932372,4,23,0.530032409,0.500418872,0.706755056,15.42387439,103.089196,0.204046721,0.05853485,60,3.024744967,1,2,10.67993022,142.2217505,9.359860431,3.950606781
5675,43,10,12,166.098145,3,61,0.550940034,0.089356909,0.516941147,18.13040311,51.03563594,0.499295861,0.059252289,26,5.667539612,1,1,9.516890617,94.26799185,9.033781233,3.989795219
5676,43,11,12,278.8475956,8,30,0.492531824,0.731195261,0.599977824,15.22746817,84.56476348,0.538806574,0.188789903,63,7.272819453,5,11,10.57081565,74.98276755,9.141631303,4.210138145
5677,44,1,1,168.6116961,7,18,0.425897215,0.124410402,0.30556338,10.17989525,191.7027441,0.566367522,0.004929508,65,4.753516955,1,5,4.099941806,64.95316011,-0.199883613,5.124599775
5678,44,2,1,224.8929916,1,61,0.57134029,0.11971899999999999,0.188178693,9.697006577,10.32446331,0.57479473,0.192071026,50,8.679069071,2,4,4.942781432,,1.885562864,4.421295837
5680,44,4,1,40.57980571,,44,0.550281013,0.70415095,0.352815842,7.916850673,15.54374431,0.334560988,0.006588831,5,5.811254761,0,1,6.509361485,43.69777273,1.01872297,3.315013428
5681,44,5,1,,4,18,0.561162942,0.915018634,0.646061948,7.010470112,106.1641709,0.371495908,0.117239224,62,7.056900541,1,1,5.561372285,8.909851362,1.122744569,4.24625037
5685,44,9,1,284.4084021,3,20,0.516623679,0.14100544,0.661391189,9.176929315,194.9961363,0.459596612,0.075536238,64,5.549074631,5,2,8.76496073,6.874352974,3.529921461,4.534235978
5686,44,10,1,16.49819282,2,43,0.451726736,0.527840074,0.826272525,10.64389554,156.0440456,0.398918354,0.169258817,66,8.446008861,0,0,6.913275302,48.53666546,1.826550603,3.694664849
5688,44,1,2,157.110532,3,,0.53296406,0.337979735,0.373467427,7.272866827,189.9508355,0.303609072,0.018008605,17,2.133533945,3,4,4.707148237,5.896108631,1.414296474,3.867215465
5690,44,3,2,147.6898594,7,46,0.579837874,0.318373724,0.064377001,9.505517905,84.51128458,0.490974808,,24,7.323334082,2,5,7.391954392,34.5721483,2.783908783,4.072365134
5691,44,4,2,213.5501207,3,19,0.518957319,0.869314625,0.374467652,11.92179669,83.3667698,0.541051687,0.084654643,23,5.565210604,4,8,11.17877594,51.9649394,4.357551873,4.437258174
5693,,6,2,290.1573671,8,51,0.481370064,0.212081622,,12.80504426,45.13535827,0.646065527,0.138632497,5,8.566409019,2,8,9.558357923,24.21385405,3.116715846,4.574038339
5695,44,8,2,0.181586164,7,65,0.55148287,0.02253294,0.80544793,12.31532192,104.8519876,0.415210693,0.167686418,45,2.400415628,0,0,8.397401068,75.79365113,4.794802137,3.238615004
5696,44,9,2,109.2611892,4,68,0.508091784,0.453755081,0.408891051,12.4554289,117.8621211,0.546598259,0.076550274,65,3.646250679,1,2,7.364127169,29.34639227,2.728254338,3.737536302
5698,44,11,2,25.65945019,2,18,0.578661033,0.263981648,0.606842586,11.68029969,43.05744794,0.227116111,0.093475715,26,3.788839528,0,0,6.044610936,37.91815511,,3.15719962
5699,44,1,3,134.747959,5,33,0.491277884,0.043166291,0.325514543,7.302103319,153.979248,0.53690173,0.187354412,18,6.70628799,2,1,9.723390733,6.282655139,1.446781465,4.020147273
5700,44,2,3,191.9028435,2,59,0.529000927,0.651671765,0.102143825,8.34774991,78.9390676,0.290703139,0.011242516,39,7.624990948,3,5,8.304305505,36.83157126,2.608611011,4.314291988
5702,44,4,3,123.8625625,2,70,0.463658927,0.109639646,0.402673423,10.06982909,61.53584619,0.460079851,0.187982662,57,,1,3,10.70546061,12.79764247,3.410921216,3.913501666
5703,44,5,3,90.12430951,1,19,0.441400282,0.015889262,0.513298752,13.6430971,127.4578206,0.385061595,0.163162982,35,9.3889738,0,2,10.02394283,0.716084454,4.047885668,2.90549352
5707,44,9,3,193.6712006,5,23,0.55104698,0.037640808,0.276258277,9.559110837,73.17090519,0.436605041,0.017416007,31,9.281366069,1,,8.421728243,27.59057214,2.843456486,4.271002142
5709,44,,3,164.8030332,1,22,0.423054013,0.241319389,0.652542639,10.00776722,43.92379873,0.488341671,0.142770091,70,4.034353337,3,3,5.670981791,32.69461081,3.341963582,4.077853101
5710,44,1,4,227.9008469,6,49,0.550713059,0.041563638,0.511578398,9.992779741,96.26585186,0.493291601,0.009036747,10,6.612707814,2,4,4.551544301,7.307415064,1.103088601,4.611299317
5711,44,2,4,89.34987642,3,46,0.510155961,0.580216352,0.400514742,10.35865157,91.66799182,0.428601065,0.049537509,52,5.981377624,0,2,6.310361985,5.786622242,2.62072397,4.261582677
5712,44,3,4,23.05420537,1,68,0.422722979,0.492291681,0.616048743,9.559452932,55.91326287,0.547426251,0.095819091,5,8.256217517,0,0,5.86636274,24.34383673,1.73272548,3.627564421
5714,44,5,4,170.3500433,8,25,0.434557296,0.891864148,0.309239671,13.56338371,72.72971823,0.422598966,0.156868918,31,,3,6,10.97965762,40.77557125,3.959315234,4.114642501
5715,44,6,4,175.5484217,1,41,0.579358026,0.00906422,0.13289963,8.169301541,35.46367961,0.672138093,0.079488901,60,9.859189842,1,7,9.205167523,35.13288647,2.410335046,4.540553444
5717,44,8,4,139.4658318,4,56,0.500150133,0.181800981,0.454875766,11.76130588,192.933289,0.296291621,0.026282658,19,8.589806865,1,,9.534058823,48.4674573,,4.408433735
5718,44,9,4,126.024266,4,53,0.499698402,0.099968663,0.852949859,7.323733573,15.12967937,0.415929,0.055578633,40,6.850246959,2,5,4.735407541,19.36845041,1.470815081,3.870094088
5720,44,11,4,240.9693452,1,68,0.563243655,0.080101256,0.86773594,12.01544137,149.7894438,0.430079693,0.119686712,7,6.755646304,2,2,10.11968965,4.550183625,2.239379295,4.618964392
5721,44,1,5,52.80435801,1,53,0.531657653,0.593227,0.146382935,10.2287513,46.66349357,0.641862065,0.072457993,21,6.143860632,0,1,10.23819517,2.042596317,,3.667000434
5722,44,2,5,6.295097265,8,18,0.534204051,0.202118778,0.553618245,11.16367573,194.9619237,0.227323582,0.055939807,64,3.897677287,0,0,11.31315319,69.03944954,4.626306371,3.481321804
5727,44,7,5,236.7394891,6,22,0.54624298,0.138912654,0.751844686,10.7836296,149.7587737,0.233482226,0.08388205,40,3.209282528,2,2,5.546460888,12.44649619,3.092921776,4.968198119
5728,44,8,5,35.9714074,5,22,0.463910492,0.606556796,0.785402526,11.16963589,118.5868057,0.29524967,0.138401719,51,9.996860942,0,0,5.760908827,5.742648348,3.521817653,3.323070339
5729,44,9,5,10.1666091,5,30,0.530755559,0.674813895,0.791838061,8.256362582,39.3704721,0.280530973,0.110618758,69,3.733590052,0,0,9.253534768,7.771072774,2.507069535,3.933910647
5731,44,11,5,103.1762884,5,51,0.549139664,4.63e-05,0.499700822,11.34019365,31.61150647,0.362903026,0.106269941,45,6.786010311,2,4,9.85566314,27.24125395,3.71132628,4.278339716
5732,44,1,6,73.6131539,7,40,0.432533997,0.027324376,0.358466841,11.91719938,144.3380317,0.577416677,0.075343695,46,6.443820464,1,0,9.176221878,44.99242332,4.352443756,3.897405946
5733,44,2,6,111.8077822,5,21,0.464217404,0.920368011,0.679069405,10.34178557,43.43866025,0.539910539,0.152142517,58,7.053554802,2,2,7.412103092,49.38110356,4.824206184,3.915197331
5735,44,4,,144.4841374,7,39,0.579876117,0.215775681,0.438024289,13.53261185,114.653697,0.291714295,0.170656439,67,4.60908752,2,4,5.96256214,1.010063675,3.925124281,4.054411715
5737,44,6,6,296.144201,3,71,0.420339601,0.305158955,0.121649044,10.43081403,188.0425863,0.472924708,0.123004212,21,2.537064974,5,5,5.350452238,11.09059581,2.700904475,5.287405856
5740,44,9,,248.8182893,8,70,0.439919658,0.671647624,0.434715173,13.6306877,50.07534054,0.530168485,0.10713534,9,3.943961286,2,4,8.01704872,30.47732173,4.034097441,4.818959021
5742,44,11,6,204.0156202,,49,0.574927785,0.187973777,0.146277282,9.535847508,114.7984682,0.373185402,0.016426264,15,6.752673968,4,4,10.40880417,3.725857855,2.817608342,4.355189812
5743,44,1,7,149.9590751,6,19,0.492668486,0.873840405,0.380637534,13.0293577,178.3194583,0.607262564,0.164904397,13,9.804323625,2,4,7.794087608,52.08905705,5.588175217,4.316421111
5744,44,2,7,222.4205817,4,40,0.507202881,0.612469407,0.050370058,11.20731603,82.97836335,0.636423564,0.15147665,36,2.057509895,4,8,5.226286682,7.669932122,2.452573364,4.0807665
5746,44,4,7,292.377279,5,51,0.556781733,0.719060741,0.570228396,8.962275862,134.5034609,0.271049682,0.154164654,18,3.102740006,2,11,8.090153257,25.66466219,2.180306514,5.723982685
5749,44,7,7,191.7431467,7,23,0.427652872,0.711941156,0.05731712,10.16296468,68.14306907,0.427476454,0.192550129,27,8.813896117,1,3,,16.21434163,3.514405197,4.50559448
5750,44,8,7,48.46724742,6,28,0.45903208,0.484783831,0.211192611,7.592974807,17.22153873,0.516335795,0.037309803,53,4.748770436,0,1,8.884986004,5.921116974,1.769972008,3.37492821
5752,44,10,7,237.8653373,5,26,0.546834146,0.985300108,0.446192215,13.83150094,146.9132232,0.402893139,0.036500586,44,7.17884014,4,2,7.128611633,16.14597844,4.257223266,4.729800136
5753,44,11,,255.3161593,4,19,0.528508903,0.286981671,0.367203938,10.41888103,101.1034142,0.416763694,0.125637806,68,5.806138327,5,2,7.89937835,60.31580364,3.7987567,5.613979029
5754,44,1,8,46.65156974,8,40,0.532186325,0.357891011,0.333505185,10.46954255,,0.608514431,,36,4.734751635,0,1,8.371968085,11.07230023,2.743936171,2.747311023
5758,44,5,8,8.570255342,3,51,0.4680746,0.139622641,0.755180385,8.795984425,131.4524834,0.560407394,0.16748229,5,6.543037157,0,0,6.55332468,15.73328617,3.106649361,3.110364695
5760,44,7,8,75.47507655,2,25,0.515664273,0.481005912,0.371010331,11.18057072,33.76348282,0.238845427,0.086426465,,9.797741217,1,2,9.21142818,7.727057394,2.42285636,4.073146761
5761,44,8,8,20.78043118,4,28,0.552928062,0.850031398,0.412586493,12.22084621,127.724483,0.577853709,0.178943868,35,5.615918945,0,0,5.233803447,25.80203769,2.467606894,3.330695171
5763,44,10,8,77.8704432,4,47,0.530828138,0.591895703,0.885152819,10.08836091,,0.572851643,0.090428401,9,8.087891212,1,0,7.71575606,12.15474103,3.43151212,3.352980845
5764,44,11,8,43.84761505,6,63,0.455693961,0.00154894,0.049137665,11.02310018,6.413703909,0.397519199,0.035191635,28,7.701959018,0,0,10.6795001,29.41237842,3.359000197,3.359963552
5765,44,1,9,188.0416356,1,48,0.421140705,0.111246772,0.279520611,9.919622666,112.5263717,0.645895384,0.104227379,44,7.107390192,1,5,7.177568148,38.16405959,4.355136296,4.326172927
5766,44,2,9,233.2616346,3,39,0.499511776,0.797248835,0.237456592,10.07625257,61.77961092,0.441693335,0.097260508,42,3.188491745,2,2,5.153473651,25.00729827,2.306947303,4.92318162
5769,44,5,9,118.8312542,8,26,0.566803877,0.20486384,0.185024192,7.930095842,41.8909254,0.339221381,0.059114688,29,8.921361174,2,2,9.072275468,9.021497541,2.144550936,3.481427802
5771,44,7,9,294.8068376,6,44,0.464048367,0.441861536,0.442743714,11.32980994,47.45677458,0.457144943,0.013884977,35,7.668675942,2,11,10.84989441,43.13481534,3.699788821,4.677998421
5777,44,2,10,190.8371632,2,71,0.438633177,0.11059236,0.648374,11.89833967,56.51872544,0.600237816,0.085566553,,8.973975725,3,3,6.054633148,11.36854337,2.109266296,4.653165699
5778,44,3,10,109.0614508,3,47,0.538538296,0.847727981,0.631218446,12.58610004,163.8158994,0.555204013,0.018629689,11,8.035237991,2,3,7.436722242,16.0105779,2.873444485,3.839680244
5780,44,5,10,161.6673678,5,54,,0.383907674,0.012585338,8.506822127,136.5184991,0.52168507,0.11197267,33,7.334005806,3,1,7.39267896,21.97729538,2.785357919,4.579045739
5781,44,6,10,262.8462296,5,33,0.420462015,0.000586223,0.601184561,9.492699174,132.3255171,0.418587948,0.031848947,69,2.986694557,5,10,5.94038843,51.9295902,3.88077686,4.832653341
5783,44,8,10,284.5518919,2,47,0.509765673,0.304358942,0.270035844,12.44367542,109.1007514,0.427383243,0.005775043,10,5.988667252,2,5,9.357597457,32.52683203,2.715194913,4.487140608
5785,44,10,10,170.4841052,3,69,0.444505943,0.316870578,0.68832031,9.375932154,134.8741346,0.412952285,0.089715985,60,9.314870869,1,5,6.875517863,17.59838176,3.751035727,3.65261806
5786,44,11,10,226.5045574,3,53,0.478922818,0.437626452,0.39265567,9.881986845,102.5713146,0.481145157,0.090154637,52,2.525084028,2,9,7.601103803,12.48851241,3.202207605,4.020842036
5788,44,2,11,206.3016884,6,19,0.479343011,0.894352001,0.694090716,8.92953844,124.5183863,0.389614056,0.070075214,40,9.266908743,2,6,8.516410244,7.619187414,1.032820489,4.762710911
5789,44,3,11,11.10510433,3,22,0.532204451,,0.341426911,10.19704077,100.3566428,0.563873394,0.176014714,48,8.42136891,0,0,7.66502265,12.52091878,1.3300453,2.536763733
5791,44,5,11,5.662334107,4,33,0.54971819,0.269829961,0.855205519,11.62128821,154.775796,,0.09686845,32,5.620929479,0,0,9.900715672,6.598504099,1.801431344,2.954901876
5792,44,6,11,102.4824637,1,33,0.451133,0.602876178,0.804284571,,8.792562792,0.590133748,0.194092229,21,3.38433831,2,1,4.79053382,5.90722753,1.581067639,3.77107097
5794,44,8,11,58.26589023,3,23,0.495063911,0.738237317,0.144490712,9.959392894,170.9569531,0.520941161,0.009606189,45,5.736889413,1,1,6.532996052,43.03663023,1.065992105,4.103317554
5796,44,10,11,212.9740203,1,19,0.511642016,0.922944504,0.50124765,7.80449716,83.38388779,0.497910795,0.114008836,26,3.965301552,4,8,5.002498422,27.48018095,2.004996845,4.33914421
5797,44,11,11,156.1417396,2,43,0.454079605,0.011849394,0.857276693,10.80514183,89.32924582,0.330474016,0.128155787,64,9.010074119,1,4,9.002856573,34.43829715,,4.130070262
5799,44,2,12,31.11698362,6,72,0.421353328,0.024426297,0.543912157,10.7372463,69.26422384,0.393353177,0.043528682,11,7.424605935,0,0,10.52069239,47.77871924,3.041384775,3.262890672
5800,44,3,12,231.9958111,1,30,0.511617023,0.653991553,0.193899196,10.15538107,142.5609945,0.423233825,0.023354283,41,4.680266032,2,2,8.19743393,2.770675895,2.39486786,4.349522555
5801,44,4,12,3.330994795,4,51,0.509905353,0.085288444,0.715311433,11.67087065,180.6053499,0.622237802,0.045792149,58,4.581562506,0,0,6.928261473,22.15145478,1.856522945,3.250417455
5805,,8,12,,1,22,0.497157647,0.007246987,0.581856613,10.68487861,4.990920878,0.37015689,0.10275057,16,3.261463006,0,1,10.49159923,17.02786092,2.983198459,2.619978543
5806,44,9,12,28.54666013,8,66,0.487784303,0.791871289,0.200279608,8.004002754,162.9491513,0.282403787,0.047215209,62,4.161679447,0,1,6.557779308,58.2721242,1.115558615,4.180280505
5808,44,11,12,172.9685686,2,72,0.561860141,0.820406047,0.856463562,10.81752882,4.123409174,0.228147933,0.18241774,47,3.74675087,3,3,6.454182679,63.88703488,0.908365358,4.877928844
5814,45,6,1,167.278794,2,46,0.490523885,0.331373143,0.698970424,11.12087007,144.4026939,0.439370582,0.016410147,55,5.318842027,3,3,9.289372259,47.36352232,4.578744519,4.070896263
5816,45,8,1,127.1191522,5,62,0.458882597,0.049892101,0.103204895,10.52124625,137.9903269,0.435611598,0.077359026,13,2.561041978,1,1,11.51180347,33.35208515,5.023606942,3.627633229
5818,45,10,1,148.7590159,2,70,0.492455952,0.777689462,,10.36526011,74.66520029,0.396060185,0.055110718,10,4.996306853,2,2,6.425144507,8.623501881,4.850289013,3.417727735
5820,45,1,2,297.5791327,2,59,0.441633123,0.005972523,0.126057399,12.46326848,142.5727436,0.251496241,0.079404685,16,6.262436844,5,11,6.479593599,41.8985787,4.959187198,4.448617144
5821,45,2,2,276.5837141,8,35,0.458830793,0.861986889,0.077980163,13.17285228,127.2740581,0.323588498,0.065361757,33,2.592580356,5,2,11.31825127,68.8126729,4.636502532,5.282403985
5822,45,3,2,51.95758605,7,46,0.444172383,0.274971945,0.337080014,14.82373409,55.7887288,0.33045807,0.167011847,48,2.070880591,0,0,10.67985227,46.68415929,5.359704547,3.182752744
5825,45,6,2,251.2728129,8,37,0.557884359,0.16371847,0.318571993,13.17063817,45.67666876,0.442767696,0.195807323,42,7.178688338,2,7,8.428132315,102.1821436,6.85626463,5.160085457
5826,45,7,2,199.9965347,6,58,0.477123474,0.713698605,0.02717187,11.51538461,7.720121286,0.405771607,0.04622721,8,7.317441155,3,7,11.50854701,39.68450057,,3.665341044
5827,45,8,2,54.16742774,1,38,0.455619671,0.006702355,0.70626863,13.40389756,197.2442529,0.495988034,0.034497885,24,6.008599066,1,1,7.002165308,85.62820795,6.004330617,3.948699239
5828,45,9,2,105.9662009,6,49,0.535778156,0.458264954,0.879888843,13.68657981,119.7624385,0.594124833,0.127193254,39,4.423085115,2,3,9.603655448,14.33776408,5.207310896,2.994152779
5829,45,10,2,118.5447604,2,54,0.446809351,0.001873532,0.015150799999999999,13.43182397,159.9218945,0.327864,0.194999404,38,6.938018571,2,3,9.462124426,72.72231879,4.924248853,3.898968691
5831,45,1,3,146.5627878,5,53,0.505385111,0.040071565,0.439898758,12.40205791,102.8214606,0.285362726,0.079480058,9,6.232457031,1,4,10.00114329,93.67099442,6.002286571,
5833,45,3,3,103.6300895,,47,0.563122125,0.29807867,0.849042934,12.29305797,137.3489531,0.383124176,0.187538669,48,9.416621654,1,4,10.27392109,3.350593619,2.547842189,3.397604656
5834,45,4,3,168.5754076,2,35,0.477478348,0.059909163,0.186954481,,61.30688316,0.288474993,0.026305729,66,3.381711668,3,6,10.62730807,27.91171348,5.254616141,3.325365705
5837,45,7,3,280.6679073,8,25,0.480814933,0.104043302,0.503772486,11.69322216,49.51493147,0.372170022,0.140710584,56,3.942824144,2,2,8.051790086,14.78659451,4.103580173,4.290480243
5838,45,8,3,11.57871507,3,26,0.551018291,0.235580965,0.780360143,12.65495328,26.11032284,0.308093472,0.133834623,50,9.284297224,0,0,7.586085157,68.88648616,5.172170313,3.415865607
5840,45,10,3,10.97148802,2,57,0.541979547,0.065596493,0.468198207,10.27829659,179.8223403,0.514371457,0.14100931,5,7.307147718,0,0,9.376831436,53.00637483,4.753662873,3.544189797
5843,45,2,4,74.81715092,8,36,0.568789386,0.357738491,0.565047443,12.67753508,199.7096847,0.579474796,0.020621593,7,4.82270268,1,2,9.709741712,,7.419483424,3.781738886
5844,45,3,4,60.94587143,4,69,0.444545915,0.759290703,0.704181681,15.57606737,186.9538006,0.353237262,0.030125955,49,6.950984103,1,,9.097815208,36.221419,6.195630416,2.964126886
5846,45,5,4,224.309731,1,63,0.477583776,0.249046172,0.883779853,15.57170389,6.529297571,0.562955509,0.09801225,51,6.295191635,2,6,11.09539105,37.0939316,6.190782102,3.871260343
5848,45,,4,277.025593,7,34,0.527780336,0.127277702,0.159449474,12.13206443,44.99420592,0.63669399,0.094906037,41,3.891426354,2,8,7.851146906,39.49170105,5.702293812,4.864523432
5849,45,8,4,75.59658827,2,60,0.549135503,0.494944797,0.57690841,15.14282564,61.85965775,0.447269078,0.158138912,67,6.258881478,1,2,8.412680912,46.16987523,6.825361824,3.302355241
5854,45,2,5,254.5630618,4,40,0.42925398,0.033272836,0.106418483,12.85464219,93.14480431,,0.152207082,5,9.536591578,5,5,11.69702344,79.0773752,5.394046875,5.151045026
5856,45,4,5,169.9253241,7,18,0.524270392,0.266609717,0.723146114,14.99699415,122.5217836,0.337990274,0.093110422,43,5.753711892,3,6,10.33166342,105.3703558,6.663326833,5.276150096
5860,45,8,5,187.6774431,2,32,0.51521014,0.376720348,0.495527793,14.93121307,127.9860925,0.670655051,0.118725411,37,,1,3,9.295118374,94.78897058,6.590236748,4.490096435
5861,45,9,5,24.76235555,5,30,0.552985745,0.657575527,0.201388635,15.93362177,170.1838646,0.421398,0.083192958,44,6.186092872,0,0,8.296456539,104.7583399,6.592913078,3.717767852
5862,45,10,5,284.3639501,2,68,0.543405186,0.266424739,0.667116,14.25379496,19.81863898,0.555441356,0.162049397,32,7.419651363,5,8,6.91877498,82.55941054,5.837549961,5.697714156
5863,45,11,5,83.45315909,4,57,0.529679179,0.845469656,0.562674416,11.49789618,71.9886909,0.555741254,0.019381563,40,4.909626375,1,1,7.054386765,45.0572363,6.10877353,3.304822867
5864,45,1,6,69.21657965,2,42,0.463869277,0.14665127,0.525041747,11.20707613,182.8185504,0.627639531,0.078230143,31,3.280359889,1,2,8.892820072,20.26067648,5.785640144,3.431297204
5865,45,2,6,14.86006476,5,64,0.561199692,0.038890074,0.420462999,10.93783966,1.065233794,0.435151512,0.062469621,37,5.680296155,0,0,11.74324426,25.46491595,5.48648851,3.404723277
5866,45,3,6,11.87179875,7,30,0.480940942,0.860740562,0.471254583,10.33261227,70.18537468,0.656038009,0.155918382,30,7.874822088,0,0,11.40700682,47.90733312,4.814013631,3.59920499
5871,45,8,,119.3800366,7,62,0.578115106,0.645573594,0.002637116,15.95886876,185.7135415,0.584534893,,63,6.09842324,2,4,7.310482647,70.64564918,6.620965294,3.79355751
5873,45,10,6,102.3401366,,54,0.469983325,0.433899446,0.643493345,11.98293817,191.6588965,0.509767309,0.146432625,46,7.038189212,1,3,9.323854537,99.16116592,6.647709074,3.877437531
5875,45,1,7,277.3031253,7,37,0.531782172,0.329150987,0.312969801,15.52309755,185.1548371,0.21227764,0.017501098,,6.467394674,2,8,12.62394308,92.64868555,7.24788617,5.223815087
5876,45,2,7,27.68244401,3,29,0.443370431,0.024304233,0.426150803,10.91413055,5.584877418,,0.150149582,35,6.331658584,0,0,9.730072529,82.2202412,5.460145059,4.114711418
5877,45,3,7,72.53813061,5,36,0.433252467,0.678637089,0.881732183,11.01007928,117.3763383,0.649243896,0.089994261,32,8.083349108,0,2,10.78337738,77.09616454,5.566754759,4.605001976
5880,45,6,7,102.2231993,1,53,0.537344844,0.249303018,0.226693795,13.81448965,61.25516132,0.404821412,0.137456347,23,9.109482502,2,2,6.67471647,7.739036054,5.349432939,3.418919184
5881,45,7,7,47.2316063,2,51,0.463928767,0.648727166,0.401138449,15.83853384,68.94781121,0.369948899,,45,2.588152889,0,1,12.24362991,45.33096127,6.487259817,2.891120195
5882,45,8,7,161.6733783,5,67,0.527863639,0.775674005,0.056867013,14.66211809,67.11938997,0.607639102,0.058619462,62,4.751182632,1,6,10.59006561,76.28986874,5.180131212,4.699956469
5885,45,11,7,45.10091294,3,62,0.445829295,0.102124858,0.158196162,12.62246434,120.8972134,0.420210747,0.09254184,19,3.405177836,0,0,8.123591298,40.23307714,6.247182595,3.10506658
5888,45,3,8,164.4314833,1,23,0.563450358,0.782777762,0.116109397,10.93903199,73.06479102,0.35243074,0.093669578,29,2.461614769,,1,9.743906663,34.37763535,5.487813325,3.696890179
5889,45,4,8,100.0400427,7,41,0.505069446,0.155982724,0.277334669,14.04606665,145.0586402,0.484617934,0.118032795,19,4.232725554,2,3,8.358925918,72.65433979,6.717851837,4.037172581
5890,45,5,8,168.8311323,4,19,0.447812568,0.357355562,0.017508393,13.68065851,156.5108043,0.420166434,0.118592343,71,9.400324171,1,1,10.04481028,6.919321917,4.089620562,4.310945824
5891,45,6,8,129.395765,2,30,0.456628066,0.025348115,0.012737119,,24.22841042,0.574392432,0.063845611,30,4.846370428,1,3,7.851862259,29.57481954,5.703724519,3.080069947
5893,45,8,8,262.2378741,3,69,0.518888174,0.32417482,0.368687509,13.46608074,25.80188605,0.668472879,0.188215944,50,3.562391898,2,5,9.481155968,38.28477681,,4.279775741
5895,45,10,8,42.13031484,2,68,0.475127921,0.258235347,0.730037312,14.28106005,7.437018511,0.468072699,0.005148374,42,4.708557461,0,0,8.378366693,68.38565269,4.756733387,3.403238544
5897,45,1,9,76.86202948,4,,0.496910256,0.609375459,0.486679834,15.77399304,163.3060585,0.384705952,0.104382925,13,3.925640073,0,2,8.207773912,69.23053244,6.415547823,3.222909562
5898,45,2,9,215.0505763,7,62,0.569103729,0.006160727,0.422455127,12.25174473,189.9312306,0.438207449,0.15606249,44,9.295092172,2,2,6.362080404,32.50072926,4.724160807,4.18513092
5899,45,3,9,39.69099211,3,22,0.444291074,0.371035368,0.84889412,10.13983172,136.4180942,0.403624017,0.145195705,57,,0,1,6.299906512,38.73498053,4.599813025,3.235718174
5900,45,4,9,230.8790416,6,,0.492062877,0.395890012,0.839530264,12.80612875,148.4745143,0.461232934,0.083823736,20,8.141491794,,4,11.67007153,43.25989826,5.340143051,4.93699803
5903,45,7,9,106.7740715,7,40,0.557304079,0.014919902,0.126253051,15.23532923,61.82715784,0.447396531,0.135233771,48,2.453187469,1,4,10.90851624,21.66813189,5.817032482,2.655274733
5905,45,9,9,90.28780029,4,35,0.535684057,0.002900053,0.048719287,11.46040518,21.29018264,0.423701092,0.020749614,10,5.988968138,0,0,9.92244732,46.30676323,3.844894639,3.681398805
5907,45,11,9,289.5174067,7,47,0.560153805,0.455791945,0.78199242,10.80114498,90.714198,0.214500867,0.003963544,9,6.215870472,5,5,10.66730277,37.48787362,5.334605537,4.910491612
5908,45,1,10,288.1746001,2,34,0.548913822,0.030534128,0.11035299999999999,13.60202526,116.4312065,0.558810326,0.057260944,48,5.408616842,2,5,10.00112514,17.26982594,4.002250287,4.620575935
5913,45,6,10,,7,66,0.57567829,0.141422308,0.097785273,12.25513727,67.97770768,0.312743353,0.134040008,,2.870570699,0,0,8.919520707,88.96975052,5.839041414,3.105042098
5914,45,7,,27.18804304,3,57,0.521421058,0.621239367,0.670677007,16.0490346,18.02388614,0.469855766,0.15758104,,9.780973259,0,0,11.36057478,51.59654212,6.721149555,2.697222754
5915,45,8,10,18.06345335,3,65,0.448208722,0.741336525,,14.04005842,29.76711833,0.37656345,0.03052304,14,8.064921083,0,0,8.800032457,75.76340013,5.600064913,2.577167735
5917,45,10,10,43.00693568,4,69,0.444110498,0.123874212,0.441229909,11.56596444,92.57850082,0.25807288,0.128307359,34,8.305744962,0,0,9.536646913,35.03635345,5.073293827,2.812298201
5918,45,11,10,32.4981845,5,67,0.489739867,0.000321262,0.668582186,13.60445751,58.17035135,0.345771345,,14,3.614424328,0,1,11.00247639,48.91823075,4.00495279,3.00530869
5921,45,3,11,215.2233788,5,37,0.522293863,0.005869962,0.198533773,12.21066388,94.64407095,0.393700867,0.195906007,,5.833145245,4,4,10.33925771,43.09363195,4.678515424,3.985991907
5922,45,4,11,101.5716737,5,55,0.567730046,0.532455714,0.723266867,15.01206249,45.50949729,0.586743268,0.099354933,24,8.139697682,1,4,11.78447916,14.71746616,5.568958321,3.386270916
5923,45,5,11,150.8106774,6,49,0.478172668,0.802704553,0.799082261,13.90279946,35.00120224,0.399762332,0.046763245,22,3.84118198,1,6,10.16822192,0.766498958,4.336443839,3.980062302
5925,45,7,11,200.7967062,2,40,0.483292608,0.035471509,0.677646414,13.24750693,182.3462134,0.438450177,0.109273398,15,4.106983395,4,2,9.470837183,38.30796568,6.941674366,3.679085284
5927,45,9,11,2.958688208,3,71,0.475452319,0.937322562,0.388455865,11.10900524,118.4386118,0.625565328,0.08692455,64,8.615521332,0,0,8.838336247,22.39732258,,2.292260391
5929,45,11,11,197.3126802,3,65,0.522365916,0.383107493,0.721002085,8.942318704,132.2151684,0.664787929,0.085009844,24,2.870704538,1,1,5.634621502,12.60264955,3.269243004,3.536795287
5930,45,1,12,184.4694083,4,54,0.511563038,0.077450523,0.456193098,10.96464147,110.4501203,0.413960205,0.10558903,15,9.672405813,1,7,6.647023038,8.749023935,3.294046076,3.702431212
5931,45,2,12,146.727916,5,20,0.427080687,,0.256014409,13.92968204,190.8749776,0.216335476,0.065975936,21,3.46933731,2,1,10.2942678,56.77418722,6.588535597,3.740053556
5935,45,6,12,64.34624815,8,19,0.455364405,0.02210322,0.696512532,13.63639257,,0.26265026,0.086095443,19,5.946827989,1,1,11.0202181,30.17411278,4.040436191,3.510523829
5936,45,7,12,229.4318054,8,32,0.497862901,0.906122,,13.29887124,40.60249876,0.37036727,0.08644951,,5.933902712,4,4,6.832706244,52.56647099,3.665412488,4.464894805
5939,45,10,12,225.1192971,5,27,0.566666848,0.140144256,0.891188762,11.88734939,15.08487402,0.537188323,0.148007299,56,2.326037824,4,6,6.715194104,18.01630589,,4.045421965
5940,45,11,12,292.391172,3,45,0.538718284,0.013480457,0.769312655,11.81143102,42.83084006,0.451411522,0.139375208,,5.714471132,2,8,6.117461675,18.87265362,4.23492335,4.017309574
5941,46,1,1,211.9274915,7,55,0.540082401,0.203148754,0.808882245,13.86653108,103.7590648,0.602994987,0.07462961,15,6.818433783,2,6,9.814739491,87.68114906,7.629478983,3.780508375
5944,46,4,1,273.290394,1,69,0.439995085,0.455862947,,,58.65999363,0.615024725,0.012512865,20,4.188254122,5,5,10.39318363,53.31627891,6.786367267,3.790510198
5945,46,5,1,26.25261793,6,52,0.519187746,0.201351096,0.441904604,11.13171723,157.1826842,0.604989732,0.097161182,66,4.355860701,0,1,11.85095402,66.78303312,5.701908035,3.521414931
5951,46,11,1,179.3029907,8,48,0.53255986,0.705879383,0.4870758,14.64411352,68.35888702,0.406146753,0.14454846,30,7.867130735,1,3,8.246729736,60.31751973,,3.788051633
5957,46,6,2,20.73157978,3,59,0.538429416,0.960435563,0.121803411,13.44076723,35.65326363,0.398666007,0.132327834,40,6.479927099,0,0,8.13375957,102.0973376,8.26751914,3.128818242
5958,46,7,2,249.794645,5,43,0.527634145,0.323003382,0.524690954,15.96645902,183.9219516,0.54908783,0.069324327,38,2.222644267,4,2,8.870255009,44.45478551,7.740510017,4.219264653
5960,46,9,2,285.6686004,3,33,0.517593259,0.316200997,0.799150198,13.49492798,139.1307431,0.332808494,0.178409204,68,7.249870789,5,5,12.60829332,74.90753649,7.216586641,4.798729057
5961,46,10,2,36.08535357,7,58,0.501402136,0.228319147,0.244884584,16.63740977,122.0190352,0.618973418,0.18511202,63,2.888701798,0,,7.687449871,71.60629219,7.374899742,3.680992825
5962,46,11,2,133.2956995,3,19,0.471297948,0.079879653,0.057363232,13.24215421,132.9380284,0.27575343,0.010251715,69,9.955137116,2,3,8.467863448,56.61112881,6.935726896,3.879354371
5963,46,1,3,175.4287733,5,62,0.445098252,0.005945536,0.511760556,14.74633526,124.7593238,0.202050722,0.141178713,57,3.945582427,1,1,11.30351959,95.27928785,8.607039183,3.999463616
5965,46,3,3,57.22552515,7,20,0.523962328,0.778900911,0.24204,16.96289428,69.82422551,0.429835179,0.18880363,53,4.280531798,0,1,9.423830156,98.74199422,8.847660312,3.316854359
5967,46,5,3,165.3244338,1,22,0.545851806,0.475567834,0.067979861,14.3628889,98.73487065,0.646053077,0.197338324,5,3.538974552,1,3,10.53493828,55.86439419,7.069876555,3.656620435
5971,46,9,3,171.7219198,8,55,0.555161288,0.845155012,0.272079239,13.38555866,173.0221436,0.573516162,0.121578984,5,7.797415773,1,6,10.54753259,100.5276502,7.095065175,4.487536414
5972,46,10,3,228.8328328,5,49,0.452772859,0.111868728,0.101201645,10.62863574,144.8189054,0.678221036,0.188527887,33,8.013933762,2,,6.571464298,62.85152562,5.142928596,5.365318972
5973,46,11,3,37.16277651,6,65,0.444188612,0.37657004,0.50821323,15.23929737,144.3777868,0.253482777,0.057320323,59,3.586622342,0,0,12.57738743,85.22701138,9.154774857,2.975557727
5974,46,1,4,77.01642335,4,68,0.532249476,0.45429709,0.444714197,15.93550745,154.46336,0.290823732,0.136984341,,4.937497825,1,3,12.8530597,94.51111036,7.706119391,3.667244755
5977,46,4,4,32.04689643,4,49,0.525208177,0.301530847,0.561799927,14.96447632,185.0239765,0.329152343,0.097671027,47,5.434055166,0,0,8.86915351,103.6226445,7.738307019,3.530665364
5978,46,5,4,222.424688,7,48,0.572333115,0.289941634,0.336601742,14.84418773,148.4657429,0.344645562,0.092447008,19,6.887975324,2,8,9.802326517,92.23423864,7.604653033,4.175043437
5979,46,6,4,204.3223783,8,45,0.442547441,0.110912684,0.246887269,16.9678392,173.4852366,0.234017496,0.160105329,68,4.965936359,4,4,12.87102178,58.84413037,7.742043554,4.130287628
5981,,8,4,5.066141058,8,63,0.441314939,0.214980233,0.214097379,16.98009569,132.090419,0.256364643,0.070098239,57,5.117037896,0,0,13.5444976,107.2920054,11.08899521,2.124651117
5982,46,9,4,116.4952461,4,24,0.507944975,0.004802516,0.809306,15.18182597,59.96401228,0.314741982,0.161211038,21,3.259718454,1,2,11.10101443,153.2121874,10.20202886,4.683266961
5984,46,11,4,91.21874747,3,26,0.436536301,0.004040162,0.63131396,12.72204442,94.75813456,0.604859129,0.156851861,17,4.632824623,0,3,8.734469122,80.25061685,7.468938244,3.319591749
5985,46,1,5,293.5483586,2,70,0.535205205,6.34e-05,0.417178757,16.31633909,45.87813584,0.613792085,0.095506862,21,8.123426869,2,8,13.06463283,111.8928399,8.129265656,5.694051709
5989,46,5,5,223.9931515,5,53,0.551184156,0.884626938,0.381258718,14.14940316,196.1305295,0.571325956,0.157122511,61,5.45524289,2,4,8.416335087,56.49841217,6.832670175,4.395810567
5990,46,6,5,278.1432669,6,50,0.426487727,0.587916411,0.642670083,18.77900612,0.683961921,0.479236417,0.148283882,20,6.892797886,5,5,8.877225625,102.663969,9.75445125,4.825555604
5992,46,8,5,240.2936127,2,36,0.45221353,0.046743197,0.505719594,11.7378359,185.4852723,0.402083415,0.138938012,9,7.759025557,4,2,7.632131058,30.0291403,5.264262115,4.100384641
5993,46,9,5,114.7970343,7,42,0.51603274,0.175352932,0.489296682,15.42763552,,0.560590761,0.129167559,33,9.21263805,1,2,7.570908621,110.9595283,7.141817242,3.977504536
5995,46,11,5,29.96381942,6,72,0.507034702,0.220352342,0.098488965,14.4221735,,0.243360828,0.193636892,42,6.22223898,0,0,9.678985275,111.2089113,,2.914110859
5997,46,2,6,81.68389798,7,37,0.432516346,0.045847218,0.769634246,14.16302418,36.87195579,0.451182601,0.199963815,33,2.274345478,0,2,9.423902321,96.11222099,6.847804642,4.33219548
5998,46,3,6,,5,36,0.428290738,0.894032764,0.5705932,15.02968115,87.7708514,0.457862149,,67,2.498776366,2,7,7.349822864,,6.699645727,4.633358026
5999,46,4,6,89.97699138,6,35,0.546032269,0.286898064,0.749406928,15.6013897,79.79851608,0.324397172,0.194000331,57,6.279878714,,1,11.66743872,65.40058283,7.334877441,3.877490697
6004,46,9,6,14.49228775,8,42,0.491802403,0.001070437,0.793150597,14.69631753,125.0961029,0.403074768,0.065033641,63,6.111726225,0,0,9.720176407,110.6031593,7.440352814,3.422374192
6005,46,10,6,128.068377,1,44,0.456066326,0.485148895,0.386004568,13.29278798,23.84542748,0.403027108,0.013965904,15,7.523600047,1,2,9.495993325,86.11551103,6.99198665,4.138751121
6006,46,11,6,76.64483404,5,29,0.430737949,0.04163997,0.897455054,12.864187,123.380712,0.412726417,0.152807812,49,5.864643551,0,2,10.81343722,49.36469485,7.626874445,3.478744585
6007,46,1,7,257.265372,2,37,0.565763596,0.225400702,0.324407445,18.137007,51.2043958,0.657725743,0.141041776,,3.704225729,2,7,9.520559442,91.80230409,9.041118883,4.433624031
6010,46,4,7,280.3357529,8,68,0.450315181,0.154677348,0.216796184,15.25656258,191.3372942,0.228476509,0.117207661,67,6.217126396,5,11,10.03142366,87.41407912,8.062847313,4.978867054
6012,46,6,7,131.1243337,4,37,0.535395516,0.001309614,0.37572359,13.37474968,54.37968563,,0.056419434,71,9.504597688,1,1,10.09708315,87.32700342,8.194166308,4.221110522
6013,46,7,7,133.4712314,3,31,0.578244,0.554650501,0.412820964,,15.15929676,0.595713585,0.046279605,58,9.620587751,1,4,8.98999215,99.01863377,7.979984301,4.301989248
6014,,8,7,292.3854662,8,27,0.502975226,0.066551207,0.165184086,14.08148689,119.5142898,0.480832992,0.048818445,67,2.490775728,2,8,11.37860383,51.20855226,6.757207657,4.876052676
6016,46,10,7,100.0712333,1,48,0.498879615,0.190496154,0.632189303,13.85908833,132.0100731,0.256183548,0.034193239,,9.67176418,2,3,9.255049074,66.86903359,6.510098147,4.20448111
6017,46,11,7,282.1817202,4,72,0.498999129,0.084783291,0.512552831,16.87156745,52.16424038,0.466970409,0.065272282,36,7.790248937,,2,11.81753747,71.28649076,7.635074949,
6018,46,1,8,37.65189121,5,28,0.536598134,0.086356698,0.818944511,13.04711336,176.0927333,0.672853578,0.145019156,62,2.361106047,0,0,7.803951865,73.65322074,5.60790373,3.593751454
6019,46,2,8,9.415418157,1,43,0.578280095,0.205576582,0.722739082,13.00333203,42.81018864,0.654306639,0.080373135,54,5.488690064,0,0,7.335184463,63.1869893,6.670368927,2.561551241
6021,46,4,8,152.7645026,7,39,0.562928999,0.236162727,0.343889785,14.77122274,1.797124294,0.503644447,0.060037182,16,6.409112591,3,4,9.206234854,67.35773693,6.412469708,4.447245985
6023,46,6,8,122.4014225,8,57,0.50413,0.202583059,0.807806692,18.85197539,25.60767698,0.202106842,0.107149652,52,4.487146876,1,3,9.917764107,84.28861629,9.835528215,3.733810949
6024,46,7,8,6.616492685,2,64,0.472145426,0.309808,0.828150732,12.595793,125.6576232,0.230453364,0.055317978,10,5.342755233,,0,12.66432945,83.91826846,7.328658892,3.279526553
6026,46,9,8,211.6152169,6,38,0.514482134,0.101771343,0.103591982,14.67844714,142.4773042,0.645035383,0.18193828,33,5.511810255,4,,12.82135952,80.26809129,9.642719044,3.840918067
6027,46,10,8,76.28121369,5,71,0.565774209,0.012119421,0.62002257,13.50893659,135.7874956,0.452172479,0.065756389,69,2.962499717,1,1,10.06052033,58.26306814,6.121040659,3.042563975
6028,46,11,8,108.1513028,5,39,0.495845351,0.022708653,0.450118308,14.68269763,114.8628302,0.212159826,0.08312462,61,2.246061025,1,1,11.71260979,41.78380114,7.425219589,3.222082174
6032,46,4,9,163.5754461,4,27,0.544506079,0.089249608,,14.41755077,96.20188021,0.31913523,0.188927627,65,6.040558801,1,4,9.009750426,60.65682387,6.019500852,4.270534659
6034,46,6,9,279.2976382,6,21,0.470863369,0.273242344,0.845327308,15.40479734,130.5253977,0.390487277,0.178345761,42,6.219323188,2,5,10.00266519,19.48456314,6.00533038,4.48906021
6035,46,7,9,127.5382559,5,33,0.53952745,0.7707080000000001,0.550114524,15.55651527,115.3732186,0.396584159,0.019536942,14,4.89071122,2,2,11.19806404,106.7867692,8.396128079,3.931894933
6037,46,9,9,105.6899049,6,28,0.575206641,0.041961121,0.291853357,15.16069084,37.65750318,0.344910075,0.134433243,45,3.262266728,1,2,6.867050466,66.84646393,5.734100932,3.952803901
6038,46,10,9,180.1757615,2,58,0.578718942,0.862851416,0.727372402,13.80888039,155.43581,0.325176642,0.021339327,53,2.06268485,3,1,7.227155771,53.85148539,6.454311542,3.844517888
6039,46,11,9,231.8141195,4,67,0.424541391,0.694843528,0.736627685,16.21974965,50.18431862,0.43738022,0.129981869,26,6.0418452,2,4,7.455416472,105.2235454,6.910832945,4.679357855
6042,46,3,10,11.4967369,6,68,0.436069323,0.753192347,0.269142579,12.21484664,184.6892858,0.374469046,0.010221592,7,4.813973287,0,0,8.89713702,85.64953058,5.794274039,
6043,46,4,10,6.429400505,2,52,0.42742188,0.020514741,0.684676818,13.03206165,26.68731256,0.204711118,0.076948278,9,2.464347125,0,0,9.351145361,74.88865523,6.702290721,3.161017048
6044,46,5,10,94.6608695,5,62,0.52223055,0.1136526,0.499931675,16.62515619,192.3559515,0.498027833,0.13067206,64,2.959407997,0,2,10.79175344,112.2548192,9.583506874,3.535419429
6045,46,6,10,196.1638725,7,67,0.521962616,0.163574631,0.313732177,14.68632035,141.8885368,0.396964051,0.172147643,46,5.115349208,3,5,9.714622415,89.58345255,7.429244831,3.849115823
6048,46,9,10,219.7018558,1,43,0.51872004,0.182244389,0.57808565,14.95372978,119.9500072,0.656477588,0.124827696,26,6.0438009,2,6,9.307627654,86.65266159,6.615255309,4.750225382
6049,46,10,10,111.6731339,7,53,0.546423282,0.151872175,0.320116417,14.71432814,65.83208957,0.322095553,0.089253515,51,4.795899328,1,,7.730182298,73.14557231,7.460364596,3.86905989
6051,46,1,11,73.56262259,8,69,0.554345103,0.002070757,0.068968432,11.79968256,185.2949524,0.260322365,0.153765826,63,9.165599769,1,2,8.222045865,39.61263256,6.444091729,3.430512231
6056,46,6,11,216.6301163,1,34,0.49146941,0.021990382,0.094445861,12.79227681,145.4933775,0.617372669,0.122041644,33,9.328094189,4,8,6.662376008,65.32143656,5.324752016,4.080359243
6058,46,8,11,118.2316578,1,53,0.421707897,0.205131736,0.084675939,16.38172668,76.00612969,0.511543022,0.058137812,16,3.55322512,,1,12.54540371,47.63016143,7.090807424,3.433248673
6061,46,11,11,195.8640488,5,34,0.577065257,0.841577332,0.292247912,14.98239056,5.119541122,0.656353632,0.029639028,56,8.72842748,3,3,8.323550311,56.032869,6.647100622,4.134791465
6062,46,1,12,200.524099,3,61,0.433065173,,0.448181811,14.08159432,114.0346065,0.28332759,0.172806195,,6.837125715,2,4,9.934219065,47.10749512,7.868438131,3.827361528
6063,46,2,12,128.2421797,2,50,0.516641247,0.00542649,0.66680373,17.04543732,72.14255602,0.59044271,0.161831611,9,2.358649081,2,2,10.91413184,45.54524082,7.828263688,3.110015655
6065,46,4,12,36.52076746,4,31,0.522646241,0.305769537,0.22510658,15.39426403,156.3455745,0.667269285,0.019654358,62,3.666186745,0,1,13.10792446,70.9246036,8.215848925,2.788421501
6066,46,5,12,236.0718872,2,27,0.551497996,0.095992866,0.373927895,12.38963987,68.37735154,0.259995493,0.10457317,65,4.462226718,2,2,11.54979993,62.33235908,7.099599854,3.890247018
6070,46,9,12,274.039958,6,55,0.466287086,0.556247273,0.682375381,15.26820317,72.6954794,0.352488842,0.106317236,12,,2,5,6.92677954,70.8232513,5.853559079,5.034801003
6073,47,1,1,34.32894189,6,69,0.560725598,0.478194534,0.672117819,16.39201936,131.6060721,0.394452579,0.131067838,62,6.898754445,0,1,8.106677422,63.83416136,8.213354844,2.656269847
6080,47,8,1,131.7163587,4,46,0.507162886,0.944835004,0.74685719,15.08706447,128.11399,0.39624397,0.16105346,28,3.425428143,1,3,12.38170248,31.04504933,6.763404963,3.775031855
6083,47,11,1,291.7850103,5,68,,0.441857759,0.269690764,13.22169512,82.67007411,0.555895512,0.183806124,8,9.79473477,2,5,12.01205284,95.89170712,8.024105689,4.510901832
6085,47,2,2,17.15461574,2,50,0.466322346,,0.6636329999999999,12.21267272,187.7135143,0.267183096,0.04901137,41,9.566045424,0,0,11.45148484,41.95227668,6.902969686,2.489074659
6089,47,6,2,3.206134854,8,46,0.53363972,0.44277099999999997,0.12398999999999999,14.24022342,72.32474076,0.361872869,0.089640879,62,5.310041452,0,0,10.02234635,74.04765667,8.044692692,2.800171071
6090,47,7,2,,4,38,0.510821314,0.102825975,0.239496881,15.9926844,45.82865376,0.370932878,0.01936503,23,7.938528308,1,,12.44038022,107.4030383,8.880760445,3.019378263
6093,47,10,2,143.8999379,,67,0.545728425,0.274525495,0.480720607,13.87296788,107.6494203,0.335192975,0.055133801,71,3.81308728,2,2,10.37387105,136.7049033,8.747742092,
6097,47,3,3,136.8525688,4,65,0.441612957,0.9068722,0.062154368,11.61046438,110.2667861,0.654252964,0.006418369,41,7.113655803,2,1,8.116924655,74.07468288,6.23384931,3.700758946
6098,47,4,3,22.14456864,1,72,0.448482733,0.189737069,0.76966417,14.86139119,12.31558609,0.356834887,0.109469267,55,2.769798472,0,0,11.81188399,53.89889113,7.623767986,2.220073872
6101,47,7,3,117.3103089,4,43,0.429217058,0.986898867,0.247478561,17.0297554,189.8856168,0.554617,0.026840752,31,6.499027405,1,2,10.46097522,68.27140542,8.921950442,3.9086109
6102,,8,3,20.76528836,2,23,0.489465185,0.987853886,0.712157653,16.67427195,59.64664538,0.562018332,0.069884212,12,4.761175214,0,0,8.263484419,102.2536816,8.526968838,3.6119611
6104,47,10,3,46.96646141,3,42,0.448272417,0.928539991,0.472686738,14.22098514,80.17015988,0.38383451,0.168444767,22,3.00412825,0,0,11.56721397,92.45548835,9.134427936,3.09062618
6106,47,1,4,250.9528932,5,42,0.460568999,0.795629476,0.379686582,12.6589527,144.9427203,0.543877898,0.037198095,20,9.353807621,2,2,9.699418168,45.86199451,7.398836337,4.756030233
6107,47,2,4,195.9044017,4,72,0.525994797,0.683773945,0.45894199999999996,15.23839392,149.7230906,0.233259808,0.160834849,42,3.046091322,3,5,11.4657744,104.5524259,6.9315488,4.549382798
6109,47,4,4,79.69109977,5,62,0.465348253,0.826684982,0.842643446,14.46385442,,0.356344779,0.120825758,7,7.415374089,1,1,9.702141344,117.218879,9.404282689,3.482254739
6113,47,8,4,201.6732461,5,60,0.444373,0.013352714,0.424725139,14.75037561,85.90955508,0.548874952,0.110908244,49,6.658027624,4,8,8.861319783,128.2647513,9.722639566,4.235975441
6114,47,9,4,,3,53,0.490373316,0.527416737,0.187778859,13.46623935,97.24077707,0.263204919,0.117296017,42,6.891889215,3,5,11.59235519,110.9774523,7.184710384,
6117,47,1,5,33.86224908,5,65,0.551091059,0.839188138,0.645938197,12.77865188,198.6590311,0.375176202,0.081991961,7,4.156077315,0,1,12.76591771,118.8438345,7.53183542,3.671101967
6118,47,2,5,235.8710729,8,53,0.475439552,0.003119303,0.385766709,14.89560065,175.3452314,0.614407766,0.13228829,27,6.346607512,4,4,13.94200036,108.1060677,9.884000725,5.090554449
6119,47,3,5,31.32697914,6,42,0.464310631,0.075961813,0.284840011,17.55540573,43.00539944,0.219290686,0.170441171,19,7.414212932,0,0,8.19744763,128.027649,8.39489526,3.930900148
6121,47,5,5,193.6034001,3,34,0.43360181,0.826167137,0.2858984,16.60133119,147.8231594,0.406757705,0.034211699,57,5.182074519,3,3,11.66740622,60.23774262,7.334812438,4.258532415
6122,47,6,5,138.2843063,2,69,0.44415557,0.848390226,0.550067561,15.0560388,20.03981524,0.614364925,0.130041066,23,9.151517835,2,,11.47557711,91.50161926,8.951154224,4.104978643
6129,47,2,6,220.0821559,2,33,0.4775531,0.056210161,0.347484484,14.50785643,155.1300834,0.605421534,0.010834574,40,4.562339543,2,4,13.17103135,104.6849108,8.3420627,5.272039861
6130,47,,6,236.845919,8,48,0.490274579,0.003276762,0.800624695,13.54794172,139.3572769,0.617200515,0.084557862,19,5.608493932,4,7,10.19330096,,8.386601913,4.694223924
6131,47,4,6,165.5876621,6,31,0.431798539,0.77702429,0.258585502,15.21761692,135.2145776,0.551834994,0.173595856,12,4.291757451,3,6,12.56534274,144.1943072,9.13068547,4.704547867
6132,47,5,6,100.7648476,4,43,0.569304939,0.128810101,0.67398225,15.20403385,37.48771605,0.323207473,0.095597657,65,9.078499878,2,3,13.00224103,113.1688543,8.00448206,4.257802962
6133,47,6,6,281.2498748,,18,0.47826384,0.11705338,0.318949869,15.30419036,12.1998145,0.574733791,0.129691837,42,8.076190293,5,11,10.61343909,84.52022388,9.226878182,5.098697883
6134,47,7,6,241.3579821,4,63,0.521869546,0.074818371,0.885502025,19.40348414,6.410646443,0.621193316,0.187766296,21,8.466234971,2,4,9.224157857,138.6579885,10.44831571,5.60151463
6135,47,8,6,160.9925767,6,38,0.538376161,0.4794,0.34374228,13.17408757,125.8532194,0.454931781,,66,6.439310849,3,6,11.9856042,64.03733724,7.971208407,4.698050463
6136,47,9,6,72.17604359,2,33,0.498524614,0.61502632,0.486477903,17.07198181,8.62023904,0.372991009,0.127147409,34,4.861576352,0,0,,107.3155806,7.857757564,3.824728344
6140,47,2,7,151.4794472,3,67,0.527961411,0.037708121,0.351578372,15.38636009,,0.310995024,0.138444532,25,2.494326469,3,1,8.659088939,92.99471911,9.318177878,4.51312735
6143,47,5,7,46.19647909,4,20,0.548710982,0.80309759,0.192871946,13.15626805,20.66084094,0.459734442,0.076578366,34,5.346897461,0,1,7.975704475,67.82330535,7.951408949,3.06966432
6144,47,6,7,187.5776831,3,69,0.49787782,0.059016148,0.413592124,14.46109924,178.014699,0.503921015,0.041107992,24,8.466149929,1,7,10.14505513,74.05400061,8.290110267,4.092317285
6146,47,8,7,223.2751199,7,42,0.5645821,0.021653079,0.708052706,16.20466684,48.47705659,0.485078606,0.093870343,50,8.993029413,4,4,8.002592687,120.6768153,8.005185373,5.599868789
6147,47,9,7,206.0914549,8,70,0.488525073,0.085922114,0.827609472,17.03866493,92.12210425,0.305762528,0.013426394,37,5.795242631,2,4,13.46592496,92.39295789,8.931849923,4.593462061
6149,47,11,7,180.8402031,6,43,0.576270234,0.008834931,0.203586315,17.99854065,162.1411933,0.565962504,0.100070379,19,2.187799791,1,5,10.44363369,119.0497525,8.887267387,4.436797559
6151,47,2,8,116.1594371,8,36,0.48281546,0.318487699,0.375634655,14.13158911,30.49000859,0.208387056,0.167948616,62,5.388828635,2,2,8.96199395,86.28521976,7.9239879,3.775527163
6153,47,4,8,20.69197239,1,23,0.478125846,0.153002565,0.296579854,14.99733515,,0.41262158,0.14831584,5,8.346671933,0,,12.33185286,59.58999771,6.66370572,2.730641007
6154,47,5,8,23.92408429,3,42,0.493893678,0.319600358,0.000811056,15.09496874,,0.646011762,0.024914462,39,5.449357912,0,0,11.9416493,104.7481742,7.883298595,3.603836645
6156,47,7,8,105.4768323,3,63,0.568184519,0.904783053,0.290392633,16.05533323,140.7099183,0.586161309,0.160404533,8,7.355430064,1,2,9.030740681,82.59939275,10.06148136,3.301666388
6157,47,8,8,95.58782232,8,36,0.559135354,0.218265252,0.246918055,16.51817141,29.49995543,0.409557819,0.048352801,9,5.829451379,1,1,10.62120634,39.46726416,7.242412676,3.066141842
6158,47,9,8,215.9485883,5,28,0.526881596,0.141858673,0.416517267,16.23520969,81.22517664,0.29874448,0.199098967,28,5.842063563,2,4,8.019560939,85.95852318,8.039121877,4.062852819
6159,47,10,8,77.1148502,1,23,0.503354104,0.842549265,0.483678603,15.46107809,187.1608786,0.495165273,0.047937554,8,4.793053291,1,1,13.14504338,116.4610849,8.290086762,3.972658789
6163,47,3,9,75.7124816,3,28,0.445543383,0.000780451,0.351619883,17.47641508,25.00126986,0.656318009,0.08162674,60,2.124305201,1,2,9.153563935,64.8175444,8.30712787,3.155453046
6166,47,6,9,99.97699601,1,41,0.564095522,0.022756651,0.15363782,14.76459639,58.15212499,0.380582977,0.061709572,55,8.424367963,0,1,8.869220219,143.7779535,9.738440438,4.260432141
6167,47,7,9,210.3290775,4,48,0.430503015,0.810628815,0.221907409,17.72019861,29.62150127,0.275289011,0.104410261,51,8.27638986,4,4,10.28899923,75.0578365,8.577998451,4.503009893
6168,47,8,9,272.9559527,1,53,0.548072805,0.27135847,0.443441197,11.87850336,198.6224478,0.464834463,0.076604352,57,3.139179172,2,2,11.2658352,26.72678633,6.531670404,4.386022987
6172,47,1,10,283.7547539,5,22,0.476730573,0.208707997,,12.20327391,74.49872611,0.319252782,0.062903393,45,6.876848764,2,11,7.89070773,16.22673632,5.781415459,4.070727186
6176,47,5,10,189.8681064,1,27,0.548607714,0.909586008,0.656457314,16.05832769,143.2826754,0.537468946,0.038013393,48,2.486667964,3,5,12.47684872,141.8066298,8.953697436,4.813023463
6178,47,7,10,193.2170641,8,53,0.479752131,0.322480951,0.403186865,16.40043394,38.23821742,0.275320803,0.143880294,60,2.690532657,3,7,8.111352188,126.5358694,8.222704377,4.600554029
6180,47,9,10,187.6588119,2,36,0.505604851,0.206152736,0.863988404,16.47916645,112.0293242,0.588492395,0.140869481,16,8.020588061,1,7,9.155092471,,8.310184942,3.889564067
6181,47,10,10,8.550207908,1,61,0.473008237,0.295678673,0.583911182,14.98570454,4.711223554,0.601061668,0.046861728,55,2.212971333,0,0,9.43650252,136.7152038,8.87300504,3.310076315
6182,47,11,10,177.8351337,3,69,0.492435369,0.174858456,0.076887302,12.11468756,156.4565468,0.448689047,0.090332837,37,9.99073376,3,7,11.39704864,47.75945105,6.794097287,3.463654343
6184,47,2,11,63.5230485,8,36,0.56376787,0.481657853,0.618857985,12.10555706,192.3743557,0.248863007,0.119575375,61,6.551839743,1,2,11.39197614,64.06626536,6.783952286,3.580606624
6193,47,11,11,16.15322058,6,,0.544673631,0.516649237,0.801474894,16.37011935,26.47681152,0.594037934,0.100073348,6,6.764297746,0,0,11.09451075,87.77331426,,2.999010512
6194,47,1,12,177.6244855,2,69,0.461782867,0.466894912,0.357906932,16.93861784,0.913788237,0.331394908,0.164769042,43,3.950512251,1,7,10.85478769,95.9150654,7.709575376,4.013879177
6195,47,2,12,185.8168669,6,28,0.483061214,0.018040993,0.466048772,13.94149382,127.8700083,0.338616011,0.039624093,5,5.852705487,3,7,9.856385454,72.58245555,7.712770908,4.268984919
6197,47,4,12,187.3659284,8,62,0.468679112,0.079904705,0.408042419,16.4435639,45.33277443,0.315840615,0.049188817,31,7.392833149,,7,7.579757721,54.56405596,7.159515443,3.106904074
6200,47,7,12,47.69921188,1,37,0.56094142,,,13.98078224,78.34451235,0.525833927,0.018850467,56,8.724075462,0,1,12.87821236,99.97497634,7.756424715,2.658412775
6202,47,9,12,8.53615024,3,28,0.532672977,,0.232349469,15.55655799,8.305338263,0.380483902,0.058541878,31,4.477499798,,0,8.753643326,144.8855151,9.507286652,3.338700268
6203,47,10,12,179.0806016,8,45,0.530789027,0.040879209,0.398433747,,82.06087604,0.299515386,0.155291595,68,4.238022437,3,5,7.647739866,57.61236245,7.295479732,3.774956213
6204,47,11,12,92.97524137,5,27,0.445993502,0.128016818,0.827145991,16.06985128,28.0990647,0.59777264,0.013587759,42,3.404909936,0,3,9.483250711,97.68217592,8.966501423,3.522297298
6207,48,3,1,135.1786535,8,70,0.515883063,0.399006414,0.674459385,11.24598378,132.7783426,0.447646474,0.115541716,29,2.586877779,1,2,9.358879877,10.421983,4.717759753,2.764113581
6208,48,4,1,214.4098832,3,36,0.429961523,0.185674971,0.465108024,12.76592909,111.2069107,0.604773106,0.01278813,11,7.101856344,2,6,11.09218283,20.85831834,4.184365661,
6213,48,9,1,294.3508128,6,19,0.465190225,0.237092444,0.527730396,9.639721574,146.3761919,0.517429055,0.111267744,65,7.727481628,2,5,6.466511985,6.05589324,2.933023971,4.713052938
6214,48,10,1,27.03774249,7,70,0.46153633,0.939567504,0.713305859,13.62479513,165.6987905,0.556716839,0.185174908,50,8.807727613,0,0,7.013775074,1.601638811,4.027550148,2.522851127
6217,48,2,2,173.8550177,4,66,0.425247081,0.595646917,0.262487963,14.05772333,44.15691104,0.56210664,0.007026176,21,2.271485423,1,3,6.254290738,49.46144815,4.508581476,4.487798867
6220,48,5,2,222.3491066,7,48,0.435626688,0.154352321,0.540270467,11.49771841,1.721641908,0.39212501,0.191352864,59,4.206283417,4,2,9.943176892,44.3976635,3.886353785,4.466858613
6221,48,6,,165.7003059,5,54,,0.002335991,0.535848799,11.89981246,125.4261225,0.550542196,0.106959282,9,2.732815474,1,,11.72211804,72.9035309,5.444236071,4.779549287
6226,48,11,2,236.1088782,8,33,0.551210631,0.074522877,0.813990692,10.66911287,169.2127907,0.213059712,0.007488947,37,5.030159312,4,2,10.5939516,26.63444855,5.187903191,
6229,48,3,3,259.6006554,6,59,0.449315207,5.96e-05,0.268086817,16.73102128,66.89565988,,0.069628476,54,6.569433538,5,2,12.73945627,68.84146012,7.478912531,4.646013477
6230,48,4,3,169.7662451,5,55,0.482646454,0.631716863,0.588764819,11.74021576,140.3178513,0.43041089,0.009191576,20,6.527662097,1,5,8.633453199,24.22788344,5.266906398,4.230259095
6231,48,5,3,245.149292,2,57,0.54936995,0.19812159,0.382023119,11.22471634,42.92797567,0.200454776,0.038700091,52,8.867984477,4,7,5.791509076,20.70228419,3.583018152,4.312818847
6232,48,6,3,99.64046424,2,71,0.538681221,0.078930543,0.484577726,13.903615,36.43938286,0.442698041,0.061717406,,5.794689044,0,2,8.724230553,54.22533272,5.448461107,3.775399138
6234,48,8,3,208.877034,3,54,0.466041185,0.592569552,0.728882742,11.46088836,56.64091319,0.247275583,0.186334013,23,8.096171177,2,8,9.922715756,10.55115086,3.845431512,4.070415665
6235,48,9,3,7.297710984,4,31,0.447260812,0.708160521,0.176783254,11.49976134,143.2792595,0.395194527,0.072471108,41,8.746281543,0,0,11.49986741,52.80046723,4.999734825,3.625034258
6236,48,10,3,130.6656525,4,,0.496822401,0.168443292,0.86480737,16.92686086,131.7154207,0.20047296,0.107996019,9,9.643617065,2,2,,121.0915472,7.696512069,4.079238685
6237,48,11,3,181.1013708,5,53,0.54792691,0.275985915,0.366085019,10.14928853,50.71537919,0.508249201,0.033908317,59,6.26560134,1,5,7.305160294,21.92564699,4.610320588,3.651959302
6238,48,1,4,127.8312702,4,29,0.513793085,0.066611969,0.037862388,13.56192512,197.6143913,0.464145127,,5,9.654388652,1,1,9.534402846,41.43711988,5.068805691,3.897622243
6239,48,2,4,205.8639811,4,28,0.498180367,0.30030885,0.772350466,12.024123,196.3170173,0.579956406,0.144711606,25,5.462263604,2,4,12.346735,36.00506383,6.69347,3.89237506
6241,48,4,4,279.7397432,7,58,0.470296323,0.001151774,0.114249786,13.17169232,75.69055047,0.298388616,0.199600959,34,4.024704111,2,5,6.762051291,3.835257544,3.524102581,4.582297214
6242,48,,4,203.9314603,7,24,0.431050594,0.009724859,0.768221666,14.99115081,44.80850313,0.36509318,0.163644589,65,8.493558487,4,8,6.77286156,23.22146753,5.54572312,4.392542591
6243,48,6,,159.2777714,6,54,,0.866881085,0.541349458,11.88005254,145.4207748,0.621083901,0.050159588,70,3.194949408,1,4,11.15558475,68.87048611,4.311169492,4.300110293
6245,48,8,4,210.3574656,4,67,0.44345799999999996,0.133488,0.49703337,13.88149715,170.0936383,0.383064177,0.13624766,38,9.511551255,4,6,11.71194286,53.42480741,5.42388572,4.336301151
6246,48,9,4,95.86673342,6,64,0.500153382,0.374785,0.332496591,13.99637632,107.5509963,0.39001199999999997,0.047908676,32,7.141048347,,1,12.33132018,67.89384445,6.662640358,3.716424277
6247,48,10,4,61.84803945,7,54,0.435972001,0.823881923,0.08678380000000001,13.56125698,84.43584502,0.33459962,0.088032718,60,7.400079048,0,,11.08958721,90.3322544,6.179174417,3.203919677
6248,48,11,4,183.7575791,4,27,0.571327308,0.150231456,,12.80643633,53.0305495,0.640545359,0.104986184,36,3.095746226,1,7,10.11468685,4.291236105,4.229373699,3.622908457
6252,48,4,5,130.6846119,5,38,0.541310297,0.510966176,0.487707052,15.42222315,13.86588454,0.246989837,0.065372575,28,3.395631307,1,1,8.012346194,34.70959082,6.024692389,4.038470981
6253,48,5,5,192.8314641,3,72,0.461030784,0.447663819,0.15443611,12.36090974,165.1797781,0.222611978,0.190728826,5,7.42364316,1,1,8.533838746,39.67251926,7.067677492,4.740784808
6256,48,,5,294.9433531,,72,0.571461377,0.717408283,0.762678518,13.28568677,156.2729599,0.34326911,0.05918579,21,8.251582845,5,8,9.936492647,31.65278803,5.872985295,4.637748949
6257,48,9,5,189.7290685,4,33,0.449976752,0.397409055,0.67914618,14.29023418,76.88088691,,0.162934673,63,2.920649129,3,7,8.0501301,83.87846844,8.100260199,4.967247091
6258,48,10,5,115.324329,7,21,0.565597,0.553078,,16.3021155,73.53172322,0.487960598,0.03411822,57,4.130096749,2,2,11.50117528,110.7411347,7.002350559,4.786878789
6261,48,2,6,232.7107679,1,22,0.431829118,0.056813256,0.660571309,,189.7486735,0.411981537,0.108565305,70,3.0934945,4,9,8.769635704,7.221642473,3.539271408,4.776975459
6262,48,3,6,66.06310648,4,30,0.454908094,0.014177927,0.696844568,11.70005529,100.3763911,0.340845524,0.140779032,16,9.140575422,0,1,8.166697386,24.00295216,6.333394772,3.054517377
6263,48,4,6,85.53304829,4,31,0.42218311,0.001024961,0.056028187,14.37763905,183.1211801,0.305299165,0.100278392,59,5.895388088,0,2,6.987577249,68.42499217,5.975154498,4.161151459
6266,48,7,6,40.93461512,3,71,0.556319526,0.082491255,0.035445262,15.64893232,195.4620849,0.250005792,0.172628178,44,9.767480892,0,1,,90.16033243,6.276591462,3.714589868
6267,48,8,6,138.5224726,5,43,0.467362679,0.393753009,,11.40582019,1.514679152,0.48965809,0.071538917,12,5.073284213,1,4,10.00323344,54.25529171,6.006466883,4.084349704
6268,48,9,6,105.2700885,2,35,0.513569017,0.57155574,0.204061883,17.36243695,11.4852602,0.343177687,0.034722624,16,6.968170645,2,4,9.090242747,102.8804376,8.180485495,4.417363907
6269,48,10,6,131.167875,2,27,0.561234157,0.647976659,0.007797882,15.90867777,51.53006086,0.387218,0.119591724,28,6.114020825,1,1,10.28259876,94.67051687,6.565197518,4.357772277
6270,48,11,6,119.8451723,5,57,0.46194041,0.016468825,0.76906825,12.86389006,57.55773217,0.511033,0.044747187,41,7.582918789,1,3,8.146605587,16.30009787,4.293211173,3.792990273
6271,48,1,7,113.1139038,8,33,0.57976007,0.368364326,0.852100709,15.51707083,177.8433507,0.459760915,0.176154062,32,2.962530828,2,1,11.06503935,25.59787366,6.130078705,3.371912828
6276,48,6,7,90.81654991,5,20,0.465308841,0.423856054,0.08226868,13.60954789,59.13155229,0.589516853,0.14933843,23,4.04263099,1,3,10.56085994,36.24884278,5.121719876,3.507737919
6277,48,7,7,73.28574279,4,36,0.537588451,0.268811934,0.163107274,13.44913185,39.28865575,0.676938713,0.008360942,53,7.867630291,,2,11.47173992,74.58308661,4.943479838,3.978029852
6278,48,8,7,72.90392935,6,38,0.460271008,0.604191116,0.365177086,15.71178246,106.1411205,0.519470416,0.050306305,31,4.274746215,0,1,12.17321248,100.0322711,6.346424954,4.482291878
6280,48,10,7,138.3649222,1,58,0.518501144,0.862306265,0.653423759,11.4403602,97.22794921,0.49313181,0.0505915,43,6.207541405,1,4,11.02242233,83.55973371,6.044844667,4.306102483
6284,48,3,8,277.5798584,6,63,0.54408714,0.278638444,0.380654401,12.41239351,70.80071378,0.625666673,0.05496905,63,,5,2,7.006885283,78.03360637,6.013770567,4.893851012
6285,48,4,8,3.897320819,5,71,0.453728826,0.683795746,0.792227792,12.33696479,163.393583,0.311739067,,69,8.400989617,0,0,,48.36349227,5.929960879,2.667612562
6288,48,,8,248.5912607,2,42,,0.578512656,0.719708879,13.65887057,137.0996733,0.606724784,0.036455569,62,7.823251619,2,2,7.588261426,8.80252867,5.176522851,3.814418696
6289,48,8,8,96.81799098,6,26,0.510466819,0.079526666,0.18161144,9.826348104,127.787002,0.60646953,0.002524271,46,5.081143297,1,0,8.125748946,48.00281555,4.251497893,3.466656077
6293,48,1,9,75.24643524,3,22,0.503433905,0.349926107,0.084819928,11.62476159,52.08173523,0.54036839,0.163707745,50,8.337798345,0,2,11.56931199,14.48816971,5.138623986,3.064753553
6294,48,2,9,251.6517612,3,36,0.462107183,0.285008381,0.320909016,11.4159704,81.57316887,0.638424924,0.031091221,71,7.774101854,5,7,7.45331689,68.32739333,4.906633779,5.047708267
6296,48,4,9,286.3313874,8,31,0.468324593,0.163786589,0.388474299,11.60472815,144.9989732,0.379865295,0.070792134,25,7.861376828,5,5,10.11373786,29.01321049,6.227475723,4.81552311
6298,48,6,9,59.30885981,,50,0.442597348,0.107383904,0.885549088,13.9406421,,0.611808242,0.160965214,68,2.317229547,1,2,7.744801166,73.76092713,5.489602332,3.32206848
6300,48,8,9,263.6355039,7,,0.571598406,,0.526367276,13.30461577,,0.305811844,0.122248918,17,2.847344192,2,7,6.391453206,26.59541754,4.782906412,4.444953029
6301,48,9,9,170.7780325,6,50,0.429531073,0.938368379,0.367039615,15.59334637,88.24005224,0.506371519,0.150559032,26,7.941609724,1,3,7.107414649,27.97185185,6.214829297,3.351365963
6304,48,1,10,66.38475245,7,27,0.514470905,0.030204226,0.533991937,10.68986281,194.1381065,0.473968998,0.053807365,53,5.265908404,0,2,9.60547934,32.60204227,5.210958679,3.347221225
6306,48,3,10,64.53811363,7,69,0.550598777,0.211419471,0.179762856,13.53150853,87.20509111,0.216522027,0.199015442,65,4.792948276,1,0,9.961949184,10.52867699,3.923898368,3.16925496
6307,48,4,10,,5,65,0.498142232,0.07345486,0.123465155,9.835012908,,0.341457997,0.045932046,62,3.717476939,1,3,6.130562726,5.42118143,4.261125453,3.244986599
6311,48,8,10,102.4883931,5,25,0.573623161,0.347945344,0.216309754,14.13449487,4.589710419,0.581284577,0.179906895,32,2.013502137,1,1,7.852497148,41.64195214,5.704994296,3.413271148
6312,48,9,10,12.585414,5,35,0.565749096,0.017832922,0.597155288,12.58429184,86.71980667,0.404877485,0.105980629,,5.107958621,0,0,11.65793991,43.90402399,7.315879821,2.875353538
6313,48,10,10,211.6599329,6,40,0.531887284,0.41530921,0.456027561,14.52224217,135.6608448,0.480428944,0.165212442,17,6.613203313,2,8,10.06791232,80.31513954,6.135824636,4.776145312
6314,48,11,10,290.802606,1,36,0.45624693,0.038136613,0.052535915,10.66811468,63.3099247,0.677298315,0.156087492,25,5.963044595,2,5,7.037841487,50.15986692,4.075682974,5.393902824
6316,48,2,11,37.18569006,4,70,0.579665093,0.764950137,0.29724900000000004,13.74142708,123.8512148,0.651247046,0.194795717,28,4.43295918,0,0,10.18968171,42.66879743,6.379363424,2.623841498
6317,48,3,11,62.5058874,1,56,0.564707685,0.556977146,0.005781526,14.48941459,134.0665586,0.377630293,0.190651189,31,6.1226043,1,1,8.494119214,59.41312693,4.988238429,3.378873432
6318,48,4,11,42.81339741,7,39,0.500635017,0.703121794,0.068653149,15.19943777,104.9400799,0.413357011,0.071682668,41,8.878207018,0,0,11.4441321,100.77081,6.888264194,3.13015595
6319,48,5,11,63.46699217,3,55,0.523320308,0.01636483,0.844572147,13.14533104,150.8980427,0.278704958,0.065755784,43,7.057411115,0,1,9.858517247,82.10361888,5.717034493,
6320,48,6,11,164.2127899,7,64,0.448103463,7.37e-05,0.230809472,11.66879417,160.9496003,0.453288646,0.133295441,45,8.014799534,1,3,6.593774542,73.42795823,5.187549083,3.858432159
6323,48,9,11,138.8360575,8,28,0.567596992,0.30949823,0.297471348,13.63567161,11.51953358,0.338955551,0.150728816,54,3.679740435,1,5,8.575373116,19.77845809,5.150746231,3.280631669
6324,48,10,11,130.8666757,6,25,0.455901345,0.206622126,0.855834576,11.67340332,153.5102567,0.674104354,0.019306715,51,4.688776369,1,2,8.151890735,66.75131074,6.30378147,3.507289146
6325,48,11,11,173.3653873,3,27,0.461956019,0.074940734,0.135910702,12.34381351,61.06127787,0.245428501,0.063930885,41,8.094092339,1,3,,51.35899996,,3.544206952
6326,48,1,12,250.8300053,4,20,0.480209121,0.814473,0.221651721,14.18937013,170.3221026,0.511441902,0.050433878,36,2.632386357,2,5,7.327427852,74.28438745,4.654855704,4.908208919
6327,48,2,12,134.1702042,6,24,0.540770652,0.248643723,0.720106237,15.46667172,55.8850338,0.490884935,0.015452917,36,2.971572709,1,4,12.5925954,109.3251847,7.185190799,4.162131374
6328,48,3,12,224.8089784,4,66,0.575086484,,0.305536678,12.49357131,180.2676366,0.327922647,0.101606125,,5.989070299,4,2,7.496428507,,4.992857014,5.305039206
6329,48,4,12,167.4389914,1,34,0.421115016,0.32794859,0.300927545,12.36963245,152.1203737,0.209072307,0.02129196,43,6.028272718,3,,5.316462474,2.605255436,2.632924947,3.895450174
6332,48,7,12,133.4073482,3,,0.50051562,0.766702598,0.376990032,13.30619194,185.3626095,0.634017762,0.070734273,32,5.793226921,1,1,8.392328855,69.56893158,4.784657711,3.853130824
6333,48,8,12,,3,23,0.491356263,0.649512479,0.192132608,10.97170428,24.30333967,0.645737626,0.028073438,21,2.024927485,3,5,7.20650238,33.48059087,4.41300476,4.127693229
6335,48,10,12,5.461445795,8,42,0.518782801,0.716774617,0.59998029,16.0488155,168.7184961,0.390455067,0.040893807,39,5.505603459,0,0,11.36045305,36.19897776,6.720906106,2.033629563
6336,48,11,12,183.0017563,2,46,0.507496783,0.77138426,0.039467142,,179.3038239,0.672760989,0.034653107,40,6.863032933,1,3,6.976598502,22.80979773,3.953197003,
6337,49,1,1,134.4724081,1,56,0.526197042,0.12074199999999999,0.349287991,16.13621833,73.63197277,0.412152421,0.188400798,,5.967929198,1,5,8.409010183,48.50961957,6.818020365,2.774112412
6338,49,2,1,237.1738571,4,19,0.545521434,,0.885208809,17.69745968,157.5961117,0.290649151,0.033822425,48,5.058768752,2,7,11.83192205,143.7160044,9.663844091,4.778748666
6340,49,4,1,129.3954933,8,52,0.525429022,,0.570260977,16.79894242,153.1179612,0.342051351,0.079686005,21,9.835197525,,5,13.88830135,126.6509406,,3.844872177
6343,49,7,1,113.8484846,1,40,0.477523332,0.0126553,0.777147767,14.32445534,154.6734994,0.206059512,0.019873903,43,4.369675785,1,1,12.06914186,124.8039285,8.138283711,3.873350463
6344,49,8,1,76.9161771,5,61,0.461123469,0.009765922,0.075251827,17.49818883,104.987316,0.372938477,0.142691878,64,9.424089712,1,2,10.16566046,108.057084,8.331320924,3.310825579
6345,49,9,1,142.0943224,5,70,0.555264436,0.026845006,0.154030644,14.35723919,14.27179419,0.262294121,0.080215779,27,3.545447909,1,1,8.087355103,84.00251988,8.174710206,3.343964142
6346,49,10,1,3.383741174,2,41,0.512309368,0.883028604,0.414269579,14.91418867,96.33446879,0.487221419,0.024368853,59,2.297464829,0,0,12.39677148,68.62000734,8.793542966,1.914427401
6347,49,11,1,16.5342382,1,23,0.563291097,0.591471181,0.182109631,17.30574331,119.7089684,0.449337049,0.067109829,69,5.335903766,0,0,13.61430184,142.2067113,9.228603682,3.771293068
6348,49,1,2,237.112256,7,66,0.453552618,0.37024700000000005,0.367987859,15.66768873,183.9837787,0.65412,0.014075609,60,9.234627723,2,7,10.81538263,82.50751798,9.630765252,3.841263684
6350,49,3,2,7.427321955,2,19,0.538384956,0.060793369,0.340693166,16.64313779,152.4419528,0.593757689,0.015834298,6,6.740868645,0,0,10.69063211,59.33016726,7.381264212,3.200550845
6352,49,5,2,249.6713212,3,62,0.526617714,0.19820468,0.78303179,17.3602404,95.19392313,0.576799408,0.005388077,68,9.115384824,4,2,13.08902245,67.43198057,8.178044891,4.148900343
6355,49,8,2,29.03239191,6,32,0.507682198,0.860450402,0.593856594,,172.8534581,0.351655064,0.176432962,29,7.995346777,0,0,8.128267567,125.7209588,8.256535133,4.363493111
6357,49,10,2,231.8221941,8,35,0.53088131,0.006623615,0.209817209,17.01560581,13.68286117,0.307027373,0.153552462,30,3.789681729,4,2,14.0086699,109.5191953,10.01733979,4.740874367
6358,49,11,2,80.92615315,5,65,0.510990695,0.585812445,0.158431767,14.12845644,122.2525214,0.274379562,0.126782569,11,,1,1,12.96025358,97.49428898,7.920507158,3.393085064
6360,49,2,,83.93188307,4,37,0.453706922,0.582899347,0.3357955,16.24989448,148.9727659,0.581353535,0.132965036,46,2.442622517,1,2,11.58327471,96.07929603,9.166549427,3.666187653
6365,49,7,3,294.3700711,3,33,0.449764658,0.818039727,0.238386765,13.73678734,61.24535097,0.677211414,0.17122825,19,7.53837609,5,5,13.29821519,80.52501204,8.596430376,4.484210879
6366,49,8,3,43.91760456,1,44,0.44826325,0.520220766,0.472735485,13.69362582,68.15575816,0.374793841,0.179287281,46,3.533674791,0,0,8.274236566,116.4817597,8.548473131,3.393815358
6368,49,10,3,235.0897808,2,55,0.520189275,0.002268629,0.4128892,13.77498302,94.19884296,0.463217222,0.055130124,62,9.799207935,4,2,11.76387945,112.355244,,4.494502406
6372,49,3,4,13.68406019,8,69,0.56503206,0.524289724,0.551804143,20.00879197,134.3970204,0.365748268,0.112991066,27,5.169547693,0,0,14.56043998,107.4151859,11.12087997,2.420920155
6374,49,5,4,16.5886478,1,24,0.545337893,0.991025285,0.670378432,15.68928834,190.3169075,0.603494164,0.023832741,66,9.97565127,0,0,10.82738241,98.53140303,9.65476482,2.818387859
6376,49,7,4,17.0940358,1,54,0.442296467,0.108037219,0.692598145,,22.96668702,0.25161,0.185228624,46,4.109495418,,0,12.90804406,147.6984201,9.816088115,3.366200817
6378,49,9,4,63.5579948,5,28,0.465693941,0.008998341,0.121320014,15.54032898,176.4544839,0.500214041,,6,8.022041362,0,1,11.74462721,111.2552207,9.489254425,3.434385342
6379,49,10,4,196.0341238,3,33,0.512135882,0.731960081,0.312371712,17.64451718,135.5229784,0.277638486,0.125219279,71,2.871540491,1,7,9.246953991,115.5753866,8.493907983,4.32737745
6380,49,11,4,89.58447618,7,23,0.563217911,0.021638594,0.597158613,14.75968216,84.77364626,0.201343433,0.131641043,6,3.160315315,0,2,7.75537898,114.3604117,7.51075796,3.854087444
6381,49,1,5,58.79999226,7,46,0.524997354,0.171100296,0.717246305,11.99818983,112.8425073,0.42935213,0.031145845,45,7.998525983,1,0,8.332327685,92.8892999,6.664655369,4.054929571
6382,49,2,5,287.4851816,6,42,0.441824569,0.266239766,0.627784492,17.01088691,94.21058427,,0.17193781,63,5.909434786,5,8,8.894937175,55.77211107,7.78987435,4.858371724
6383,49,3,5,210.2020108,1,31,0.452130957,0.757128203,0.240596167,14.63707699,49.19434235,0.609821512,0.086831575,37,3.738649822,2,6,11.24282055,126.8812263,8.4856411,5.012927117
6384,49,4,5,,8,32,0.427806906,0.500730058,0.709092919,17.94268095,104.177253,0.365536809,0.031308674,42,4.716770804,1,1,13.52371164,166.0076087,11.04742328,4.794655628
6385,49,5,5,120.1816802,4,23,0.500787397,0.202088032,0.851111101,15.66399254,126.2563814,0.507476635,0.151628644,18,,1,4,10.70221808,51.79774577,7.404436156,4.144768235
6388,49,8,5,256.7891533,7,18,0.438068595,0.174124933,0.498670338,17.73033141,63.18980959,0.391996995,0.005927342,38,8.556389101,5,10,9.294628558,135.603661,8.589257117,6.023928274
6389,49,9,5,32.95352482,4,61,0.467580384,0.280045236,0.443350097,17.67191881,86.90505062,0.239141725,0.159920614,17,3.434813315,0,0,12.37328823,128.3389263,10.74657646,3.62150654
6390,49,10,5,23.81729738,5,60,0.457506981,,0.844554351,15.24794031,26.42937845,0.335027709,0.137910262,55,3.333743822,,0,14.13774462,126.9270177,10.27548924,4.06341439
6397,49,6,6,224.0299463,7,21,0.478151257,0.092966074,0.232865231,15.74867391,10.16533701,0.213107094,0.025544995,23,4.92038632,4,4,10.86037439,142.5714741,9.720748783,5.095723906
6402,49,11,6,74.63282852,7,27,0.511765751,0.987843276,0.151253865,16.38714936,142.5219055,0.213397894,0.16201431,68,6.699793542,0,2,,107.7378454,9.319054842,3.935784459
6405,49,3,7,268.3897317,5,20,0.555020647,0.372713027,0.323138075,12.86141814,70.02298769,0.514877007,0.046157778,69,2.261622013,5,10,7.811898966,59.68420061,7.623797931,4.857898774
6410,49,8,7,253.8232314,2,56,0.558750632,0.803326702,,16.05969238,146.8507156,0.541092075,0.086584932,14,8.231548526,5,7,10.58871799,141.7881305,11.17743597,5.23441858
6411,49,9,7,239.4865225,1,52,0.479443626,0.345346,0.186828991,15.0882625,113.3483119,0.619455574,0.165314389,24,5.750885753,2,9,14.04903472,109.0350797,10.09806945,4.840524768
6413,49,11,7,123.7247328,3,22,0.538551375,0.081534977,0.415159257,15.23570375,160.0516314,0.534074442,0.186307677,19,7.437783076,1,4,11.46427986,66.10276096,6.928559725,4.675073121
6415,49,2,8,251.0479344,3,46,0.526623101,0.477258802,0.531946448,14.11079217,63.32659677,0.207577231,0.016163197,61,7.719645423,2,5,8.950440096,62.30706071,7.900880191,4.13313574
6416,49,3,8,34.10084479,3,49,0.54587284,0.417738765,0.169134464,17.12743805,88.97841589,0.372015293,0.179232705,14,2.787819512,0,0,10.51524336,86.63593127,,3.094743455
6417,49,4,8,137.6393283,4,54,0.556160059,0.560793477,0.750259551,18.70609302,99.41356164,0.478204877,0.074501256,41,5.328759853,2,1,,162.4856237,10.7845478,4.38979465
6418,49,5,8,247.2804966,5,63,0.457826521,0.058844588,0.326235,15.710964,194.5002657,0.590751094,0.195220603,29,9.960103863,4,7,13.83942445,107.0936441,9.678848892,4.203651983
6419,49,6,8,159.4911954,8,58,0.502238888,0.810566346,0.40735994,14.18540203,173.1094751,0.233101408,0.052523171,,9.093430038,1,3,9.54744557,127.3470274,9.094891139,4.145267873
6420,49,7,8,179.7452289,5,26,0.579433044,0.042224331,0.435422813,14.13469908,121.6853304,0.406405138,0.18707591,35,3.876050636,1,1,9.519277267,94.99377598,9.038554533,3.444216348
6422,49,9,8,28.01059514,4,45,0.540008506,0.195071748,0.83321242,18.79553475,162.3843602,0.380789098,0.15878043,58,2.726335347,0,0,10.88640819,96.15725298,9.772816384,3.141620037
6425,49,1,9,103.9987277,2,23,0.564235796,0.172035421,0.7174309999999999,16.32969166,40.37740565,0.266366085,0.070214705,67,8.355633065,2,1,10.07205092,63.85304341,8.144101847,3.706183819
6426,49,2,9,286.5431897,7,71,0.555531884,0.728823311,,18.0936996,112.1289841,0.30001665,0.012342772,16,4.37693667,5,,13.49649978,112.4831581,8.992999557,4.718426435
6427,49,3,9,293.7255183,3,55,0.475408968,0.183352846,0.591506602,14.046385,88.09888681,0.400165367,0.190540086,49,2.464117964,5,5,12.47021389,138.1181314,8.940427772,5.697954092
6428,49,4,9,215.2304594,1,68,,0.351085244,0.275355,15.72038108,80.28913192,0.50234214,0.082031255,34,9.956138747,2,8,11.40021171,123.194724,10.80042343,4.302236102
6429,49,5,9,254.9635726,3,38,0.477269788,0.700078239,0.461985324,13.50648408,36.37282181,0.665080665,0.013790262,7,4.777621972,2,2,7.614713379,99.82523182,7.229426758,5.535391887
6431,49,7,9,283.4885553,4,41,0.430743,0.023459898,0.766778028,19.91851569,106.8479225,0.398748714,0.196018177,15,9.134607774,2,5,13.51028649,150.3657201,11.02057299,5.120824023
6435,49,11,9,298.8564991,6,20,0.532227109,0.732608248,0.860132544,18.32528927,7.76955301,0.28729519,0.039782086,48,4.165227608,5,11,12.6251607,96.15244765,9.250321407,4.57886471
6440,49,5,10,23.92671951,8,45,0.533153962,0.835772024,0.379865193,14.14343526,74.27366569,0.664161163,0.071374006,23,3.211505434,0,0,9.524130698,85.3678667,9.048261396,3.007829974
6443,49,8,10,109.801585,,52,0.550591405,0.541110871,0.023718391,14.11048835,,0.456466494,0.00588729,65,9.717256877,1,1,8.505826862,111.5699051,9.011653724,3.851398101
6444,49,9,10,169.9647882,7,41,0.578492081,0.003644621,0.390242017,15.91745978,94.03571689,0.343912692,0.164673231,49,7.274648176,3,6,9.398588767,110.8871395,8.797177534,4.442592599
6445,49,10,10,148.7016106,7,29,0.517587647,0.117458332,0.154245101,15.26146623,114.641743,0.357483368,0.129617958,53,4.117499281,2,5,9.034147907,107.6728067,8.068295814,4.472853169
6447,49,1,11,247.8330482,4,44,0.506766533,0.331119562,0.306234921,16.0234172,38.37570997,0.610018405,0.09045556,29,4.534664619,4,7,10.457454,115.5137745,8.914907998,4.432119848
6448,49,2,11,60.16038068,,44,0.467445,0.366145411,0.453412587,15.6890391,179.6513253,0.33319413,0.052282789,42,2.055364438,0,1,13.27168839,58.80911102,8.543376773,2.963052894
6450,49,4,11,57.76811116,3,53,0.491643004,0.017566926,0.79844535,15.37501663,171.1030435,0.575274656,0.137745676,9,7.27963182,0,2,13.65278702,127.1273131,9.305574036,3.641269817
6451,49,5,11,28.92014975,8,66,0.50485227,0.003113217,0.734539905,14.06599402,168.8983696,0.44665147,0.097436276,45,8.87828928,0,0,9.481107791,,8.962215582,3.33000076
6453,49,7,11,219.2046831,3,47,0.574670331,0.095387569,0.37147034,15.54111884,169.0901282,0.600333041,0.005183752,11,7.600468751,4,6,13.74506602,123.7185585,9.490132039,4.586035757
6455,49,9,11,294.944547,1,37,0.528879391,0.680921996,0.835635683,12.52755542,166.581272,0.606065051,0.17077912,71,2.898444364,5,2,12.62641968,63.41527334,7.25283935,4.706366928
6456,49,10,11,,7,49,0.52080753,0.34533832,0.374811273,15.05594917,51.0640062,0.631435834,0.01860925,68,3.195571735,1,2,11.03108287,81.47150008,10.06216574,2.919421148
6463,49,6,12,213.5044894,1,36,0.558760347,0.177085638,0.411595675,13.32276208,106.118313,0.222993097,0.059587765,17,8.762388026,2,4,11.5126456,61.20300818,7.025291204,3.617663858
6464,49,7,,98.44074852,8,52,0.523476357,0.5456366,0.769986266,15.48319996,38.35780769,0.496922211,0.151238167,25,7.203418094,0,1,,71.37420025,8.314666627,3.743217441
6469,50,1,1,69.08777001,2,43,0.576636903,0.018161171,,13.11753066,116.1164522,0.434844047,0.183752368,50,7.252051623,0,2,9.84307259,27.35266459,5.68614518,3.380045949
6474,50,6,1,129.0362531,5,23,0.463445493,0.313534922,0.708476162,11.00378875,66.06454339,0.470326448,0.009102991,33,8.170807065,2,3,,48.41975188,4.448654164,4.022905828
6477,50,9,1,34.41267858,5,45,0.577586025,0.068478062,0.426939235,13.59542359,29.55529893,0.420827233,0.004228236,42,2.128327259,0,0,5.997457553,9.141863878,3.994915105,2.944633193
6479,50,11,1,127.0742355,6,59,0.524398,0.231415212,0.794618079,11.08535301,89.64674474,0.550407975,0.115295104,15,5.370079453,2,3,11.26964056,0.321046568,4.539281121,2.9783883
6480,50,1,,146.1103062,5,53,0.515219225,0.729205238,0.120730715,13.96376303,186.6588867,0.425025459,0.181633255,,3.003418418,2,2,7.757646126,78.60997794,5.515292253,4.381620734
6483,50,4,2,236.0784721,4,46,0.531301358,,0.855702337,12.26132263,191.8199033,0.568486166,0.018227525,65,5.822096397,2,9,7.367401461,70.36884554,4.734802923,
6494,50,4,3,274.1544952,3,47,0.422123744,0.003884163,0.209544983,15.36230569,22.05241099,0.493826231,0.054583634,17,9.078172531,2,10,7.979058715,88.03044733,5.95811743,4.817718233
6497,50,7,3,120.9167908,6,69,0.571386244,0.985765189,0.637934466,14.09480555,174.507855,0.45083,0.17757072,27,7.147480431,1,3,11.38600308,29.93807772,6.772006167,3.386626914
6500,50,10,3,47.05461626,1,,0.45793135,0.137233032,0.654876528,14.59573998,35.05526221,0.249686112,0.184938999,12,,0,1,11.10874443,97.68454618,6.217488866,3.213019934
6501,50,11,3,174.5708712,3,56,0.55204011,0.000590963,0.749702152,15.30099631,186.398356,0.336199215,0.059388324,48,9.897222783,1,5,11.94499795,39.80298596,5.889995904,4.35340068
6504,50,3,4,151.2110346,2,27,0.473883712,0.035280111,0.638204462,12.5003029,195.9772599,0.593804931,0.097428471,68,2.318500265,1,1,7.055723833,26.04470859,6.111447666,3.611087398
6505,50,4,4,281.1869278,3,61,0.475886698,0.184619,0.613993714,13.48977726,119.4379781,0.268120002,0.084560768,30,4.228537967,5,2,7.494320703,67.99637011,4.988641405,4.926550488
6506,50,5,4,,6,62,0.520200552,0.049498689,0.232388955,10.35981266,59.53798826,0.648434993,0.008326322,48,4.469538937,2,7,9.422118147,75.33982959,4.844236294,5.009484883
6508,50,7,4,266.0555444,5,61,0.526998986,0.687914911,0.38102337,13.23010371,136.5942569,0.526105912,0.166198564,34,8.194370138,2,7,10.90561317,51.44823607,5.811226346,4.925191499
6509,50,8,4,268.3628745,1,20,0.542913526,0.889058921,0.498464395,9.555604849,11.30897091,0.652436018,0.082948834,23,5.530258637,5,2,10.97533603,23.96837978,,4.230716525
6510,50,9,4,145.5875797,3,33,0.423626264,0.649438213,0.298353009,14.19763563,38.68222685,0.43222154,0.063820208,52,3.198549939,1,4,10.33201979,51.64650612,4.664039586,3.946216427
6511,50,10,4,199.8829203,6,25,0.42004692,0.325553372,0.624675045,14.75429026,162.0619775,0.387270561,0.043272885,9,4.757932207,3,7,7.19682792,60.00954308,6.39365584,4.612572198
6514,50,2,5,78.01525755,2,45,0.537445599,0.015627641,0.346857225,14.71469844,76.19364377,0.503067419,0.115919514,32,3.912108123,1,0,10.17483247,92.85961906,6.349664932,4.05781294
6516,50,4,5,110.0707009,,30,0.570900534,0.038992745,0.876787218,12.23271425,161.3222618,0.568500704,0.183165623,66,2.644665759,1,1,12.46261903,49.74955945,6.925238061,3.714850881
6519,50,7,5,35.07254347,8,62,0.441124291,0.0748067,0.844459048,16.17913535,35.03353032,0.618834617,0.184997317,,2.275201,0,0,11.43285297,41.23300167,6.865705948,2.832533561
6525,50,2,6,118.3411295,8,38,0.473376172,0.088408007,0.693056578,10.5979664,10.69976861,0.217078984,0.153384153,63,9.349630802,1,4,8.55442578,34.07769455,5.108851561,3.992061909
6526,50,3,6,200.7201773,2,38,0.511317659,0.009972767,0.436725452,14.29738761,186.7434867,0.212730632,0.143004602,31,3.644085378,4,6,9.942993119,38.35438996,5.885986239,4.993761321
6528,50,5,6,192.7077781,1,54,0.486909581,0.005352503,0.771313318,11.38088949,,0.613723417,0.130564051,21,2.14384052,1,7,6.433827496,1.745231819,4.867654992,4.312916026
6529,50,6,6,111.7160798,2,26,0.514388522,0.269366208,0.374946126,12.07744508,20.61916303,0.470948515,0.047038803,41,2.34214651,1,2,10.37635838,77.59195656,6.752716759,4.689411299
6531,50,8,6,74.79998568,8,43,0.568880702,0.344977649,0.207313269,10.81205836,41.25832788,0.426111342,0.073875643,43,5.098583591,0,0,11.67336576,65.88137683,5.346731511,3.868623014
6532,50,9,6,187.7807071,2,47,0.44256238,0.881717655,0.310812,12.35010633,79.69972381,0.374442354,0.053549189,53,9.889914126,3,7,8.527836851,89.02471536,7.055673702,4.819789223
6534,50,11,6,73.25104079,4,25,,0.127765175,0.54339639,12.22893566,109.5750574,0.342475443,0.131745625,68,9.89939474,1,1,7.349408702,1.110490737,4.698817403,3.096530694
6535,50,1,7,95.12312869,4,41,0.47864263,0.206383554,0.712155772,11.8885154,16.37364598,0.235636695,0.065328599,62,7.447525614,0,1,8.715841887,12.00952263,5.431683773,3.110217549
6536,50,2,7,288.375449,3,23,0.57645256,0.924243018,0.172109195,11.39996659,84.34463567,0.356102506,0.002959619,13,7.553474135,2,11,10.99998144,59.77384685,5.999962881,5.468117107
6538,50,4,7,216.9517884,4,57,0.537692922,0.118686711,0.277577151,12.24015969,125.1245273,0.302255763,0.003388017,38,3.689253176,2,4,10.91119983,49.1739882,5.822399652,4.083763209
6539,50,5,7,199.1368733,2,40,0.465891678,0.002719945,0.518571682,9.801258852,149.871748,0.59163163,0.038598448,51,9.067866213,3,3,10.11181047,9.032036432,4.223620946,3.985787695
6540,50,6,7,222.765182,6,19,0.427902982,0.636144984,0.198115503,12.2494794,170.5965205,0.609805428,0.160812171,65,2.204163523,2,8,9.471933,102.489318,6.943866,5.654907128
6542,50,8,7,268.0315945,7,25,0.504370533,0.553023764,0.782774124,11.10474655,176.9507817,0.286305416,0.191929685,55,2.354062071,5,10,11.28041475,30.96822012,4.560829504,4.608815265
6543,50,9,7,86.76231854,7,24,0.558317383,0.13877384,0.585097255,14.96162871,126.6727871,0.466570075,0.057389944,11,7.018249774,1,2,9.756460392,67.89585197,5.512920785,4.40881265
6546,50,1,8,6.22233664,8,39,0.426291854,0.940001532,0.566168279,15.06133755,3.886222437,0.576473201,0.105537828,40,,0,0,7.922965306,,7.845930613,2.558903958
6549,50,4,8,60.10264484,5,68,0.443856615,0.318911104,0.838863979,14.86845255,165.6940767,0.40922059,0.170921436,17,4.542819362,0,1,11.26025142,68.60530465,6.520502834,3.330645921
6551,,6,8,263.6947832,1,66,0.434570723,0.0166829,0.499343004,11.54621223,167.5139001,0.649874038,0.174920172,17,3.637299782,5,5,6.525673464,10.69685027,5.051346927,4.273054485
6552,50,7,8,204.44654,3,70,0.441140034,0.052751613,0.476468619,12.48560732,80.10643085,0.374957419,0.084546849,16,4.438196736,4,8,9.380892954,34.40413972,2.761785907,4.561673799
6555,50,10,8,157.1900525,7,23,0.446627088,0.644312331,0.174177905,12.6198524,34.96146012,0.569419886,,71,6.389805337,3,3,10.56658466,78.90207888,5.133169328,4.300562509
6557,50,1,9,46.2675382,2,70,0.5008859999999999,0.281132131,0.107726699,11.40379927,14.65787627,0.662636401,0.15559192,26,9.663797988,0,0,8.890999596,6.789389259,3.781999192,2.495337355
6560,50,,9,22.86721642,3,37,0.530072657,0.233896547,0.601358169,12.67030824,10.39098967,0.408592191,0.164712426,,7.725491547,0,0,8.150171242,,6.300342483,2.746941341
6561,50,5,9,190.9088459,7,24,0.573601412,0.16039822,0.352765,14.68905845,5.022236675,0.338687383,0.169318066,25,3.458016574,3,1,6.605032471,79.68508661,5.210064942,4.201063067
6563,50,7,9,86.70772607,6,22,0.470929849,,0.265675032,10.63066436,188.3697149,0.609729483,,20,5.342962276,0,2,11.57259131,37.19295599,5.145182617,2.977295533
6565,50,9,9,51.64185266,6,56,0.426610489,0.047849994,0.875688311,14.41368589,129.7301454,0.534237708,0.118553565,56,7.379221172,0,1,9.007603273,89.16891988,6.015206545,3.429735899
6567,50,11,9,263.9950252,5,36,0.513278983,0.019548227,0.23283489,13.11719607,101.7237151,0.2279224,0.086154509,69,5.978657321,5,2,6.842886703,89.2465386,5.685773406,5.527122112
6568,50,1,10,70.55343102,5,46,0.569522223,0.072931106,0.444155057,11.97566104,191.8325477,0.415165006,0.003596741,41,2.3063961,1,2,10.20870058,68.43719369,4.417401158,3.468643889
6570,50,3,10,208.2027987,7,70,0.515054216,0.145166551,0.43815849,13.41706369,18.23805618,0.537399588,0.096990917,39,8.941376839,4,6,11.45392427,56.34686875,4.907848544,4.325761278
6571,50,4,10,131.0526193,8,41,0.537812707,0.559388063,0.202319424,12.49594304,109.5913468,0.455767996,0.101549181,60,9.35997991,2,5,8.05330169,54.56984765,6.106603379,3.306534323
6572,50,5,10,268.2182102,2,34,0.44366654,0.374078222,0.679433633,9.208556354,140.644433,0.344472017,0.173964791,32,5.180727742,5,8,6.782531308,29.67131791,3.565062615,4.7840941
6575,50,8,10,249.3682141,2,58,0.483714214,0.045845254,0.671398588,11.49308916,163.131705,0.633561492,0.080897847,24,8.04167126,4,2,10.49616064,70.90670299,4.992321286,4.539136439
6580,50,2,11,205.770537,4,24,0.494269761,0.345796516,0.800066012,11.87577035,158.8485226,0.231091349,0.182898491,13,4.472942381,4,4,8.597650193,16.28909695,3.195300386,4.088628969
6582,50,4,,260.7050963,5,,0.566891842,0.665851954,0.495719982,9.10594729,4.282913306,0.651198625,0.180518844,16,6.240073435,2,2,5.725526272,16.7808153,3.451052544,3.756921114
6589,50,11,11,134.7764527,3,32,0.448221997,0.8557720000000001,0.186748771,11.40049476,96.42664041,0.674165341,0.137426559,26,2.608716152,2,4,6.444719309,15.726495,4.889438617,3.296546204
6592,50,3,12,136.8676586,1,35,0.494222744,0.709053546,0.269204709,11.63551686,100.3867741,,0.109035352,52,7.444795137,1,2,6.464176032,1.308337949,2.928352063,3.494501372
6594,50,5,12,59.01333709,1,52,0.537464363,0.584226782,0.340584273,,5.318836685,0.608372742,0.05832934,25,7.416527775,0,1,8.53884643,13.03842865,5.07769286,2.485971134
6595,50,6,12,148.6347823,5,41,0.507198973,0.012372219,0.29959561,11.95380744,47.59827147,0.266191468,0.191217852,20,2.459603744,2,4,9.196559691,31.62843027,4.393119382,3.542057516
6596,50,7,12,200.9778441,2,69,0.552448891,0.114401774,0.403122584,13.44488023,97.24284422,0.508040116,0.184534227,34,3.590203737,2,6,8.024933463,39.29915731,6.049866926,3.411768421
6597,50,8,12,31.01406359,3,26,0.484502374,0.111114437,0.379470772,14.33607548,126.4918829,0.286087957,0.146593468,42,3.677045459,0,,6.40893082,25.06468748,4.81786164,3.131911935
6598,50,9,12,129.7204467,6,69,0.542114542,0.701258134,0.882263712,11.00078096,109.1480379,0.278834947,0.009258626,15,7.114829492,1,1,10.66710053,10.04390666,3.334201066,3.043926271
6599,50,10,12,287.9573457,1,48,0.571132678,0.246553078,0.609717567,,54.53068852,0.374809484,0.144218135,52,4.643842605,2,8,8.479364888,31.48597733,4.958729776,4.487661201
6600,50,11,12,21.84043282,3,69,0.421458887,0.42022875,0.812654727,13.16455158,39.27080114,0.499959914,0.157942358,25,7.024949917,0,0,10.31363977,8.295627539,4.627279537,2.697362346
6601,51,1,1,14.31917602,5,,0.505828919,0.113318779,0.216725701,12.51988055,166.2216411,0.243071073,0.050299308,48,2.868013119,0,0,10.9554892,11.93477703,3.910978393,2.470660895
6602,51,2,,296.2571211,,39,0.564567949,0.280602702,0.80198386,11.25454504,117.064816,0.612578583,,16,9.253953059,5,5,6.363636133,7.937851414,4.727272265,3.859046511
6605,51,5,1,268.5430646,5,31,0.420663,0.124348858,0.696969286,10.90796378,69.83412494,0.290348646,0.013786912,62,8.292468531,2,10,9.171090991,1.593895877,4.342181982,3.786717645
6610,51,10,1,181.1931469,5,62,0.42589509,0.442108674,0.726244037,9.569875757,82.53944112,0.25829141,0.058183418,13,5.581968322,1,5,5.98326431,14.45320044,3.966528619,3.87251578
6612,51,1,2,158.3275012,1,50,0.570498188,0.037592179,0.59804144,12.88500525,105.8698353,0.327417329,0.004151134,21,7.234255797,3,1,6.713891807,17.60247331,5.427783613,3.408566496
6613,51,2,2,15.58112388,7,57,0.515748292,0.634210609,0.021306827,10.17790996,72.88891745,0.573521279,0.124992487,63,5.683414814,0,0,10.76550553,23.74697508,3.531011066,2.896817093
6616,51,5,2,148.9889254,5,51,0.494052537,0.735831833,0.210351523,12.08852773,140.6563699,0.456065073,0.136734522,6,5.036445492,1,1,8.826959852,66.62675204,5.653919705,4.172882766
6617,51,6,,197.50997,4,29,0.579986871,0.780950644,0.871953185,15.03782613,56.50356784,0.350743305,0.077872205,13,7.615166194,1,7,11.79879229,76.36704132,5.597584588,4.479955418
6619,51,8,2,247.6812936,4,36,0.463618842,0.323628558,0.383371258,11.27147387,26.65579917,0.460825581,0.12497974,25,5.231176191,2,7,10.92859659,65.61570712,5.857193185,4.567421663
6620,51,9,2,211.1988302,3,45,0.427658,0.045789007,0.663655992,14.05063087,41.28026277,0.565207188,0.03893854,17,6.465451834,2,6,6.250350486,32.21243537,4.500700972,4.257850493
6622,51,11,2,281.2822794,7,,,0.991952289,0.704167174,13.96027061,89.50541956,0.45031332,0.097357934,62,2.944136323,5,5,7.200150338,31.76058164,4.400300675,4.654062103
6623,51,1,3,166.9084183,3,66,0.448183456,0.979912549,0.735834839,10.53915976,142.7840501,0.318532216,0.058177964,18,2.675069382,1,1,6.521755425,73.80161455,5.04351085,4.239100814
6625,51,3,3,66.46809913,5,31,0.547954944,0.043132078,0.56227011,13.31143103,145.7096144,0.359693834,0.036394419,30,8.537699699,0,0,9.839683904,28.80948237,3.679367808,4.008893781
6626,51,4,3,254.1537189,6,38,0.495098397,0.826697175,0.85259146,10.1447405,171.229015,0.474171434,0.049819817,50,4.490902353,5,10,7.302633611,52.70580796,4.605267222,4.974512179
6627,51,5,3,133.7490718,3,33,0.579944983,0.815273653,0.191678319,11.23344352,73.73394155,0.574525464,0.059647943,38,9.247079071,2,4,8.907468623,87.58442369,5.814937246,4.342095755
6628,51,6,3,179.4653341,8,22,0.5421520000000001,0.050828771,0.136165718,10.29317345,21.19125738,0.591864806,0.168436692,63,3.571856784,1,5,6.385096363,1.969266832,4.770192727,3.629988507
6629,51,7,3,110.1624102,6,58,0.54931769,0.013327703,0.123099263,10.69039557,155.5849404,0.371187417,0.026028965,46,9.110161847,2,1,6.605775317,51.62499206,5.211550633,4.084791521
6630,51,8,3,198.312952,5,53,0.459044204,0.469476457,0.833926929,14.63333423,100.5538087,0.361714682,,71,4.53924861,3,5,8.129630128,91.49859981,6.259260256,5.188182291
6632,,10,3,41.75782914,8,18,0.460170226,0.858740342,0.759390477,13.56836838,54.61584082,0.397824682,0.119917027,53,9.145847662,0,0,8.09353799,96.10639018,6.187075979,3.88898589
6634,51,1,4,244.3023066,4,70,0.566557646,0.039368188,0.339022505,10.99503766,6.485277952,0.575426078,0.137600049,24,5.978895326,4,7,7.775020921,51.55470728,5.550041841,4.280616077
6636,51,3,4,52.46076891,5,32,0.495108821,0.032340669,0.474006085,13.54028134,130.5314795,0.423162214,0.010135662,65,4.745650469,0,1,10.52237852,62.3169091,5.044757049,3.840632679
6637,51,4,4,196.6720328,5,31,0.474114028,0.447138251,0.757004547,10.3081782,35.81761413,0.299697481,0.02546107,54,4.625655899,1,5,8.393432334,69.11664007,4.786864667,4.306810514
6639,51,6,4,73.04843944,7,70,0.54535708,0.217419405,0.545710391,13.20262225,132.4083545,0.339943904,0.161012605,37,7.71095305,0,2,9.33479014,55.79068168,4.669580279,3.353208391
6642,51,9,4,297.8252265,1,21,0.520537498,0.511744382,0.169228077,13.12432209,87.74513445,0.518757475,0.157714101,18,9.450626221,2,5,9.291290048,18.10319518,4.582580095,4.299591691
6646,51,2,5,87.90729346,3,53,0.433043415,0.369399113,0.047895251,10.17178238,12.67384039,0.662457581,0.166756688,40,5.977707885,1,3,6.317656877,15.53810424,4.635313754,3.557235761
6647,51,3,5,198.9314702,2,32,0.520944076,0.059424499,0.420966004,12.69752297,5.486005652,0.451998691,0.108475236,30,5.275524609,3,1,7.054179425,64.19459563,4.108358851,5.451578918
6648,51,4,5,4.924776814,8,34,0.480072563,0.443586634,0.733228305,12.41571748,155.5095029,0.400364608,0.035193072,17,6.838834224,0,0,10.45317638,52.38308309,4.906352751,3.527022083
6650,51,6,5,123.2503488,2,31,0.506889045,0.184233554,0.312247189,13.12285451,53.49416036,0.342381708,0.187059002,24,5.19607258,1,3,10.29047473,35.56189592,4.580949454,3.632152079
6652,51,8,5,202.4082019,4,30,0.428282936,0.33799272,0.174252786,14.66654993,85.31540848,0.582831857,0.016953528,23,6.208796985,2,8,7.592527736,,,4.118330818
6653,51,9,5,157.7192481,1,,0.4782957,,0.570629956,11.87620194,177.6332212,0.433475003,0.014287,25,7.479956741,1,3,6.709001077,49.10634303,5.418002154,4.628685065
6656,51,1,6,246.3105552,7,24,0.444328598,0.006985269,0.674979569,12.87995302,61.6469179,0.385216447,0.009187154,38,6.054796693,4,9,6.711085009,82.9838698,5.422170017,5.1258231
6657,51,2,6,120.7436491,4,37,0.42262097,0.989546256,0.022849764,15.89048422,164.3860919,0.370732573,0.107003732,26,3.749397345,2,3,9.272491231,70.12176333,6.544982461,4.786966103
6659,51,4,6,30.12891138,1,37,0.567895626,0.989873359,0.892220169,12.12778224,167.647724,0.295467129,0.163209889,29,2.357409287,0,0,7.404323469,38.89013221,6.808646938,3.034533773
6660,51,5,6,229.7510299,2,66,0.549471562,0.154120752,0.468234154,15.75014285,5.10274091,0.603678764,0.093707113,12,8.589111211,2,4,,71.34489765,6.389047613,
6661,51,6,6,251.3685948,6,71,0.43732141,0.478981911,0.521714673,13.70994176,71.03082682,0.498250313,0.181022047,24,6.033383694,2,7,7.172189865,,6.344379731,5.278844789
6664,51,9,6,217.1275438,4,48,0.575787238,0.564437408,0.713572964,13.2344548,173.586644,0.457487861,0.072629668,63,8.237424999,4,4,,,5.816060889,5.122828283
6667,51,1,7,87.15131685,5,69,0.528062664,0.062370233,0.364266176,,162.9749139,0.621051678,0.049948542,45,,0,0,11.66807841,6.204720445,5.336156826,3.391237547
6669,51,3,7,59.45522565,6,24,0.510162503,0.722726092,0.140420109,15.75757436,152.6888827,0.251691035,0.181992642,13,6.057192391,1,0,10.19865242,72.82446154,6.397304842,3.790692706
6670,,4,7,160.7711845,4,27,0.42520600000000003,0.015202258,0.682742328,11.42789598,52.0929921,0.368450789,0.041488506,43,8.830764546,1,4,11.45994221,54.98126216,,4.321206833
6671,51,5,7,289.3874048,4,31,0.420728761,0.017325977,0.308230593,8.610729647,68.00398737,0.396099788,0.050037526,9,5.307456435,5,5,7.450405359,19.62229892,2.900810719,5.17519828
6677,51,11,7,218.9909467,3,28,0.537444315,0.139003471,0.660987182,10.19350443,159.7261918,0.564033095,0.059337513,29,3.372141514,2,4,10.32972468,28.5748901,4.659449369,4.804708094
6678,51,1,8,20.60972462,1,36,0.422743451,0.177625443,0.787670804,12.01200705,147.170191,0.318143388,0.028135673,61,9.521509978,0,0,6.228892805,44.48011496,4.45778561,2.681644274
6679,51,2,8,190.5592428,5,45,0.482683222,0.000548827,0.60252869,12.55385732,63.01086825,0.584048214,0.038276085,24,5.10164903,,3,5.974365179,46.54516032,3.948730358,4.038223799
6680,51,3,8,293.5616137,6,36,0.422960848,0.758696958,0.524885484,14.66912399,198.7078775,0.519070168,0.185446173,66,4.911819449,2,8,7.149513326,93.05557443,6.299026652,5.497551989
6681,51,4,8,82.5846002,,61,0.487961127,0.764286821,0.475493403,10.79898587,9.563619126,0.539418233,0.010137602,47,8.631426307,1,0,8.110547703,8.701506477,4.221095406,3.221651019
6682,51,5,8,201.4865103,2,47,0.528521248,0.410692563,0.767006059,11.27940365,103.1187541,0.377334867,0.06877996,59,2.255637757,2,8,10.93300203,64.99764561,,4.535767916
6684,51,7,8,11.27287088,6,64,0.467321366,0.016127487,0.208110397,15.24704861,136.9587885,0.543539585,0.101838636,31,4.315292829,0,0,7.470582559,42.63930105,6.941165118,2.548612883
6685,51,8,8,230.7126571,1,31,0.449807243,0.82324506,0.894467006,14.78170951,72.44473765,0.66200955,0.081818305,17,5.673520771,4,9,7.656505282,84.74331539,5.313010563,5.07816372
6693,51,5,9,295.5053027,6,52,0.565344338,0.133937513,0.718973666,11.95044546,136.7818832,0.272363621,0.118190896,48,4.748771337,5,2,8.750247479,57.54799049,5.500494958,4.953910505
6695,51,7,9,53.68677267,3,68,0.539397956,0.35565199999999997,0.404560188,13.05194919,54.27831121,0.374548652,0.073933333,7,8.982239554,0,2,12.36219399,92.00481508,6.724387985,3.635246411
6696,51,8,9,34.65352009,7,49,0.55845578,0.386851705,0.041362276,11.29849302,83.62885347,0.352456162,0.182442362,35,7.012181958,0,1,7.832496124,17.27583738,3.664992249,3.42664939
6697,51,9,9,144.5223368,5,48,0.443687384,0.23266987,0.779526025,,169.07254,0.627796,0.033629666,18,7.69403684,2,5,10.39242232,57.59880131,4.784844643,4.05850821
6698,51,10,9,47.02837237,8,56,0.444128672,0.259011497,0.41217772,12.9051595,52.05099294,0.205932538,0.141174806,24,7.941465343,0,0,9.725088608,41.22060666,5.450177217,3.073742571
6700,51,1,10,291.0636545,4,50,0.448843029,0.37484,0.561871405,10.86364528,164.8060813,0.572406989,0.162123056,57,5.426490253,,8,8.702025153,29.7803481,5.404050306,5.118683406
6704,51,5,10,145.8136647,2,25,0.549952011,0.681107213,0.157955317,14.42057804,25.23580253,0.418993993,0.098882441,23,9.608106456,1,,7.011432243,93.73681698,6.022864486,4.276949713
6705,51,6,10,148.0608205,1,54,0.56533801,,0.605984092,11.94294529,177.2701132,0.558609617,0.004159884,51,6.347172075,2,4,7.190525163,47.54332344,4.381050326,3.864169042
6706,51,7,10,48.73045072,7,28,0.449814446,0.005531199,0.384935733,10.89986744,157.3840161,0.531180667,0.040254787,53,4.547738808,0,1,8.722148578,49.02069411,5.444297157,3.517708103
6707,51,8,10,277.8702649,4,34,0.421183895,0.065650632,0.039646952,11.85043406,185.446376,0.24744666,0.057636763,44,4.230218305,,8,10.69468559,83.16058124,5.389371177,4.989417916
6708,51,9,10,166.568047,4,38,0.564945881,0.091402262,0.306844354,11.45372837,123.9236113,0.470423485,0.027053269,22,,3,1,10.47429354,62.22010157,,4.642467628
6715,51,5,11,220.5611221,4,26,0.538421256,0.129471,0.44746967,8.819792612,84.37875199,0.243191147,0.147899695,31,6.907434172,4,8,8.010995895,24.84789375,2.021991791,4.179510549
6716,51,6,11,163.0406886,4,30,0.451968545,0.348399099,0.7633620000000001,10.44729642,197.8820577,0.624835684,0.040388076,36,8.020371199,3,4,6.470720232,17.43214659,4.941440464,3.707273911
6718,51,8,11,103.0549697,7,30,0.557399967,0.09636514,0.294008613,11.05931442,187.1093435,0.429972633,0.054344761,65,6.875514911,1,1,9.699619123,45.52245574,3.399238246,4.085611326
6720,51,10,11,43.19690788,5,47,0.553600878,0.247872855,0.46973607,14.33983685,11.81341824,0.616261968,0.072486132,30,3.71168742,0,1,6.411020472,71.56265135,4.822040945,3.255916619
6724,51,3,12,112.0892798,3,52,0.554900096,0.353670999,0.721308092,10.65165191,154.6868336,0.330739,0.072995397,38,5.338822623,2,3,8.584251063,29.42984115,5.168502126,3.549724401
6725,51,4,12,255.488373,7,36,0.509424898,0.15828517,0.571355788,11.83341604,36.65835335,0.526767352,0.150753018,49,8.759069978,2,5,6.685231134,63.00939034,5.370462268,4.640945326
6726,51,5,12,127.9084387,8,47,0.575464042,0.45118400000000003,0.863099386,11.09118504,185.5703926,0.450394404,0.117745706,6,6.227620751,2,3,6.828436136,28.27288037,5.656872271,2.422026746
6729,51,8,12,110.6321343,5,61,0.475481079,,0.29773311,14.32772156,181.7377901,0.556108282,0.063251403,34,9.016593524,1,1,7.959845314,20.59427735,5.919690627,2.479967357
6734,52,2,1,24.75625611,1,36,0.43160107,0.014656106,0.236146238,11.04551285,179.0080333,0.508246479,0.043732275,52,2.579909094,0,0,7.247507136,69.36530652,4.495014273,
6737,52,5,1,148.3351865,3,30,0.567439101,0.067008478,0.866779001,10.36022072,28.00939487,0.522146506,0.168352122,64,2.125237326,2,1,5.755678179,21.00772515,1.511356359,3.633920434
6738,52,6,1,47.24685749,1,59,0.574001321,0.442459219,0.659575658,9.259622574,66.02096605,,0.052734006,25,5.143418179,0,0,8.255345874,18.66351038,2.510691749,2.931526753
6743,52,11,1,80.18090558,3,18,0.444989485,0.00954636,0.005948853,12.34493216,63.82183685,0.320164326,0.174797036,26,4.977357787,0,3,7.858295643,11.29360607,3.716591285,3.59577779
6745,52,2,2,161.9309103,1,27,0.552930556,0.667251763,0.785270189,14.77945488,81.07333564,0.633826113,0.191689992,5,2.827321925,3,3,6.655252714,62.79909756,5.310505427,4.301024578
6746,52,3,2,162.7669781,7,25,0.563931286,0.087181981,0.554774,10.62703048,2.115939109,0.530714829,0.072379892,21,5.959357104,1,1,8.015016934,41.07276348,4.030033868,4.343905778
6748,52,5,2,97.71587429,4,62,0.430923777,0.212623222,,12.32262526,108.244012,0.619619817,0.184740933,9,9.054766427,1,0,7.512569591,105.6172957,7.025139183,3.653586825
6751,52,8,2,243.1770445,2,32,0.51192525,0.017794404,0.243282765,10.01078278,97.63035692,0.211340484,0.017389517,36,4.348874845,2,4,10.6726571,6.585894706,3.345314198,4.694466259
6752,52,9,,281.0525098,2,50,0.543931846,0.940746254,0.845326294,14.12251007,100.8144512,0.353289493,,33,4.625909254,2,11,6.845838928,14.74083977,5.691677857,4.049218013
6753,52,10,2,219.9433806,8,57,0.484375902,0.305871632,0.075920151,13.25227172,83.10182488,0.268307985,0.08158456,50,9.702758893,4,8,7.806817622,,3.613635243,3.922202883
6754,52,11,2,155.3348411,8,26,0.568764404,0.000967386,0.234667525,11.6203635,135.5941656,0.677678223,0.017026487,58,6.568081487,3,3,7.011313055,17.31866398,4.022626109,3.47178542
6755,52,1,3,26.48852589,6,68,0.528023742,0.057100927,0.381685703,12.60123213,91.94305826,0.622717031,,52,5.841272569,0,0,11.00068452,37.67268647,4.001369033,2.995365095
6756,52,2,3,182.2533501,1,,0.495133248,0.306742024,0.539231269,11.90042291,161.2510126,0.504232823,0.0875814,23,,1,3,10.72245717,85.75714759,5.444914341,4.432527588
6760,52,6,3,175.407591,3,65,0.450625986,0.77001042,0.044381597,11.51022581,177.3570283,0.602297497,0.183739889,44,9.880865381,1,1,10.95012545,4.045541316,3.900250896,3.93622846
6761,52,7,3,157.475218,8,31,0.45030618,0.083631126,0.331315949,16.74795192,164.6329395,0.232610054,0.008812416,56,3.113095744,3,1,10.30441773,60.21662979,8.608835463,3.076257857
6763,52,9,3,128.6739293,7,53,0.438702315,0.728976922,0.583235448,12.14400397,108.2763685,0.424473396,0.084518105,30,9.887133491,1,1,8.746668872,33.10308499,3.493337744,4.04405442
6764,52,,3,186.1203023,7,62,0.534978252,0.277133863,0.38552015,13.99430986,130.5583049,0.571126883,0.000146609,67,8.404024953,3,3,6.219061031,16.36951996,4.438122062,4.255379948
6766,52,1,4,,4,39,0.577817416,0.5559484,0.522376233,13.08968394,190.4507138,0.313030134,0.084886055,55,7.014452374,2,,8.827602192,14.99172284,5.655204383,4.290073381
6774,52,9,4,77.84924734,5,33,0.528105154,0.508396011,0.720912666,13.27130743,,0.578319737,0.126746297,19,8.309247768,1,2,7.92850413,56.11307738,5.85700826,3.552358238
6776,52,11,4,207.0243281,4,49,0.568094645,0.121879073,0.0419724,13.23735095,159.5927048,0.426279752,,53,4.032525698,4,8,8.798528303,1.72434093,3.597056606,3.749222417
6777,52,1,5,203.7853621,4,39,0.465284959,0.355909835,0.716199562,15.29937895,190.7876333,0.542510271,0.042675059,56,5.139253706,2,4,10.94409942,69.14771623,5.888198839,4.865223971
6780,52,4,5,125.6270663,4,51,0.579631761,0.085020605,0.657424462,11.73764109,37.36396873,0.30162747,0.111825608,26,6.879788658,1,5,10.07646727,61.65116149,,3.929896367
6781,52,5,5,61.4549751,,46,0.525466429,0.476174184,0.606472079,9.761091872,150.2243288,0.240079882,0.038736914,70,2.326962086,0,1,10.08949548,16.57936001,4.178990969,3.189964087
6782,52,6,5,161.0978882,6,45,0.526933954,0.536689655,0.253477484,15.22929485,89.95904147,0.526865532,0.057312562,39,4.340377749,1,1,6.905163808,81.4215474,5.810327616,4.359393807
6783,52,7,5,208.5676013,3,63,0.434621133,0.815823874,0.420473661,14.12534991,167.9478699,0.675043965,0.111071406,29,5.421491451,2,6,8.847416614,62.6266115,5.694833228,4.929565831
6784,52,8,5,137.4925261,3,69,0.468734359,0.267877495,0.047661262,10.71074768,50.09907134,0.385229731,0.052752989,27,7.826690825,2,4,11.06152649,40.31639661,4.123052979,4.336316771
6785,52,9,5,248.3151752,6,27,0.445320466,0.245009686,0.374293836,14.35137181,14.67401659,0.460601723,0.12942564,59,6.98956867,4,7,,1.475004397,4.834857562,4.589512422
6787,52,11,5,52.38696036,1,44,0.550372974,0.336636943,0.528173463,13.17417987,169.1730137,0.465231337,0.197000799,46,2.598117832,1,0,7.318988816,15.8879724,4.637977631,3.536036766
6789,52,2,6,164.6137152,1,30,0.564510911,0.528954513,0.051184316,13.64704929,188.7472586,0.422652802,0.12077208,27,8.663173548,3,1,11.02613849,42.24902382,4.052276988,4.647124647
6790,,3,6,249.5438601,7,32,0.443198888,0.024031357,0.401611807,12.43252661,156.6128619,0.357335,0.048776696,30,8.221530315,4,7,8.462514785,34.91258157,4.925029569,4.625289039
6793,52,6,6,122.7244561,4,33,0.437165506,0.081960043,0.315506473,11.45335899,111.4389155,0.276055646,0.166974503,64,7.195891444,2,3,6.918532773,1.02466788,3.837065546,
6795,52,8,6,173.9733534,7,50,0.539450431,0.705053399,0.486342116,,178.3466138,0.520395954,0.086150615,67,,1,3,9.673654741,22.35212486,5.347309483,3.53315394
6797,52,10,6,142.7616374,6,39,0.444337242,0.115002775,0.574921669,13.5872654,197.6657883,0.331562237,0.067313236,14,9.578458182,1,,5.992925224,8.894848963,3.985850449,4.640453046
6798,52,11,6,126.052353,3,62,0.420790994,0.933678319,0.760791634,11.72930919,,0.270280115,0.061697635,35,4.107461516,1,5,7.071838438,0.759062078,4.143676877,3.815102691
6799,52,1,7,145.0688718,2,69,0.566891128,0.01623801,0.726576853,14.2744717,54.00046532,0.227588911,0.009071953,25,9.169195322,2,5,10.93026205,31.26507584,5.860524109,3.862391193
6802,52,4,7,206.0285123,8,18,0.549092418,0.066726518,0.562265212,12.51557424,51.69997847,0.446391109,0.024011525,47,2.392180111,2,4,7.953096799,26.5442907,3.906193599,4.544066979
6804,52,6,7,58.45112704,1,32,0.515632861,0.18513028,0.234932324,10.32703726,122.8663704,0.24340699999999998,0.093428692,10,5.192972759,1,2,9.848354035,9.371381115,3.696708069,3.224377174
6806,,8,7,238.8037239,2,48,0.518205,0.010084188,0.762647631,11.22928593,,0.356805432,0.164375126,28,9.586802773,4,9,8.90515885,82.03341743,5.8103177,5.466650634
6808,52,10,7,70.30838681,2,44,0.495717312,0.045196162,0.407731479,12.45473778,37.27826181,0.548737957,0.067601915,5,9.506183428,1,1,6.919298767,6.849143626,3.838597535,3.384754161
6809,52,11,7,75.70768602,7,29,0.553353218,0.008267952,0.198626474,11.6423288,72.3636435,0.585979444,0.015488375,19,9.259772388,1,0,7.134627111,31.95193345,6.269254221,3.105985743
6810,52,1,8,158.6806441,4,58,0.54571707,0.111748692,0.704216407,9.437718202,134.4475573,0.381795138,0.07979803,9,9.873045107,1,4,7.909843446,22.05986863,,4.452022431
6811,52,2,8,57.8891145,5,58,0.506872531,,0.612853452,9.661508097,171.652667,0.30133433,0.133842624,59,2.722861235,0,1,,53.08627932,4.06834233,3.744114822
6812,52,3,8,96.12365548,3,45,0.441965358,0.001656824,0.657159606,13.15800269,37.36057174,,0.016327312,23,8.522988325,0,0,6.75444594,11.98731866,3.50889188,3.357489324
6815,52,6,8,58.6372593,6,40,0.52642644,0.55914789,0.586871278,13.01529678,71.1849916,,0.141160505,70,7.908679265,1,1,10.78627599,26.75552345,5.572551973,2.842948753
6816,52,7,8,238.5513021,5,67,0.465631612,0.058235069,0.024736689,11.44586698,77.56855681,0.619793111,0.199521304,69,2.800655605,,7,9.025481653,80.48930091,6.050963306,4.921640522
6818,52,9,8,243.10643,2,61,0.531859766,0.007404294,0.660401528,8.072965337,6.657146735,0.320575969,0.100147752,17,3.470778809,4,2,4.596091854,13.10471167,1.192183708,4.164504769
6821,52,1,9,205.2069076,6,25,0.549549054,0.161512819,0.647271158,10.64319351,95.07006687,0.421044,0.192581044,68,5.394387852,2,8,9.023996393,8.110564623,4.047992787,3.815285089
6824,52,4,9,261.3724609,1,59,0.578504379,0.095024699,0.680231466,9.37302886,151.3810212,0.369762336,0.103913789,9,8.456006475,2,10,8.873904922,40.50121949,3.747809844,4.4655624
6828,52,8,9,243.4922293,5,35,0.454102816,0.27868943,0.63733798,9.8875528,106.5505254,0.298717488,0.154513277,37,6.521005438,4,2,8.159751555,36.09162293,4.319503111,4.607780144
6829,52,9,9,169.9279237,,68,0.48008077,2.38e-05,0.729603887,12.06403791,115.5889641,0.338725777,0.199205756,51,8.548529478,3,1,8.813354392,40.85000038,5.626708784,3.748035827
6830,52,10,9,72.99380323,6,33,0.554052515,2.22e-05,0.144366463,,141.5885242,0.60566836,0.089974482,24,6.361707416,0,1,7.040493447,91.64789485,6.080986893,3.234543774
6831,52,11,9,127.9846991,5,59,0.477618571,0.150547295,0.35186483,10.02741854,66.11463861,0.224983338,0.143170351,43,6.298293858,2,2,7.681899191,35.36174543,3.363798381,3.623258432
6833,52,2,10,77.36401677,6,55,0.564850151,0.342423616,0.65911822,9.321359358,75.69342398,0.528709717,0.048468495,40,7.058127279,0,2,,47.2680449,3.690399287,3.429267921
6834,52,3,10,119.8512003,8,25,0.454214907,0.104371403,0.524007166,12.2987689,179.153385,0.218053873,0.032879769,42,3.763852157,2,4,11.38820494,74.24026658,4.776409886,4.69981473
6837,52,6,10,155.2779449,4,65,0.504763331,0.543232869,0.433187616,12.87191381,32.42530248,0.218841593,0.190797982,66,2.31631639,3,4,6.595507673,11.96462316,3.191015345,3.226450767
6838,52,7,10,122.3288763,3,,0.560126242,0.343326948,0.631433011,7.822438471,37.48930537,0.616390644,0.00864002,17,2.522510451,2,1,7.012465817,7.68625559,2.024931634,4.094991863
6841,52,10,10,13.69929095,1,67,0.444867313,0.941606962,0.761191289,13.99972916,126.8295827,0.483076908,0.050246428,69,2.365066758,0,0,6.777627313,80.77086988,5.555254625,3.313120754
6847,52,5,11,,6,69,0.530622275,1.42e-05,0.179254855,12.30509227,23.1172752,0.586650357,0.034767196,28,7.301039527,3,1,10.28060681,38.51373558,2.561213629,4.228971578
6848,52,6,11,192.638776,4,31,0.422269833,0.070813093,0.553813816,11.33991619,78.68939257,0.227398477,0.129520288,59,4.488443246,3,7,6.744397883,1.611286696,,3.695749116
6849,52,7,11,290.500946,8,30,0.491091148,0.499240551,0.290577833,12.63491978,170.6411019,0.368257249,0.152248804,37,8.627285664,2,11,6.463844324,15.66057091,2.927688647,4.892548579
6850,52,8,11,247.9893411,7,49,0.486115704,0.983697371,0.697639039,12.54941942,31.41687834,0.381485409,0.17047565,36,8.700799691,4,2,5.416344122,0.031175246,2.832688243,4.174138094
6851,52,9,11,96.49372632,2,63,0.543219211,0.221838281,0.680153069,9.021426035,99.44364182,0.597965,0.188206468,26,2.32820591,1,2,7.67857002,,3.357140039,3.668340823
6852,52,10,11,,3,53,0.434571657,0.620931,0.86465502,9.802426143,180.5622672,0.674324451,0.067507323,64,,1,4,6.112458968,28.70878241,,4.072549325
6853,52,11,11,166.9040394,1,44,0.533084264,0.87733986,0.109448644,9.994544378,29.59653131,0.47517573,0.035474496,45,,1,1,8.219191321,11.61377037,4.438382643,3.117242674
6854,52,1,12,167.6645555,7,59,0.472015846,0.116364908,0.537044588,11.69828037,102.5693271,0.626219532,0.054747516,68,3.015115555,1,6,9.054600205,31.22901344,4.10920041,3.773078432
6856,52,3,12,118.6053612,3,35,0.492145059,0.59465211,0.767814103,11.25057692,24.19903608,0.427759547,0.001814633,44,8.575304115,1,1,8.36143162,10.39722991,4.722863241,3.083147038
6857,52,4,12,299.1566986,5,22,0.458042855,5.77e-05,0.64424335,11.7960491,94.75425825,0.415154819,0.028259831,27,3.531125588,2,11,10.66447172,47.1905893,5.328943445,4.812941939
6858,52,5,,149.4184097,1,44,0.535399033,0.056660625,0.83097017,11.2129639,104.67838,0.281349367,0.128962807,32,3.27066665,2,1,5.784979943,4.648012449,3.569959887,3.478356834
6859,52,6,12,296.9800199,1,61,0.521950694,0.050522824,0.084005207,11.65965213,67.75481381,0.379557263,0.122047937,14,2.96438134,2,,10.58869563,30.88093082,5.17739126,4.516689783
6861,52,8,12,18.77518952,7,37,,0.239280373,0.291530056,14.20702057,166.2481469,0.60866245,0.148378082,35,8.902312099,0,0,6.337233647,26.5762291,4.674467295,3.587601589
6862,52,9,12,38.42226646,2,30,0.480564397,0.951369763,0.802940712,12.70988764,60.6992641,0.572567857,0.17755932,18,6.991341708,0,1,9.061048688,24.7158631,4.122097375,3.113149079
6863,52,10,12,121.9357753,2,56,0.557770533,0.006902076,0.43892416,10.88941035,158.9956719,0.650897959,0.001635196,7,9.112494495,1,1,9.160783526,5.010215019,4.321567052,3.191368039
6866,53,2,1,39.89210561,5,69,0.507708,0.142578396,0.576222784,12.14112517,196.9997298,0.503338255,0.142821031,57,2.651845339,0,1,9.411736204,53.99401647,,2.311827057
6867,53,3,1,200.0363733,4,47,0.477395498,0.014666134,0.008946123,13.46966889,16.46205957,0.353096,0.071545777,39,2.322337489,2,4,6.483149385,33.18043669,4.96629877,3.923068161
6869,53,5,1,48.9593336,5,56,0.497850176,0.17836304,0.01729577,15.21166248,90.48094473,0.519405914,0.044761092,35,8.046840675,0,1,8.895368043,55.53976212,5.790736086,2.583712452
6871,53,7,1,149.4310795,7,20,0.452530153,0.019644407,0.0303259,16.03419578,49.5907222,0.395647496,,32,9.352139341,2,5,12.35233099,79.28950219,6.704661975,3.78074728
6873,53,9,1,14.23514497,4,30,0.464762109,0.372177856,0.018531583,12.44224517,153.3438361,0.475579679,0.078077068,19,5.952928968,0,0,8.023469537,77.97379452,6.046939073,2.620168964
6875,53,11,1,116.7757416,2,38,0.497765082,0.02095127,0.69734991,14.25066748,167.581703,0.54958041,0.11094706,55,9.31196469,2,3,11.91703749,70.17789402,5.834074978,3.91395026
6878,53,3,2,275.2622223,6,55,0.465799272,0.322106,0.181257738,12.58492626,147.0219583,0.529712219,0.082705475,7,2.300805975,2,2,7.547181254,40.6655944,5.094362508,4.723936629
6879,53,4,2,172.9724864,4,60,0.562138,0.365586069,0.820574557,11.08752595,57.87660938,,0.028967951,26,9.874667952,3,5,9.826403304,22.90115598,5.652806609,3.562759934
6880,53,5,2,24.48373883,8,67,0.568983296,0.188374138,0.647381682,13.90691896,129.5939176,0.596214,0.094022469,29,5.975192487,0,0,11.28162164,78.45258338,6.563243286,3.044522449
6883,53,8,2,,2,25,0.493999791,0.308236314,0.186213261,12.61925149,35.69157235,0.539455317,0.173982745,57,9.468060642,3,,7.67736194,76.34370533,7.35472388,4.22503388
6885,53,10,2,71.01198212,5,37,0.540284408,0.387386233,0.668816318,17.04808327,18.24143942,0.456480632,0.153846054,70,5.510090602,0,0,7.915601815,62.30358787,7.831203629,3.438021309
6886,53,11,2,197.8595957,6,19,0.525096093,0.007391746,0.580027545,12.36721288,142.0198729,0.259637547,0.084271032,13,9.64545196,3,3,8.53734049,37.94599803,7.074680981,3.539539626
6887,53,1,3,206.5904549,1,46,0.432437869,0.777338722,0.813373621,15.33658907,19.98985537,0.338175303,0.172644158,34,5.841327126,4,4,10.52032726,56.74139949,7.040654526,3.962676352
6890,53,4,3,224.6192722,1,19,0.472421,0.016755258,0.615177775,11.66216723,73.65878401,0.527589562,0.198529068,25,5.392685234,2,2,7.145648461,47.15995091,6.291296921,4.201472909
6891,53,5,3,222.6863094,1,59,0.436180138,0.060201516,0.662889265,15.04957831,30.47759688,,0.188949588,47,8.278342364,4,6,11.47198795,63.55733453,8.9439759,3.897699035
6893,53,7,3,67.975983,2,56,0.482958745,0.844815931,0.024990516,14.31039001,160.0528346,0.275065318,0.174066374,36,7.746370596,0,2,7.95021667,85.98205426,5.900433339,3.997647602
6895,53,9,3,295.4103507,5,60,0.497367202,0.281556,0.414302825,12.7985404,12.5470386,0.500881867,0.0902759,,2.561246526,5,5,7.221411334,97.63897405,6.442822669,5.174753287
6897,53,11,3,117.6322565,5,58,0.446451978,0.046984902,0.682330471,13.47230647,52.36868427,0.498086139,0.19506404,50,3.009162,1,4,,71.08823152,7.191451629,3.475716184
6898,53,,4,103.8144061,6,72,0.534245,0.708985368,0.430751578,12.05075585,154.709045,0.264841779,,25,7.660161649,,3,9.805975472,13.80929722,5.611950944,3.297230682
6899,53,2,4,176.4412586,1,39,0.507048863,0.501774152,,14.49206629,120.5137033,0.212382929,0.083299791,60,4.148937333,3,3,,98.14486078,7.213406994,3.833517592
6900,53,3,4,156.5910378,8,21,0.459628782,0.168399917,0.512559,13.89021776,96.35019681,,0.019671302,64,4.310979333,1,3,13.38345431,126.5651989,8.766908627,4.582516863
6905,53,8,4,105.8943451,2,66,0.487769965,0.28126354,,12.71196212,30.5004521,0.519413766,,65,6.665613721,1,2,8.17331229,51.54423731,6.346624579,3.888959832
6909,53,1,5,141.9135735,3,47,0.513305248,0.021839433,0.814658614,13.87569235,132.8223047,0.426237594,0.051347538,50,9.49386955,2,5,7.153162419,52.69035448,4.306324838,4.490886765
6911,53,3,5,175.0994253,3,22,0.494844108,0.012392419,0.877968103,12.03466335,52.16134875,0.678176679,0.13046966,20,5.854213923,3,3,11.35259075,67.54067729,6.705181497,4.931558659
6912,53,4,5,19.75371798,6,42,0.523290825,0.790435761,0.145408912,15.56666557,44.46860379,0.640612273,0.189501372,43,2.970920539,0,0,7.648147541,80.06203933,7.296295083,4.037885118
6913,53,5,5,117.4637671,3,39,0.551688668,0.474640868,0.212773254,11.9344545,158.2909896,0.574348973,0.040781573,15,6.844442187,2,3,11.29691917,96.07594746,6.593838334,4.132491886
6916,53,8,5,261.8765282,2,61,0.566441638,0.492600604,0.296526846,17.81035176,23.95761122,0.304095283,0.070227475,25,2.83853982,2,5,9.339084313,60.8597234,8.678168626,4.469638337
6919,53,11,5,227.1959656,4,43,0.537623096,0.000398548,0.266049737,12.08893479,77.57370093,0.678454266,0.079676069,23,7.100525443,4,4,8.271630439,38.66332709,4.543260878,4.735227013
6920,53,1,6,298.3094486,8,27,0.436018516,0.506559302,0.700912961,13.20708529,11.6186238,0.615962496,0.139339824,65,5.341240137,,11,11.44838071,80.92459692,6.896761429,5.14024532
6923,53,4,6,120.3387233,7,62,0.441522052,0.239493398,0.19230214,15.92735794,194.8578956,0.611654658,0.010265789,52,4.68461672,1,3,10.84853219,78.06445564,7.697064375,4.566490831
6925,,6,6,153.6187749,7,19,0.423255634,0.280686171,0.721052287,15.01636863,172.3089301,,0.069306054,9,6.494024691,3,6,9.453538129,109.8388014,8.907076257,4.666557473
6927,53,8,6,172.5148177,7,54,0.471758474,0.854715161,0.727267093,14.28460345,186.6116016,0.47766509,,24,3.048431522,3,1,11.49144636,71.22134886,6.982892721,4.498447842
6929,53,10,6,15.47791196,4,24,0.457676045,0.435421969,0.203415362,16.78880492,141.0956326,0.236332229,0.00533199,56,9.149148524,0,0,8.327113844,136.3825012,8.654227688,4.409342935
6930,53,11,6,285.0548606,1,42,0.465075214,0.410333011,0.898850692,11.53675756,128.8422666,0.481776531,0.077077196,27,,2,5,12.07597642,52.50586133,6.151952844,5.314526736
6933,53,3,7,256.526121,3,31,0.42028354,0.834377552,0.299132,12.65434775,102.7895232,0.352732498,0.140979177,22,7.569054712,5,7,8.696859861,75.00249258,7.393719722,4.854250167
6934,53,,7,193.4076869,5,21,0.431706931,0.006003818,0.331207681,13.44195066,174.8771013,0.348872181,0.038294999,14,3.173888408,3,7,10.57886148,111.3739348,7.157722951,5.423416333
6935,53,5,7,109.2827721,6,33,0.488943693,0.686746447,0.100649741,13.37945416,166.4964919,0.304072,0.0873779,23,6.974643105,2,4,11.5441412,37.76223197,7.088282396,3.382363719
6937,53,7,7,126.6781332,3,48,0.567553471,0.730353,0.654680285,16.33349132,15.03764474,0.623314097,0.044447587,33,5.143826862,1,2,11.51860629,53.10378572,7.03721258,3.877160172
6939,53,9,7,274.8693094,8,66,0.577472897,0.466417768,0.374940936,12.59144334,49.58834633,0.526925703,0.053774422,19,,2,8,8.661912967,58.18634081,7.323825933,4.866546767
6940,53,10,7,91.14736879,8,32,0.465895974,0.287316576,0.024014521,12.99517595,164.1178649,0.232434545,0.088778642,63,4.650403417,0,2,9.219542192,31.75884364,4.439084384,3.526129685
6941,53,11,7,176.9257744,4,50,0.539334927,0.387558462,0.034049081,12.14842196,55.74265089,0.240532158,0.175041676,27,8.365254142,3,3,6.860234424,31.12489272,5.720468848,4.521578565
6942,53,1,8,166.2867333,1,21,0.511868691,0.55114546,0.292425262,14.57247924,14.12417754,0.406542075,0.054176563,15,3.534859154,1,1,11.0958218,70.01876159,6.191643605,4.144295901
6944,53,3,8,26.04049104,4,35,0.495448753,0.623499114,0.419025051,13.24818776,190.6963737,0.323432117,0.090557971,68,3.88212282,0,1,8.915659865,80.0654062,5.831319731,3.732240374
6946,53,5,8,34.02093723,7,18,0.499357661,0.229174116,0.135038991,12.09075817,85.05049228,0.365143154,0.147652047,24,5.707411221,0,0,10.82819898,22.9239004,5.656397969,2.924140941
6947,53,6,8,269.2918057,2,30,0.516025314,0.612817217,0.563437303,12.78280672,120.3032639,0.647353905,0.096601156,8,5.600418993,2,5,7.657114844,76.72780452,5.314229687,5.456331693
6948,53,7,8,174.6414433,6,30,0.517205084,0.120936255,0.53676262,12.73298388,3.440842393,0.374135443,0.193326612,52,8.435534275,1,1,11.18499104,100.2026217,6.369982086,4.455241279
6951,53,10,8,34.84958989,5,66,0.500656258,0.088508308,0.160102337,14.86979726,180.8938453,0.558472709,0.060649571,,4.191580018,0,0,10.26099848,61.14992234,6.521996958,3.214918786
6952,53,11,8,104.166915,1,34,0.479373054,0.563116964,0.656957894,11.82220706,90.31089756,0.641678248,0.123160117,40,6.656082393,1,3,10.23455948,63.58322287,6.469118951,3.870899056
6955,53,3,9,151.5272257,1,25,0.423912098,0.006806433,0.327781677,16.76187691,140.2867154,0.239601789,0.084492891,36,5.960738267,3,6,10.75659828,59.7737003,,4.233501619
6957,53,5,9,25.05458956,3,61,0.537643386,0.003534221,0.775844252,16.01544013,23.04273075,0.494444111,0.029186174,57,9.196595744,0,0,11.34191118,69.58163751,6.683822368,2.923101611
6961,53,9,9,161.1245555,6,43,0.470425958,0.260795447,0.874101572,15.56372932,199.4087499,0.387468277,0.121551318,47,2.708842264,3,3,10.20207185,117.9632958,8.404143693,4.912010313
6963,53,11,9,213.4536998,5,21,0.578266723,0.482197271,0.479531589,13.78339339,98.0901657,0.437528839,0.033064333,48,8.030781041,2,4,9.768551884,86.53287283,7.537103768,4.364830602
6965,53,2,10,27.63667741,3,37,0.486514762,0.105117402,0.697748,12.78740466,58.5568281,0.227605304,0.025173926,30,8.971915299,0,1,10.21522481,55.4940862,6.430449623,2.774965826
6967,53,4,10,258.0578729,1,26,0.531414441,0.291083921,0.354500664,14.40843671,193.848068,0.340654776,0.187161475,38,9.822302662,5,10,8.115798171,84.56391479,8.231596343,4.148669754
6972,53,9,10,272.0791215,8,29,0.425967566,0.05231593,0.704253745,16.23191835,115.8389018,0.518170158,0.049346254,71,8.286386233,2,8,,99.60438804,8.035464833,4.835418899
6973,53,10,10,200.3094306,6,,0.532564345,0.225803209,0.806847114,12.75034319,197.0968877,0.549638783,0.074909231,10,6.016299372,,6,,33.72241577,6.389270211,4.234835423
6974,53,11,10,65.39652313,5,36,0.555368764,0.056152556,0.192915301,12.64153039,,0.252195714,0.037971545,68,9.270820511,0,0,11.57862799,40.13156368,5.157255988,3.605422838
6977,53,3,11,79.06441641,2,62,0.541849116,0.829829361,0.092305224,11.40386957,181.4486504,0.642889463,0.058385341,37,7.647093194,1,1,8.002149763,27.40430107,6.004299527,2.517106715
6978,53,4,11,76.00808149,6,51,0.466830052,0.020574726,0.203344691,13.97380624,114.5891237,0.47734339,0.022506016,46,9.128934432,0,3,9.763225689,11.94088742,5.526451379,2.420993294
6979,53,5,11,156.6193589,2,50,0.524891605,0.67550758,,11.79069845,129.6806282,0.525330743,0.004943161,47,8.234371664,1,1,10.2170547,25.43019037,6.43410939,3.209469561
6981,53,7,11,141.725729,2,46,0.470140253,0.563007258,0.413992595,12.30703397,132.0315582,0.321495567,0.133110242,30,3.93090544,1,4,7.948352207,35.37334098,5.896704414,3.40568734
6982,53,8,11,17.78110263,2,48,0.498049801,0.00797209,0.240299656,15.77781024,84.74572691,0.609412564,0.059005051,53,4.81175599,,0,8.765450131,109.3141997,7.530900262,3.299855038
6983,53,9,11,17.33727294,5,51,0.450287037,0.203418502,0.189704678,11.40134322,105.4021547,0.650550837,0.030976134,7,7.136852925,0,0,11.44519068,71.32079904,4.890381355,3.098964942
6986,53,1,12,121.9833858,3,70,0.455214277,0.086140475,0.62177583,11.77192699,47.38217388,0.426417609,0.153989662,68,3.184241238,2,2,6.651070548,80.77104983,5.302141095,3.771950956
6988,53,3,12,170.931952,2,39,0.572432102,0.087803698,0.320667123,12.46266912,98.8721282,0.260664789,0.044566769,54,3.221489854,1,3,9.479260625,4.158583223,4.958521249,2.872838308
6989,53,4,12,140.6569639,4,45,0.540713806,0.218891261,0.171430796,13.62555056,100.7302871,0.52065977,0.105842261,41,8.036189667,1,1,9.680861424,76.69714086,7.361722848,3.574214497
6991,53,6,12,211.2854632,6,65,0.429212737,0.538486328,0.293667999,11.75251797,134.7543667,0.252962346,7.59e-05,22,7.989607881,4,2,7.195843316,43.29672899,6.391686631,4.124452872
6995,53,10,12,185.0084631,3,22,0.460878312,0.140928223,0.847156173,13.69863218,151.82444,0.355390927,0.139382053,57,9.407678085,3,,10.72146232,68.28187823,7.442924649,4.221604129
6997,54,1,1,124.8868476,1,33,0.532744551,0.135698788,0.582824934,13.24095922,88.01006057,0.51519513,0.036091831,39,3.766551043,1,3,9.911644009,40.35143269,5.823288018,3.18236068
7001,54,5,1,291.533084,5,62,0.550860069,0.036280832,0.377455318,15.98701274,117.0185854,0.603458997,0.012206521,13,6.423479096,2,2,11.32611819,33.8352781,6.65223638,4.101181083
7002,54,6,1,3.966393651,3,37,0.499602265,0.482649399,0.576714373,10.89351796,155.937054,0.436058453,0.073571928,37,8.425988852,0,0,11.16306553,10.14819381,4.326131064,2.809773842
7003,54,7,,176.6928565,2,56,0.537433523,0.953064947,0.678770303,15.6547035,32.8750982,0.582119788,,38,5.791670517,3,7,8.141501946,89.80122993,,4.218102389
7004,54,8,1,98.76112775,2,31,0.43682463,0.007281706,0.642512784,15.29685607,69.54021983,0.335305138,0.07569542,58,3.786689928,1,1,6.942697816,51.6357565,,3.253961882
7005,54,9,1,101.6179195,1,28,0.465666933,0.054219437,0.43643052,15.12526178,125.8674668,0.557931224,0.06386366,71,7.92660127,1,,6.847367655,67.73153561,5.69473531,3.388748885
7008,54,1,2,210.5220263,4,31,0.497575154,0.000251922,0.044316186,11.05728603,197.8904382,0.350851513,0.060259671,65,9.116807811,2,6,7.254047795,7.511557025,4.50809559,4.141774356
7010,54,3,2,285.4946183,5,36,0.509065225,0.078406566,0.019611262,12.24828731,2.709826909,0.620160132,0.192474613,13,2.79662847,2,8,8.360159617,1.7133457,,4.236201174
7013,54,6,2,62.51152423,7,23,0.426403102,0.029401104,0.571741056,12.19750668,73.02708593,0.205232879,0.026855486,65,5.162767318,0,0,11.44305927,42.06850839,6.886118531,3.273729011
7016,54,9,2,284.3802331,2,50,0.549220913,0.892139782,0.018504036,15.84461485,66.05896472,0.404208085,0.089553223,21,9.041672331,2,11,9.247008249,102.7583836,6.494016498,6.014697933
7020,54,2,3,272.3656807,8,21,0.498635972,0.000393553,0.092257837,13.75974961,81.2646043,0.250105,0.072841315,11,8.406415963,2,5,11.64430534,22.00138486,5.288610674,4.2834274
7022,54,4,3,1.293715922,2,19,0.461512609,0.115150692,0.545341406,17.22704489,187.2973521,0.489896925,0.074728111,15,7.223478885,0,0,12.01502494,110.3857841,8.030049883,3.108058676
7023,54,5,3,42.36116148,2,37,0.512320745,0.089293936,0.754544819,11.77855123,165.496805,0.424249394,0.177433443,40,,0,0,10.65475068,41.88579034,5.309501363,2.778989289
7024,54,6,3,251.2244577,8,62,0.568284593,0.284037311,0.169592023,11.23106329,67.87952606,0.565570429,0.002269315,5,4.583934155,5,2,11.35059072,72.3420338,4.701181435,4.785094861
7025,54,7,3,116.29793,8,40,0.548020037,0.071919464,0.263163746,12.70972043,69.2659718,0.267430971,0.018480459,8,7.523041951,2,3,7.61651135,19.89024031,5.233022699,3.370661877
7026,54,8,3,97.46533337,4,54,0.431475153,0.759726077,0.025396347,11.94123144,76.47295629,0.536288518,0.025954694,40,3.076086008,1,2,6.189573022,41.25318246,4.379146044,3.530891608
7027,,9,3,201.8647669,6,65,0.560680778,0.029723003,0.841332368,12.30570254,160.2753128,0.539055643,0.160152762,19,3.945648117,2,4,10.94761252,91.95231074,5.895225049,4.687972311
7028,54,10,3,199.2109659,6,44,0.450597606,0.031344216,0.305779895,11.16079353,123.0925244,0.630117035,0.112224846,71,9.693529788,3,3,8.867107519,32.26987083,5.734215039,3.621296483
7032,54,3,4,48.23551179,3,23,0.558716593,0.775112773,0.884156404,12.87341105,44.02182323,0.410972552,0.062368941,56,5.616648707,0,0,8.263006137,76.33878899,6.526012275,3.065749856
7038,54,9,4,224.5098628,6,53,0.510140458,0.536628003,0.260085411,11.54942752,77.8797318,0.274384696,0.043897228,14,9.16013632,2,6,,23.6962781,6.16603058,4.259399979
7040,54,11,4,282.9390344,2,33,0.458444375,0.02242744,0.360458955,10.63100696,123.3076545,0.636826739,0.125855406,34,4.333192858,2,8,6.572781643,45.60533039,5.145563285,5.335329868
7042,54,2,5,122.9774033,5,25,0.533269836,0.294233125,0.387286296,13.93650117,108.2806149,,0.142887287,46,3.06946252,1,3,8.298056204,46.12674913,6.596112408,3.92303251
7043,54,3,5,288.7568888,2,40,0.458427248,0.022932618,0.124357273,13.15344706,157.9754942,0.489148156,0.050103217,25,3.869669699,5,2,11.86302615,86.11926804,5.726052292,4.893389995
7045,54,5,5,243.9314301,4,23,0.456755176,0.959546815,0.039210888,14.55510942,140.3964098,0.484499436,0.123853756,63,7.637235196,4,2,8.530616346,70.47429244,5.061232692,5.177839426
7046,54,6,5,218.1671304,2,53,0.426576757,0.355927321,0.074536098,,93.5017586,0.66745083,0.118641223,11,4.16843782,4,4,8.04947375,99.17570048,,5.166371587
7048,54,8,5,76.07797172,2,,0.491356392,0.854415,0.357328072,14.4693719,177.8214507,0.590443969,0.067117823,71,3.15472249,1,0,7.038539943,67.55625265,6.077079886,4.296847455
7049,54,9,5,128.5103489,2,56,0.548633713,0.690723983,0.794506143,10.38513066,199.2642293,0.605687844,0.04031104,16,8.669359383,1,3,7.436183703,34.95039033,4.872367405,3.977829276
7050,54,10,5,292.2628145,1,50,0.464273601,0.756074743,0.161201449,16.26893895,35.02096527,0.349509468,0.172660273,34,6.612912838,5,5,7.482743863,78.08591015,6.965487725,5.160741827
7051,54,11,5,59.08335077,3,60,0.429246592,0.14004815,0.225758389,14.53272741,8.421248018,0.488460652,0.128417597,48,6.292918732,0,1,8.518181895,64.3508787,5.03636379,3.997537672
7055,54,4,6,198.0545697,8,68,0.557401796,0.09326261,0.102090093,15.00295247,155.8255596,0.216592435,0.111385837,63,4.32181045,3,1,7.890529151,89.35174131,7.781058303,4.574456023
7057,54,6,6,198.8708108,2,42,0.435852802,0.401755784,0.722532016,14.89362886,,0.64943035,0.121493561,28,7.212443932,1,7,9.274238256,61.87759711,6.548476512,4.596989796
7059,54,,6,84.16150975,3,54,0.424559652,0.082461034,0.825052414,12.96348414,106.1516253,0.306592184,0.061096076,50,2.183641008,0,2,8.8686023,52.76003843,7.737204601,2.57086854
7062,54,11,6,242.1984767,4,63,0.544985031,0.093813339,0.393528029,14.02141888,178.1933497,0.608710168,0.045910529,51,9.130925084,4,7,7.345232713,64.30243951,6.690465426,5.074605592
7065,,3,7,169.0670526,4,22,0.542856,0.534917407,0.293901961,10.37477555,39.67913315,0.266143144,0.009128158,46,4.130720495,,1,7.430430863,11.54493839,4.860861726,4.019666904
7066,54,4,7,125.916941,2,48,0.451877022,0.016292697,0.256563561,16.62461311,156.6777188,0.428944357,0.010836844,44,4.042060483,2,1,10.68034061,56.80668337,7.360681228,3.583015494
7067,54,5,7,144.6280515,1,39,0.423336146,,0.59962556,11.50721838,124.3641201,0.432268785,0.14996575,5,2.507385781,2,2,9.059565768,22.80510306,6.119131537,3.889627488
7068,54,6,7,121.8154063,6,46,0.540626033,0.63754097,0.769465196,15.54350471,18.15450101,0.575346618,0.153329503,28,2.962566372,2,4,10.07972484,62.68868252,6.159449679,3.765485044
7069,54,7,7,246.3105015,5,54,0.526858942,0.635106144,0.216650907,14.06184173,135.4434031,0.560420112,0.179922839,71,7.382503104,,4,11.25657874,23.32860025,4.513157477,4.603622246
7071,54,9,7,5.895630992,3,38,0.557283052,0.650908294,0.33669699999999997,13.29009317,28.9336763,0.541484086,0.087396838,15,4.260231972,0,0,6.93894065,80.18281325,5.8778813,3.465314131
7072,54,10,7,223.7799118,7,18,0.524005,0.00502886,0.50865855,12.60740417,140.1390092,,0.185321473,,3.251206791,2,8,10.11522454,28.65874697,6.230449076,4.519233619
7074,54,1,8,224.1817659,6,64,0.439328098,0.117057613,0.6353383,13.59879672,27.67172509,0.346871212,0.13898621,65,8.451989191,4,6,10.66599818,82.73846429,7.331996358,4.398818965
7077,54,4,8,203.3180852,2,44,0.556795914,0.103037014,0.085254194,14.90270028,109.4014511,0.647254064,0.10664272,36,2.378213009,4,8,12.27927794,34.53773005,6.55855587,3.791841091
7080,54,7,8,78.51648313,3,57,0.501916413,0.920232706,0.05478007,15.10371454,48.49866594,0.653965156,0.067982929,27,2.971814474,0,3,10.39095252,33.38691632,6.78190504,3.233203358
7081,54,8,8,145.6506656,8,36,0.497577451,0.976952687,0.640693933,14.68858147,113.0420006,0.410399087,0.104891821,35,5.64220714,1,5,8.160323037,94.17348783,6.320646075,4.460349452
7083,54,10,8,226.3401517,6,60,0.555665721,0.80212486,0.428331213,12.4726775,161.8277471,0.453742642,0.063361198,37,9.851865117,2,6,8.040376387,21.53314678,6.080752774,3.853733672
7084,54,11,8,228.9112946,,42,0.499014057,0.500321907,0.051647492,10.89902292,65.88413818,,0.001741887,44,8.106759248,4,9,7.721679402,21.04016885,5.443358805,3.9741454
7085,54,1,9,173.3544476,8,71,0.524279686,0.226366894,0.845919383,12.90992349,157.3206994,0.605942,0.106641201,71,5.21334124,1,1,6.172179716,9.291534684,4.344359431,
7086,54,2,9,223.3505651,1,19,0.48374924,0.468359348,0.258961877,14.37117745,138.0690692,,0.172846291,45,2.839463823,2,8,7.983987473,33.15187092,5.967974947,3.959107626
7087,54,3,9,61.47779549,1,66,0.568357956,0.479754539,0.154049348,13.10747413,52.3568276,0.397064015,0.052421583,52,2.804131485,0,1,7.393041182,92.83015955,6.786082364,3.62626087
7088,54,4,9,259.066081,5,,0.466288916,0.097637973,0.493567438,15.0416703,34.85766674,0.258953336,0.021957215,,5.114137705,5,10,7.800927943,20.40130065,5.601855886,4.407507862
7090,54,6,9,233.4914805,4,58,0.470480498,0.006091421,0.630871523,11.14680735,108.1238775,0.570479313,0.019125618,69,9.02620868,2,2,7.303781862,3.265521181,4.607563724,4.083434874
7091,,7,9,12.75658278,1,46,0.42364604,0.806571279,0.219207755,14.58451223,135.899867,0.56263475,0.056167479,57,6.543167698,0,0,11.54695124,36.99841072,5.093902479,2.988262428
7093,54,9,9,261.2566468,3,23,0.530232759,0.32264419,0.710834031,,29.60611739,0.480128556,0.177826111,5,4.933561732,5,5,11.7957395,69.87440173,5.591478993,4.247858362
7094,54,10,9,17.45877192,8,50,0.508018153,0.252533322,0.438175429,12.32038885,161.3563867,0.299940186,0.05883385,28,2.897416581,0,0,8.844660475,22.3250379,3.689320949,3.010650461
7095,54,11,9,293.2132296,3,24,0.478647013,0.822512105,0.8329070000000001,12.44393939,53.68720029,0.220365921,0.04170686,26,9.07123673,5,5,7.913299662,6.53087389,3.826599324,4.517468415
7096,54,1,,58.86880145,7,32,0.426116624,0.706576494,0.244151563,9.317260602,136.5679553,0.433060176,0.090690657,37,7.663621354,1,1,6.842922557,41.73344211,3.685845113,3.423239287
7098,54,3,10,174.5238329,6,39,0.536818771,0.848518063,0.504401112,11.96285962,115.3548577,0.434455813,0.070809348,20,8.184434749,3,1,6.757144232,45.41730964,5.514288463,3.333003192
7101,54,6,10,227.9347933,8,68,0.54729618,0.326369463,0.795368362,15.92787661,126.6542785,0.300281215,0.093465082,48,8.599459363,2,4,8.293264785,75.55974039,6.586529571,3.611390606
7102,54,7,10,136.9063267,5,67,0.556212067,0.00937267,0.209531559,13.21813127,58.81737089,0.379850145,0.045934011,33,9.921732225,1,1,9.343406261,14.97819167,4.686812523,3.698836577
7103,54,8,10,207.3788674,3,33,0.460718629,0.183176199,0.123749288,14.89218797,30.47506951,0.354720111,0.096525878,40,7.052785999,4,6,10.82899332,,7.657986632,4.56459104
7104,54,9,10,71.66475498,2,26,,0.001607396,0.154556928,11.91678848,120.0686388,0.213399614,0.050616212,60,9.511387696,1,0,7.175993599,58.12510283,4.351987199,4.110391825
7105,54,10,10,179.3680494,1,36,0.454226682,0.479246421,0.652706771,14.80130012,101.0799384,0.512583518,0.021360405,16,7.847584998,3,3,9.222944512,78.29886554,6.445889025,4.448773119
7106,54,11,10,192.8531909,8,41,0.510062168,0.11370200000000001,,13.12865027,179.3680521,0.650823668,0.149734416,46,9.296076041,1,7,10.40480571,,6.809611413,3.715786377
7108,,2,11,94.26338767,1,50,0.563640967,0.046556118,0.894898974,12.36547313,68.56030701,0.5063960000000001,0.011669059,8,2.87407787,1,3,9.42526285,36.53629352,4.8505257,2.841176373
7109,54,3,11,278.3907798,3,30,0.474143394,0.004843501,0.762948812,14.77103865,146.1570805,0.304002843,0.083743994,21,3.214881616,2,2,,60.28780872,,4.711059661
7110,54,4,11,31.99124198,4,,0.481635086,0.497488138,0.647950137,14.01209752,87.98594363,0.357712223,0.179592293,28,9.028777644,0,0,10.22894307,42.63848647,4.457886137,3.352793337
7111,54,5,11,231.8259555,4,52,0.544809647,0.235382542,0.115056039,12.92225178,57.68839787,0.471404648,0.067799876,66,6.889610966,2,9,8.734584322,40.64736168,5.469168645,3.919409086
7112,54,6,11,39.04275096,3,56,0.515571303,0.578790019,0.444531527,10.81198979,163.0385135,0.403006503,0.189406791,53,3.113840153,0,0,10.11777211,12.09050792,4.235544214,2.843924925
7114,54,8,11,126.785521,8,37,0.481187687,0.368418222,0.697281178,11.79776298,187.3179323,0.367343231,0.074199696,26,3.978805182,2,2,11.10986832,9.203419089,4.219736648,3.046802579
7115,54,9,11,219.4711467,3,65,0.426620333,0.211079522,0.186778689,16.05479931,51.88101168,0.476961116,0.072016877,40,9.569343583,2,8,9.363777393,89.78071885,6.727554786,4.279232493
7116,54,10,11,145.0431427,5,63,0.561010524,0.713194714,0.645181792,10.09574884,65.89933309,0.205437305,0.149600441,15,8.75990598,1,5,8.275416022,7.301093619,4.550832044,3.01614818
7117,54,11,11,265.3413418,5,59,0.432794518,0.665030882,0.257597816,12.64589952,162.3282344,0.447530561,0.145481567,27,9.643252418,5,,8.581055291,,5.162110582,5.692978963
7118,54,1,12,178.1971899,2,39,0.468533122,0.054087591,0.789473193,15.57813177,155.5113736,0.503944,0.137244843,52,8.197033246,3,3,10.0989621,92.11869197,6.197924191,4.151710459
7120,54,3,12,118.9772623,6,52,0.455664934,0.06175175,0.230376377,13.43336014,148.6295325,0.430680501,0.124777549,23,7.804777828,1,,9.462977853,0.174384695,4.925955706,2.990021844
7126,54,9,12,212.1011628,2,20,0.44401003,0.481535241,0.814950305,10.67271376,189.436869,0.335880868,0.055262594,28,7.307259565,2,8,7.040396531,36.56615288,4.080793061,4.208190523
7128,54,11,12,176.4321017,4,51,0.560870873,0.153637,0.273531287,13.62068609,194.0171529,0.42539481,0.024850431,,9.904832554,3,1,9.67815894,60.25063318,7.356317879,3.898185875
7129,55,1,1,274.0443638,8,41,0.465392389,0.015509014,0.617862,11.33955037,,0.339428373,0.063358285,41,6.074892501,5,10,7.410861314,43.37909434,4.821722628,5.07538545
7130,55,2,1,183.2534825,5,68,0.576825489,0.954278564,0.442024451,8.86223822,26.74793884,0.225624421,0.161010102,59,4.230384254,3,1,6.590132344,25.94714649,3.180264689,4.030957889
7134,55,6,1,41.8612367,3,63,0.543636801,0.661949955,0.683967209,11.7907904,194.8971341,0.275509626,0.187131183,56,4.822183367,0,0,5.994883558,5.986133319,,3.301131253
7135,55,7,1,279.0611911,3,54,0.564708476,0.001122596,0.885272909,13.80871363,17.00319005,0.582559042,0.154411048,46,7.030483543,5,11,6.115952014,6.198430347,4.231904028,4.068921786
7137,55,9,1,51.18846559,4,42,0.459428706,0.203075107,0.898474348,13.97691422,94.44733619,0.43168718,0.117043809,9,9.880065279,1,1,10.20939679,53.50388564,4.418793574,3.341090009
7139,55,11,1,252.4966617,6,56,0.520224,0.5921874,0.75230362,13.92791038,55.64006997,0.489203238,0.070726377,61,9.905388573,2,7,9.182172431,33.94747283,,4.453894242
7141,55,2,2,214.4462003,8,70,0.487449364,0.373597128,0.838645183,13.29674384,96.51341043,0.632745306,0.064896497,38,6.762141688,2,4,6.831524354,42.54279556,3.663048708,4.57889857
7143,55,4,2,18.22288251,1,48,0.542178482,0.115775774,0.652757447,10.92061305,166.7702067,0.62832626,0.098280967,5,8.831942199,0,0,9.067007251,5.528571117,2.134014503,3.069483753
7144,55,5,2,47.83566978,4,72,0.508250562,0.479787676,0.675297176,14.16599455,82.60094893,0.209278909,0.07377643,26,2.191620725,0,0,9.314441418,4.814258264,4.628882836,2.986729935
7145,55,6,2,17.72009997,2,66,0.458981118,6.66e-05,,10.19804294,165.2447246,0.536555459,0.025555885,64,9.395872906,0,0,6.33224608,7.820102565,4.664492161,2.305462497
7146,55,7,2,143.4127077,5,48,0.575407,0.185000673,0.058441785,11.6652294,79.6065333,0.435071,0.182366081,44,2.635552025,2,5,9.147349665,52.57019171,6.29469933,3.875879122
7147,55,8,2,222.511312,1,62,0.426529647,0.282492679,0.104908023,12.81410813,,0.451891171,0.164515124,48,3.738631276,2,6,8.118948961,1.993988413,,3.211292838
7148,55,9,2,244.9702328,2,34,0.497438851,0.503743781,0.755160295,12.57397001,46.44592,0.665921296,0.068883007,22,,4,2,11.09665,44.33263698,6.193300007,3.794518538
7149,55,10,2,,4,67,0.576724661,0.41514213,0.51169819,14.40783549,117.8620092,0.43506096,0.132675476,28,7.296423317,2,1,6.448797493,23.78696414,4.897594985,2.860072989
7150,55,11,2,118.4195905,4,42,0.541056254,0.724608908,0.265144251,,199.8508341,0.379741,0.193492471,29,6.888578626,1,,10.52324491,36.97021781,5.046489815,3.790615778
7152,55,2,3,240.2921747,1,22,0.527196853,0.486508156,0.781948585,10.13642874,164.4316227,0.292748242,0.056144233,16,5.446457715,4,9,9.298015969,31.14466951,4.596031938,4.544802302
7154,55,4,3,295.2823083,4,42,0.488712648,0.402198088,0.252181287,12.48108007,112.5718335,0.45845814,0.051627657,70,5.610405908,5,8,9.600600037,105.8625202,7.201200074,5.180428737
7155,55,5,3,163.3957799,3,53,0.548825105,0.383994177,0.707297367,11.63564374,3.361695658,0.590004608,0.008851387,10,7.669523774,3,4,7.019802078,22.69208689,4.039604155,
7157,55,7,3,93.78732136,7,56,0.423855909,0.591247925,0.246012986,13.96702703,137.8042404,0.370582099,0.152124247,45,,1,,8.759459461,16.34823896,5.518918922,2.839570182
7159,55,9,3,34.87856153,6,68,0.514109993,0.926799615,0.16734285,14.09019866,152.7977797,0.573393784,0.12594281,66,2.472378856,0,1,7.272332591,65.14916011,4.544665183,3.717142858
7160,55,,3,97.92524982,3,67,0.5148790000000001,0.6492599,0.873781124,10.73556044,114.8947459,0.396892484,0.074168927,16,,0,0,6.075311356,47.08627573,4.150622712,3.764540025
7161,55,11,3,92.01068213,7,58,0.533676321,0.218280037,0.71657361,13.93716075,154.754716,0.46618899999999996,0.103150796,22,5.710581843,1,3,11.74286708,23.45066589,5.485734169,3.696153888
7162,55,1,4,38.96558042,7,52,,0.398603951,0.832893064,9.059571113,6.086032041,0.35891284,0.199755556,59,7.971814196,0,1,9.69976173,23.26051914,3.399523459,3.27990233
7166,55,5,4,164.2187452,6,47,0.505586836,0.186108743,0.698794041,14.26159268,94.74675469,0.232223226,0.029955749,17,7.049247114,3,6,,54.64553027,4.735102979,4.561241057
7167,55,6,4,235.6962579,6,29,0.447215763,0.41118846,,13.95122057,55.76379503,0.260751785,0.019175643,16,6.455939231,,7,11.19512254,46.93108618,4.39024508,5.086027028
7168,55,7,4,207.7060975,4,67,0.508715979,0.011958879,0.472019805,10.22758777,159.2124116,0.551704842,0.116787857,13,8.467957819,4,4,10.79310432,38.73194637,3.586208633,4.335050717
7169,55,8,4,207.9733868,2,61,0.554747789,0.002149782,0.203196997,13.18256565,98.64238792,0.311827294,0.119278913,53,8.941552036,2,4,6.323647585,67.14571971,4.647295171,4.556745955
7170,55,9,4,60.58179659,2,44,0.472722823,0.013500563,0.513853141,14.95258551,181.0602436,0.321800071,0.036030896,53,2.896255348,0,2,6.751436393,42.5844152,5.502872786,3.433719035
7173,55,1,5,179.8923113,7,41,0.422554297,0.398150858,0.404916487,12.56022739,176.3295703,0.349261269,0.098650333,57,9.355782471,1,5,10.08901521,80.62874086,6.178030429,4.920975026
7174,55,2,5,285.4576865,1,39,0.456203867,0.5215082,0.793728696,11.82960656,164.6585325,0.410673643,0.176169119,12,8.594322349,5,11,7.683114753,12.93949602,5.366229506,4.852411819
7175,55,3,5,79.47423827,4,54,0.487631643,0.054460565,0.211380297,10.82833173,83.1176303,0.396310723,0.027265583,28,9.424984916,1,2,8.126850962,49.69690993,4.253701923,3.766453722
7177,55,5,5,274.9931966,5,54,0.493994917,0.040674774,0.790379426,10.07622575,93.18605699,0.384544208,0.030998863,6,8.370626417,5,10,9.264569862,52.61890469,4.529139724,5.289299868
7178,55,6,5,297.0326538,5,51,0.577676616,0.299616593,0.542219793,11.35376953,18.98465819,0.342544563,0.097178463,35,2.514947315,2,11,8.41876085,74.27738221,4.837521701,6.384311956
7180,55,8,5,105.3278707,4,40,0.532761573,0.136165041,0.034285926,12.42310926,160.7063923,0.430274781,0.086589751,70,8.137501744,1,4,9.457282925,47.69425291,4.91456585,4.476444196
7182,55,10,5,90.507333,3,42,0.495095355,0.665822233,0.280080357,11.43789572,56.67868728,0.269672797,0.027034346,68,8.969717204,0,0,9.909942067,17.67223458,3.819884135,4.202155206
7183,55,11,5,49.41087525,6,59,0.478376152,0.087092485,0.035795737,10.20125498,169.029253,0.254383697,0.15817847,49,7.055593711,0,0,5.222919433,2.756359128,2.445838865,3.945031526
7185,55,,6,110.5621619,6,45,0.546988315,0.342650392,0.762963705,9.676091328,169.0208392,0.532446919,0.177569216,37,7.882467756,2,1,5.486717404,19.46175778,2.973434809,4.475856193
7187,55,4,6,,3,24,0.505708026,0.343128726,0.676546958,10.51497857,83.12776978,0.446481707,0.199575941,10,8.594908443,1,0,11.50832143,68.43839495,5.016642854,3.979805792
7188,55,5,,52.74264518,7,38,0.535042588,0.139517613,0.316658735,13.04251709,184.282406,0.284354894,0.019980395,14,4.241999597,0,2,10.80139838,27.33762507,5.602796764,3.074163093
7190,55,7,6,61.04598814,8,36,0.532610544,0.011344372,0.167084644,13.6989653,96.50281666,0.579232867,0.147299898,59,5.455330264,1,1,7.166091831,73.40306888,6.332183662,3.846012092
7191,55,8,6,242.1662071,7,30,0.444395587,0.005580668,0.164305736,13.3324787,118.9315846,0.315667196,0.132304219,52,8.939709455,4,2,8.406932613,45.98417948,4.813865226,4.545728602
7196,55,2,7,262.9190665,1,40,0.495182323,0.0375022,0.314029594,10.88854589,49.49406779,0.67084179,0.100682872,14,2.089987322,5,7,7.715858829,27.32868896,5.431717658,5.015784084
7203,55,9,7,63.72571133,3,28,0.527328863,0.93617534,0.054018981,11.9305862,78.5117024,0.290763621,0.072043342,46,3.348718355,1,1,,28.50777728,5.478429107,3.72304042
7206,55,1,8,221.07675,1,55,0.500646568,0.530409848,0.444402691,11.69250188,79.47322755,0.547152653,0.012766681,9,2.473130675,4,4,9.051389932,46.25124909,4.102779864,4.426461637
7207,55,2,8,255.2515927,4,66,0.565586,0.332212232,0.782767977,13.88581104,134.7881732,0.523374211,0.042811231,67,4.527263882,5,2,10.15878391,8.469547384,4.317567827,4.377035004
7208,55,3,8,256.1148207,6,42,0.536266472,0.110526132,0.439230066,11.16786955,19.50177884,0.240297487,0.083902104,10,3.200566119,5,10,10.31548309,47.83986258,4.63096617,4.367999695
7209,55,4,8,92.41709544,5,71,0.51807867,0.64691547,0.148826969,12.94222538,44.51212905,0.39420879,0.146456804,23,2.64904215,0,1,6.190125211,17.91727353,4.380250422,3.438672799
7210,55,5,8,259.1512226,8,39,0.569057331,0.041653944,0.466190204,13.69713277,172.4847104,0.316771662,0.051402263,17,3.107457177,2,7,10.05396265,25.44428248,4.1079253,4.781745377
7211,55,,8,28.670571,8,30,0.544152248,0.111824596,0.472951592,14.40892316,37.16851013,0.652931678,0.133565101,49,9.014834919,0,0,7.00495731,32.54724703,6.00991462,2.991372674
7213,55,8,8,253.8410064,4,35,0.544329059,0.657095741,0.494919984,9.186615778,121.710826,0.209436716,0.052287585,29,8.997944055,2,5,9.770342099,20.24271515,3.540684198,4.592234181
7215,55,10,8,143.0447489,3,,0.527986,0.409877476,0.639586969,9.730395949,110.460406,0.598895907,0.091762781,14,9.125272588,1,1,11.07244219,24.68980634,4.144884387,3.938628576
7216,55,11,8,236.6525628,4,58,0.470934907,0.016056967,0.741288795,12.96873099,52.15062609,0.597724866,0.153301797,27,9.215847885,4,4,9.204850552,8.830645331,4.409701104,3.883086198
7217,55,,9,228.3814753,2,21,0.45865792,0.125516719,0.820730242,10.78765206,68.46107636,0.353410531,0.041807404,47,8.071931195,2,4,6.104251142,9.908240783,4.208502284,3.546370392
7219,55,3,,164.0463625,5,34,0.474933258,0.380123299,0.696309659,13.29585834,29.53262049,0.590624969,0.107592969,7,8.935076068,1,6,7.831032414,8.649481993,3.662064827,3.845590174
7222,55,6,9,256.3529299,1,54,0.568526621,0.11874900000000001,0.72111336,14.67076746,109.773006,0.663208613,0.182648913,47,5.854005625,2,10,8.59487081,,5.189741619,4.253020907
7223,55,7,9,22.9315,4,26,0.577284631,0.000118982,0.187163235,12.3550931,52.14484483,0.567775825,0.162180891,29,6.551895747,0,0,10.86394061,7.135764361,3.727881217,2.508110627
7224,55,8,9,188.5520373,1,26,0.482834998,0.03604132,0.418193947,11.71309756,150.0197549,0.292903309,0.037291814,17,2.208755852,1,5,11.06283198,59.55902741,4.125663958,4.434114882
7225,55,9,9,236.6161758,3,51,0.535880344,0.422419783,0.885194,11.9450827,5.475655341,0.456759817,0.138890867,31,6.506179202,2,9,11.19171261,1.248715564,4.383425228,3.695318338
7226,55,10,9,44.28819978,4,68,0.442522723,0.045011736,0.204558913,12.53841585,162.915502,0.494238633,0.10595667,13,2.09857127,0,0,5.965786585,50.92598152,3.93157317,3.115549323
7228,55,1,10,8.271408871,2,37,0.504554024,0.150860795,0.768884249,10.74612379,69.97398044,0.601159927,0.084938704,39,3.057752953,0,0,7.081179881,19.9075967,4.162359763,2.652094337
7229,55,2,10,40.88677772,3,35,0.570557875,0.158780825,0.73497865,10.49195791,98.01232904,0.310750625,0.018805596,,7.649291638,0,0,5.939976617,8.283132848,3.879953234,3.292945989
7230,55,3,10,90.22933681,1,60,0.562489877,0.050935621,0.231523395,10.58617264,74.11458318,0.346646417,0.002211,35,4.230319714,1,0,10.43676258,3.300444807,2.873525151,3.40760611
7233,55,6,10,119.514502,3,54,0.522227858,0.678464771,0.285765992,14.15180658,5.421041403,0.521126299,0.191569933,9,3.405111076,1,4,11.30655921,60.00118881,4.613118423,4.567147906
7235,55,8,10,250.0865546,6,35,0.566745433,0.959001021,0.033962535,10.37788247,129.1823747,0.245080008,0.160570087,22,4.64466073,5,7,6.87660137,39.80645471,3.75320274,4.18661362
7236,55,9,10,69.91033937,5,25,0.476878656,0.199691612,0.866600335,12.23997708,142.453809,0.675235209,0.101816834,43,6.421122566,1,2,11.91109838,88.74025333,5.822196755,3.99487696
7237,55,10,10,186.2723067,3,39,0.509169803,0.401208029,0.044573629,8.133615636,48.33862103,,0.014979978,45,9.013586507,1,5,5.18534202,23.03327576,2.37068404,4.341651979
7240,55,2,11,44.28960733,2,48,0.552242,0.195703731,0.815553607,13.95717991,160.916116,0.381275351,0.05613269,19,5.516504279,,0,9.198433286,56.90970211,4.396866571,3.493808954
7241,55,3,11,63.29672059,5,30,0.556141514,0.354340025,0.742346399,10.94236373,,0.36763517,0.029369776,38,5.758180079,0,1,9.190202074,64.9977221,4.380404148,3.080358181
7242,55,4,11,90.71514796,6,68,0.480819197,0.001024794,0.086441105,10.38798946,5.930049227,0.314912857,0.163993571,60,2.198041197,1,1,9.437771923,48.36920685,4.875543846,3.588088879
7243,55,5,11,112.590404,5,70,0.485428272,,0.493948107,13.37707747,6.377761975,0.376126011,0.086821347,31,,2,1,9.876154149,0.504350525,3.752308299,2.944374714
7248,55,10,11,154.301263,2,72,0.514620533,0.901103524,0.832449252,11.49741527,89.10603725,0.247598222,0.193615603,42,2.250292687,1,3,6.943008484,37.99287409,3.886016967,4.215001986
7251,55,2,12,97.01741263,2,35,0.432648228,0.127695419,0.020233358,10.47148461,106.3998937,0.563405656,0.19938098,53,8.736529898,1,3,9.928602561,57.83986164,3.857205123,4.034822594
7252,55,3,12,267.9050535,3,19,0.5615169999999999,0.564947,0.418195004,12.96530753,198.2580454,0.675818399,0.068705391,,9.207576793,2,2,8.202948628,44.49866142,4.405897256,4.271607689
7254,55,5,12,76.19607541,1,20,0.469588193,0.260389456,0.701971717,12.71336701,41.51384529,0.208841217,0.198940974,21,3.531761972,1,2,,17.23073696,3.01485223,3.020736948
7256,55,7,12,291.0736273,5,52,0.525048444,,,13.35737611,186.9295192,0.230969093,0.119071347,66,8.663993794,2,11,6.865208952,57.74664949,3.730417905,5.042680928
7257,55,8,12,286.7086613,5,54,0.431041748,0.128626399,0.513814036,11.15036269,141.6037881,0.347717019,0.024884825,45,3.720792478,5,2,,5.391074214,2.389291878,5.429441813
7258,55,9,12,97.20173011,4,34,0.505610994,0.854436906,0.033333866,9.800895866,189.8381695,0.478401054,0.103151595,18,2.205658836,1,1,6.111608815,3.266315595,4.223217629,2.855633871
7259,55,10,12,195.1595681,5,20,0.556517189,0.043249709,0.466421553,10.35622081,24.35134808,0.38486032,0.165822499,38,8.319316526,1,7,6.420122673,59.00531024,4.840245346,4.249090032
7260,55,11,12,234.4732175,6,49,0.501702126,0.02981647,0.780746,13.60433733,33.23287223,0.241595512,0.018493703,25,2.092542493,2,4,9.002409628,47.12009313,4.004819256,4.407195562
7261,56,1,1,132.2775317,6,26,0.495803476,0.98310603,0.398228749,12.18198037,109.4529344,0.247857431,0.079558724,8,4.088020076,2,5,,60.8637745,5.757755962,3.839026878
7262,56,2,1,31.66522642,7,,0.566620717,0.009968418,0.03439048,12.24884731,141.4251887,0.446954344,0.078273501,19,8.40418799,0,1,7.360470729,49.13888551,4.720941459,3.046088805
7263,56,3,1,275.68003,3,40,0.564092748,0.018053478,0.089459803,11.91935195,94.13142283,0.39795931,0.041786525,8,6.716513863,5,2,9.732973303,12.02222497,5.465946606,3.624347652
7264,56,4,1,174.8523637,7,34,0.442943679,0.796708887,0.227841005,14.06723535,13.66315246,0.36628818,0.113446583,64,7.755156628,1,5,10.81513075,88.07747443,5.630261496,4.079562869
7265,56,5,1,286.6083349,8,71,0.446389155,0.251598884,0.409387286,13.9334371,24.81987455,0.589392812,0.05215618,49,9.610496559,2,8,6.740798387,67.40869139,5.481596774,4.496052649
7269,56,9,1,291.5934216,4,66,,0.161911726,0.435213056,13.70874776,108.3849581,0.656896554,0.024681952,54,5.931171287,5,8,9.060415421,,4.120830841,5.047813801
7270,56,10,1,38.96293661,2,62,0.425245111,0.003066456,0.825112776,10.92782092,28.25074755,0.21196523,0.01226909,29,5.083872229,0,0,11.73767829,41.491076,5.475356575,2.790053584
7271,56,11,1,208.5738385,1,34,0.455593937,0.331963145,0.050397738,10.83519717,60.39174465,0.3598411,0.088368917,34,7.243413044,2,4,9.68622065,15.55748745,5.3724413,3.969439941
7272,56,1,2,58.79151878,6,20,0.539723814,0.459056048,0.874742852,15.50491253,4.551131375,0.627681298,0.058636451,49,9.528193341,0,1,12.05828474,84.21693798,6.116569476,3.276992949
7273,56,2,2,125.3309173,5,39,0.475270947,0.078203273,0.608281204,12.50011155,,0.56323885,0.176671917,29,9.347847865,1,2,7.500061972,13.29708177,5.000123945,3.680139205
7274,56,3,2,252.0890171,1,54,0.57235769,0.282577263,0.35682554,15.26489786,33.81939484,0.424003528,0.028387577,15,2.596579766,5,7,11.92494326,17.11241604,5.849886513,4.074976902
7278,56,7,2,250.016712,6,21,0.43306064,0.031838702,0.256591129,13.5092763,126.0672617,0.226722186,0.064869731,20,7.886303027,5,5,12.61626461,45.63715238,7.232529224,4.565455888
7279,,8,2,201.5585422,5,45,0.547468594,0.001985081,0.39939091,12.52439136,29.35760546,0.316647958,0.144500878,49,3.952699088,4,6,7.624661864,106.4030135,7.249323728,4.543639098
7284,56,2,3,108.6805251,1,22,0.578980329,0.000121292,0.508302088,,18.42792343,0.649913389,0.111681633,30,5.607726118,1,1,6.479283447,73.17813919,,3.442223378
7285,56,3,3,228.3912727,7,40,0.523541802,0.655802718,0.817198564,11.22748379,111.1856177,0.445434423,0.032089808,25,2.538551713,2,6,7.904157659,71.00273496,5.808315318,4.5621124
7286,56,4,3,290.7786858,1,47,0.484867423,0.00924603,0.121216392,11.85675231,198.194092,0.247600361,0.023604421,33,5.492550671,5,11,11.25375128,40.84122367,6.507502568,4.863968544
7287,,5,3,130.2167865,3,37,0.433319379,0.296574042,0.112692304,13.32944355,194.7107258,0.621791361,0.155050383,45,5.51763074,2,,9.405246418,21.1902606,4.810492837,3.467695191
7290,56,8,3,107.8963215,6,26,0.470644485,0.078170827,0.343266,13.86592568,158.9592383,0.574116335,0.00798678,35,8.874696255,2,2,,50.08036055,5.406584088,3.423013006
7291,56,9,3,203.9783536,2,40,0.493929786,0.043813562,0.37985578,15.74406291,43.54345833,0.332674058,0.071527255,58,9.231161599,2,8,12.19114606,64.7164658,6.382292122,3.911504141
7296,56,3,4,48.40841647,5,69,0.519344483,0.056844353,0.071791614,14.73226148,165.3803304,0.301585034,0.155672654,58,4.051129881,0,0,7.184589712,99.21098254,6.369179424,
7297,56,4,4,215.2560151,4,64,0.547769668,0.338250873,0.547525372,11.86788638,106.9619647,0.42505079,0.003110192,22,5.481257371,2,6,11.70438132,8.298300887,5.408762646,3.877562917
7298,56,5,4,73.47556717,5,31,0.480575376,0.001156718,0.611105837,14.40700904,129.8602878,0.455367502,0.117269273,55,7.565652523,1,1,10.00389391,23.87557787,6.007787822,2.975331564
7299,56,6,4,135.1921132,2,55,0.555822116,0.251510977,0.50442381,,191.7314366,0.543902465,0.058920259,44,9.730957429,2,5,10.70337775,68.49033805,7.406755496,3.651905377
7300,56,7,4,236.5093505,1,70,0.463599291,0.37214039,0.712778233,13.62889907,20.16976177,0.333485319,0.092831037,,4.596145587,2,9,12.6827217,112.538513,7.365443409,4.585252308
7304,56,11,4,266.1824187,2,,0.540991129,0.552863613,0.324351208,13.63663424,45.51661313,,0.135688866,51,2.006989549,5,10,10.13146347,74.98914876,6.262926936,4.6002969
7305,56,1,5,9.413223292,6,52,0.467470096,0.224028961,0.19931513,17.47118346,2.590496686,0.429301196,0.065539659,11,5.778121563,0,0,12.15065748,93.06810301,8.301314955,3.260997758
7308,56,4,5,68.87462276,1,33,0.442628074,0.645620926,0.464089038,14.05141592,125.0938049,0.363414416,0.028019816,50,6.572201106,0,2,8.250786624,21.94538068,4.501573248,3.272981183
7312,56,8,5,58.14928896,1,44,0.439426559,0.640927757,0.324769704,12.50771147,128.4954024,0.466951236,0.065801921,52,5.526855906,0,1,7.059839707,,6.119679413,4.018088842
7313,56,9,5,210.1086169,1,31,0.451662707,0.721616231,0.821333039,14.15477453,163.1978172,0.343938227,0.008992096,31,8.56248704,2,2,6.863763629,40.85667339,5.727527259,5.104610847
7314,56,10,5,128.8136001,3,54,0.42527748,0.131500144,0.062547161,14.47502745,51.31719001,0.298572842,0.082629015,37,4.893992683,2,5,7.486126358,72.90653632,4.972252717,4.161787211
7315,56,11,5,104.6373307,1,55,0.524277,0.076616499,0.629090959,13.74152049,159.8293036,0.627636774,0.142140947,30,,1,1,10.1897336,54.36357076,6.379467206,3.977853396
7317,56,2,6,267.7282215,7,27,0.45143661,0.021365248,0.721404954,15.2201627,97.23357755,0.67219627,0.148118286,26,5.198440088,5,8,9.455645947,37.98753527,6.911291894,5.155522964
7320,56,5,6,275.3123838,2,27,0.53370571,0.822414822,0.110524884,13.94964476,169.3085237,0.547843539,0.147626975,23,6.690882608,5,2,9.749802644,58.34808501,5.499605289,5.295506101
7321,56,6,6,42.55195618,5,50,0.564508385,0.471295459,0.116050181,12.39308138,121.5220066,0.504765505,,10,9.140282318,0,0,6.996156321,60.18970105,5.992312642,3.648983708
7323,56,8,6,146.7723947,8,20,0.551886518,0.182697024,0.210244229,13.2653034,72.59165309,0.651168198,0.134511386,17,2.676583978,2,5,,37.72605833,5.850337111,4.065373848
7324,56,9,6,97.44009227,5,44,0.549371851,0.828705591,0.348029112,13.71571482,132.2090481,0.207383323,0.066153473,45,3.006139908,0,0,7.730952678,84.48263046,7.461905356,3.928216214
7325,56,10,6,5.75282303,8,23,0.437226119,0.310989296,0.276465189,10.95670127,61.91064884,0.385643666,0.001091688,37,8.544095518,0,0,8.753722928,76.12050825,5.507445855,3.560861864
7326,56,11,6,255.5552476,3,52,0.450872326,,0.758020204,13.43645095,121.8492757,0.576417228,0.149819951,40,3.062403238,5,10,11.46469497,5.947418225,4.929389943,4.377102033
7328,56,2,7,193.4351868,5,21,0.533853152,0.239382589,0.609071455,13.17961861,182.1867826,0.606536849,0.043498639,70,5.749412012,3,5,9.877565894,52.09613811,5.755131788,4.97200586
7329,56,3,7,97.71860373,2,18,0.563878335,0.046482422,0.45597299999999996,12.78674211,194.739689,0.338691574,0.003749135,5,9.416800667,1,1,11.65930117,27.26970896,5.318602339,3.282823474
7330,56,4,7,62.59586473,8,43,0.568742841,0.604601559,0.256746994,12.83018355,75.58398469,0.297777867,0.083638182,12,4.265362696,1,2,8.683435304,21.5023294,5.366870608,3.396952514
7331,56,5,7,183.3206972,3,26,0.564073888,0.20556318,0.603604968,11.5376057,165.4634572,0.645046095,0.032438243,68,2.605330817,3,3,12.07644761,18.72932627,6.152895225,4.440152792
7332,56,6,7,238.9603469,3,56,0.497906461,0.193179004,0.414641346,13.51074447,143.443479,0.23846214,0.135785469,44,8.317714882,4,7,7.617080261,45.24316972,7.234160521,4.179914161
7336,56,10,7,289.9086294,3,67,,0.032781836,0.066957162,15.4756302,36.89445547,0.363547872,0.173723485,48,9.308216104,2,2,10.04201678,92.42309206,6.084033557,5.889610266
7337,56,11,7,265.4644569,8,66,0.437719117,0.106411492,0.346898652,11.99434705,36.16298744,0.20302399999999998,0.069315677,18,3.223435998,5,5,11.21908169,57.99964916,4.43816339,5.360514989
7338,56,1,8,231.3681703,5,32,0.477011583,0.012691509,0.507210569,13.98338379,88.8225109,0.218057295,0.064735768,54,4.79289241,2,6,9.768546553,36.38935035,5.537093105,4.18595489
7339,56,2,8,257.2551903,5,31,0.493283597,0.130529382,0.497411888,13.05570795,181.1707549,0.382147215,0.036587522,7,6.433809573,2,5,10.3642822,81.3702993,6.728564392,4.627455998
7340,56,3,8,84.39114452,5,20,0.433030373,0.660889315,0.377665397,15.22628696,93.67919485,0.337270286,0.049475549,19,2.248746599,1,0,11.90349276,50.53057854,5.806985512,2.94400142
7342,56,5,8,237.4442885,8,38,0.473096178,0.009068283,0.236340185,15.03296567,191.7285546,0.267463876,0.162094692,9,3.049342074,4,4,11.79609204,34.63302857,5.592184083,4.616412994
7343,56,6,8,272.8428568,2,22,0.481391403,0.111196755,0.455431113,14.70251294,131.2028593,0.254964,0.062627854,55,6.087773532,2,8,10.27917385,85.20132455,8.558347706,4.454931829
7346,56,9,8,170.4460773,6,26,0.524191406,0.526337314,0.168451596,12.0881628,187.2442141,0.574985026,0.1255676,51,3.767830766,1,1,9.826757109,13.55794235,5.653514218,3.508280514
7350,56,2,9,251.8602859,6,52,0.513591384,0.277151244,0.511632247,13.06416637,143.1074477,0.2880295,0.001076981,21,4.172110101,2,2,7.257870206,52.20432631,4.515740411,4.854526752
7352,56,4,9,97.54262138,2,36,0.541170347,0.205524418,,13.47847446,166.0363064,0.251116875,0.06066165,39,8.238497549,0,0,12.04359692,61.68539458,6.08719384,3.681881179
7353,56,5,9,186.9324984,4,20,0.492185662,0.135211551,0.17393799999999998,9.145935783,62.42204382,0.635509095,0.183757899,23,4.213702608,1,7,7.747742102,20.47706669,3.495484204,3.854748977
7355,56,7,9,141.0107221,5,39,0.48118176,0.033579982,0.843956861,12.74594149,0.402237589,0.288832074,0.077731912,42,4.215345348,2,2,9.747745274,53.72401482,7.495490547,3.468583046
7358,56,10,9,179.8336111,4,57,0.519727072,0.327875932,0.853574405,16.06091873,119.8489654,,0.178013752,53,6.852411313,1,7,8.36717707,94.44711979,6.734354139,4.438682309
7362,56,3,10,98.95606525,6,20,0.432234735,0.601989118,0.538489048,12.5859497,197.905642,0.423559313,0.067444746,30,3.709713483,1,1,8.547749832,18.50771373,5.095499664,2.727728173
7372,56,2,,178.0364891,7,59,0.447987088,0.010394869,0.164597073,12.38892878,42.61778172,0.223434683,0.078640283,15,8.878762567,1,5,6.438293764,1.367217308,4.876587528,3.5649485
7373,56,3,11,108.2386466,6,24,0.431350899,0.045073202,0.532068981,11.60390445,190.361709,0.501224407,0.140483669,14,2.435490147,2,1,7.557724694,71.97622286,5.115449389,3.905057558
7374,56,4,11,209.8593112,5,61,0.56291936,0.335312298,0.182839644,13.07536991,1.143585061,0.457129828,0.12722125,44,7.857773042,4,2,6.264094393,14.90222113,4.528188786,3.362550723
7375,56,5,11,5.554338492,4,,0.521917223,0.003199147,0.727016367,12.00633995,24.97720264,0.351032441,0.112609199,66,3.450985407,0,0,5.67018886,45.6549544,3.340377719,2.885466994
7377,56,7,11,265.3248489,2,18,0.505920022,0.196990419,0.160411478,10.28555863,21.65752091,0.489331369,0.013898146,34,9.101206968,2,7,8.380865908,29.84742246,4.761731816,4.749596445
7379,,9,11,258.2763703,2,37,0.437868785,0.565698588,0.30083079,14.61826292,189.02777,0.279427567,0.115072201,39,3.762485971,2,7,11.56570162,44.82205303,5.131403247,4.363217782
7381,56,11,11,170.0046774,7,41,0.532966082,0.030278969,0.504335664,12.55293013,150.5037904,0.562499001,0.026638612,52,6.971962796,3,1,12.08496118,31.30227608,6.169922361,3.547184206
7383,56,2,12,282.8182445,6,46,0.422241858,0.951629539,0.213232476,9.705230188,163.1270108,0.227579305,0.173771066,21,8.831029711,5,11,8.058461216,41.96730398,4.116922431,4.554292932
7385,56,4,12,13.35350504,3,31,0.558967662,0.14381329,0.169075651,13.29262726,134.4420382,0.509607446,0.092359221,17,9.394457254,0,0,6.940348477,59.10488232,5.880696954,3.229667472
7387,56,6,12,156.6780153,1,45,0.579634528,0.000587339,0.641635353,12.15394233,25.42425986,0.554157765,0.072087745,36,4.33565634,1,6,10.86330129,19.8467081,5.726602585,2.831646265
7388,56,7,12,100.4640802,6,49,0.512792441,0.150448635,0.148894569,12.77411668,57.36003276,0.573274664,0.185500136,32,5.9711511,1,2,9.207842601,57.37375132,6.415685203,3.75066275
7389,56,8,12,247.0744171,6,57,0.526539615,0.614454031,0.647972746,12.25397441,172.0056046,0.676722996,0.175511598,29,7.29019866,2,,7.918874674,,5.837749348,5.187104763
7391,56,10,12,207.9379719,7,67,0.500634298,0.857643479,0.139265856,12.97552213,195.7811539,0.550783306,0.014749503,49,3.158107322,4,2,6.208623404,45.9004797,4.417246808,3.93967871
7392,56,11,12,203.7960213,,65,0.451960322,0.250330727,0.489996404,10.95692557,16.12401333,0.485813658,0.039970662,28,7.390619899,4,8,9.753847541,37.00868293,5.507695082,4.060698315
7394,57,2,1,,5,70,0.43106204,0.769309953,0.14051634,15.05850583,75.94312821,0.649973667,0.085741672,46,2.614753745,2,6,10.81028102,70.78965134,5.620562031,4.425526627
7395,57,3,1,38.83591256,6,,0.541873971,0.413946769,0.545950874,11.73629535,183.9503416,0.202204202,0.066917024,26,6.563448351,0,0,9.631275193,40.09970162,5.262550385,3.116453197
7398,57,6,1,274.1279324,5,29,0.43439028,0.191447448,0.421348668,13.85024944,131.9402825,0.377396,0.047868373,52,,5,,10.25013858,79.23992066,6.500277152,5.013729541
7400,57,8,1,268.3660325,7,21,0.474843269,0.378500616,0.653256412,11.96108754,46.95141731,0.416546976,0.102764573,51,2.287789109,5,5,9.756159742,68.13347978,5.512319484,4.922974494
7401,57,9,1,235.2447061,3,45,0.499916197,0.075359093,0.389429764,14.95935761,51.82414942,0.403834197,0.131347526,15,2.497356378,2,2,7.755198675,47.25014942,5.510397349,3.583247014
7402,57,10,1,208.4560431,7,40,0.456319944,1.06e-05,0.315280432,15.03895651,8.813918567,0.606943765,0.069963532,61,5.271318397,4,8,9.799420283,27.88167962,5.598840565,3.346851967
7403,57,11,1,240.3230513,6,22,0.453916157,0.009620726,0.613203248,14.5912406,100.3703589,0.243012808,0.063507605,16,5.551266264,2,7,7.106244779,80.91726726,6.212489558,4.395140987
7407,57,4,2,111.8947784,4,57,0.499356453,0.000315312,0.091937034,11.74079588,91.21295651,,0.032581805,,6.887679413,2,2,11.18933104,95.28240079,6.37866209,
7408,57,5,2,70.75141706,4,61,0.449333493,0.110097729,0.589308782,13.96239335,126.4834748,0.522642,0.025550721,12,7.97796234,1,2,9.312440749,78.7396325,6.624881498,3.597920438
7409,57,6,2,174.6250677,5,28,0.516997063,0.02942143,0.318175366,13.20784148,67.98072786,0.429709259,0.027925936,7,4.385780263,1,5,10.44880082,59.81284777,6.897601645,3.944597915
7416,57,2,3,171.1424805,7,51,0.475611327,0.200877359,0.244794763,15.21306007,136.167043,0.205904824,0.037954657,18,4.623468633,3,6,10.45170004,101.2599115,6.903400074,4.444044473
7421,57,7,3,162.7377486,7,53,0.45712186,0.368784844,0.035134406,12.79839181,4.55309848,0.385923511,0.008461844,48,5.20225711,1,3,11.77688434,114.9688083,7.553768673,4.142311723
7422,57,8,3,68.21858284,1,27,0.545962302,0.163478025,0.096620538,15.13403501,11.88422909,0.489988884,0.078812878,70,5.980860755,0,2,11.51890834,99.34468162,9.037816677,3.565909513
7423,57,9,3,50.70516425,3,39,0.487072077,0.371530772,0.239819522,14.19121028,10.87497487,0.605049383,0.008628872,10,4.217362566,0,2,8.439561267,42.66603716,6.879122533,3.430387576
7424,57,10,3,18.77434113,8,20,0.438890572,0.202240348,0.361714325,10.60676606,105.8534851,0.29665431,0.064777053,30,7.098363813,0,0,9.559314477,46.10914074,5.118628955,2.623235024
7425,57,11,3,111.5344217,2,57,0.552447239,0.053415388,0.085598961,14.34654357,89.72611356,0.373386719,0.12562323,,3.757350545,1,4,7.414746427,54.7620566,4.829492853,3.735321807
7426,57,,4,44.76826313,3,65,0.565968091,0.12808676,0.833576251,13.93182559,87.6475398,0.518914579,0.096966532,,9.453918594,0,1,11.85101422,109.717106,7.702028432,3.252192192
7428,57,3,4,31.3348369,4,60,0.576068303,0.020566574,,12.62460032,80.23298559,0.200979973,0.019575644,42,8.332004574,0,0,8.680333513,93.35669207,7.360667027,3.308937199
7429,57,4,4,285.9982718,3,65,0.488026785,0.144253823,0.236624653,15.95396751,56.30066058,0.395525335,0.166608919,22,8.038221914,5,2,7.307759725,101.299338,6.61551945,5.163486691
7430,57,5,4,237.7633674,,20,0.492338977,0.016887588,0.760450552,14.2338095,27.84145336,0.298538727,0.008303264,64,2.906252736,4,7,9.018783053,,8.037566106,3.923443488
7431,57,6,4,169.9826159,2,43,0.552927841,0.938889557,0.891234514,16.84013595,109.5452993,0.34893642,0.128966452,32,2.353688474,1,6,11.80007553,51.93276817,7.600151059,3.250492525
7436,57,11,4,12.50641696,7,47,0.512107318,0.104069604,0.324938465,15.82449969,77.91250478,0.611408224,0.088359669,21,8.359939331,0,0,11.23583316,36.21051394,6.471666325,2.890776044
7437,57,1,5,34.36242322,3,70,0.561059984,0.005728195,0.452838791,12.60557925,138.6466039,0.273291221,0.16359122,25,6.567118662,0,1,10.1142107,,6.228421392,4.093180044
7439,57,3,5,215.6064076,6,31,0.520216258,0.148997597,0.57537816,13.6381781,65.86856874,0.280572118,0.074357939,32,4.492937454,4,4,11.57676561,71.04716054,5.15353122,4.456882105
7440,57,4,5,101.0258281,5,26,0.438480759,0.000140262,0.603589884,14.27017335,196.0540396,0.653771539,0.114795152,11,9.781307665,1,3,10.48342964,67.01122843,6.966859277,3.886724162
7441,57,5,5,129.9826036,3,27,0.471287052,0.146361353,0.536503228,16.14898435,82.60303856,0.638943312,0.112222335,16,8.509737084,1,3,7.416102419,71.18651099,6.832204838,4.425244833
7442,57,6,5,,7,,,0.600913503,0.273019115,12.99820035,64.84586136,0.528483952,0.001454028,18,7.916276079,1,5,12.88788908,81.66232753,7.775778165,4.021322867
7444,57,8,5,10.90659707,6,48,0.451362427,0.021148224,0.364575073,13.01485534,125.5595755,0.566798098,0.171906986,16,8.580452838,0,0,8.341586299,64.74636207,6.683172598,3.264472221
7445,57,9,5,199.5188595,6,50,0.563082633,0.903144667,0.52395556,14.2598686,120.3653211,0.604899912,0.191851573,45,2.389827127,3,7,10.92214922,29.022209,5.844298444,4.552551775
7447,57,11,5,96.02142985,5,57,0.576016528,0.428295623,0.800284215,15.02117266,44.829363,0.624803479,0.17038778,43,7.646849,1,2,11.45620703,130.990541,8.912414064,3.658023681
7448,57,1,6,212.6128362,7,21,0.474476923,0.028962105,0.852233588,15.86825441,73.34776233,0.651032,0.14822998,40,5.722694107,2,6,8.371252452,87.75104531,8.742504904,4.607748956
7451,57,4,6,33.93779891,6,21,0.557676288,0.012425058,0.553641172,13.82663986,93.5694784,0.266986413,0.181931633,8,7.941398677,0,1,9.792577702,86.2135883,7.585155404,3.746008694
7452,57,5,6,26.51102008,3,47,0.469651455,0.587904211,0.789598886,12.10344967,24.389799,0.556652548,0.195229948,16,3.347181174,0,0,11.39080537,89.99403922,6.781610745,3.860642355
7455,57,8,6,141.8210813,1,66,,0.31961137,0.6630400000000001,13.35049832,145.259922,0.599490574,0.185328702,45,6.324835823,2,1,12.08361018,56.59752075,8.167220357,3.840134538
7456,57,9,6,249.6823061,1,32,0.571850346,0.218493712,0.15924419,12.58154019,33.21529929,0.618450676,0.063947696,45,7.763518191,4,7,8.100855662,91.20173933,6.201711325,5.213243992
7457,57,10,6,83.33512587,3,58,0.569499043,0.001616385,0.759340457,15.57337588,70.1398457,0.628492716,,6,3.793371451,1,0,9.096319935,76.79985912,6.192639869,3.297091295
7458,57,11,6,269.2253638,5,47,0.426701195,0.817773628,0.881838608,14.03399787,148.9866814,0.401601793,0.037702945,18,4.944067409,2,,10.35222104,76.35007148,6.704442079,5.357997865
7459,57,1,7,42.76089134,4,54,0.426085418,0.001396014,0.68633355,17.13461214,23.36878501,0.239478478,0.151803642,66,8.335824745,0,0,7.963673409,103.3306442,7.927346819,3.541336093
7460,57,2,7,93.82763627,2,34,0.538685466,0.069360817,0.614528818,15.20591142,149.3099393,0.259117025,0.17787658,15,3.66331372,1,0,12.44772857,31.87879403,6.895457138,3.901171252
7461,57,,,249.8610148,8,28,0.516628266,0.719487656,0.336459849,15.74511414,27.58647366,0.238865159,0.157363272,61,6.704263092,2,7,8.747285633,99.61968264,7.494571267,5.352239435
7464,57,6,7,93.40582785,4,68,0.436864391,1.92e-05,0.40901879,14.45329181,12.21465992,0.579352174,0.10108477,8,3.547539512,0,,8.585162119,37.42747862,7.170324238,3.746809374
7466,57,8,7,108.0548347,7,28,0.497981316,0.069083325,0.578324697,16.19883384,86.02430796,0.237486261,0.155192656,25,3.847685595,2,4,11.44379658,64.57020001,6.887593152,4.47953419
7469,57,11,7,118.8699772,4,45,0.505988,0.962130067,0.179932585,13.32085909,12.21843341,0.663311925,0.03644202,11,8.345770083,1,1,6.956032828,42.40516886,,4.063315001
7473,57,4,8,30.62037421,7,35,0.548409988,0.814235749,0.427453503,12.11499477,117.5305382,0.473781299,0.142122306,67,4.099277046,0,0,12.39721932,68.84332149,6.794438632,3.212740186
7474,57,5,8,295.8855948,7,46,0.457276965,0.905908694,0.184120536,12.34854297,53.54222487,0.289299279,0.144833331,30,3.96279781,2,2,11.52696832,67.58725503,7.053936632,4.35655639
7475,57,6,8,85.77573886,3,47,0.544695909,0.068799006,0.651098187,13.66828731,182.2734519,0.204264428,0.008231784,43,,0,1,7.149048503,89.66829648,6.298097006,3.41819532
7477,57,8,8,249.8715574,8,60,0.560718331,0.030460292,0.441669029,15.63029247,176.6337484,0.531915267,0.013567834,62,8.189395937,4,7,11.12794026,39.50501303,6.255880524,4.753240925
7478,57,9,8,272.7982393,4,63,0.533555705,0.024695583,0.363437865,13.07736013,157.202743,0.599479876,0.17413732,30,6.931634305,5,2,10.93186674,120.6996054,7.86373348,4.615736019
7481,57,1,9,53.64487699,4,71,0.571855442,5.78e-05,0.510147206,13.91626324,9.861212384,0.329255086,0.061391168,64,6.450964,0,0,8.731257358,77.75589188,5.462514716,3.410254333
7482,57,2,9,204.3427342,8,47,0.494178993,0.249279827,0.577710131,13.95290244,41.7542877,0.462313736,0.051848852,53,9.928609464,2,4,9.86272358,85.07951145,7.72544716,3.776132545
7483,57,3,9,115.772944,5,41,0.503688473,0.432787441,0.425985253,14.65977961,49.48384999,0.53283097,0.181439294,5,3.036734422,2,1,9.699877561,67.80587353,7.399755121,3.94026043
7485,57,5,9,51.52721625,,28,0.424921222,0.188409127,0.297808596,12.61914017,80.93004762,0.630738226,0.198071546,9,7.441192371,0,1,8.12174454,28.15083704,6.24348908,3.245487026
7489,57,9,9,175.6546462,3,65,0.510819193,0.00210377,0.019352889,13.69993959,100.3732256,0.485154258,0.171931949,27,,3,7,9.722188661,69.46445581,7.444377321,4.294033576
7490,57,10,9,83.30496258,4,51,0.575779753,0.369447019,0.351144256,16.25612776,165.534268,0.464077265,0.111279221,9,6.782681159,1,2,10.47562653,84.61372291,6.951253062,3.688952475
7491,57,11,9,76.60513926,8,72,0.425370644,0.487880949,0.218726718,11.52205853,15.62323215,0.381272203,0.017262217,62,2.404555284,1,0,8.067810296,62.80370658,6.135620593,3.686857393
7494,57,3,10,299.6321825,4,21,0.441561402,0.032065911,0.187626051,17.13523828,60.734559,0.409789506,0.199518968,65,7.259256638,2,2,9.964021269,88.17583752,7.928042538,5.0339546
7495,57,4,10,235.3198569,4,41,0.524555986,0.342180171,0.76457,13.14746759,131.8327557,0.400620817,0.086663203,33,4.352787495,4,2,8.859704215,74.69477284,5.71940843,4.935930124
7496,57,5,10,61.54460077,2,27,0.502557432,0.500060212,0.108761065,12.5350205,173.1215225,0.535478287,0.025446512,53,9.43347303,1,0,,23.52725338,6.150022782,2.932628382
7498,57,7,10,270.2978648,8,66,0.512318259,0.059489517,0.319733964,15.90991594,13.0698649,0.473283137,0.156362934,16,2.338534268,5,10,9.283286635,70.58401694,6.56657327,4.692659778
7502,57,11,10,263.4758347,2,18,0.563573348,0.958876938,0.607736438,15.24832581,150.3986125,0.292383889,0.144479566,64,3.725421522,2,5,8.471292114,93.59881631,6.942584228,4.677097035
7504,57,2,11,254.3007973,8,65,0.527004378,0.374847768,0.572592572,12.64783073,132.0997132,0.33679527,0.068489436,42,2.03980744,2,10,6.582128184,5.798354599,5.164256369,4.026943042
7508,57,6,11,58.45852775,1,49,0.492747401,0.006539026,0.339520196,12.69206954,109.8759248,0.464710357,0.043040858,27,7.341259882,1,2,10.16226086,53.36523259,6.324521713,2.327522303
7509,57,7,11,71.71519892,4,65,0.533372442,0.880791485,0.067095244,15.85418963,182.8103071,0.542578469,0.128206261,56,9.101259765,1,0,11.25232757,57.25008895,6.504655147,3.181294303
7510,57,8,11,25.52615867,5,24,0.446308449,0.809471689,0.077192589,13.00170686,70.41275817,0.33139954,0.092541763,42,3.801421685,0,0,10.33428159,63.18874639,6.668563181,
7511,57,9,11,87.77619043,1,57,0.552747376,0.000143081,0.352251831,14.57136695,188.0623569,0.626873762,0.063535057,29,5.395055519,0,1,10.65075941,76.01078514,7.301518829,3.540096765
7512,57,10,11,145.8229949,4,29,0.561431,0.661579285,0.604552776,14.93241028,14.07925585,0.203409699,0.035271669,46,2.525502462,1,1,8.740227936,47.98289566,5.480455872,4.097219797
7513,57,,11,244.7808301,2,67,0.462658722,0.63227804,0.48332129,12.51746334,198.0174021,0.365182528,0.1836299,67,5.085918676,4,4,10.62081297,108.5350043,7.241625933,5.312182121
7514,57,1,12,46.22143047,1,21,0.567341008,0.770127457,0.37230327,13.19601883,181.1070149,0.337018512,0.00412384,41,6.263890733,0,1,8.442232682,89.52499197,6.884465364,2.888863131
7515,57,2,12,135.8464978,4,39,0.49076099999999995,0.062744562,0.563071002,14.18720478,75.2854065,0.23722051,0.012475979,33,6.404818534,1,5,11.88178043,12.42152455,5.763560866,2.518465395
7516,57,3,12,182.2508902,6,62,0.458082764,0.175722631,0.42380636,12.1276732,147.997591,0.428016763,0.072995996,64,4.752351844,1,3,7.404262889,96.49750174,6.808525778,4.939137452
7520,57,7,12,116.2669036,6,50,0.486722111,0.15025282,0.45533917,13.86537597,155.8404564,0.315502177,0.146164559,36,3.875930249,1,4,7.81409776,57.28316601,7.628195519,3.159195291
7521,57,,12,285.8347138,8,44,0.51195762,0.299079938,0.773733163,12.31812373,122.4823584,0.670662098,0.077319365,61,8.817704588,2,2,11.51006874,80.95008157,7.020137481,4.896628935
7523,57,10,12,194.6680794,2,37,0.422481816,0.511807265,0.282269209,14.70588726,162.0500702,0.232481439,0.191927785,41,3.522578355,1,5,11.61438181,6.73111414,5.228763627,3.170234857
7524,57,11,12,33.31673744,3,54,0.495620286,0.175107746,0.894449355,12.27483932,103.4630273,0.557390715,0.182099585,33,6.567458935,0,1,8.930466288,37.89070177,5.860932576,3.275084694
7527,58,3,1,261.77524,2,33,0.521233865,0.688916091,0.288573329,14.51123992,160.578282,0.644358932,0.109021113,30,3.658199845,5,7,10.61735551,64.04054525,7.234711022,4.46612555
7528,58,4,1,102.0795381,1,,0.557306448,0.937042324,0.183519879,12.24393598,101.2701771,0.272194986,0.111353287,69,9.830630976,2,4,8.468853322,55.71856629,6.937706645,3.086132977
7529,58,5,1,147.2462273,6,31,0.457733914,0.842305595,0.819652501,12.64288598,2.349524147,0.414571606,0.148501034,18,8.440511056,2,4,6.579381098,32.24137467,5.158762195,3.05426436
7530,58,6,1,293.2631203,4,45,0.487316454,0.875082917,0.701949216,11.26812475,59.29576778,0.374572112,,51,6.716507461,2,5,8.926735974,18.91564456,5.853471948,3.912540593
7532,58,8,1,61.53985939,8,46,0.482206859,0.008850277,,13.86624906,173.6950451,0.28105998,0.030992871,25,5.424766679,1,0,11.7034717,20.16121204,5.406943404,2.94222017
7534,58,10,1,94.50322084,7,62,0.452304069,0.02293017,0.136839043,13.977964,72.98090639,0.431602586,0.12782746,62,6.320752276,1,3,7.765535556,73.46917623,5.531071112,3.606785197
7535,,11,1,146.651012,5,36,0.463529335,0.000658189,0.258104146,13.79754474,149.9862245,0.660969638,0.068905603,48,4.745870334,1,4,7.665302635,58.03086617,5.330605271,3.510570945
7536,58,1,2,265.9890458,4,,0.551248631,0.725607473,0.791349083,14.52250072,8.08519875,0.387051287,0.064613315,49,7.689156633,5,7,,19.21899163,6.136111907,3.779948299
7537,58,2,,6.632233055,1,,0.530420919,0.471192243,0.594955193,15.51853375,78.01009967,0.44636676,0.148635693,60,9.297913559,0,0,7.065852081,68.33608976,6.131704162,3.281255136
7538,,3,2,69.03694709,4,45,0.449785683,0.7654040000000001,0.826696671,12.80084095,87.4159548,0.500613401,0.089891943,26,8.688689463,1,2,7.111578306,17.83993375,4.223156612,3.56179545
7540,58,5,2,152.1462081,5,33,0.431747908,0.906302437,0.877308381,14.30537619,175.8254081,0.547277316,0.096860046,19,7.590694914,3,1,9.947431217,84.05992442,5.894862434,4.169176707
7541,58,6,,91.25990494,2,,0.528871834,0.697408908,0.650217194,11.83655027,192.6776543,0.485633741,0.120122324,,5.434069557,0,1,6.686972373,15.28000086,5.373944746,2.608560615
7542,58,7,2,159.8470039,4,51,0.435603468,0.540985384,0.287202768,12.55457259,56.66863579,0.509011,0.192430032,70,9.489927853,3,4,9.530318106,47.34571701,5.060636212,3.53989376
7543,,8,2,52.37958349,5,54,0.508583078,0.01788897,0.459553521,13.03712047,63.98006011,0.557609784,0.170891061,17,7.336075276,,1,9.798400263,70.73910041,,3.583437474
7544,58,9,2,39.38419293,8,20,0.574872783,0.651903576,,14.11075273,127.8038412,0.350986922,,64,4.316746898,0,0,9.394862627,31.6502554,6.789725254,3.047511973
7546,58,11,,64.11283722,7,59,0.491899123,0.42684199999999994,0.285958272,15.77737625,132.2584061,0.357274337,0.091824629,17,3.21295792,1,1,9.209653471,88.24684487,6.419306942,3.807654552
7547,58,1,3,,3,61,0.422186281,0.166277533,0.279546676,15.37619789,129.0797951,0.424226476,0.175275134,71,9.179459551,0,,11.98677661,66.74746554,5.973553215,2.823135043
7548,58,2,3,161.3860682,7,41,0.578997351,0.5249023,0.421518424,13.02233663,150.9402443,0.211513546,0.075098968,24,9.640471359,1,1,9.790187015,32.15911972,5.58037403,
7549,58,3,3,160.8847263,8,67,0.475228738,0.023889882,0.623351156,13.85018477,38.80124879,0.281688352,0.065485268,15,,3,1,11.69454709,17.39158573,5.389094185,3.434510735
7550,58,4,3,61.41080479,1,28,0.496527777,0.835415587,0.507802764,14.60304604,118.4619595,0.241604715,0.066240754,13,8.94927683,0,2,11.5572478,6.978442306,5.1144956,2.369832333
7551,58,5,3,174.0007638,8,48,0.43346351,0.027262026,0.364306143,13.26275022,180.3874696,0.545116043,0.101681333,40,4.701423937,1,3,6.923750124,14.00559897,5.847500248,3.810416248
7552,58,6,3,236.5311811,2,18,0.530874978,0.917242699,0.174210075,12.81158452,195.0517706,0.314747975,0.050696454,42,3.402077148,4,7,6.673102509,19.42758998,5.346205018,4.150324866
7553,58,7,3,66.0679197,4,52,0.457562583,0.880853899,,13.72348733,82.36132096,0.650459657,0.142693986,38,9.707570468,0,1,10.73527074,43.08200186,7.470541475,2.940351227
7554,58,8,3,238.2480239,6,58,0.438345849,0.021283104,0.506645512,12.76984177,153.0532592,0.558618096,0.156118911,62,4.4216262,4,4,10.64991209,17.96624797,5.299824187,4.148332203
7556,58,10,3,32.04806402,5,34,0.422152547,0.599046191,0.752226895,16.55556299,154.751834,0.639636,0.173541944,44,7.466840435,0,1,10.64197944,63.35997749,7.283958878,3.214191252
7557,58,11,3,31.80976052,5,48,0.536858031,0.160893494,0.537959271,11.02377911,32.61847687,0.400527087,0.172611511,6,7.804349005,0,0,9.790988393,20.38281198,5.581976787,2.390863549
7558,58,1,4,212.3419339,5,42,0.452321783,0.699395483,0.572737788,17.04917662,121.3416635,0.678708908,0.095292407,43,6.410348003,4,4,10.91620923,80.05433059,7.832418466,3.869110432
7559,58,2,4,297.3178946,1,31,0.474087811,0.002305602,0.778600061,14.7838768,42.91002629,0.414539161,,33,8.540303898,5,5,12.21326489,50.76098382,6.426529776,4.432364818
7563,58,6,4,22.61678983,6,67,0.508892915,0.372915881,0.845530199,15.01589863,12.62469163,0.4953236,0.147585341,52,9.786999372,0,0,8.78661035,79.75294363,5.573220699,3.430666953
7564,58,7,4,231.1585206,5,47,0.444035375,0.07458228,0.682091314,11.10280521,97.50139204,0.29082861,0.014700754,30,4.948442754,2,9,11.83489178,55.09766305,,4.334251142
7567,58,10,4,82.01238884,7,18,0.576061865,0.082219819,0.667020318,12.44621937,17.55694372,0.266565021,0.172002683,60,2.276507841,0,3,10.47012187,32.54388835,4.94024375,3.332038886
7572,58,4,5,40.93880232,8,54,0.48115525,0.34862784,0.387184793,15.75351964,161.7207572,0.344131052,0.139927174,57,8.689184248,0,1,7.196399799,48.45859392,6.392799598,2.724751296
7574,58,6,5,139.6312844,1,51,0.504463167,0.48013416,0.772737675,13.32841337,,0.523812499,0.053048093,56,9.463619751,2,1,10.5157852,95.80631985,7.031570407,4.674962081
7575,58,7,5,120.9015852,4,47,0.578717001,0.068169615,0.727628153,14.5418224,147.6274392,0.651124445,0.027386581,23,3.247336976,1,1,8.634345779,76.43912131,7.268691559,4.286961442
7578,58,10,5,297.5654114,6,59,0.52974046,0.021903724,0.624029984,9.757529938,,0.462808555,0.109937882,31,9.862952736,5,2,7.087516632,49.8250113,4.175033265,5.22671047
7581,58,2,6,164.0396658,1,44,0.449373698,0.000132341,0.369420719,15.3031054,29.15384057,0.537886245,0.002684703,55,3.934856708,1,1,8.946169667,93.41877518,5.892339334,4.390927905
7582,58,3,6,298.4405395,2,32,0.513436153,0.77284858,0.451442246,13.09914739,23.59758512,0.545217007,0.172598403,13,4.395574213,2,8,11.83285966,45.63881202,5.665719318,4.947568728
7584,58,5,6,256.1202684,2,43,0.501142816,0.154130191,0.73897815,14.30811217,113.5734499,0.405158814,0.07121086,31,7.188337962,5,7,9.504506763,46.04995192,7.009013526,
7588,58,9,6,226.3600112,6,26,0.548986288,0.001378143,0.274232102,14.55824188,29.59518488,0.30574012,0.124281713,55,5.956456083,2,6,12.08791215,41.82708206,6.175824306,4.063942304
7589,58,10,6,192.2859125,6,27,0.432607222,0.621573684,0.582819656,12.7139065,61.26670712,0.396343237,0.055347286,28,3.593201164,1,3,9.729948058,64.93758177,7.459896115,4.223916651
7591,58,1,7,79.10793652,3,25,0.491688462,0.042359199,0.461609609,14.33508197,25.54549432,0.638438162,0.046078431,69,8.700392221,0,2,10.51948998,41.40700433,7.038979969,3.037284469
7593,58,3,7,232.4143595,2,69,0.47321107,0.00104723,0.317700284,12.40206137,150.855232,0.425201782,0.07425872,19,7.202780741,2,4,7.001145205,72.99522141,6.00229041,5.600144854
7595,58,5,7,169.5513078,3,43,0.554282187,0.13456474,0.64694892,15.43027794,107.9877121,0.246082673,0.121032365,20,9.355692967,1,5,9.01682108,70.9416551,6.03364216,4.836832373
7597,58,7,7,286.0318345,7,32,0.493305062,0.072805968,0.486653183,,20.59721466,0.501053386,0.115826439,32,8.21193986,2,11,8.504972001,39.50287472,7.009944002,4.852062158
7598,58,8,7,45.24389261,6,72,0.531423628,0.89532978,0.076634377,11.72446754,150.5314603,0.569715104,0.008317563,6,9.974192765,0,1,9.624704188,51.65566779,5.249408376,3.011651439
7599,58,9,7,167.5543976,1,71,0.489149683,0.0551884,0.194611092,11.43064804,144.0757312,0.336078563,0.16051142,70,9.411784898,3,1,10.01702669,28.58683601,6.034053377,4.040377466
7601,58,11,7,109.44455,5,31,0.423084807,0.739148053,0.013588505,13.37565123,14.32576523,0.595792762,0.064807141,25,9.818277388,2,2,8.542028459,102.514193,7.084056918,4.638201097
7602,58,1,8,249.021059,6,38,0.436919842,0.564128554,0.044626804,12.21180122,8.010624278,0.446057761,0.009730648,20,3.368129634,2,2,7.895445121,70.72204784,5.790890243,4.859337973
7603,58,2,8,192.7041439,7,28,0.455785505,0.215426702,0.617018854,15.42134541,32.36364568,0.292280932,0.114078915,15,5.175104919,3,7,8.567414117,37.9606647,7.134828235,3.727543131
7604,58,3,8,89.82920288,5,19,0.57157489,0.009363091,0.516075207,14.31460663,165.6137439,0.587302745,0.008739625,40,2.125710151,0,1,9.952559238,28.31369871,5.905118475,3.653696657
7609,58,8,8,147.2700623,3,22,0.462985097,0.812892315,0.681906466,18.44578912,,0.266384629,0.076721217,7,,2,2,10.69210507,142.2301468,9.384210136,
7611,58,10,8,103.9324694,3,25,0.578647535,0.039248424,0.145151859,14.9430624,83.92143468,0.315838802,0.144723039,33,8.760786448,1,4,10.30170133,66.8002994,6.603402666,3.636714009
7614,58,2,9,22.13143691,1,21,0.457132242,0.590815132,0.017633251,13.17267813,82.07110335,0.484924936,0.081269839,40,5.317270474,0,0,11.42926563,77.25823261,6.858531255,3.174159599
7619,58,7,9,208.3637063,1,24,0.504713247,0.478612772,0.599254132,11.10553415,146.5065379,0.421690885,0.150035291,32,,,4,,,4.561704607,3.745621184
7620,58,8,9,205.4900494,1,69,0.542670607,0.521690424,0.859990074,13.53297055,100.8940962,0.23984538,0.120725102,40,7.562241978,4,2,11.07387253,68.81498922,,4.593324077
7621,58,9,9,48.95809871,7,47,0.48493081,0.467507241,0.79030779,12.35810161,27.15637385,0.636179716,0.140917577,17,2.751469048,0,1,7.976723116,36.70753864,5.953446231,3.039200013
7623,58,11,9,159.309941,2,34,0.48338776,0.003245505,0.091185832,15.6366725,78.6147094,0.345112984,0.135157832,29,2.213888343,1,1,12.68704028,43.96701166,7.374080556,3.77480188
7624,58,1,10,234.627513,1,34,0.562753461,0.375315154,0.202324415,14.13581871,165.534454,,0.102794036,23,2.688554225,2,9,9.297677064,50.1080568,4.595354127,4.866179758
7625,58,2,10,151.8961032,4,31,0.473977215,0.153225103,0.244940141,10.90156758,185.1765327,0.229792049,0.196513161,17,7.10551173,3,,7.167537545,,4.335075091,4.323213675
7627,58,4,10,287.1185732,7,51,0.456820903,0.587749627,0.623428845,15.36099581,49.20172296,0.249250629,0.143410756,62,7.314756983,2,11,9.978331005,82.97090317,5.95666201,5.119076395
7628,58,5,10,231.651425,5,71,0.502847404,0.041007252,0.199789865,14.62598528,139.1817939,0.493242801,0.045505937,25,3.253883618,2,9,11.68110293,80.07595184,7.362205862,3.977886137
7629,58,6,10,39.95941443,6,45,0.486701,0.02966575,0.145594717,13.44158441,195.1986257,0.388579259,0.076284165,27,4.587932107,0,1,7.467546895,47.00744152,4.93509379,
7630,58,7,10,298.8151368,1,21,0.493934183,0.330020226,,12.49140001,91.90423314,0.341497785,0.087378326,23,6.898307872,5,11,9.050777782,74.01860827,6.101555564,5.291035602
7631,58,8,10,159.4432486,5,24,0.558979541,0.022869649,0.174610122,11.50761078,97.65663557,0.214774552,0.009223282,67,9.812776292,3,3,7.504228209,32.7184313,5.008456418,3.813851594
7633,58,10,10,36.44029558,4,55,0.446042034,0.87596726,0.013512405,12.26730726,1.828825757,0.29208852,0.098997062,14,6.945276607,0,1,9.926281811,50.74915841,5.852563621,3.024929107
7634,58,11,10,93.40399302,4,55,0.461080162,0.156549388,0.059343522,12.18337893,93.7723287,0.514596403,0.125298255,48,3.741464614,1,2,10.43521051,51.90029534,6.870421028,
7635,58,1,11,196.9730555,2,32,0.493138494,0.16550269,0.870269228,10.65513624,91.44607288,0.624738614,0.04537575,22,7.789464719,1,1,6.919520133,3.356488192,1.839040267,4.095165668
7636,58,2,11,174.2765951,7,33,0.579287,0.021220258,0.213539454,13.66929318,67.30129305,0.589339318,0.096051926,68,9.34979958,3,3,7.594051767,36.27429811,5.188103534,3.776196699
7637,58,3,11,62.97960455,3,54,0.428008697,0.00769042,0.184446539,15.22359691,83.54299172,0.54657551,0.111337814,25,2.122489841,0,1,6.901998283,67.58130787,5.803996566,3.253088576
7638,58,4,11,191.0110741,2,40,0.546638757,0.018653846,0.609977277,10.63262687,109.3226092,0.542133263,0.069949978,,3.538618351,1,5,8.573681592,9.585718093,5.147363184,3.62416672
7639,58,5,11,33.57978194,6,41,0.563856597,0.334787282,0.701746544,11.88366996,193.5542959,0.594727484,0.089637046,24,5.406009428,0,1,8.713149977,45.01979612,5.426299953,2.667650042
7641,58,7,11,39.27086739,5,21,0.475060595,0.561432739,0.814995649,14.38867871,197.464261,0.61544428,0.123253052,40,7.732403673,0,1,10.9937104,37.10236685,5.987420791,2.798065039
7644,58,10,11,270.4537811,1,50,0.544982622,0.784355935,0.476549412,15.84985824,155.8307977,0.266462214,0.040267933,,4.958702607,2,8,10.24992125,43.27229263,6.499842491,3.912535988
7646,58,1,12,144.8686257,3,26,0.425795954,0.060330184,0.409367334,13.91744761,108.0973283,0.630419495,0.004406512,41,4.537957297,2,1,7.287470893,64.61047979,6.574941786,3.479106775
7651,58,6,12,248.4177461,7,62,0.503033072,0.620455,0.281744,14.9419699,78.17723435,0.646516511,0.092604137,56,9.936301119,2,2,7.745538835,21.15497753,5.49107767,3.842361562
7652,58,7,12,51.43600897,8,71,0.527438233,0.311782523,0.876565976,12.6510949,129.1869417,0.547914225,0.065470558,18,9.665425455,0,1,7.583941609,68.26907962,5.167883219,3.27822869
7653,58,8,,131.258502,7,26,0.457682214,0.745990907,0.599237059,12.74540739,31.3760665,0.539298616,0.093795029,15,2.717939475,2,5,8.080781885,11.72803123,4.161563771,3.277952924
7655,,10,12,43.14155717,1,45,0.507235115,0.128791774,0.374162091,11.31214654,1.869109461,0.244519909,0.187427446,27,3.99574431,0,0,7.951192523,58.20933338,5.902385046,3.00121225
7656,58,11,12,196.889543,7,51,0.421397379,0.618203345,0.609436245,12.74004548,36.92282338,0.409647005,0.123484249,55,6.503727384,3,5,,55.54487864,4.155606092,4.288379245
7657,59,,1,1.859039524,2,28,0.556213463,0.035046025,0.815702583,11.28341745,,0.312449476,0.06035038,13,5.218651172,0,0,9.935231915,34.86360533,5.870463831,2.761458928
7659,59,3,1,13.98345133,,38,0.495929474,0.542758899,0.313383176,14.60498891,134.9696666,0.633370902,0.19197336,21,5.645447225,0,0,12.66943828,55.05374101,7.338876566,2.766529736
7660,59,4,1,267.3368941,2,41,0.574051718,0.323672339,0.665077392,13.77180968,122.7386374,0.288466028,0.138830501,32,6.243477429,5,5,10.76211649,76.35020399,7.524232979,3.85372925
7663,59,7,1,19.98548107,4,19,0.483622752,0.301742192,0.787593335,12.87233654,10.56937858,0.477985194,0.182515242,16,2.615295886,0,0,9.706853632,11.78740935,5.413707264,2.488712191
7664,59,8,1,184.7835989,2,64,0.474788468,0.235804198,0.474876846,14.83796142,174.1692929,0.668532419,0.170555645,20,6.85248575,,3,10.68775634,56.82259503,5.375512684,3.649370581
7665,59,9,1,149.0668895,2,28,0.53159,0.002314296,0.021682,11.92372669,2.083936635,0.359493818,0.151480168,16,3.789554621,1,4,11.73540372,80.38090839,5.470807438,4.090390998
7666,59,10,1,278.2796779,7,57,0.552283829,0.518532893,0.858143195,16.83664864,79.11548875,0.360122549,0.053693067,62,9.829188377,2,2,12.79813813,49.89323937,7.596276263,4.486051842
7667,59,11,1,,6,62,0.504948354,,0.547346556,14.92735711,15.2473575,0.320291103,0.065617325,18,9.943390733,5,10,8.737420616,68.95408563,,4.731867142
7668,59,1,2,282.980041,4,37,0.539172086,0.170111429,0.151999356,12.19045882,171.6961416,0.477505568,0.048740145,41,5.229930109,5,8,10.32803268,56.33538026,4.656065354,5.143114691
7669,59,2,2,179.1164364,4,44,0.493297643,0.029580465,0.758048249,12.99589741,68.11608724,0.612060428,0.143226974,65,9.7751803,1,5,8.775498563,46.12119466,5.550997126,3.868749108
7671,59,4,2,46.93573186,8,48,,0.786500384,0.633354976,10.59134893,115.2641215,0.624708525,0.059003497,68,5.544371359,0,0,10.55074941,22.74495765,5.101498814,3.172709755
7674,59,7,2,285.2128285,6,48,0.510050816,0.079370758,0.656434901,13.63175306,196.3218782,0.276629548,0.141955132,17,4.012041799,2,2,,33.84381567,6.257503395,4.74819082
7675,59,8,2,214.9803776,7,37,0.445892194,0.764112521,0.841784472,15.25248347,73.07041477,0.433265912,0.190783449,63,6.12900968,2,6,7.91804637,38.47849412,5.83609274,4.10914051
7677,59,10,,92.09158475,4,58,0.506220506,0.106248418,0.508541,10.67305244,63.17615371,0.441711108,0.056041077,8,4.34621249,1,1,11.59614024,41.13781834,5.192280485,3.39367155
7681,59,3,3,110.5014424,4,70,0.431696701,0.512654654,0.181761576,11.58574837,134.755804,0.662418949,0.16751211,61,6.389658806,2,1,7.547637984,42.50995622,5.095275968,3.591501848
7682,59,4,3,296.6453907,8,33,0.5380737,0.617361521,0.813216068,15.14367179,57.16962373,0.338306732,0.033589538,26,7.925865252,2,5,7.413150996,30.51265975,6.826301992,4.582522361
7684,59,6,3,81.42572439,7,28,0.500388732,0.022479082,0.828988357,11.15880987,137.2162454,0.440483879,0.007917784,57,9.865672183,0,3,11.86600549,65.24680387,5.732010971,3.698257329
7685,59,7,3,49.11505334,1,54,0.505371313,0.142629208,0.264129161,12.92552188,160.3520363,,0.128187733,15,3.338364174,0,1,7.736401047,44.26596727,5.472802093,3.027250982
7689,59,11,3,291.1661821,3,51,0.484476386,,0.289816813,11.95549569,32.84757494,0.415174396,0.135221836,33,8.306383435,2,5,9.753053159,51.81593128,5.506106318,4.897342369
7690,59,1,4,164.5117394,2,50,0.519216065,0.963399908,0.52747455,14.52920146,175.6332323,0.57931829,0.015910989,62,6.970091326,1,4,12.07177859,61.06992147,6.143557181,3.94320554
7694,59,5,4,95.50566406,8,49,0.545788954,0.852850004,0.492248396,13.79657686,5.786647805,0.420792333,0.07907629,10,3.666326595,0,2,9.22032048,61.66151863,6.44064096,3.282899963
7695,59,6,4,56.82760005,6,51,0.52157405,0.351297442,0.810134618,16.01858373,77.27005042,0.340520701,0.196482834,68,5.292378589,0,1,8.343657627,78.90223197,6.687315254,2.866374334
7696,59,7,,173.2888751,5,72,0.567283316,0.031361805,0.736690302,14.2652549,142.5805721,0.334344996,0.000297286,32,3.497635491,1,1,9.369586053,2.439675435,4.739172106,3.264686988
7702,59,2,5,185.8911276,8,60,0.538431473,0.785922439,0.528450686,13.57282221,122.2498833,0.5114178,0.073003662,55,6.509408294,1,5,8.651567895,72.69462073,7.303135789,4.806994182
7703,59,3,5,194.6717648,6,,0.488479394,0.976578068,0.377689801,16.2681675,6.692379204,0.371138719,0.091282432,21,8.750604156,1,3,12.59342639,117.1725775,9.186852774,4.509041143
7704,59,4,5,186.4066418,3,20,0.508472397,0.979389296,0.079639828,12.88171553,125.2888634,0.501303369,0.190301349,24,3.661916654,3,5,8.823175293,70.62250613,7.646350585,5.025234935
7705,59,5,5,294.1207786,2,38,0.453238151,0.035220244,0.07265423,12.39847444,138.9189237,0.323938257,0.06724993,28,9.446760885,2,2,6.999152466,25.47452268,5.998304932,4.533712425
7707,59,7,5,9.642959468,5,32,0.461036588,0.794821591,0.875592263,13.1537599,76.81278934,0.242858351,0.103493597,17,5.147308479,0,0,10.4187555,94.14306187,6.837511002,3.456430643
7710,59,10,5,277.008958,6,40,,0.34456600000000004,0.855635938,10.93454004,32.67365083,0.591087278,0.131702409,28,6.149331917,5,8,6.741411131,63.9634426,5.482822262,4.860877069
7711,,11,5,101.4143198,5,50,0.431045606,0.057077114,0.657229279,11.81799827,70.91483742,0.460740068,0.152022418,40,4.866965317,1,4,6.676665707,6.552738444,5.353331414,2.949021329
7713,59,2,6,92.15937855,6,46,0.506730678,0.041438073,0.474736366,12.91528391,53.38622797,0.33639758,0.035043963,59,6.906306067,1,0,11.73071328,54.53249812,5.461426564,4.080944666
7716,59,5,6,201.6487081,8,68,0.520513524,0.772896984,0.071721859,13.96873842,58.19167752,0.271737928,0.188957139,11,9.216586466,4,6,,81.27635765,5.520820462,5.258874808
7718,59,7,6,170.4186466,7,55,0.467156955,0.051845696,0.278646465,11.22001896,118.7334846,0.304776649,0.02891037,40,4.528247793,1,6,8.344454979,25.7447054,4.688909957,4.257120364
7719,59,8,6,191.1003163,6,35,0.54984753,0.007719512,0.206997636,14.61820709,144.7322573,0.528424595,0.136909806,70,5.734842437,3,3,11.5656706,53.30082723,5.13134121,5.077515327
7720,59,9,6,107.181716,4,59,0.472232253,0.47642051,0.787290421,12.4959946,57.22733386,0.282792762,0.004432415,13,9.200934664,1,4,10.60888589,50.3320937,7.217771777,3.740587465
7722,59,11,6,21.42184407,8,28,0.487545073,0.067659298,0.778081236,15.07912638,195.5125798,0.616871891,0.102241725,62,2.250651051,0,0,9.377292434,45.4641238,6.754584868,3.527514945
7728,59,6,7,,6,44,0.496727475,0.585274841,0.132195273,14.5029982,87.81002569,0.441636857,0.080004716,6,3.985685346,0,0,8.057221223,83.96585039,6.114442446,
7729,59,7,7,173.7347307,8,41,0.57038913,0.37807519,0.763974092,13.31190325,181.3655081,0.476925079,0.154614904,6,6.448396934,3,5,9.506612916,79.54016247,7.013225832,4.737734802
7732,59,10,7,61.06261687,2,31,0.514250751,0.681753054,0.237164732,,164.2529013,0.286742514,0.152960475,65,8.51802215,0,1,11.5192503,91.29846228,7.038500594,4.027952115
7734,59,1,8,249.3930335,4,43,0.514425662,1.91e-05,0.14499556,11.38839713,176.02656,0.593929603,0.131250419,18,3.443356652,4,7,9.437998404,,4.875996808,4.603682413
7735,59,2,8,155.6444731,6,27,0.534171577,0.011858557,0.554930677,12.18920784,118.2179566,0.302005812,0.13200224,24,9.484404808,3,6,11.88289324,67.37166165,5.765786485,4.319851189
7737,59,4,8,234.4093539,3,53,0.529960423,0.14869848,0.426344801,12.01130369,187.3908097,0.491138653,0.091586947,14,4.999443553,4,2,7.784057605,60.05714157,5.56811521,4.051372234
7738,59,5,8,107.182305,8,38,0.558497678,0.149783371,0.213863384,14.17870121,184.6116136,0.219618627,0.170235025,65,7.80255134,1,1,7.432611781,99.66795332,6.865223563,4.048126329
7739,59,6,8,65.39612512,7,45,0.428531303,0.279529586,0.5769,15.71561511,76.09716558,0.36472439,0.172047044,52,6.844571053,0,2,10.17534173,24.73675596,6.35068345,2.771215343
7741,59,8,8,297.8410984,4,27,0.452891236,0.642928882,0.589822507,16.88077386,130.4314294,0.637589788,0.099447187,47,6.33684866,5,11,8.822652145,109.7582671,7.64530429,5.185492295
7742,59,9,8,80.83291862,5,37,0.455098409,0.003337783,0.300336277,15.56675334,138.4058223,0.204959453,0.064808464,48,4.65761584,1,1,10.09264074,67.35606315,6.185281484,3.732177025
7743,59,10,8,268.5572402,4,58,0.502969438,0.037909388,0.604361545,13.78246202,13.19765705,0.447155747,0.025873101,7,8.194658729,5,2,10.76803446,,7.536068912,4.472025874
7746,,2,9,85.81435359,4,32,0.430566975,0.041834177,0.43138028,15.82759517,10.93217311,0.542159054,0.150694313,49,4.928788315,1,2,8.237552871,73.63248095,6.475105743,3.641009266
7747,59,3,9,71.17829434,2,41,0.452245615,0.556857012,0.782735668,,68.37548044,0.407221405,0.149639855,35,4.975005333,0,0,7.538729363,72.59896762,7.077458726,2.798082549
7749,59,5,9,275.1252887,7,51,0.532638179,0.710177538,0.780675083,15.83686478,27.03426733,0.461207952,0.177253,27,4.608732716,5,11,11.24270266,56.57559304,6.48540531,4.390547258
7750,59,6,9,98.77483098,6,55,0.468494314,0.289585368,0.600111514,,179.7519064,0.364972132,0.144970535,45,4.673052293,1,0,8.553511563,68.15062464,7.107023126,3.508133811
7754,59,,9,250.3729164,8,34,0.538840699,0.195472358,0.790778799,13.21423349,42.66125569,0.202473137,0.145656389,13,5.020016043,5,5,10.45235194,,6.904703874,5.050617298
7756,59,1,10,237.9563595,6,58,0.496710405,0.576133864,0.421660456,10.21415453,182.8438329,0.253322121,0.165263784,67,7.538555199,2,2,10.34119696,43.99378639,4.682393922,4.625578759
7757,59,2,10,46.59279587,3,26,0.516400202,0.198840538,0.852137658,13.58409353,,0.253961667,0.019581032,44,,0,1,9.213385295,117.3950968,8.426770591,3.421230261
7758,59,3,10,171.8785838,1,52,0.560880995,0.013495268,0.682611449,14.33299162,43.11639257,0.359478106,0.098177146,18,9.939401421,1,1,10.40721757,63.18607316,4.814435138,4.394858848
7759,59,4,10,201.6060904,8,54,0.481423661,0.239785437,,13.51092532,61.68664308,0.360625399,0.036627364,7,4.057266081,4,6,11.50606962,50.45520456,5.012139244,
7764,59,9,10,116.3956274,,41,0.522635344,0.261506959,0.615867209,12.47070465,64.29288312,0.537193011,0.193122526,22,6.625851059,1,3,12.59483592,35.52034108,7.189671832,3.021241207
7765,59,10,10,155.2402758,6,30,0.445403345,0.048262461,0.828601899,15.70663208,167.7403438,0.25576268,0.066989718,59,6.089709901,,3,7.725906709,75.58030041,7.451813419,4.158063607
7767,59,1,11,203.5789446,2,47,0.443938409,0.10052753,0.440492812,13.85050444,174.0647937,0.516830059,0.035701189,50,3.393577267,2,4,8.694724687,6.555584293,5.389449373,3.754697549
7768,59,2,11,236.0492211,1,48,0.544273286,0.091530592,0.551378344,11.68092776,171.8307666,0.299330398,0.193503278,5,6.907416082,2,9,6.044959866,46.87817326,4.089919732,4.797198297
7769,59,3,11,182.21961,5,24,0.51411132,0.652991803,,11.61825458,156.0939256,0.534142224,0.08438488,15,3.890224416,1,1,9.121252547,90.38789546,6.242505093,
7770,59,4,11,286.0294892,6,57,0.54601031,0.045043411,0.672094625,14.35011294,112.3819993,0.407366704,0.130597268,30,3.478198625,5,8,6.972284967,22.96169614,5.944569933,4.146503539
7771,,5,11,225.728003,1,22,0.491838,0.018136696,0.25047449,12.11700833,12.8086554,0.515530939,0.167127147,42,3.868923562,4,2,9.287226851,1.385390971,4.574453702,3.572404694
7772,59,6,11,163.6168108,4,25,0.49922375,0.360523287,0.315573777,13.8002683,80.91108923,0.359748412,0.129657052,54,4.38258332,1,1,7.666815725,24.42914039,5.333631449,3.845435495
7774,59,8,11,,4,61,0.494405943,0.187197032,0.745831858,14.19449955,80.15934249,0.635758523,0.19867557,55,3.66355244,1,1,6.330277526,53.28412243,4.660555053,3.697033255
7775,59,9,11,230.1436924,8,65,0.447093094,0.608467406,0.69013714,14.28021185,55.26135751,0.497680207,,11,6.346990257,4,6,11.93345103,72.92133754,5.86690205,3.697692618
7776,59,10,11,37.42919996,1,69,0.574980012,0.587706649,0.168648922,9.859086718,155.1989005,0.655497268,0.162796881,67,3.736871791,0,0,7.143937066,31.86192093,4.287874131,3.177793116
7777,59,11,11,186.0811779,5,33,0.42689195,0.011858396,0.497218359,14.52852305,130.6104589,0.504181093,0.159641709,15,3.752501103,3,3,,52.04644836,6.142803394,3.87124365
7778,59,1,12,246.473063,5,64,0.50424052,0.0457124,0.177931544,14.00957258,20.60015287,0.523500691,0.097735151,26,6.272987888,2,7,9.338651432,65.77625441,6.677302864,4.372379473
7779,59,2,12,296.7354733,3,19,0.57610391,0.170212628,0.158898589,10.02770253,67.71709384,0.492530237,0.143848185,38,9.803628095,2,8,10.23761251,58.34035236,4.47522503,4.829854278
7780,59,3,12,253.2997522,2,59,0.493466663,0.046406584,0.713486661,16.28311545,123.5213912,0.373965924,0.01709611,33,6.928858178,,5,8.046175248,63.94494837,8.092350496,3.607754566
7782,59,5,12,98.84497696,2,42,0.446018794,0.150973335,0.81541169,13.63394254,193.7952384,0.54418799,0.115630701,21,7.183498352,0,3,9.018856969,34.39326919,4.037713939,2.901932006
7783,59,6,12,67.91743385,6,29,0.576120025,0.993978478,,15.70202846,149.4342824,0.67024874,0.140904406,66,7.522996607,1,2,12.16779359,74.8333259,6.335587181,3.778438983
7784,59,7,12,1.990993348,7,60,0.513633241,0.509376917,0.3496134,13.20740702,43.87037483,0.222939994,0.192111303,44,8.320511178,0,0,11.44855946,83.77950154,6.897118915,2.349139531
7788,59,11,12,126.7047775,7,,0.548472237,0.183427691,,11.25785782,131.1764967,0.545432944,0.069756414,47,9.673260304,1,2,8.365476566,36.41110912,4.730953133,3.657807006
