order_id,line_no,product_id,quantity,unit_price,discount_pct
500001,1,122,3,78.99,0.0
500002,1,125,3,31.99,0.0
500003,1,131,3,24.99,0.2
500003,2,124,2,58.99,0.2
500004,1,109,3,68.99,0.0
500004,2,113,2,208.99,0.0
500004,3,105,2,118.99,0.0
500004,4,102,2,418.99,0.0
500005,1,107,1,188.99,0.2
500005,2,108,1,264.99,0.2
500006,1,120,3,235.99,0.0
500006,2,129,3,41.99,0.0
500006,3,103,1,330.99,0.0
500007,1,114,1,112.99,0.1
500007,2,117,1,153.99,0.1
500008,1,108,1,278.99,0.1
500008,2,132,1,48.99,0.1
500008,3,119,2,78.99,0.1
500008,4,116,2,158.99,0.1
500008,5,138,1,98.99,0.1
500009,1,114,3,112.99,0.0
500009,2,129,2,35.99,0.0
500010,1,127,3,58.99,0.0
500011,1,114,1,138.99,0.1
500012,1,122,2,78.99,0.0
500013,1,118,1,88.99,0.0
500014,1,113,1,170.99,0.0
500015,1,131,1,24.99,0.0
500016,1,120,2,248.99,0.0
500017,1,136,1,26.99,0.0
500017,2,115,2,36.99,0.0
500017,3,120,3,235.99,0.0
500018,1,136,3,28.99,0.1
500019,1,109,1,55.99,0.0
500019,2,138,2,80.99,0.0
500020,1,127,3,55.99,0.2
500020,2,134,2,226.99,0.2
500020,3,119,1,74.99,0.2
500021,1,117,1,188.99,0.2
500022,1,124,2,58.99,0.0
500022,2,102,1,418.99,0.0
500022,3,103,3,348.99,0.0
500023,1,121,1,228.99,0.2
500024,1,125,1,25.99,0.0
500025,1,107,1,198.99,0.2
500026,1,112,1,178.99,0.1
500027,1,123,1,84.99,0.0
500027,2,116,1,158.99,0.0
500028,1,110,1,98.99,0.3
500029,1,112,1,145.99,0.1
500029,2,108,1,227.99,0.1
500030,1,113,1,208.99,0.0
500031,1,121,1,228.99,0.0
500032,1,111,1,48.99,0.0
500033,1,124,2,58.99,0.0
500033,2,110,1,98.99,0.0
500033,3,117,1,188.99,0.0
500034,1,101,1,288.99,0.0
500035,1,119,3,78.99,0.3
500036,1,136,2,28.99,0.2
500036,2,110,2,98.99,0.2
500036,3,137,1,34.99,0.2
500036,4,118,1,88.99,0.2
500036,5,120,2,248.99,0.2
500037,1,129,3,44.99,0.2
500037,2,138,1,98.99,0.2
500038,1,106,3,88.99,0.0
500039,1,115,1,36.99,0.0
500039,2,118,2,83.99,0.0
500039,3,113,2,197.99,0.0
500040,1,114,1,112.99,0.3
500041,1,130,3,17.99,0.0
500041,2,137,2,32.99,0.0
500042,1,131,1,19.99,0.0
500043,1,120,3,248.99,0.0
500043,2,117,1,188.99,0.0
500044,1,111,2,48.99,0.0
500045,1,119,1,78.99,0.1
500046,1,102,1,418.99,0.0
500046,2,135,2,148.99,0.0
500046,3,121,2,228.99,0.0
500046,4,116,3,158.99,0.0
500046,5,119,2,78.99,0.0
500047,1,129,1,44.99,0.0
500048,1,124,1,55.99,0.1
500049,1,122,1,78.99,0.0
500050,1,110,1,80.99,0.0
500050,2,137,1,27.99,0.0
500050,3,106,2,71.99,0.0
500051,1,125,1,29.99,0.2
500051,2,102,1,397.99,0.2
500052,1,110,1,98.99,0.0
500052,2,115,2,38.99,0.0
500053,1,138,1,93.99,0.2
500053,2,123,3,79.99,0.2
500054,1,126,2,74.99,0.0
500055,1,117,2,188.99,0.0
500056,1,120,1,235.99,0.0
500056,2,102,1,397.99,0.0
500056,3,103,3,330.99,0.0
500057,1,122,1,78.99,0.0
500058,1,111,3,48.99,0.0
500059,1,130,1,18.99,0.0
500060,1,105,1,118.99,0.0
500061,1,115,1,38.99,0.1
500061,2,119,1,78.99,0.1
500062,1,119,2,78.99,0.0
500062,2,121,1,228.99,0.0
500062,3,116,2,158.99,0.0
500063,1,118,1,88.99,0.3
500063,2,109,2,68.99,0.3
500064,1,120,1,248.99,0.3
500065,1,118,3,88.99,0.0
500066,1,124,1,58.99,0.0
500066,2,110,1,98.99,0.0
500067,1,115,2,38.99,0.0
500067,2,129,2,44.99,0.0
500067,3,122,3,78.99,0.0
500068,1,117,2,188.99,0.0
500069,1,116,1,158.99,0.0
500070,1,113,3,197.99,0.0
500071,1,124,2,58.99,0.0
500072,1,112,1,178.99,0.1
500072,2,117,2,188.99,0.1
500073,1,133,1,112.99,0.1
500074,1,125,3,31.99,0.0
500074,2,111,1,48.99,0.0
500075,1,121,2,228.99,0.0
500075,2,127,3,58.99,0.0
500076,1,122,1,74.99,0.1
500077,1,130,2,18.99,0.1
500077,2,124,2,58.99,0.1
500078,1,124,1,55.99,0.2
500078,2,126,2,74.99,0.2
500079,1,102,1,418.99,0.0
500079,2,119,3,78.99,0.0
500080,1,119,3,78.99,0.0
500080,2,131,2,24.99,0.0
500080,3,127,3,58.99,0.0
500080,4,123,2,84.99,0.0
500081,1,114,1,138.99,0.0
500081,2,111,3,48.99,0.0
500082,1,115,1,36.99,0.1
500083,1,138,1,98.99,0.0
500084,1,125,1,29.99,0.1
500085,1,122,2,78.99,0.3
500085,2,115,1,38.99,0.3
500085,3,126,1,78.99,0.3
500086,1,129,3,44.99,0.0
500087,1,108,3,278.99,0.0
500088,1,124,1,58.99,0.0
500089,1,130,2,18.99,0.0
500090,1,109,1,68.99,0.0
500091,1,130,3,14.99,0.0
500091,2,105,1,96.99,0.0
500091,3,119,3,63.99,0.0
500091,4,125,1,25.99,0.0
500092,1,116,2,150.99,0.0
500093,1,130,1,17.99,0.0
500094,1,122,3,78.99,0.0
500095,1,122,1,74.99,0.0
500096,1,119,1,78.99,0.2
500097,1,102,2,418.99,0.0
500097,2,109,1,68.99,0.0
500098,1,104,2,501.99,0.0
500098,2,126,1,74.99,0.0
500099,1,114,2,138.99,0.1
500099,2,109,2,68.99,0.1
500100,1,121,1,228.99,0.2
500100,2,115,3,38.99,0.2
500100,3,117,1,188.99,0.2
500100,4,134,1,238.99,0.2
500101,1,122,1,63.99,0.0
500102,1,121,3,228.99,0.0
500103,1,124,1,58.99,0.0
500104,1,120,1,248.99,0.1
500104,2,121,1,228.99,0.1
500104,3,134,2,238.99,0.1
500104,4,118,1,88.99,0.1
500105,1,121,1,216.99,0.0
500106,1,117,1,153.99,0.1
500107,1,124,3,47.99,0.0
500107,2,126,1,63.99,0.0
500108,1,126,3,63.99,0.0
500108,2,124,3,47.99,0.0
500109,1,104,2,528.99,0.0
500109,2,117,1,188.99,0.0
500109,3,125,2,31.99,0.0
500109,4,134,1,238.99,0.0
500110,1,113,1,208.99,0.0
500111,1,114,1,138.99,0.0
500112,1,109,1,64.99,0.0
500112,2,124,2,55.99,0.0
500112,3,137,2,32.99,0.0
500113,1,106,2,88.99,0.1
500113,2,120,1,248.99,0.1
500114,1,117,1,188.99,0.1
500114,2,128,2,28.99,0.1
500115,1,116,1,150.99,0.0
500116,1,129,2,44.99,0.0
500117,1,128,2,26.99,0.0
500118,1,128,3,26.99,0.2
500119,1,133,1,118.99,0.0
500119,2,108,2,278.99,0.0
500119,3,106,3,88.99,0.0
500120,1,120,1,235.99,0.1
500121,1,104,3,501.99,0.0
500122,1,119,3,74.99,0.0
500123,1,122,1,74.99,0.0
500123,2,120,2,235.99,0.0
500124,1,106,3,83.99,0.0
500125,1,107,1,198.99,0.1
500126,1,136,1,22.99,0.0
500126,2,125,1,25.99,0.0
500127,1,134,2,194.99,0.0
500128,1,130,3,18.99,0.0
500129,1,110,1,80.99,0.0
500129,2,116,2,129.99,0.0
500130,1,129,2,44.99,0.3
500131,1,115,1,30.99,0.0
500131,2,112,1,145.99,0.0
500132,1,132,2,48.99,0.0
500132,2,122,1,78.99,0.0
500133,1,111,1,48.99,0.0
500133,2,104,1,528.99,0.0
500133,3,124,2,58.99,0.0
500134,1,133,2,96.99,0.0
500134,2,112,1,145.99,0.0
500135,1,112,1,169.99,0.0
500135,2,138,3,93.99,0.0
500135,3,130,1,17.99,0.0
500136,1,107,1,198.99,0.0
500137,1,124,1,55.99,0.0
500138,1,111,3,39.99,0.0
500139,1,135,1,148.99,0.1
500139,2,116,1,158.99,0.1
500139,3,121,1,228.99,0.1
500139,4,127,1,58.99,0.1
500140,1,107,3,162.99,0.2
500140,2,124,3,47.99,0.2
500140,3,125,2,25.99,0.2
500140,4,109,2,55.99,0.2
500141,1,134,2,194.99,0.0
500142,1,126,1,74.99,0.0
500142,2,119,3,74.99,0.0
500142,3,101,1,273.99,0.0
500143,1,109,1,68.99,0.3
500144,1,112,3,178.99,0.0
500145,1,138,2,93.99,0.1
500146,1,129,2,44.99,0.0
500146,2,122,2,78.99,0.0
500146,3,105,2,118.99,0.0
500146,4,125,3,31.99,0.0
500147,1,114,1,138.99,0.0
500148,1,111,1,48.99,0.1
500148,2,107,1,198.99,0.1
500149,1,108,1,278.99,0.0
500149,2,119,1,78.99,0.0
500149,3,117,1,188.99,0.0
500149,4,137,2,34.99,0.0
500150,1,117,3,188.99,0.0
500151,1,118,1,71.99,0.0
500152,1,113,3,208.99,0.0
500153,1,115,3,38.99,0.1
500154,1,118,2,88.99,0.0
500154,2,110,3,98.99,0.0
500155,1,101,1,288.99,0.0
500156,1,107,2,188.99,0.0
500157,1,105,2,112.99,0.0
500158,1,132,1,48.99,0.0
500159,1,106,1,88.99,0.1
500160,1,121,2,228.99,0.1
500160,2,112,1,178.99,0.1
500160,3,111,1,48.99,0.1
500160,4,135,1,148.99,0.1
500161,1,128,2,28.99,0.0
500162,1,101,3,288.99,0.0
500163,1,112,1,178.99,0.1
500164,1,110,2,98.99,0.0
500164,2,127,2,58.99,0.0
500165,1,112,1,178.99,0.0
500166,1,110,1,98.99,0.2
500166,2,113,1,208.99,0.2
500166,3,111,1,48.99,0.2
500167,1,107,2,188.99,0.0
500168,1,118,1,83.99,0.0
500169,1,107,1,188.99,0.1
500170,1,122,3,78.99,0.1
500170,2,120,1,248.99,0.1
500171,1,124,1,55.99,0.0
500172,1,118,1,83.99,0.0
500173,1,124,1,58.99,0.0
500173,2,137,1,34.99,0.0
500174,1,131,1,24.99,0.2
500174,2,112,1,178.99,0.2
500175,1,113,1,208.99,0.1
500175,2,101,2,288.99,0.1
500176,1,112,1,169.99,0.0
500177,1,115,1,38.99,0.0
500177,2,119,1,78.99,0.0
500177,3,124,1,58.99,0.0
500178,1,117,1,178.99,0.0
500179,1,119,1,78.99,0.2
500179,2,118,2,88.99,0.2
500180,1,101,1,288.99,0.0
500181,1,101,1,288.99,0.0
500181,2,112,1,178.99,0.0
500182,1,120,1,235.99,0.0
500182,2,116,1,150.99,0.0
500183,1,123,1,84.99,0.0
500184,1,126,1,78.99,0.0
500185,1,110,2,98.99,0.0
500185,2,128,2,28.99,0.0
500185,3,119,1,78.99,0.0
500186,1,128,1,28.99,0.0
500187,1,112,1,169.99,0.0
500188,1,129,1,44.99,0.0
500189,1,111,2,48.99,0.0
500190,1,118,2,71.99,0.0
500191,1,112,1,178.99,0.0
500191,2,115,1,38.99,0.0
500191,3,117,2,188.99,0.0
500191,4,125,1,31.99,0.0
500192,1,123,2,79.99,0.0
500193,1,130,1,14.99,0.0
500193,2,104,1,432.99,0.0
500193,3,135,3,121.99,0.0
500193,4,101,1,235.99,0.0
500194,1,135,2,121.99,0.0
500194,2,104,1,432.99,0.0
500195,1,131,3,22.99,0.0
500196,1,101,1,288.99,0.3
500196,2,130,2,18.99,0.3
500196,3,123,2,84.99,0.3
500196,4,105,2,118.99,0.3
500197,1,135,1,140.99,0.0
500198,1,110,1,80.99,0.0
500198,2,137,3,27.99,0.0
500198,3,126,1,63.99,0.0
500199,1,105,1,112.99,0.0
500199,2,103,1,330.99,0.0
500200,1,103,3,285.99,0.0
500201,1,117,1,153.99,0.0
500202,1,104,1,528.99,0.2
500202,2,122,1,78.99,0.2
500202,3,133,1,118.99,0.2
500203,1,115,1,38.99,0.1
500203,2,134,2,238.99,0.1
500203,3,114,1,138.99,0.1
500204,1,105,3,118.99,0.0
500204,2,117,1,188.99,0.0
500204,3,131,1,24.99,0.0
500205,1,113,1,170.99,0.0
500206,1,109,1,68.99,0.0
500206,2,115,3,38.99,0.0
500206,3,113,3,208.99,0.0
500207,1,121,1,228.99,0.0
500208,1,106,1,83.99,0.3
500209,1,126,3,78.99,0.2
500210,1,127,1,47.99,0.0
500211,1,117,1,178.99,0.0
500212,1,113,1,208.99,0.0
500213,1,136,1,26.99,0.2
500213,2,122,1,74.99,0.2
500214,1,105,1,118.99,0.0
500215,1,124,1,58.99,0.3
500215,2,106,1,88.99,0.3
500216,1,122,1,78.99,0.0
500216,2,111,1,48.99,0.0
500216,3,109,3,68.99,0.0
500216,4,114,1,138.99,0.0
500216,5,120,2,248.99,0.0
500217,1,137,1,34.99,0.0
500218,1,120,1,248.99,0.2
500219,1,124,1,55.99,0.0
500220,1,137,2,34.99,0.2
500220,2,118,1,88.99,0.2
500220,3,134,1,238.99,0.2
500221,1,111,1,45.99,0.0
500222,1,135,3,148.99,0.2
500223,1,115,2,38.99,0.0
500224,1,110,1,93.99,0.1
500225,1,118,1,83.99,0.1
500225,2,138,1,93.99,0.1
500226,1,122,1,78.99,0.1
500227,1,134,1,226.99,0.0
500228,1,108,1,278.99,0.0
500228,2,120,3,248.99,0.0
500228,3,101,2,288.99,0.0
500228,4,116,1,158.99,0.0
500228,5,109,2,68.99,0.0
500229,1,119,2,78.99,0.1
500230,1,117,1,178.99,0.0
500230,2,119,2,74.99,0.0
500230,3,118,2,83.99,0.0
500230,4,105,1,112.99,0.0
500231,1,132,2,48.99,0.2
500231,2,121,3,228.99,0.2
500231,3,113,1,208.99,0.2
500232,1,117,1,188.99,0.1
500233,1,120,1,203.99,0.0
500233,2,101,1,235.99,0.0
500234,1,127,2,47.99,0.0
500234,2,106,1,71.99,0.0
500235,1,122,2,78.99,0.0
500236,1,106,2,71.99,0.0
500237,1,120,3,248.99,0.1
500237,2,133,2,118.99,0.1
500237,3,105,2,118.99,0.1
500237,4,116,1,158.99,0.1
500238,1,126,1,78.99,0.0
500239,1,125,2,29.99,0.0
500240,1,114,1,138.99,0.0
500241,1,134,1,238.99,0.0
500242,1,113,2,208.99,0.0
500243,1,121,1,216.99,0.2
500243,2,114,1,131.99,0.2
500244,1,119,3,78.99,0.0
500244,2,123,1,84.99,0.0
500244,3,132,2,48.99,0.0
500244,4,130,1,18.99,0.0
500244,5,133,2,118.99,0.0
500245,1,134,2,238.99,0.0
500245,2,123,3,84.99,0.0
500245,3,115,1,38.99,0.0
500246,1,114,1,138.99,0.1
500247,1,118,3,83.99,0.0
500247,2,115,1,36.99,0.0
500247,3,120,1,235.99,0.0
500247,4,135,1,140.99,0.0
500247,5,114,2,131.99,0.0
500248,1,124,1,55.99,0.0
500248,2,125,1,29.99,0.0
500249,1,134,1,238.99,0.0
500249,2,121,3,228.99,0.0
500250,1,126,1,78.99,0.2
500251,1,126,2,63.99,0.0
500252,1,101,3,273.99,0.2
500252,2,104,1,501.99,0.2
500253,1,109,2,64.99,0.0
500254,1,118,1,88.99,0.1
500254,2,105,2,118.99,0.1
500255,1,122,1,78.99,0.0
500255,2,119,2,78.99,0.0
500256,1,126,1,78.99,0.0
500256,2,123,3,84.99,0.0
500256,3,106,2,88.99,0.0
500257,1,107,1,198.99,0.0
500257,2,124,1,58.99,0.0
500258,1,116,1,158.99,0.0
500259,1,108,2,264.99,0.0
500260,1,114,3,138.99,0.0
500261,1,118,2,88.99,0.1
500261,2,119,1,78.99,0.1
500261,3,122,1,78.99,0.1
500262,1,101,3,273.99,0.0
500263,1,113,1,208.99,0.0
500263,2,120,2,248.99,0.0
500264,1,133,1,112.99,0.0
500264,2,125,1,29.99,0.0
500264,3,121,3,216.99,0.0
500265,1,107,2,162.99,0.0
500265,2,115,1,30.99,0.0
500265,3,103,2,285.99,0.0
500266,1,123,1,84.99,0.2
500266,2,108,1,278.99,0.2
500266,3,105,1,118.99,0.2
500266,4,124,1,58.99,0.2
500267,1,121,1,228.99,0.1
500267,2,114,3,138.99,0.1
500268,1,127,2,47.99,0.2
500268,2,130,1,14.99,0.2
500268,3,119,1,63.99,0.2
500269,1,122,1,74.99,0.0
500270,1,123,1,84.99,0.0
500271,1,112,1,178.99,0.0
500271,2,123,1,84.99,0.0
500271,3,121,2,228.99,0.0
500271,4,119,2,78.99,0.0
500272,1,101,2,235.99,0.0
500272,2,115,1,30.99,0.0
500273,1,121,1,228.99,0.0
500274,1,131,2,24.99,0.0
500274,2,116,1,158.99,0.0
500274,3,135,2,148.99,0.0
500275,1,116,3,158.99,0.1
500276,1,116,1,158.99,0.0
500276,2,111,2,48.99,0.0
500277,1,107,2,188.99,0.0
500278,1,109,1,68.99,0.0
500278,2,133,2,118.99,0.0
500278,3,123,2,84.99,0.0
500278,4,131,2,24.99,0.0
500279,1,110,2,98.99,0.1
500279,2,133,3,118.99,0.1
500279,3,111,1,48.99,0.1
500279,4,119,1,78.99,0.1
500280,1,108,1,278.99,0.0
500280,2,116,1,158.99,0.0
500281,1,130,1,18.99,0.0
500282,1,115,1,38.99,0.0
500282,2,123,2,84.99,0.0
500283,1,108,1,278.99,0.0
500284,1,116,1,158.99,0.2
500285,1,105,2,118.99,0.0
500286,1,134,2,194.99,0.2
500286,2,122,1,63.99,0.2
500287,1,102,3,418.99,0.0
500287,2,122,1,78.99,0.0
500288,1,105,2,118.99,0.1
500288,2,123,2,84.99,0.1
500288,3,107,1,198.99,0.1
500289,1,123,1,84.99,0.0
500290,1,117,1,188.99,0.0
500291,1,102,1,418.99,0.0
500292,1,122,2,78.99,0.0
500292,2,108,1,278.99,0.0
500293,1,138,1,98.99,0.0
500293,2,115,1,38.99,0.0
500294,1,124,3,58.99,0.0
500295,1,126,1,78.99,0.0
500296,1,134,2,238.99,0.0
500297,1,123,2,84.99,0.1
500298,1,126,1,78.99,0.0
500298,2,115,2,38.99,0.0
500298,3,112,3,178.99,0.0
500299,1,106,1,88.99,0.2
500300,1,114,3,131.99,0.3
500301,1,121,1,216.99,0.1
500302,1,125,1,29.99,0.1
500303,1,122,2,74.99,0.0
500304,1,135,1,140.99,0.2
500305,1,112,1,145.99,0.2
500306,1,127,1,58.99,0.0
500307,1,129,1,44.99,0.0
500308,1,125,2,29.99,0.0
500309,1,125,1,31.99,0.0
500310,1,102,1,397.99,0.0
500311,1,104,2,501.99,0.1
500312,1,126,3,78.99,0.0
500313,1,125,1,29.99,0.0
500313,2,136,1,26.99,0.0
500314,1,111,1,48.99,0.0
500315,1,134,1,194.99,0.0
500315,2,106,1,71.99,0.0
500315,3,113,2,170.99,0.0
500316,1,128,1,28.99,0.0
500316,2,138,3,98.99,0.0
500316,3,123,1,84.99,0.0
500316,4,120,1,248.99,0.0
500316,5,106,1,88.99,0.0
500317,1,110,1,98.99,0.0
500318,1,123,2,84.99,0.2
500319,1,113,3,208.99,0.2
500319,2,116,1,158.99,0.2
500320,1,123,1,79.99,0.3
500320,2,132,2,45.99,0.3
500320,3,116,3,150.99,0.3
500321,1,123,2,84.99,0.0
500322,1,137,2,27.99,0.0
500323,1,122,2,78.99,0.3
500324,1,110,1,98.99,0.0
500324,2,134,2,238.99,0.0
500324,3,113,1,208.99,0.0
500325,1,136,2,26.99,0.0
500326,1,122,1,78.99,0.0
500326,2,114,1,138.99,0.0
500327,1,117,3,178.99,0.0
500328,1,122,1,74.99,0.0
500329,1,105,1,118.99,0.1
500330,1,123,1,79.99,0.0
500330,2,113,1,197.99,0.0
500331,1,137,2,27.99,0.3
500331,2,132,2,39.99,0.3
500332,1,111,3,45.99,0.0
500332,2,112,2,169.99,0.0
500333,1,123,1,79.99,0.0
500334,1,105,1,118.99,0.0
500335,1,120,1,248.99,0.0
500335,2,131,1,24.99,0.0
500336,1,129,1,44.99,0.0
500336,2,104,2,528.99,0.0
500336,3,115,1,38.99,0.0
500336,4,120,1,248.99,0.0
500337,1,114,2,138.99,0.0
500337,2,107,1,198.99,0.0
500337,3,123,1,84.99,0.0
500338,1,131,3,19.99,0.0
500339,1,108,3,278.99,0.0
500340,1,119,1,78.99,0.0
500341,1,119,2,78.99,0.0
500341,2,123,1,84.99,0.0
500342,1,121,1,216.99,0.0
500343,1,121,3,216.99,0.0
500343,2,128,1,26.99,0.0
500343,3,120,2,235.99,0.0
500343,4,131,1,22.99,0.0
500343,5,137,2,32.99,0.0
500344,1,106,2,83.99,0.1
500344,2,114,1,131.99,0.1
500344,3,116,1,150.99,0.1
500345,1,102,1,397.99,0.0
500345,2,104,3,501.99,0.0
500345,3,116,1,150.99,0.0
500345,4,122,1,74.99,0.0
500346,1,107,1,188.99,0.0
500347,1,106,2,83.99,0.1
500348,1,120,2,248.99,0.0
500348,2,107,1,198.99,0.0
500348,3,115,1,38.99,0.0
500348,4,106,1,88.99,0.0
500349,1,128,1,28.99,0.3
500349,2,124,2,58.99,0.3
500349,3,115,3,38.99,0.3
500350,1,117,1,188.99,0.0
500350,2,132,2,48.99,0.0
500351,1,113,1,197.99,0.0
500351,2,122,1,74.99,0.0
500352,1,102,1,418.99,0.0
500352,2,121,3,228.99,0.0
500353,1,124,1,58.99,0.0
500354,1,101,2,288.99,0.0
500354,2,117,3,188.99,0.0
500355,1,124,1,55.99,0.0
500356,1,124,2,47.99,0.2
500357,1,117,3,178.99,0.1
500358,1,115,1,36.99,0.0
500358,2,112,2,169.99,0.0
500358,3,106,1,83.99,0.0
500359,1,123,2,79.99,0.0
500359,2,122,1,74.99,0.0
500360,1,119,1,78.99,0.0
500361,1,107,1,188.99,0.1
500361,2,103,1,330.99,0.1
500361,3,127,1,55.99,0.1
500361,4,123,1,79.99,0.1
500362,1,126,1,78.99,0.0
500363,1,120,3,248.99,0.0
500363,2,109,2,68.99,0.0
500364,1,113,1,197.99,0.0
500365,1,103,1,348.99,0.0
500366,1,123,2,79.99,0.0
500366,2,112,1,169.99,0.0
500366,3,130,2,17.99,0.0
500366,4,135,3,140.99,0.0
500367,1,106,1,88.99,0.0
500367,2,121,1,228.99,0.0
500368,1,105,1,118.99,0.0
500369,1,122,3,78.99,0.1
500370,1,136,3,26.99,0.0
500371,1,108,2,264.99,0.0
500372,1,128,1,28.99,0.1
500373,1,108,1,278.99,0.0
500374,1,102,2,418.99,0.0
500374,2,131,2,24.99,0.0
500375,1,116,2,158.99,0.0
500376,1,119,1,74.99,0.0
500376,2,112,1,169.99,0.0
500377,1,107,3,198.99,0.0
500377,2,112,2,178.99,0.0
500377,3,121,1,228.99,0.0
500378,1,103,1,330.99,0.0
500379,1,110,1,98.99,0.0
500379,2,137,1,34.99,0.0
500380,1,114,3,112.99,0.1
500380,2,129,3,35.99,0.1
500381,1,124,2,55.99,0.0
500381,2,129,2,41.99,0.0
500381,3,113,1,197.99,0.0
500382,1,111,1,45.99,0.0
500382,2,120,1,235.99,0.0
500382,3,126,1,74.99,0.0
500383,1,123,1,68.99,0.0
500384,1,125,2,29.99,0.0
500384,2,107,2,188.99,0.0
500385,1,127,3,58.99,0.1
500385,2,126,1,78.99,0.1
500385,3,120,2,248.99,0.1
500386,1,106,2,83.99,0.0
500386,2,109,1,64.99,0.0
500387,1,125,1,31.99,0.1
500387,2,118,2,88.99,0.1
500387,3,115,1,38.99,0.1
500388,1,120,1,248.99,0.0
500389,1,112,2,178.99,0.0
500389,2,118,1,88.99,0.0
500389,3,107,1,198.99,0.0
500390,1,121,1,228.99,0.0
500391,1,115,1,38.99,0.1
500392,1,125,2,31.99,0.1
500392,2,112,1,178.99,0.1
500393,1,138,3,98.99,0.1
500394,1,115,1,36.99,0.2
500394,2,125,1,29.99,0.2
500394,3,119,1,74.99,0.2
500394,4,135,1,140.99,0.2
500394,5,108,2,264.99,0.2
500395,1,105,1,112.99,0.1
500396,1,123,2,84.99,0.0
500396,2,122,1,78.99,0.0
500397,1,116,1,158.99,0.0
500398,1,124,1,47.99,0.2
500398,2,128,1,22.99,0.2
500398,3,105,1,96.99,0.2
500398,4,125,3,25.99,0.2
500399,1,101,1,273.99,0.0
500399,2,136,1,26.99,0.0
500400,1,106,2,71.99,0.0
500401,1,133,2,96.99,0.0
500402,1,122,2,78.99,0.0
500403,1,107,1,162.99,0.0
500404,1,115,1,36.99,0.0
500404,2,119,3,74.99,0.0
500405,1,130,1,14.99,0.0
500405,2,122,2,63.99,0.0
500405,3,116,1,129.99,0.0
500405,4,125,1,25.99,0.0
500406,1,123,1,79.99,0.0
500407,1,115,3,38.99,0.1
500407,2,129,1,44.99,0.1
500407,3,107,2,198.99,0.1
500407,4,125,1,31.99,0.1
500407,5,118,2,88.99,0.1
500408,1,120,1,248.99,0.0
500408,2,124,1,58.99,0.0
500409,1,121,2,228.99,0.0
500410,1,108,2,278.99,0.0
500411,1,115,1,36.99,0.2
500412,1,123,1,84.99,0.3
500412,2,129,1,44.99,0.3
500412,3,127,2,58.99,0.3
500412,4,128,2,28.99,0.3
500413,1,130,2,18.99,0.0
500413,2,137,2,34.99,0.0
500414,1,122,1,74.99,0.1
500414,2,128,3,26.99,0.1
500414,3,104,1,501.99,0.1
500415,1,136,2,26.99,0.0
500416,1,113,1,197.99,0.0
500416,2,106,1,83.99,0.0
500417,1,113,2,208.99,0.2
500417,2,127,2,58.99,0.2
500417,3,131,3,24.99,0.2
500418,1,137,1,34.99,0.3
500418,2,118,2,88.99,0.3
500419,1,118,3,88.99,0.0
500420,1,133,1,118.99,0.0
500421,1,123,2,79.99,0.0
500422,1,119,2,74.99,0.0
500422,2,118,2,83.99,0.0
500423,1,122,3,78.99,0.0
500424,1,137,2,32.99,0.0
500424,2,128,1,26.99,0.0
500425,1,127,1,55.99,0.0
500426,1,132,1,48.99,0.1
500427,1,123,2,84.99,0.0
500428,1,110,2,98.99,0.0
500429,1,124,1,55.99,0.0
500430,1,116,1,158.99,0.0
500430,2,138,1,98.99,0.0
500431,1,113,1,208.99,0.0
500432,1,102,1,418.99,0.0
500432,2,127,1,58.99,0.0
500433,1,121,1,186.99,0.0
500434,1,124,3,47.99,0.0
500434,2,120,2,203.99,0.0
500435,1,117,1,188.99,0.0
500436,1,129,2,44.99,0.0
500437,1,115,1,36.99,0.0
500438,1,118,2,88.99,0.1
500438,2,125,1,31.99,0.1
500439,1,135,1,148.99,0.0
500439,2,137,1,34.99,0.0
500439,3,133,2,118.99,0.0
500439,4,102,1,418.99,0.0
500440,1,102,2,418.99,0.0
500441,1,115,1,36.99,0.0
500442,1,124,1,55.99,0.0
500442,2,106,1,83.99,0.0
500443,1,109,3,64.99,0.0
500444,1,104,1,528.99,0.0
500444,2,101,1,288.99,0.0
500444,3,122,1,78.99,0.0
500445,1,124,2,55.99,0.0
500446,1,131,2,24.99,0.0
500447,1,116,1,150.99,0.0
500448,1,122,1,78.99,0.0
500449,1,138,3,98.99,0.0
500450,1,118,3,88.99,0.2
500450,2,122,3,78.99,0.2
500450,3,124,1,58.99,0.2
500450,4,125,1,31.99,0.2
500451,1,120,3,248.99,0.0
500452,1,128,1,26.99,0.0
500453,1,111,1,48.99,0.0
500453,2,127,1,58.99,0.0
500453,3,132,3,48.99,0.0
500454,1,114,2,131.99,0.0
500454,2,106,1,83.99,0.0
500454,3,120,1,235.99,0.0
500455,1,106,1,88.99,0.1
500455,2,114,2,138.99,0.1
500456,1,112,1,169.99,0.1
500457,1,122,2,78.99,0.0
500458,1,106,1,88.99,0.0
500458,2,122,2,78.99,0.0
500459,1,131,1,22.99,0.0
500459,2,109,1,64.99,0.0
500459,3,120,1,235.99,0.0
500460,1,137,1,34.99,0.0
500461,1,103,1,330.99,0.0
500462,1,129,1,44.99,0.0
500462,2,106,1,88.99,0.0
500462,3,104,1,528.99,0.0
500462,4,132,2,48.99,0.0
500462,5,131,3,24.99,0.0
500463,1,121,1,228.99,0.0
500464,1,109,1,68.99,0.3
500465,1,102,2,418.99,0.0
500466,1,104,1,528.99,0.0
500466,2,107,3,198.99,0.0
500467,1,124,1,55.99,0.1
500467,2,125,1,29.99,0.1
500468,1,119,1,63.99,0.0
500469,1,121,1,228.99,0.0
500470,1,119,2,78.99,0.0
500470,2,123,2,84.99,0.0
500471,1,116,1,158.99,0.0
500471,2,122,1,78.99,0.0
500472,1,117,2,188.99,0.0
500472,2,134,1,238.99,0.0
500473,1,122,1,63.99,0.0
500473,2,133,2,96.99,0.0
500473,3,123,3,68.99,0.0
500473,4,137,1,27.99,0.0
500474,1,122,2,74.99,0.0
500474,2,115,1,36.99,0.0
500474,3,123,1,79.99,0.0
500474,4,136,1,26.99,0.0
500474,5,133,1,112.99,0.0
500475,1,115,3,38.99,0.1
500475,2,122,2,78.99,0.1
500475,3,137,2,34.99,0.1
500476,1,120,3,235.99,0.2
500477,1,110,2,80.99,0.0
500478,1,124,3,55.99,0.0
500479,1,123,1,84.99,0.0
500479,2,119,1,78.99,0.0
500480,1,124,1,58.99,0.0
500481,1,109,3,68.99,0.1
500482,1,103,1,348.99,0.0
500483,1,127,1,55.99,0.0
500483,2,124,2,55.99,0.0
500483,3,136,1,26.99,0.0
500484,1,117,3,178.99,0.2
500485,1,122,1,74.99,0.0
500486,1,117,1,178.99,0.0
500486,2,120,1,235.99,0.0
500487,1,137,2,32.99,0.0
500488,1,124,1,47.99,0.0
500489,1,127,2,55.99,0.1
500490,1,117,3,188.99,0.1
500491,1,101,2,288.99,0.1
500492,1,104,1,432.99,0.0
500493,1,123,2,84.99,0.0
500494,1,117,1,188.99,0.0
500495,1,125,1,31.99,0.2
500495,2,111,2,48.99,0.2
500496,1,137,2,32.99,0.0
500496,2,123,1,79.99,0.0
500496,3,122,1,74.99,0.0
500496,4,105,2,112.99,0.0
500497,1,125,2,29.99,0.2
500497,2,108,1,264.99,0.2
500498,1,115,1,36.99,0.0
500498,2,132,3,45.99,0.0
500499,1,118,1,71.99,0.0
500500,1,106,1,88.99,0.2
500501,1,119,3,63.99,0.3
500501,2,125,1,25.99,0.3
500501,3,129,3,35.99,0.3
500502,1,137,2,34.99,0.0
500502,2,107,2,198.99,0.0
500503,1,114,2,112.99,0.1
500503,2,120,3,203.99,0.1
500503,3,118,2,71.99,0.1
500504,1,117,3,178.99,0.0
500505,1,113,1,197.99,0.0
500505,2,110,1,93.99,0.0
500505,3,130,1,17.99,0.0
500506,1,125,1,29.99,0.0
500507,1,117,1,188.99,0.0
500507,2,113,3,208.99,0.0
500508,1,124,2,58.99,0.0
500508,2,102,1,418.99,0.0
500509,1,115,1,38.99,0.0
500509,2,119,1,78.99,0.0
500509,3,112,1,178.99,0.0
500509,4,136,1,28.99,0.0
500510,1,112,2,178.99,0.0
500511,1,113,3,208.99,0.0
500511,2,124,3,58.99,0.0
500511,3,133,3,118.99,0.0
500511,4,116,2,158.99,0.0
500511,5,121,1,228.99,0.0
500512,1,110,3,93.99,0.0
500513,1,113,1,208.99,0.2
500514,1,114,1,138.99,0.0
500515,1,125,3,31.99,0.0
500516,1,103,3,285.99,0.0
500516,2,122,1,63.99,0.0
500517,1,131,1,24.99,0.0
500518,1,106,1,88.99,0.0
500518,2,125,1,31.99,0.0
500519,1,132,2,48.99,0.0
500520,1,111,1,48.99,0.2
500521,1,108,1,264.99,0.3
500521,2,138,1,93.99,0.3
500522,1,109,2,68.99,0.0
500522,2,121,1,228.99,0.0
500523,1,107,1,198.99,0.2
500524,1,124,1,55.99,0.0
500524,2,120,3,235.99,0.0
500525,1,134,1,226.99,0.1
500526,1,134,1,194.99,0.0
500527,1,138,1,80.99,0.0
500527,2,131,1,19.99,0.0
500527,3,114,2,112.99,0.0
500527,4,119,1,63.99,0.0
500527,5,107,2,162.99,0.0
500528,1,115,1,36.99,0.0
500528,2,121,2,216.99,0.0
500528,3,132,1,45.99,0.0
500528,4,127,2,55.99,0.0
500529,1,113,2,197.99,0.0
500530,1,119,1,74.99,0.2
500531,1,103,1,348.99,0.2
500531,2,132,1,48.99,0.2
500531,3,108,2,278.99,0.2
500532,1,115,1,38.99,0.0
500533,1,117,1,153.99,0.2
500533,2,127,1,47.99,0.2
500534,1,103,2,285.99,0.0
500534,2,123,1,68.99,0.0
500534,3,109,2,55.99,0.0
500535,1,125,1,31.99,0.0
500536,1,123,1,84.99,0.0
500537,1,111,1,39.99,0.0
500538,1,120,2,248.99,0.0
500538,2,101,2,288.99,0.0
500539,1,112,2,145.99,0.1
500540,1,125,1,25.99,0.0
500540,2,112,3,145.99,0.0
500541,1,133,1,118.99,0.0
500541,2,119,1,78.99,0.0
500542,1,124,1,55.99,0.0
500542,2,137,2,32.99,0.0
500543,1,111,2,39.99,0.0
500543,2,115,1,30.99,0.0
500544,1,120,1,235.99,0.1
500545,1,114,1,138.99,0.3
500545,2,119,2,78.99,0.3
500546,1,138,3,98.99,0.0
500547,1,122,1,78.99,0.0
500547,2,125,1,31.99,0.0
500547,3,116,3,158.99,0.0
500548,1,133,1,112.99,0.0
500548,2,119,3,74.99,0.0
500549,1,104,1,432.99,0.0
500550,1,132,2,45.99,0.0
500551,1,103,1,330.99,0.0
500552,1,122,3,78.99,0.0
500553,1,114,3,138.99,0.2
500553,2,119,1,78.99,0.2
500554,1,108,1,278.99,0.2
500555,1,119,3,78.99,0.0
500556,1,122,2,74.99,0.0
500557,1,122,3,78.99,0.0
500557,2,121,2,228.99,0.0
500558,1,134,1,226.99,0.1
500558,2,117,1,178.99,0.1
500559,1,105,3,118.99,0.2
500559,2,106,1,88.99,0.2
500560,1,120,2,248.99,0.3
500561,1,117,1,188.99,0.0
500561,2,106,3,88.99,0.0
500562,1,121,2,186.99,0.0
500563,1,124,1,58.99,0.0
500563,2,109,1,68.99,0.0
500563,3,107,2,198.99,0.0
500563,4,110,1,98.99,0.0
500563,5,129,1,44.99,0.0
500564,1,126,1,78.99,0.1
500565,1,127,2,58.99,0.0
500566,1,118,1,83.99,0.0
500566,2,112,2,169.99,0.0
500567,1,120,1,248.99,0.2
500567,2,121,1,228.99,0.2
500567,3,132,3,48.99,0.2
500568,1,113,1,208.99,0.2
500569,1,137,1,32.99,0.1
500570,1,137,1,34.99,0.0
500571,1,125,2,25.99,0.2
500571,2,120,1,203.99,0.2
500571,3,117,3,153.99,0.2
500572,1,106,1,83.99,0.0
500572,2,117,3,178.99,0.0
500573,1,112,1,178.99,0.0
500573,2,104,1,528.99,0.0
500573,3,122,2,78.99,0.0
500574,1,109,1,64.99,0.2
500574,2,124,1,55.99,0.2
500574,3,127,1,55.99,0.2
500574,4,118,2,83.99,0.2
500575,1,111,1,45.99,0.0
500576,1,132,3,48.99,0.0
500577,1,137,1,32.99,0.0
500577,2,124,2,55.99,0.0
500578,1,125,2,31.99,0.0
500579,1,127,1,55.99,0.1
500580,1,108,1,278.99,0.2
500580,2,105,1,118.99,0.2
500580,3,115,1,38.99,0.2
500581,1,138,1,93.99,0.0
500581,2,118,2,83.99,0.0
500582,1,125,1,29.99,0.0
500582,2,118,1,83.99,0.0
500582,3,119,1,74.99,0.0
500582,4,130,3,17.99,0.0
500583,1,111,2,45.99,0.1
500584,1,132,1,48.99,0.0
500584,2,123,2,84.99,0.0
500585,1,102,2,418.99,0.0
500586,1,105,3,118.99,0.0
500587,1,132,1,48.99,0.2
500587,2,125,1,31.99,0.2
500588,1,111,2,45.99,0.0
500589,1,101,3,288.99,0.1
500589,2,105,1,118.99,0.1
500590,1,102,3,397.99,0.0
500591,1,121,1,228.99,0.0
500592,1,125,2,25.99,0.0
500592,2,117,1,153.99,0.0
500593,1,135,1,121.99,0.0
500594,1,102,2,418.99,0.0
500595,1,138,1,93.99,0.0
500596,1,125,2,31.99,0.0
500596,2,119,2,78.99,0.0
500596,3,104,3,528.99,0.0
500597,1,122,2,74.99,0.0
500597,2,121,2,216.99,0.0
500597,3,113,1,197.99,0.0
500598,1,114,1,131.99,0.0
500598,2,112,1,169.99,0.0
500599,1,105,1,118.99,0.0
500599,2,107,2,198.99,0.0
500600,1,121,1,216.99,0.0
500600,2,126,2,74.99,0.0
500601,1,102,2,418.99,0.1
500601,2,120,2,248.99,0.1
500601,3,114,2,138.99,0.1
500601,4,136,1,28.99,0.1
500601,5,103,3,348.99,0.1
500602,1,129,1,44.99,0.0
500602,2,126,2,78.99,0.0
500602,3,116,3,158.99,0.0
500602,4,127,1,58.99,0.0
500603,1,130,1,14.99,0.0
500603,2,118,2,71.99,0.0
500604,1,114,1,131.99,0.0
500604,2,105,1,112.99,0.0
500605,1,121,3,216.99,0.0
500605,2,118,3,83.99,0.0
500606,1,114,2,138.99,0.0
500607,1,126,1,74.99,0.0
500607,2,118,2,83.99,0.0
500608,1,108,1,227.99,0.1
500608,2,117,1,153.99,0.1
500608,3,116,3,129.99,0.1
500608,4,113,2,170.99,0.1
500608,5,132,1,39.99,0.1
500609,1,136,2,28.99,0.0
500609,2,126,2,78.99,0.0
500609,3,109,2,68.99,0.0
500610,1,119,2,74.99,0.0
500611,1,114,1,138.99,0.0
500612,1,108,1,278.99,0.0
500612,2,124,2,58.99,0.0
500612,3,105,1,118.99,0.0
500612,4,118,1,88.99,0.0
500612,5,106,2,88.99,0.0
500613,1,124,3,58.99,0.2
500613,2,126,1,78.99,0.2
500613,3,104,1,528.99,0.2
500614,1,116,2,150.99,0.1
500614,2,109,3,64.99,0.1
500614,3,105,1,112.99,0.1
500615,1,133,1,112.99,0.0
500616,1,118,1,71.99,0.0
500616,2,115,3,30.99,0.0
500616,3,124,2,47.99,0.0
500617,1,137,3,27.99,0.0
500617,2,124,3,47.99,0.0
500617,3,129,1,35.99,0.0
500618,1,137,1,34.99,0.0
500618,2,125,2,31.99,0.0
500619,1,124,3,58.99,0.0
500619,2,101,1,288.99,0.0
500620,1,111,3,45.99,0.0
500621,1,125,1,31.99,0.0
500622,1,119,1,78.99,0.0
500623,1,118,3,88.99,0.2
500623,2,130,2,18.99,0.2
500624,1,122,2,74.99,0.1
500624,2,110,2,93.99,0.1
500624,3,114,1,131.99,0.1
500625,1,122,1,63.99,0.2
500626,1,124,1,58.99,0.0
500627,1,106,1,83.99,0.0
500628,1,114,1,131.99,0.0
500629,1,113,1,208.99,0.0
500630,1,106,2,71.99,0.0
500631,1,112,1,178.99,0.0
500632,1,124,1,58.99,0.2
500632,2,131,3,24.99,0.2
500632,3,120,2,248.99,0.2
500633,1,102,1,397.99,0.0
500634,1,112,1,169.99,0.0
500635,1,116,1,158.99,0.0
500635,2,105,1,118.99,0.0
500636,1,103,1,330.99,0.0
500636,2,118,3,83.99,0.0
500636,3,105,3,112.99,0.0
500636,4,111,2,45.99,0.0
500637,1,137,3,32.99,0.1
500638,1,118,1,83.99,0.0
500639,1,123,2,84.99,0.0
500639,2,131,2,24.99,0.0
500640,1,108,1,278.99,0.0
500640,2,124,1,58.99,0.0
500641,1,113,1,197.99,0.1
500641,2,110,3,93.99,0.1
500642,1,122,1,74.99,0.2
500643,1,112,1,178.99,0.1
500644,1,137,1,34.99,0.0
500645,1,114,2,138.99,0.0
500646,1,129,184,44.99,0.0
500647,1,103,1,330.99,0.0
500648,1,116,1,158.99,0.0
500648,2,121,2,228.99,0.0
500649,1,101,3,288.99,0.0
500650,1,134,3,238.99,0.0
500651,1,112,1,145.99,0.0
500652,1,132,1,48.99,0.0
500653,1,110,2,93.99,0.0
500654,1,118,3,88.99,0.0
500655,1,119,2,78.99,0.3
500656,1,109,3,64.99,0.0
500656,2,111,1,45.99,0.0
500657,1,107,2,198.99,0.0
500657,2,109,2,68.99,0.0
500658,1,106,3,83.99,0.2
500659,1,130,2,17.99,0.0
500660,1,125,1,29.99,0.0
500660,2,104,3,501.99,0.0
500661,1,126,3,74.99,0.0
500662,1,111,3,48.99,0.0
500663,1,116,2,158.99,0.2
500663,2,122,1,78.99,0.2
500663,3,114,1,138.99,0.2
500664,1,118,1,88.99,0.0
500665,1,115,1,38.99,0.0
500665,2,122,1,78.99,0.0
500666,1,121,1,228.99,0.0
500666,2,138,1,98.99,0.0
500667,1,132,2,39.99,0.0
500668,1,122,1,74.99,0.0
500668,2,133,2,112.99,0.0
500669,1,129,1,44.99,0.2
500669,2,120,3,248.99,0.2
500670,1,127,1,58.99,0.3
500670,2,113,1,208.99,0.3
500671,1,125,1,31.99,0.0
500671,2,119,2,78.99,0.0
500672,1,114,3,131.99,0.0
500672,2,105,1,112.99,0.0
500672,3,125,1,29.99,0.0
500673,1,117,1,153.99,0.1
500673,2,121,2,186.99,0.1
500674,1,134,1,238.99,0.2
500675,1,112,1,178.99,0.0
500675,2,126,1,78.99,0.0
500675,3,115,1,38.99,0.0
500676,1,127,1,58.99,0.0
500676,2,110,2,98.99,0.0
500677,1,125,3,31.99,0.0
500677,2,113,3,208.99,0.0
500678,1,118,2,83.99,0.0
500678,2,108,1,264.99,0.0
500679,1,122,1,78.99,0.0
500680,1,113,1,208.99,0.2
500681,1,124,3,58.99,0.0
500681,2,119,3,78.99,0.0
500682,1,124,3,58.99,0.1
500682,2,135,1,148.99,0.1
500683,1,105,1,112.99,0.0
500684,1,113,3,197.99,0.0
500685,1,124,1,58.99,0.0
500686,1,106,1,83.99,0.0
500687,1,119,1,63.99,0.0
500687,2,123,1,68.99,0.0
500688,1,135,3,121.99,0.2
500688,2,111,3,39.99,0.2
500689,1,114,2,112.99,0.0
500690,1,109,1,64.99,0.0
500690,2,118,3,83.99,0.0
500691,1,123,1,79.99,0.0
500692,1,132,2,39.99,0.0
500693,1,132,1,48.99,0.0
500693,2,107,1,198.99,0.0
500693,3,123,3,84.99,0.0
500693,4,134,1,238.99,0.0
500694,1,131,1,24.99,0.0
500695,1,116,1,158.99,0.0
500696,1,130,2,17.99,0.0
500696,2,123,1,79.99,0.0
500697,1,106,3,88.99,0.0
500697,2,133,1,118.99,0.0
500698,1,115,2,38.99,0.2
500698,2,132,2,48.99,0.2
500698,3,125,1,31.99,0.2
500699,1,117,1,178.99,0.0
500700,1,104,3,501.99,0.0
500700,2,136,2,26.99,0.0
500701,1,114,1,131.99,0.1
500702,1,109,3,64.99,0.0
500703,1,104,2,501.99,0.0
500704,1,106,1,88.99,0.0
500705,1,111,1,48.99,0.0
500705,2,121,2,228.99,0.0
500706,1,103,1,330.99,0.0
500707,1,125,1,31.99,0.0
500708,1,110,2,80.99,0.0
500708,2,116,1,129.99,0.0
500709,1,122,2,63.99,0.1
500710,1,121,3,216.99,0.0
500711,1,120,2,235.99,0.3
500712,1,119,1,74.99,0.0
500712,2,129,3,41.99,0.0
500712,3,121,1,216.99,0.0
500713,1,110,3,98.99,0.0
500713,2,108,1,278.99,0.0
500714,1,136,1,28.99,0.0
500715,1,128,1,22.99,0.0
500716,1,124,2,58.99,0.0
500717,1,110,3,98.99,0.1
500718,1,127,1,58.99,0.1
500718,2,117,2,188.99,0.1
500718,3,138,1,98.99,0.1
500719,1,120,2,248.99,0.3
500720,1,101,1,273.99,0.1
500721,1,114,2,131.99,0.0
500722,1,111,3,48.99,0.0
500723,1,116,1,158.99,0.0
500724,1,128,1,28.99,0.2
500724,2,125,1,31.99,0.2
500724,3,118,1,88.99,0.2
500724,4,123,1,84.99,0.2
500725,1,137,2,34.99,0.2
500726,1,112,1,178.99,0.0
500727,1,134,2,238.99,0.0
500727,2,123,1,84.99,0.0
500727,3,118,2,88.99,0.0
500727,4,117,2,188.99,0.0
500728,1,101,1,288.99,0.1
500729,1,124,2,58.99,0.0
500729,2,117,1,188.99,0.0
500730,1,125,1,29.99,0.1
500730,2,115,3,36.99,0.1
500731,1,121,2,228.99,0.3
500732,1,103,1,285.99,0.0
500733,1,126,1,74.99,0.0
500734,1,111,3,45.99,0.1
500735,1,119,3,78.99,0.0
500735,2,133,1,118.99,0.0
500735,3,117,1,188.99,0.0
500736,1,124,2,58.99,0.0
500736,2,138,2,98.99,0.0
500736,3,107,2,198.99,0.0
500736,4,116,1,158.99,0.0
500737,1,110,1,98.99,0.1
500737,2,112,1,178.99,0.1
500737,3,108,1,278.99,0.1
500738,1,122,1,63.99,0.0
500739,1,120,1,248.99,0.1
500740,1,102,1,397.99,0.0
500740,2,130,1,17.99,0.0
500740,3,124,1,55.99,0.0
500741,1,105,2,118.99,0.0
500741,2,137,2,34.99,0.0
500741,3,107,1,198.99,0.0
500742,1,117,2,188.99,0.3
500742,2,127,1,58.99,0.3
500742,3,118,1,88.99,0.3
500743,1,130,1,18.99,0.1
500744,1,115,2,38.99,0.0
500744,2,122,1,78.99,0.0
500745,1,127,2,55.99,0.0
500746,1,114,1,138.99,0.3
500747,1,108,1,278.99,0.1
500748,1,103,3,348.99,0.0
500748,2,106,1,88.99,0.0
500748,3,120,1,248.99,0.0
500749,1,117,2,178.99,0.0
500749,2,133,2,112.99,0.0
500750,1,122,1,74.99,0.0
500751,1,126,2,78.99,0.0
500751,2,125,1,31.99,0.0
500751,3,130,1,18.99,0.0
500751,4,107,2,198.99,0.0
500752,1,109,3,68.99,0.0
500752,2,126,3,78.99,0.0
500753,1,108,1,264.99,0.0
500754,1,104,1,501.99,0.0
500755,1,134,1,238.99,0.0
500755,2,122,1,78.99,0.0
500755,3,113,1,208.99,0.0
500756,1,108,2,278.99,0.0
500757,1,125,3,29.99,0.0
500758,1,111,3,48.99,0.0
500759,1,101,1,288.99,0.0
500760,1,116,1,158.99,0.0
500760,2,107,1,198.99,0.0
500761,1,138,2,93.99,0.0
500761,2,117,1,178.99,0.0
500761,3,113,3,197.99,0.0
500762,1,111,1,45.99,0.0
500762,2,124,1,55.99,0.0
500763,1,124,3,58.99,0.0
500764,1,131,2,22.99,0.2
500764,2,119,3,74.99,0.2
500765,1,108,2,264.99,0.0
500766,1,114,1,138.99,0.0
500767,1,130,2,18.99,0.0
500768,1,132,1,48.99,0.3
500769,1,105,3,112.99,0.0
500769,2,138,3,93.99,0.0
500770,1,118,1,88.99,0.0
500770,2,130,1,18.99,0.0
500771,1,114,1,138.99,0.0
500772,1,129,2,41.99,0.2
500772,2,135,3,140.99,0.2
500772,3,113,1,197.99,0.2
500772,4,101,1,273.99,0.2
500773,1,137,2,32.99,0.1
500773,2,120,1,235.99,0.1
500774,1,124,1,55.99,0.0
500774,2,121,1,216.99,0.0
500775,1,120,2,235.99,0.0
500776,1,134,3,238.99,0.0
500777,1,122,1,74.99,0.0
500777,2,112,1,169.99,0.0
500778,1,103,1,348.99,0.2
500779,1,117,3,178.99,0.2
500779,2,118,1,83.99,0.2
500780,1,137,2,27.99,0.0
500781,1,137,3,27.99,0.2
500781,2,123,3,68.99,0.2
500781,3,138,1,80.99,0.2
500782,1,123,3,84.99,0.0
500782,2,122,2,78.99,0.0
500783,1,129,2,44.99,0.0
500783,2,123,2,84.99,0.0
500784,1,135,1,148.99,0.0
500785,1,136,2,26.99,0.0
500785,2,109,3,64.99,0.0
500786,1,130,3,17.99,0.2
500787,1,133,1,112.99,0.0
500787,2,125,3,29.99,0.0
500787,3,122,1,74.99,0.0
500788,1,123,1,84.99,0.2
500789,1,129,1,44.99,0.0
500790,1,103,2,348.99,0.0
500791,1,112,1,145.99,0.0
500791,2,110,2,80.99,0.0
500791,3,132,1,39.99,0.0
500791,4,108,2,227.99,0.0
500792,1,129,1,44.99,0.1
500793,1,117,2,153.99,0.1
500793,2,122,2,63.99,0.1
500793,3,102,1,342.99,0.1
500793,4,116,3,129.99,0.1
500793,5,124,3,47.99,0.1
500794,1,114,1,138.99,0.0
500795,1,118,2,88.99,0.0
500796,1,124,3,58.99,0.0
500796,2,122,1,78.99,0.0
500796,3,129,1,44.99,0.0
500797,1,117,2,153.99,0.0
500798,1,116,1,158.99,0.0
500798,2,138,1,98.99,0.0
500798,3,106,2,88.99,0.0
500798,4,128,1,28.99,0.0
500799,1,136,2,28.99,0.0
500800,1,121,1,228.99,0.2
500800,2,112,2,178.99,0.2
500801,1,130,3,18.99,0.1
500801,2,118,2,88.99,0.1
500801,3,138,1,98.99,0.1
500801,4,114,1,138.99,0.1
500802,1,112,2,169.99,0.0
500803,1,122,1,78.99,0.0
500803,2,133,2,118.99,0.0
500804,1,135,2,140.99,0.0
500804,2,122,1,74.99,0.0
500805,1,111,1,45.99,0.0
500805,2,102,1,397.99,0.0
500806,1,113,2,170.99,0.0
500807,1,123,1,68.99,0.3
500807,2,122,1,63.99,0.3
500807,3,132,2,39.99,0.3
500808,1,120,1,248.99,0.0
500808,2,110,3,98.99,0.0
500808,3,114,1,138.99,0.0
500809,1,130,1,18.99,0.3
500809,2,113,3,208.99,0.3
500810,1,118,1,83.99,0.0
500811,1,132,2,48.99,0.3
500811,2,102,2,418.99,0.3
500812,1,135,1,140.99,0.0
500812,2,115,2,36.99,0.0
500813,1,102,2,418.99,0.0
500814,1,131,1,24.99,0.0
500814,2,135,1,148.99,0.0
500814,3,119,2,78.99,0.0
500814,4,105,1,118.99,0.0
500815,1,123,2,84.99,0.0
500815,2,135,2,148.99,0.0
500815,3,114,1,138.99,0.0
500816,1,119,3,78.99,0.0
500816,2,116,2,158.99,0.0
500816,3,109,2,68.99,0.0
500817,1,108,1,264.99,0.0
500818,1,135,1,140.99,0.0
500819,1,118,2,88.99,0.0
500820,1,135,3,121.99,0.0
500820,2,128,1,22.99,0.0
500821,1,121,1,216.99,0.1
500822,1,128,1,22.99,0.0
500823,1,115,1,38.99,0.2
500824,1,130,1,18.99,0.0
500824,2,120,1,248.99,0.0
500825,1,104,1,501.99,0.1
500826,1,123,2,84.99,0.0
500826,2,120,1,248.99,0.0
500826,3,132,3,48.99,0.0
500826,4,131,2,24.99,0.0
500827,1,113,2,197.99,0.0
500828,1,125,1,29.99,0.0
500828,2,109,1,64.99,0.0
500829,1,109,2,64.99,0.0
500830,1,109,1,68.99,0.0
500830,2,136,1,28.99,0.0
500831,1,128,2,26.99,0.0
500831,2,105,1,112.99,0.0
500831,3,111,2,45.99,0.0
500831,4,122,2,74.99,0.0
500832,1,107,2,162.99,0.0
500832,2,112,1,145.99,0.0
500832,3,119,1,63.99,0.0
500833,1,114,1,131.99,0.1
500834,1,137,1,34.99,0.0
500834,2,108,2,278.99,0.0
500835,1,128,2,26.99,0.0
500835,2,108,1,264.99,0.0
500836,1,123,2,68.99,0.0
500837,1,135,1,140.99,0.0
500837,2,116,2,150.99,0.0
500838,1,123,1,84.99,0.0
500839,1,128,3,26.99,0.0
500839,2,108,1,264.99,0.0
500840,1,112,1,178.99,0.2
500840,2,119,1,78.99,0.2
500841,1,118,1,88.99,0.0
500841,2,111,2,48.99,0.0
500842,1,115,2,38.99,0.0
500842,2,121,3,228.99,0.0
500843,1,107,2,198.99,0.2
500844,1,119,2,74.99,0.2
500844,2,111,3,45.99,0.2
500845,1,111,3,48.99,0.2
500846,1,125,1,31.99,0.0
500847,1,118,1,88.99,0.0
500848,1,120,1,248.99,0.0
500848,2,130,1,18.99,0.0
500849,1,113,1,208.99,0.0
500849,2,132,3,48.99,0.0
500849,3,133,2,118.99,0.0
500849,4,118,3,88.99,0.0
500850,1,112,1,145.99,0.0
500851,1,131,1,24.99,0.0
500852,1,102,3,418.99,0.0
500852,2,121,1,228.99,0.0
500852,3,118,1,88.99,0.0
500853,1,112,1,169.99,0.0
500854,1,114,1,138.99,0.0
500855,1,132,2,39.99,0.0
500855,2,109,1,55.99,0.0
500856,1,126,1,78.99,0.0
500856,2,130,1,18.99,0.0
500856,3,105,1,118.99,0.0
500857,1,121,1,228.99,0.0
500858,1,123,1,84.99,0.0
500858,2,113,1,208.99,0.0
500859,1,137,1,32.99,0.0
500860,1,108,2,264.99,0.1
500861,1,112,1,178.99,0.0
500862,1,114,1,138.99,0.3
500862,2,119,3,78.99,0.3
500862,3,122,1,78.99,0.3
500863,1,106,1,83.99,0.0
500863,2,126,1,74.99,0.0
500864,1,118,1,88.99,0.2
500864,2,119,1,78.99,0.2
500865,1,124,1,55.99,0.1
500866,1,123,1,84.99,0.0
500867,1,107,1,198.99,0.0
500868,1,133,1,118.99,0.0
500869,1,107,1,198.99,0.0
500870,1,126,1,78.99,0.0
500871,1,137,2,34.99,0.1
500872,1,111,1,45.99,0.1
500872,2,125,1,29.99,0.1
500873,1,115,1,38.99,0.0
500873,2,122,1,78.99,0.0
500874,1,117,1,178.99,0.0
500874,2,112,2,169.99,0.0
500874,3,115,3,36.99,0.0
500875,1,138,1,80.99,0.0
500875,2,109,3,55.99,0.0
500876,1,123,1,84.99,0.0
500876,2,121,2,228.99,0.0
500876,3,117,3,188.99,0.0
500877,1,101,1,273.99,0.0
500877,2,121,1,216.99,0.0
500878,1,120,3,203.99,0.0
500879,1,125,2,31.99,0.0
500880,1,123,2,79.99,0.0
500881,1,113,2,208.99,0.2
500881,2,120,3,248.99,0.2
500881,3,106,1,88.99,0.2
500881,4,131,2,24.99,0.2
500882,1,127,1,58.99,0.0
500882,2,121,2,228.99,0.0
500883,1,137,3,34.99,0.0
500884,1,125,1,31.99,0.1
500885,1,103,3,330.99,0.1
500885,2,130,1,17.99,0.1
500886,1,125,1,31.99,0.0
500887,1,123,1,84.99,0.0
500888,1,123,2,84.99,0.0
500888,2,107,1,198.99,0.0
500888,3,131,1,24.99,0.0
500889,1,118,1,88.99,0.0
500890,1,115,2,38.99,0.0
500891,1,119,2,78.99,0.2
500891,2,123,2,84.99,0.2
500891,3,121,1,228.99,0.2
500891,4,108,1,278.99,0.2
500892,1,104,2,432.99,0.0
500893,1,132,1,48.99,0.0
500893,2,123,1,84.99,0.0
500894,1,108,2,227.99,0.0
500895,1,126,41,78.99,0.0
500896,1,125,1,25.99,0.0
500897,1,121,1,228.99,0.0
500898,1,131,2,24.99,0.0
500899,1,125,1,31.99,0.0
500900,1,120,1,235.99,0.0
500901,1,131,3,24.99,0.0
500901,2,128,3,28.99,0.0
500902,1,116,1,129.99,0.2
500902,2,113,2,170.99,0.2
500902,3,125,3,25.99,0.2
500903,1,116,1,158.99,0.0
500903,2,118,1,88.99,0.0
500903,3,115,1,38.99,0.0
500903,4,135,1,148.99,0.0
500903,5,105,2,118.99,0.0
500904,1,120,1,235.99,0.0
500904,2,125,1,29.99,0.0
500904,3,117,3,178.99,0.0
500905,1,112,2,169.99,0.0
500905,2,119,1,74.99,0.0
500906,1,122,1,63.99,0.0
500907,1,136,1,26.99,0.0
500908,1,109,3,68.99,0.0
500908,2,127,1,58.99,0.0
500909,1,116,3,158.99,0.2
500909,2,101,1,288.99,0.2
500909,3,127,2,58.99,0.2
500909,4,121,1,228.99,0.2
500910,1,120,1,248.99,0.0
500910,2,108,1,278.99,0.0
500910,3,110,2,98.99,0.0
500911,1,107,2,198.99,0.0
500912,1,114,2,131.99,0.1
500913,1,130,1,18.99,0.0
500914,1,138,1,93.99,0.3
500914,2,128,1,26.99,0.3
500914,3,119,1,74.99,0.3
500914,4,122,2,74.99,0.3
500915,1,138,3,80.99,0.0
500916,1,130,1,18.99,0.0
500917,1,104,2,432.99,0.0
500917,2,124,3,47.99,0.0
500918,1,105,1,118.99,0.2
500919,1,121,1,216.99,0.0
500919,2,127,1,55.99,0.0
500920,1,107,1,198.99,0.0
500920,2,121,1,228.99,0.0
500920,3,122,1,78.99,0.0
500920,4,104,1,528.99,0.0
500920,5,103,2,348.99,0.0
500921,1,135,1,121.99,0.0
500922,1,132,2,48.99,0.1
500923,1,113,2,197.99,0.0
500924,1,121,2,228.99,0.0
500924,2,122,1,78.99,0.0
500924,3,127,1,58.99,0.0
500924,4,110,1,98.99,0.0
500925,1,109,1,55.99,0.0
500926,1,130,2,18.99,0.0
500926,2,106,1,88.99,0.0
500926,3,138,1,98.99,0.0
500926,4,114,2,138.99,0.0
500926,5,120,3,248.99,0.0
500927,1,138,1,98.99,0.0
500927,2,111,1,48.99,0.0
500928,1,125,2,31.99,0.0
500929,1,109,1,64.99,0.2
500929,2,114,1,131.99,0.2
500930,1,133,1,118.99,0.0
500930,2,114,1,138.99,0.0
500931,1,117,2,178.99,0.1
500932,1,128,1,26.99,0.1
500932,2,130,3,17.99,0.1
500933,1,107,1,188.99,0.0
500934,1,120,2,235.99,0.1
500935,1,125,1,31.99,0.2
500935,2,116,2,158.99,0.2
500936,1,125,2,25.99,0.0
500936,2,120,1,203.99,0.0
500936,3,108,1,227.99,0.0
500937,1,104,1,528.99,0.0
500937,2,122,3,78.99,0.0
500938,1,110,1,98.99,0.1
500939,1,113,2,208.99,0.1
500939,2,130,1,18.99,0.1
500939,3,115,1,38.99,0.1
500940,1,130,1,18.99,0.1
500941,1,118,2,71.99,0.1
500941,2,133,2,96.99,0.1
500941,3,124,1,47.99,0.1
500942,1,115,2,38.99,0.0
500943,1,112,1,178.99,0.1
500943,2,110,1,98.99,0.1
500944,1,130,2,17.99,0.0
500945,1,127,2,55.99,0.2
500946,1,135,2,121.99,0.0
500947,1,115,1,38.99,0.0
500948,1,118,1,71.99,0.0
500949,1,106,1,88.99,0.0
500950,1,109,2,68.99,0.1
500950,2,103,3,348.99,0.1
500951,1,111,1,48.99,0.0
500952,1,135,3,121.99,0.0
500953,1,101,2,273.99,0.0
500954,1,111,2,39.99,0.0
500954,2,119,1,63.99,0.0
500955,1,106,1,83.99,0.2
500955,2,123,1,79.99,0.2
500956,1,114,3,112.99,0.0
500956,2,122,3,63.99,0.0
500957,1,111,2,48.99,0.0
500957,2,124,1,58.99,0.0
500958,1,117,2,188.99,0.1
500959,1,126,1,74.99,0.0
500960,1,131,1,22.99,0.0
500961,1,121,1,186.99,0.0
500961,2,126,1,63.99,0.0
500961,3,136,1,22.99,0.0
500962,1,121,1,216.99,0.1
500963,1,107,1,198.99,0.0
500964,1,137,1,34.99,0.0
500965,1,123,3,84.99,0.0
500965,2,132,2,48.99,0.0
500966,1,106,1,71.99,0.3
500967,1,103,2,348.99,0.0
500967,2,129,2,44.99,0.0
500968,1,121,1,228.99,0.0
500969,1,107,1,198.99,0.0
500970,1,124,3,55.99,0.0
500970,2,120,2,235.99,0.0
500971,1,109,1,64.99,0.0
500972,1,121,2,228.99,0.1
500973,1,137,2,32.99,0.0
500974,1,124,1,47.99,0.0
500975,1,113,1,208.99,0.0
500976,1,135,1,140.99,0.0
500977,1,114,1,138.99,0.0
500977,2,115,1,38.99,0.0
500978,1,129,1,35.99,0.0
500978,2,136,3,22.99,0.0
500978,3,121,3,186.99,0.0
500979,1,129,2,44.99,0.0
500979,2,121,3,228.99,0.0
500979,3,123,1,84.99,0.0
500979,4,120,3,248.99,0.0
500980,1,120,1,203.99,0.0
500981,1,133,3,118.99,0.0
500982,1,123,1,84.99,0.0
500982,2,101,3,288.99,0.0
500982,3,119,2,78.99,0.0
500982,4,127,1,58.99,0.0
500982,5,107,1,198.99,0.0
500983,1,123,2,84.99,0.0
500984,1,129,1,44.99,0.0
500985,1,132,1,48.99,0.0
500985,2,118,1,88.99,0.0
500986,1,115,2,30.99,0.0
500987,1,114,1,138.99,0.0
500987,2,110,1,98.99,0.0
500987,3,117,1,188.99,0.0
500987,4,123,1,84.99,0.0
500988,1,120,3,248.99,0.3
500989,1,113,3,170.99,0.1
500990,1,105,1,112.99,0.0
500991,1,123,3,68.99,0.0
500992,1,123,3,84.99,0.0
500993,1,108,2,278.99,0.0
500994,1,107,3,198.99,0.0
500994,2,120,1,248.99,0.0
500994,3,127,1,58.99,0.0
500994,4,115,3,38.99,0.0
500995,1,122,1,78.99,0.1
500995,2,121,1,228.99,0.1
500995,3,119,1,78.99,0.1
500996,1,123,1,68.99,0.0
500997,1,117,3,188.99,0.1
500998,1,126,2,78.99,0.0
500998,2,118,3,88.99,0.0
500999,1,125,3,29.99,0.3
500999,2,104,2,501.99,0.3
501000,1,119,2,78.99,0.0
501001,1,118,1,88.99,0.0
501001,2,121,2,228.99,0.0
501001,3,136,1,28.99,0.0
501001,4,125,2,31.99,0.0
501001,5,114,3,138.99,0.0
501002,1,120,1,248.99,0.2
501002,2,116,3,158.99,0.2
501002,3,128,1,28.99,0.2
501002,4,108,1,278.99,0.2
501002,5,137,1,34.99,0.2
501003,1,121,1,228.99,0.0
501004,1,137,1,34.99,0.3
501004,2,110,2,98.99,0.3
501005,1,124,1,58.99,0.1
501006,1,122,1,78.99,0.0
501006,2,134,1,238.99,0.0
501007,1,106,3,83.99,0.0
501008,1,122,1,78.99,0.0
501008,2,113,1,208.99,0.0
501008,3,114,1,138.99,0.0
501009,1,121,3,228.99,0.0
501010,1,111,1,48.99,0.0
501011,1,114,1,138.99,0.1
501011,2,118,1,88.99,0.1
501012,1,123,1,68.99,0.0
501012,2,122,1,63.99,0.0
501013,1,116,1,150.99,0.0
501013,2,117,1,178.99,0.0
501014,1,120,2,248.99,0.3
501015,1,106,2,88.99,0.0
501015,2,123,1,84.99,0.0
501016,1,136,2,28.99,0.3
501017,1,112,3,169.99,0.0
501018,1,131,2,22.99,0.1
501019,1,117,2,188.99,0.0
501019,2,123,1,84.99,0.0
501020,1,117,1,188.99,0.0
501021,1,120,2,235.99,0.2
501021,2,108,1,264.99,0.2
501022,1,123,3,68.99,0.0
501022,2,112,1,145.99,0.0
501022,3,124,1,47.99,0.0
501023,1,137,1,27.99,0.0
501023,2,120,3,203.99,0.0
501024,1,106,1,88.99,0.0
501025,1,105,3,118.99,0.0
501025,2,120,1,248.99,0.0
501026,1,118,2,88.99,0.0
501027,1,122,1,78.99,0.1
501027,2,101,3,288.99,0.1
501027,3,111,3,48.99,0.1
501028,1,117,1,188.99,0.0
501029,1,138,1,98.99,0.0
501029,2,118,2,88.99,0.0
501030,1,116,1,129.99,0.0
501030,2,111,1,39.99,0.0
501030,3,134,1,194.99,0.0
501031,1,121,3,216.99,0.0
501032,1,115,1,30.99,0.2
501032,2,137,1,27.99,0.2
501033,1,124,3,58.99,0.2
501034,1,110,3,93.99,0.0
501034,2,137,2,32.99,0.0
501034,3,121,1,216.99,0.0
501034,4,104,1,501.99,0.0
501034,5,112,1,169.99,0.0
501035,1,121,2,186.99,0.0
501036,1,123,1,79.99,0.1
501037,1,106,1,83.99,0.0
501037,2,119,2,74.99,0.0
501037,3,131,2,22.99,0.0
501037,4,123,1,79.99,0.0
501038,1,120,2,235.99,0.2
501038,2,111,1,45.99,0.2
501038,3,109,1,64.99,0.2
501038,4,113,3,197.99,0.2
501038,5,126,2,74.99,0.2
501039,1,130,2,18.99,0.0
501040,1,118,2,88.99,0.0
501041,1,122,1,78.99,0.1
501041,2,125,2,31.99,0.1
501042,1,125,2,31.99,0.0
501042,2,126,3,78.99,0.0
501042,3,102,1,418.99,0.0
501043,1,130,3,17.99,0.0
501044,1,111,1,48.99,0.2
501045,1,128,2,28.99,0.0
501046,1,113,2,208.99,0.1
501046,2,130,2,18.99,0.1
501047,1,112,3,145.99,0.0
501047,2,110,2,80.99,0.0
501047,3,116,2,129.99,0.0
501048,1,113,2,208.99,0.0
501049,1,114,1,138.99,0.0
501049,2,121,2,228.99,0.0
501049,3,124,1,58.99,0.0
501049,4,131,1,24.99,0.0
501050,1,125,2,31.99,0.1
501051,1,101,3,273.99,0.1
501051,2,118,2,83.99,0.1
501051,3,115,2,36.99,0.1
501052,1,118,1,83.99,0.0
501052,2,117,2,178.99,0.0
501053,1,134,3,194.99,0.0
501054,1,106,1,83.99,0.1
501055,1,114,3,138.99,0.0
501055,2,107,3,198.99,0.0
501056,1,125,1,31.99,0.2
501056,2,118,2,88.99,0.2
501057,1,114,1,138.99,0.0
501058,1,137,1,34.99,0.0
501058,2,118,2,88.99,0.0
501058,3,135,1,148.99,0.0
501059,1,127,2,58.99,0.0
501059,2,119,1,78.99,0.0
501059,3,120,3,248.99,0.0
501059,4,110,3,98.99,0.0
501059,5,132,1,48.99,0.0
501060,1,121,3,228.99,0.0
501060,2,134,2,238.99,0.0
501061,1,120,3,235.99,0.3
501061,2,123,1,79.99,0.3
501062,1,126,3,63.99,0.0
501063,1,121,1,216.99,0.0
501064,1,133,1,96.99,0.0
501065,1,113,1,208.99,0.0
501066,1,107,1,198.99,0.0
501067,1,121,1,228.99,0.0
501067,2,107,1,198.99,0.0
501067,3,106,2,88.99,0.0
501068,1,108,1,278.99,0.0
501069,1,121,1,228.99,0.0
501069,2,124,3,58.99,0.0
501070,1,137,2,32.99,0.0
501070,2,118,1,83.99,0.0
501070,3,114,2,131.99,0.0
501070,4,124,1,55.99,0.0
501071,1,135,2,148.99,0.0
501072,1,116,2,158.99,0.0
501073,1,115,3,38.99,0.2
501074,1,134,1,226.99,0.0
501075,1,132,1,48.99,0.1
501075,2,115,1,38.99,0.1
501076,1,121,1,228.99,0.0
501077,1,123,2,84.99,0.0
501078,1,123,1,84.99,0.0
501079,1,111,1,45.99,0.0
501080,1,115,1,36.99,0.0
501080,2,118,1,83.99,0.0
501080,3,110,2,93.99,0.0
501080,4,108,1,264.99,0.0
501081,1,104,2,528.99,0.1
501081,2,137,2,34.99,0.1
501082,1,121,1,228.99,0.0
501082,2,118,1,88.99,0.0
501082,3,112,2,178.99,0.0
501083,1,134,1,226.99,0.0
501084,1,130,1,14.99,0.0
501085,1,115,1,38.99,0.0
501085,2,123,1,84.99,0.0
501085,3,125,1,31.99,0.0
501086,1,122,1,78.99,0.1
501087,1,124,3,58.99,0.0
501088,1,109,1,68.99,0.0
501089,1,111,1,48.99,0.0
501089,2,123,2,84.99,0.0
501090,1,130,1,18.99,0.1
501090,2,103,3,348.99,0.1
501090,3,112,1,178.99,0.1
501091,1,101,1,288.99,0.0
501092,1,107,3,188.99,0.2
501093,1,137,3,34.99,0.0
501094,1,133,1,118.99,0.2
501095,1,106,2,71.99,0.0
501096,1,118,3,88.99,0.1
501097,1,112,1,178.99,0.0
501098,1,120,1,248.99,0.1
501098,2,136,2,28.99,0.1
501098,3,132,2,48.99,0.1
501098,4,122,1,78.99,0.1
501099,1,108,1,278.99,0.0
501099,2,124,2,58.99,0.0
501099,3,115,1,38.99,0.0
501100,1,108,1,278.99,0.1
501101,1,121,1,216.99,0.1
501101,2,110,1,93.99,0.1
501102,1,108,1,278.99,0.0
501102,2,129,3,44.99,0.0
501103,1,122,2,63.99,0.0
501104,1,115,1,38.99,0.1
501105,1,113,1,208.99,0.0
501106,1,123,3,84.99,0.3
501106,2,122,1,78.99,0.3
501107,1,130,1,18.99,0.0
501107,2,124,1,58.99,0.0
501107,3,113,1,208.99,0.0
501107,4,109,1,68.99,0.0
501107,5,127,1,58.99,0.0
501108,1,127,2,55.99,0.0
501108,2,124,2,55.99,0.0
501109,1,112,1,178.99,0.0
501109,2,107,1,198.99,0.0
501109,3,105,1,118.99,0.0
501110,1,110,2,80.99,0.0
501111,1,101,3,273.99,0.0
501112,1,123,1,79.99,0.0
501113,1,136,3,26.99,0.0
501113,2,118,1,83.99,0.0
501113,3,106,1,83.99,0.0
501113,4,121,1,216.99,0.0
501114,1,110,3,98.99,0.0
501115,1,117,1,188.99,0.1
501116,1,114,2,112.99,0.0
501116,2,125,1,25.99,0.0
501116,3,119,1,63.99,0.0
501116,4,129,1,35.99,0.0
501117,1,126,1,78.99,0.0
501117,2,119,1,78.99,0.0
501118,1,117,1,153.99,0.3
501118,2,128,1,22.99,0.3
501118,3,119,3,63.99,0.3
501119,1,111,1,48.99,0.1
501119,2,105,1,118.99,0.1
501119,3,132,1,48.99,0.1
501119,4,137,1,34.99,0.1
501120,1,128,1,28.99,0.2
501121,1,113,1,208.99,0.0
501121,2,103,3,348.99,0.0
501122,1,113,2,197.99,0.0
501123,1,120,1,248.99,0.0
501123,2,111,2,48.99,0.0
501124,1,133,1,96.99,0.0
501124,2,116,2,129.99,0.0
501124,3,121,1,186.99,0.0
501124,4,122,1,63.99,0.0
501125,1,121,1,186.99,0.2
501125,2,118,1,71.99,0.2
501125,3,133,1,96.99,0.2
501126,1,101,1,288.99,0.0
501126,2,105,2,118.99,0.0
501126,3,113,1,208.99,0.0
501126,4,125,1,31.99,0.0
501127,1,105,1,118.99,0.0
501127,2,122,1,78.99,0.0
501128,1,115,1,38.99,0.2
501128,2,118,2,88.99,0.2
501128,3,106,1,88.99,0.2
501128,4,133,1,118.99,0.2
501129,1,121,2,228.99,0.0
501130,1,121,1,228.99,0.1
501131,1,130,2,17.99,0.0
501132,1,131,1,22.99,0.0
501133,1,109,1,68.99,0.1
501134,1,136,3,26.99,0.2
501134,2,106,2,83.99,0.2
501134,3,132,2,45.99,0.2
501135,1,121,1,228.99,0.0
501135,2,117,2,188.99,0.0
501136,1,122,1,63.99,0.0
501137,1,117,1,188.99,0.0
501137,2,125,1,31.99,0.0
501137,3,111,1,48.99,0.0
501137,4,128,2,28.99,0.0
501138,1,122,3,63.99,0.0
501138,2,135,1,121.99,0.0
501139,1,123,1,84.99,0.0
501140,1,133,3,112.99,0.0
501141,1,120,2,248.99,0.3
501141,2,124,2,58.99,0.3
501142,1,131,1,24.99,0.0
501143,1,117,2,178.99,0.0
501143,2,120,1,235.99,0.0
501144,1,117,1,188.99,0.1
501144,2,106,1,88.99,0.1
501144,3,105,1,118.99,0.1
501145,1,119,1,74.99,0.0
501146,1,103,2,348.99,0.1
501146,2,125,2,31.99,0.1
501147,1,128,1,28.99,0.0
501147,2,119,2,78.99,0.0
501147,3,122,1,78.99,0.0
501148,1,134,3,226.99,0.0
501148,2,119,3,74.99,0.0
501149,1,113,2,208.99,0.0
501150,1,107,1,198.99,0.0
501150,2,121,1,228.99,0.0
501151,1,115,1,36.99,0.0
501152,1,107,1,188.99,0.0
501152,2,101,1,273.99,0.0
501153,1,109,2,68.99,0.0
501153,2,119,2,78.99,0.0
501154,1,136,2,28.99,0.0
501155,1,119,1,78.99,0.2
501155,2,115,1,38.99,0.2
501155,3,117,1,188.99,0.2
501156,1,103,1,348.99,0.1
501157,1,124,1,58.99,0.0
501157,2,106,3,88.99,0.0
501158,1,111,1,45.99,0.0
501158,2,132,1,45.99,0.0
501159,1,109,2,68.99,0.0
501159,2,112,1,178.99,0.0
501159,3,132,1,48.99,0.0
501160,1,119,3,78.99,0.1
501160,2,115,3,38.99,0.1
501160,3,120,3,248.99,0.1
501160,4,116,1,158.99,0.1
501161,1,137,2,32.99,0.0
501162,1,133,2,112.99,0.0
501162,2,126,1,74.99,0.0
501163,1,125,3,31.99,0.0
501163,2,123,3,84.99,0.0
501163,3,119,2,78.99,0.0
501163,4,109,1,68.99,0.0
501164,1,119,1,78.99,0.0
501165,1,132,2,48.99,0.0
501165,2,107,1,198.99,0.0
501166,1,105,2,118.99,0.2
501166,2,127,1,58.99,0.2
501167,1,131,1,24.99,0.0
501167,2,128,2,28.99,0.0
501168,1,123,2,68.99,0.2
501168,2,108,1,227.99,0.2
501168,3,120,2,203.99,0.2
501169,1,121,1,228.99,0.0
501170,1,109,1,68.99,0.0
501170,2,121,2,228.99,0.0
501170,3,125,1,31.99,0.0
501171,1,125,3,31.99,0.0
501172,1,124,1,55.99,0.1
501172,2,118,2,83.99,0.1
501172,3,112,1,169.99,0.1
501173,1,112,1,178.99,0.3
501173,2,123,1,84.99,0.3
501173,3,138,2,98.99,0.3
501173,4,118,3,88.99,0.3
501174,1,118,3,88.99,0.0
501175,1,105,1,118.99,0.0
501175,2,120,2,248.99,0.0
501175,3,127,2,58.99,0.0
501175,4,131,3,24.99,0.0
501175,5,137,3,34.99,0.0
501176,1,108,2,227.99,0.0
501176,2,127,3,47.99,0.0
501177,1,109,2,64.99,0.2
501178,1,126,2,78.99,0.2
501178,2,121,3,228.99,0.2
501179,1,107,1,198.99,0.0
501179,2,111,1,48.99,0.0
501180,1,108,2,264.99,0.1
501181,1,135,1,148.99,0.0
501181,2,105,1,118.99,0.0
501181,3,134,1,238.99,0.0
501181,4,127,1,58.99,0.0
501182,1,112,2,169.99,0.0
501183,1,107,1,198.99,0.0
501183,2,119,1,78.99,0.0
501184,1,111,1,45.99,0.0
501185,1,137,1,34.99,0.0
501186,1,128,1,28.99,0.0
501187,1,107,2,162.99,0.1
501188,1,110,1,93.99,0.0
501188,2,121,2,216.99,0.0
501189,1,131,1,24.99,0.0
501189,2,108,1,278.99,0.0
501189,3,116,2,158.99,0.0
501190,1,121,1,228.99,0.0
501190,2,113,2,208.99,0.0
501191,1,126,1,78.99,0.0
501192,1,136,3,28.99,0.0
501193,1,121,1,228.99,0.1
501193,2,102,1,418.99,0.1
501193,3,110,1,98.99,0.1
501194,1,102,1,342.99,0.0
501194,2,113,1,170.99,0.0
501195,1,124,1,55.99,0.0
501195,2,112,3,169.99,0.0
501195,3,123,2,79.99,0.0
501196,1,103,3,330.99,0.0
501197,1,133,2,118.99,0.1
501197,2,135,1,148.99,0.1
501198,1,114,1,112.99,0.1
501199,1,123,1,79.99,0.0
501199,2,124,1,55.99,0.0
501200,1,121,1,216.99,0.0
501201,1,106,1,83.99,0.1
501201,2,113,2,197.99,0.1
501202,1,136,1,28.99,0.0
501202,2,109,1,68.99,0.0
501203,1,124,2,58.99,0.0
501203,2,109,2,68.99,0.0
501204,1,109,3,68.99,0.0
501204,2,121,2,228.99,0.0
501205,1,118,2,88.99,0.3
501205,2,106,2,88.99,0.3
501205,3,123,2,84.99,0.3
501206,1,113,3,208.99,0.2
501206,2,105,1,118.99,0.2
501207,1,108,1,278.99,0.1
501208,1,126,1,78.99,0.2
501208,2,136,1,28.99,0.2
501208,3,118,2,88.99,0.2
501209,1,115,2,38.99,0.0
501209,2,118,1,88.99,0.0
501209,3,116,1,158.99,0.0
501209,4,120,3,248.99,0.0
501209,5,136,1,28.99,0.0
501210,1,102,1,397.99,0.0
501210,2,110,1,93.99,0.0
501210,3,124,2,55.99,0.0
501211,1,117,1,188.99,0.0
501211,2,124,2,58.99,0.0
501212,1,115,2,38.99,0.0
501213,1,106,1,83.99,0.0
501213,2,122,2,74.99,0.0
501213,3,136,1,26.99,0.0
501214,1,108,1,264.99,0.1
501215,1,114,2,138.99,0.0
501216,1,121,1,228.99,0.0
501217,1,114,1,138.99,0.0
501217,2,105,1,118.99,0.0
501218,1,106,1,88.99,0.0
501219,1,117,2,188.99,0.0
501219,2,105,2,118.99,0.0
501219,3,119,2,78.99,0.0
501219,4,125,2,31.99,0.0
501220,1,128,2,22.99,0.0
501220,2,123,2,68.99,0.0
501220,3,108,2,227.99,0.0
501221,1,103,1,348.99,0.0
501222,1,104,2,528.99,0.0
501222,2,122,1,78.99,0.0
501223,1,121,3,228.99,0.0
501224,1,106,1,88.99,0.1
501225,1,123,1,68.99,0.1
501225,2,120,1,203.99,0.1
501225,3,134,3,194.99,0.1
501226,1,127,1,47.99,0.0
501227,1,119,1,78.99,0.0
501228,1,104,2,528.99,0.1
501228,2,130,3,18.99,0.1
501229,1,129,2,44.99,0.0
501230,1,121,3,228.99,0.1
501231,1,103,3,330.99,0.0
501231,2,120,3,235.99,0.0
501232,1,102,1,342.99,0.0
501233,1,117,1,188.99,0.0
501233,2,114,2,138.99,0.0
501234,1,121,1,216.99,0.2
501234,2,114,2,131.99,0.2
501235,1,115,1,38.99,0.0
501236,1,108,2,264.99,0.0
501237,1,133,1,118.99,0.1
501238,1,115,1,38.99,0.0
501239,1,129,1,44.99,0.0
501240,1,103,2,285.99,0.1
501241,1,121,1,228.99,0.0
501242,1,125,3,31.99,0.0
501243,1,116,1,158.99,0.0
501244,1,104,2,528.99,0.1
501244,2,101,3,288.99,0.1
501245,1,121,2,216.99,0.2
501245,2,117,1,178.99,0.2
501246,1,135,1,140.99,0.2
501246,2,131,1,22.99,0.2
501246,3,128,1,26.99,0.2
501247,1,115,2,38.99,0.0
501247,2,116,1,158.99,0.0
501247,3,106,3,88.99,0.0
501248,1,131,2,24.99,0.0
501248,2,135,3,148.99,0.0
501248,3,115,1,38.99,0.0
501249,1,128,2,28.99,0.0
501250,1,121,1,228.99,0.0
501250,2,103,1,348.99,0.0
501251,1,125,1,29.99,0.1
501251,2,120,1,235.99,0.1
501251,3,117,1,178.99,0.1
501252,1,106,1,71.99,0.0
501253,1,126,1,78.99,0.3
501253,2,112,1,178.99,0.3
501253,3,136,2,28.99,0.3
501253,4,134,3,238.99,0.3
501254,1,113,2,208.99,0.0
501255,1,120,1,248.99,0.0
501255,2,115,1,38.99,0.0
501256,1,128,1,28.99,0.3
501257,1,112,3,169.99,0.0
501257,2,123,2,79.99,0.0
501257,3,133,2,112.99,0.0
501257,4,119,1,74.99,0.0
501257,5,102,2,397.99,0.0
501258,1,109,2,64.99,0.0
501259,1,135,3,121.99,0.3
501259,2,124,1,47.99,0.3
501260,1,112,3,178.99,0.0
501260,2,125,2,31.99,0.0
501261,1,118,2,83.99,0.0
501262,1,113,1,170.99,0.2
501263,1,119,1,63.99,0.1
501264,1,104,1,501.99,0.1
501265,1,124,1,47.99,0.0
501265,2,119,2,63.99,0.0
501265,3,115,2,30.99,0.0
501265,4,135,2,121.99,0.0
501266,1,130,1,18.99,0.0
501267,1,121,1,186.99,0.2
501267,2,136,2,22.99,0.2
501268,1,123,1,84.99,0.3
501269,1,103,1,285.99,0.0
501270,1,109,1,68.99,0.0
501271,1,119,1,63.99,0.0
501272,1,121,2,186.99,0.1
501273,1,129,1,44.99,0.1
501274,1,112,1,178.99,0.0
501275,1,122,1,78.99,0.0
501276,1,119,2,78.99,0.0
501276,2,117,2,188.99,0.0
501276,3,124,1,58.99,0.0
501276,4,118,2,88.99,0.0
501277,1,128,1,28.99,0.1
501277,2,120,3,248.99,0.1
501278,1,113,3,197.99,0.0
501279,1,124,2,55.99,0.0
501279,2,114,3,131.99,0.0
501279,3,137,2,32.99,0.0
501279,4,117,3,178.99,0.0
501279,5,118,1,83.99,0.0
501280,1,130,1,18.99,0.2
501280,2,115,1,38.99,0.2
501281,1,120,2,248.99,0.0
501282,1,109,1,64.99,0.0
501282,2,111,2,45.99,0.0
501282,3,101,2,273.99,0.0
501282,4,114,1,131.99,0.0
501283,1,106,3,88.99,0.0
501283,2,134,2,238.99,0.0
501283,3,118,3,88.99,0.0
501283,4,113,2,208.99,0.0
501284,1,119,1,78.99,0.0
501285,1,137,1,34.99,0.0
501285,2,109,3,68.99,0.0
501285,3,101,2,288.99,0.0
501286,1,121,1,186.99,0.2
501287,1,103,1,330.99,0.0
501287,2,132,1,45.99,0.0
501287,3,122,1,74.99,0.0
501288,1,138,1,93.99,0.1
501288,2,118,1,83.99,0.1
501289,1,137,3,27.99,0.0
501289,2,122,1,63.99,0.0
501290,1,107,1,188.99,0.0
501290,2,123,2,79.99,0.0
501290,3,126,1,74.99,0.0
501291,1,117,2,153.99,0.0
501292,1,121,2,186.99,0.1
501292,2,125,1,25.99,0.1
501293,1,136,1,22.99,0.0
501293,2,116,1,129.99,0.0
501293,3,123,2,68.99,0.0
501293,4,135,2,121.99,0.0
501293,5,121,3,186.99,0.0
501294,1,135,3,121.99,0.0
501295,1,115,1,38.99,0.0
501296,1,129,1,44.99,0.0
501296,2,109,3,68.99,0.0
501297,1,133,1,118.99,0.0
501297,2,124,1,58.99,0.0
501298,1,116,1,158.99,0.1
501298,2,107,1,198.99,0.1
501299,1,127,2,58.99,0.0
501299,2,121,2,228.99,0.0
501300,1,106,1,71.99,0.0
501301,1,113,1,197.99,0.0
501302,1,129,1,41.99,0.0
501303,1,103,1,348.99,0.2
501303,2,125,3,31.99,0.2
501303,3,109,1,68.99,0.2
501304,1,118,1,88.99,0.1
501304,2,120,1,248.99,0.1
501304,3,114,2,138.99,0.1
501305,1,106,1,88.99,0.0
501306,1,124,2,58.99,0.0
501306,2,108,1,278.99,0.0
501306,3,123,1,84.99,0.0
501307,1,101,2,273.99,0.0
501308,1,131,1,24.99,0.0
501309,1,132,2,45.99,0.0
501310,1,109,2,64.99,0.0
501310,2,115,2,36.99,0.0
501311,1,124,1,55.99,0.3
501312,1,105,1,118.99,0.0
501313,1,127,3,55.99,0.0
501313,2,115,2,36.99,0.0
501313,3,119,3,74.99,0.0
501314,1,116,1,158.99,0.0
501314,2,102,1,418.99,0.0
501314,3,125,2,31.99,0.0
501314,4,103,2,348.99,0.0
501315,1,135,2,148.99,0.0
501316,1,113,1,170.99,0.0
501316,2,130,1,14.99,0.0
501317,1,129,1,44.99,0.0
501317,2,123,3,84.99,0.0
501317,3,125,1,31.99,0.0
501317,4,130,1,18.99,0.0
501318,1,101,2,288.99,0.2
501319,1,108,3,278.99,0.2
501319,2,117,1,188.99,0.2
501319,3,136,1,28.99,0.2
501319,4,109,3,68.99,0.2
501320,1,131,3,24.99,0.0
501321,1,107,2,162.99,0.0
501321,2,114,2,112.99,0.0
501322,1,121,1,186.99,0.0
501323,1,105,1,96.99,0.0
501324,1,126,1,63.99,0.0
501325,1,138,1,93.99,0.2
501326,1,125,3,25.99,0.0
501326,2,115,2,30.99,0.0
501327,1,104,3,501.99,0.0
501328,1,123,1,84.99,0.1
501329,1,122,2,78.99,0.0
501330,1,120,3,248.99,0.1
501331,1,137,1,34.99,0.3
501332,1,135,2,140.99,0.0
501333,1,102,3,418.99,0.2
501333,2,133,1,118.99,0.2
501333,3,137,1,34.99,0.2
501333,4,107,2,198.99,0.2
501334,1,106,1,88.99,0.0
501334,2,113,2,208.99,0.0
501335,1,118,2,83.99,0.0
501336,1,118,1,88.99,0.0
501336,2,138,2,98.99,0.0
501337,1,116,1,150.99,0.0
501338,1,116,1,158.99,0.0
501338,2,137,1,34.99,0.0
501339,1,119,1,78.99,0.0
501339,2,125,1,31.99,0.0
501339,3,124,2,58.99,0.0
501340,1,102,1,418.99,0.0
501340,2,129,3,44.99,0.0
501340,3,114,1,138.99,0.0
501341,1,122,1,63.99,0.1
501341,2,101,3,235.99,0.1
501342,1,111,1,45.99,0.0
501343,1,112,1,178.99,0.0
501344,1,136,3,26.99,0.0
501345,1,131,2,22.99,0.0
501346,1,111,2,48.99,0.0
501346,2,124,1,58.99,0.0
501347,1,133,3,112.99,0.0
501347,2,114,1,131.99,0.0
501347,3,123,3,79.99,0.0
501347,4,124,1,55.99,0.0
501348,1,137,1,32.99,0.1
501348,2,115,2,36.99,0.1
501349,1,118,1,83.99,0.3
501349,2,120,1,235.99,0.3
501349,3,108,1,264.99,0.3
501349,4,109,3,64.99,0.3
501350,1,103,1,348.99,0.0
501351,1,112,1,169.99,0.0
501352,1,105,1,112.99,0.0
501353,1,120,1,203.99,0.0
501354,1,122,1,78.99,0.0
501355,1,107,1,198.99,0.0
501356,1,111,3,48.99,0.0
501357,1,125,1,31.99,0.0
501357,2,117,2,188.99,0.0
501357,3,130,1,18.99,0.0
501358,1,114,3,131.99,0.2
501358,2,130,1,17.99,0.2
501359,1,133,2,112.99,0.2
501360,1,123,3,84.99,0.0
501361,1,122,1,63.99,0.0
501362,1,101,2,288.99,0.0
501362,2,138,2,98.99,0.0
501363,1,109,1,64.99,0.0
501364,1,133,1,118.99,0.0
501364,2,115,1,38.99,0.0
501365,1,130,2,14.99,0.0
501366,1,127,1,55.99,0.0
501366,2,119,2,74.99,0.0
501367,1,113,2,208.99,0.0
501368,1,124,2,55.99,0.3
501369,1,115,2,38.99,0.1
501370,1,122,1,78.99,0.2
501370,2,123,1,84.99,0.2
501371,1,107,1,162.99,0.0
501372,1,121,2,228.99,0.0
501373,1,103,1,348.99,0.0
501373,2,119,1,78.99,0.0
501373,3,115,1,38.99,0.0
501374,1,109,1,55.99,0.3
501374,2,120,3,203.99,0.3
501374,3,118,1,71.99,0.3
501375,1,132,1,48.99,0.2
501375,2,128,1,28.99,0.2
501375,3,106,1,88.99,0.2
501376,1,125,1,25.99,0.0
501376,2,120,3,203.99,0.0
501377,1,134,1,238.99,0.1
501378,1,120,2,235.99,0.2
501378,2,115,1,36.99,0.2
501379,1,125,2,31.99,0.1
501379,2,134,1,238.99,0.1
501380,1,134,1,238.99,0.0
501380,2,115,2,38.99,0.0
501381,1,105,2,96.99,0.0
501382,1,106,1,88.99,0.0
501383,1,126,1,78.99,0.2
501384,1,109,2,64.99,0.1
501384,2,105,2,112.99,0.1
501384,3,125,1,29.99,0.1
501385,1,120,2,203.99,0.0
501386,1,110,2,93.99,0.2
501386,2,113,2,197.99,0.2
501387,1,127,1,58.99,0.0
501388,1,118,3,88.99,0.0
501388,2,133,1,118.99,0.0
501388,3,107,3,198.99,0.0
501388,4,106,1,88.99,0.0
501389,1,120,2,248.99,0.0
501390,1,104,1,528.99,0.0
501390,2,123,2,84.99,0.0
501390,3,119,2,78.99,0.0
501390,4,132,3,48.99,0.0
501390,5,105,1,118.99,0.0
501391,1,138,2,80.99,0.0
501392,1,132,1,45.99,0.0
501393,1,119,2,78.99,0.0
501393,2,133,1,118.99,0.0
501394,1,132,1,45.99,0.0
501394,2,119,1,74.99,0.0
501395,1,133,1,112.99,0.0
501395,2,124,3,55.99,0.0
501395,3,116,1,150.99,0.0
501395,4,112,2,169.99,0.0
501395,5,122,1,74.99,0.0
501396,1,113,2,170.99,0.2
501396,2,125,3,25.99,0.2
501397,1,120,1,248.99,0.0
501397,2,128,1,28.99,0.0
501398,1,105,1,118.99,0.0
501399,1,113,1,208.99,0.1
501400,1,104,2,501.99,0.0
501400,2,113,3,197.99,0.0
501401,1,128,3,22.99,0.1
501401,2,108,2,227.99,0.1
501402,1,133,2,112.99,0.0
501402,2,126,3,74.99,0.0
501403,1,132,3,45.99,0.0
501404,1,121,1,228.99,0.0
501404,2,110,3,98.99,0.0
501405,1,118,1,88.99,0.0
501405,2,127,1,58.99,0.0
501405,3,113,2,208.99,0.0
501405,4,112,1,178.99,0.0
501406,1,112,1,145.99,0.0
501407,1,125,1,31.99,0.3
501407,2,112,1,178.99,0.3
501408,1,119,1,74.99,0.0
501409,1,121,1,228.99,0.0
501409,2,123,3,84.99,0.0
501409,3,104,1,528.99,0.0
501409,4,124,1,58.99,0.0
501410,1,127,1,55.99,0.0
501411,1,111,1,39.99,0.0
501412,1,111,2,48.99,0.2
501413,1,134,1,226.99,0.0
501414,1,113,2,208.99,0.0
501415,1,115,2,36.99,0.0
501415,2,118,3,83.99,0.0
501415,3,126,1,74.99,0.0
501416,1,110,1,93.99,0.0
501416,2,125,1,29.99,0.0
501417,1,112,1,145.99,0.2
501418,1,112,1,178.99,0.0
501419,1,137,1,34.99,0.0
501419,2,135,1,148.99,0.0
501420,1,126,3,78.99,0.0
501421,1,133,1,112.99,0.2
501421,2,119,3,74.99,0.2
501421,3,112,3,169.99,0.2
501422,1,119,1,74.99,0.2
501422,2,129,1,41.99,0.2
501423,1,119,2,63.99,0.0
501424,1,107,1,198.99,0.1
501424,2,132,3,48.99,0.1
501425,1,124,2,47.99,0.0
501425,2,108,3,227.99,0.0
501425,3,119,1,63.99,0.0
501426,1,137,1,34.99,0.0
501427,1,113,2,208.99,0.0
501428,1,115,1,36.99,0.0
501428,2,106,1,83.99,0.0
501429,1,125,1,29.99,0.0
501430,1,115,2,38.99,0.0
501430,2,110,2,98.99,0.0
501430,3,123,3,84.99,0.0
501430,4,129,3,44.99,0.0
501431,1,131,1,22.99,0.2
501432,1,111,3,39.99,0.0
501433,1,119,1,63.99,0.0
501433,2,135,1,121.99,0.0
501433,3,112,1,145.99,0.0
501433,4,125,2,25.99,0.0
501434,1,125,2,25.99,0.0
501434,2,120,1,203.99,0.0
501434,3,134,2,194.99,0.0
501434,4,123,1,68.99,0.0
501435,1,115,1,38.99,0.1
501435,2,119,2,78.99,0.1
501436,1,102,1,418.99,0.0
501437,1,124,1,55.99,0.0
501438,1,135,1,148.99,0.0
501439,1,124,1,55.99,0.0
501440,1,111,2,45.99,0.0
501441,1,125,2,31.99,0.0
501441,2,113,1,208.99,0.0
501441,3,116,2,158.99,0.0
501442,1,122,2,63.99,0.0
501442,2,123,1,68.99,0.0
501442,3,128,2,22.99,0.0
501443,1,130,1,18.99,0.1
501444,1,118,1,71.99,0.0
501445,1,118,2,71.99,0.0
501445,2,126,2,63.99,0.0
501446,1,108,2,264.99,0.0
501447,1,114,1,131.99,0.0
501447,2,112,3,169.99,0.0
501447,3,130,3,17.99,0.0
501448,1,117,2,188.99,0.0
501448,2,118,1,88.99,0.0
501448,3,120,3,248.99,0.0
501448,4,114,1,138.99,0.0
501449,1,120,1,203.99,0.0
501450,1,137,1,34.99,0.0
501451,1,120,1,203.99,0.0
501452,1,125,1,29.99,0.1
501453,1,112,1,169.99,0.3
501453,2,128,1,26.99,0.3
501454,1,116,2,158.99,0.3
501454,2,133,1,118.99,0.3
501455,1,135,1,148.99,0.0
501455,2,107,1,198.99,0.0
501456,1,121,2,228.99,0.0
501457,1,137,1,32.99,0.0
501457,2,118,2,83.99,0.0
501458,1,111,1,45.99,0.1
501459,1,115,3,30.99,0.2
501459,2,127,1,47.99,0.2
501460,1,111,3,48.99,0.0
501460,2,116,1,158.99,0.0
501460,3,138,3,98.99,0.0
501461,1,106,1,83.99,0.0
501462,1,124,3,58.99,0.0
501462,2,101,3,288.99,0.0
501462,3,109,3,68.99,0.0
501463,1,115,1,38.99,0.0
501464,1,109,1,68.99,0.0
501464,2,114,2,138.99,0.0
501465,1,123,3,79.99,0.3
501466,1,131,2,19.99,0.0
501466,2,106,2,71.99,0.0
501466,3,103,1,285.99,0.0
501467,1,132,2,48.99,0.0
501467,2,115,3,38.99,0.0
501468,1,121,2,228.99,0.2
501468,2,109,1,68.99,0.2
501469,1,107,3,198.99,0.0
501470,1,135,2,140.99,0.0
501470,2,119,1,74.99,0.0
501470,3,114,2,131.99,0.0
501471,1,117,2,153.99,0.0
501472,1,118,3,88.99,0.1
501473,1,129,2,44.99,0.0
501474,1,125,3,31.99,0.0
501475,1,117,1,178.99,0.0
501475,2,138,2,93.99,0.0
501476,1,132,1,45.99,0.0
501477,1,123,3,84.99,0.0
501477,2,113,1,208.99,0.0
501477,3,124,2,58.99,0.0
501477,4,107,3,198.99,0.0
501477,5,131,1,24.99,0.0
501478,1,108,1,264.99,0.0
501479,1,113,1,208.99,0.3
501480,1,101,1,273.99,0.0
501481,1,129,1,41.99,0.0
501482,1,121,2,228.99,0.0
501482,2,113,3,208.99,0.0
501482,3,128,3,28.99,0.0
501483,1,123,1,84.99,0.0
501484,1,137,2,34.99,0.0
501485,1,137,2,32.99,0.1
501485,2,120,1,235.99,0.1
501486,1,136,1,26.99,0.0
501487,1,123,1,84.99,0.3
501487,2,103,3,348.99,0.3
501488,1,107,2,198.99,0.0
501489,1,119,3,74.99,0.1
501489,2,122,2,74.99,0.1
501490,1,123,1,84.99,0.1
501491,1,127,1,58.99,0.0
501491,2,116,1,158.99,0.0
501492,1,113,3,208.99,0.0
501492,2,115,1,38.99,0.0
501493,1,126,3,78.99,0.3
501493,2,124,1,58.99,0.3
501494,1,119,2,78.99,0.0
501494,2,114,1,138.99,0.0
501494,3,101,1,288.99,0.0
501495,1,135,1,148.99,0.0
501496,1,125,1,31.99,0.3
501497,1,113,1,197.99,0.0
501498,1,118,1,88.99,0.0
501499,1,121,1,186.99,0.0
501499,2,116,1,129.99,0.0
501500,1,128,1,28.99,0.1
501500,2,117,1,188.99,0.1
501501,1,123,3,84.99,0.2
501502,1,102,3,342.99,0.1
501502,2,118,2,71.99,0.1
501502,3,109,1,55.99,0.1
501502,4,136,1,22.99,0.1
501502,5,130,1,14.99,0.1
501503,1,111,2,45.99,0.0
501504,1,109,2,64.99,0.0
501505,1,127,1,58.99,0.0
501506,1,114,3,138.99,0.0
501507,1,114,1,138.99,0.0
501507,2,108,1,278.99,0.0
501507,3,106,1,88.99,0.0
501507,4,121,1,228.99,0.0
501507,5,112,2,178.99,0.0
501508,1,122,1,78.99,0.0
501509,1,135,2,148.99,0.0
501509,2,103,1,348.99,0.0
501509,3,122,1,78.99,0.0
501509,4,126,2,78.99,0.0
501509,5,109,1,68.99,0.0
501510,1,121,2,228.99,0.0
501510,2,118,1,88.99,0.0
501510,3,110,1,98.99,0.0
501511,1,114,1,112.99,0.0
501512,1,137,2,34.99,0.0
501513,1,112,2,169.99,0.2
501514,1,104,3,432.99,0.0
501515,1,107,1,188.99,0.0
501516,1,108,2,278.99,0.1
501517,1,121,1,228.99,0.2
501517,2,131,1,24.99,0.2
501518,1,116,1,158.99,0.0
501518,2,125,1,31.99,0.0
501518,3,119,3,78.99,0.0
501518,4,129,1,44.99,0.0
501518,5,121,1,228.99,0.0
501519,1,118,1,88.99,0.1
501519,2,116,1,158.99,0.1
501520,1,129,1,44.99,0.1
501521,1,122,2,78.99,0.0
501521,2,120,3,248.99,0.0
501522,1,118,1,71.99,0.2
501523,1,132,1,39.99,0.3
501523,2,111,1,39.99,0.3
501524,1,115,2,36.99,0.0
501525,1,127,2,58.99,0.0
501526,1,119,1,74.99,0.0
501527,1,112,2,178.99,0.0
501528,1,117,1,178.99,0.0
501529,1,124,1,58.99,0.0
501530,1,137,2,32.99,0.0
501531,1,137,3,32.99,0.1
501532,1,101,2,288.99,0.0
501532,2,119,1,78.99,0.0
501532,3,114,2,138.99,0.0
501532,4,122,2,78.99,0.0
501533,1,105,1,112.99,0.1
501534,1,111,1,48.99,0.0
501535,1,112,1,178.99,0.0
501536,1,125,2,31.99,0.0
501536,2,112,2,178.99,0.0
501536,3,136,1,28.99,0.0
501536,4,116,2,158.99,0.0
501537,1,130,1,18.99,0.0
501537,2,114,1,138.99,0.0
501538,1,113,1,208.99,0.0
501538,2,109,2,68.99,0.0
501538,3,136,2,28.99,0.0
501539,1,125,2,29.99,0.0
501540,1,109,2,68.99,0.0
501540,2,129,1,44.99,0.0
501541,1,105,1,118.99,0.2
501542,1,106,2,88.99,0.0
501543,1,117,1,188.99,0.0
501544,1,125,1,29.99,0.0
501545,1,132,1,48.99,0.3
501546,1,132,1,48.99,0.0
501546,2,114,1,138.99,0.0
501546,3,117,3,188.99,0.0
501546,4,116,2,158.99,0.0
501547,1,109,1,55.99,0.0
501548,1,134,3,238.99,0.0
501548,2,121,1,228.99,0.0
501549,1,113,1,170.99,0.0
501550,1,117,1,188.99,0.0
501551,1,117,2,188.99,0.0
501552,1,133,3,118.99,0.0
501553,1,116,1,150.99,0.0
501554,1,101,3,288.99,0.0
501554,2,126,1,78.99,0.0
501555,1,130,1,18.99,0.2
501555,2,121,1,228.99,0.2
501556,1,109,3,64.99,0.0
501556,2,134,2,226.99,0.0
501556,3,122,1,74.99,0.0
501557,1,129,1,44.99,0.0
501557,2,120,1,248.99,0.0
501558,1,104,2,528.99,0.0
501559,1,125,1,29.99,0.0
501559,2,130,2,17.99,0.0
501559,3,129,2,41.99,0.0
501560,1,137,1,27.99,0.0
501561,1,131,2,22.99,0.0
501562,1,111,1,48.99,0.0
501563,1,102,1,418.99,0.1
501564,1,119,1,78.99,0.0
501564,2,135,1,148.99,0.0
501565,1,118,3,88.99,0.0
501566,1,110,1,98.99,0.0
501567,1,114,1,112.99,0.0
501568,1,125,1,31.99,0.1
501568,2,111,1,48.99,0.1
501568,3,138,2,98.99,0.1
501569,1,108,3,278.99,0.0
501569,2,136,1,28.99,0.0
501569,3,126,1,78.99,0.0
501569,4,118,1,88.99,0.0
501570,1,118,1,88.99,0.1
501570,2,113,1,208.99,0.1
501570,3,110,1,98.99,0.1
501571,1,138,2,98.99,0.1
501572,1,102,3,418.99,0.0
501573,1,127,1,58.99,0.1
501574,1,135,1,148.99,0.2
501575,1,131,2,24.99,0.0
501576,1,102,1,397.99,0.0
501577,1,120,2,248.99,0.2
501577,2,101,1,288.99,0.2
501577,3,107,1,198.99,0.2
501577,4,113,1,208.99,0.2
501578,1,115,1,38.99,0.0
501578,2,132,3,48.99,0.0
501579,1,128,2,28.99,0.2
501580,1,114,3,112.99,0.0
501580,2,124,1,47.99,0.0
501581,1,111,1,45.99,0.0
501581,2,113,1,197.99,0.0
501581,3,104,2,501.99,0.0
501582,1,106,3,83.99,0.0
501583,1,111,1,48.99,0.0
501583,2,123,3,84.99,0.0
501583,3,113,2,208.99,0.0
501584,1,104,2,432.99,0.0
501584,2,111,1,39.99,0.0
501584,3,132,1,39.99,0.0
501585,1,118,3,83.99,0.0
501585,2,131,3,22.99,0.0
501586,1,113,1,170.99,0.0
501586,2,114,2,112.99,0.0
501586,3,123,1,68.99,0.0
501586,4,111,2,39.99,0.0
501587,1,114,2,131.99,0.0
501588,1,127,2,55.99,0.0
501588,2,131,1,22.99,0.0
501588,3,121,1,216.99,0.0
501589,1,118,2,83.99,0.2
501590,1,127,1,55.99,0.0
501590,2,121,1,216.99,0.0
501590,3,118,1,83.99,0.0
501591,1,122,1,78.99,0.0
501591,2,116,2,158.99,0.0
501592,1,137,1,34.99,0.1
501593,1,122,1,74.99,0.0
501593,2,114,2,131.99,0.0
501593,3,108,2,264.99,0.0
501594,1,108,1,278.99,0.0
501595,1,119,2,78.99,0.0
501596,1,127,1,47.99,0.0
501596,2,116,1,129.99,0.0
501596,3,124,3,47.99,0.0
501597,1,115,2,38.99,0.0
501598,1,104,2,528.99,0.3
501598,2,118,1,88.99,0.3
501598,3,119,2,78.99,0.3
501598,4,113,1,208.99,0.3
501599,1,101,1,273.99,0.0
501599,2,118,2,83.99,0.0
501599,3,131,1,22.99,0.0
501599,4,113,3,197.99,0.0
501600,1,132,1,45.99,0.0
501601,1,125,1,31.99,0.0
501602,1,108,2,264.99,0.0
501603,1,122,2,63.99,0.0
501604,1,135,1,148.99,0.0
501604,2,119,3,78.99,0.0
501604,3,128,1,28.99,0.0
501604,4,123,1,84.99,0.0
501604,5,114,1,138.99,0.0
501605,1,121,2,216.99,0.0
501605,2,113,1,197.99,0.0
501606,1,137,3,34.99,0.0
501607,1,119,2,78.99,0.0
501608,1,127,2,47.99,0.1
501608,2,124,3,47.99,0.1
501609,1,118,1,88.99,0.2
501610,1,106,1,71.99,0.0
501610,2,121,1,186.99,0.0
501610,3,114,1,112.99,0.0
501611,1,102,1,418.99,0.0
501611,2,124,2,58.99,0.0
501611,3,104,1,528.99,0.0
501611,4,118,1,88.99,0.0
501611,5,128,1,28.99,0.0
501612,1,121,1,228.99,0.0
501613,1,128,1,28.99,0.0
501614,1,114,1,112.99,0.0
501615,1,106,3,88.99,0.0
501615,2,107,1,198.99,0.0
501616,1,113,1,208.99,0.3
501616,2,133,3,118.99,0.3
501617,1,105,2,118.99,0.0
501618,1,118,2,83.99,0.0
501618,2,129,3,41.99,0.0
501619,1,121,1,186.99,0.2
501620,1,117,1,178.99,0.0
501620,2,126,1,74.99,0.0
501621,1,125,3,29.99,0.0
501621,2,109,1,64.99,0.0
501621,3,124,1,55.99,0.0
501621,4,102,3,397.99,0.0
501621,5,106,1,83.99,0.0
501622,1,117,2,178.99,0.0
501623,1,133,1,112.99,0.1
501624,1,136,1,28.99,0.0
501624,2,111,2,48.99,0.0
501625,1,118,1,71.99,0.0
501625,2,115,1,30.99,0.0
501625,3,113,1,170.99,0.0
501626,1,124,1,47.99,0.0
501627,1,121,3,228.99,0.0
501627,2,123,1,84.99,0.0
501627,3,116,3,158.99,0.0
501628,1,112,1,145.99,0.0
501629,1,106,1,71.99,0.0
501629,2,138,2,80.99,0.0
501629,3,125,1,25.99,0.0
501629,4,121,3,186.99,0.0
501629,5,122,3,63.99,0.0
501630,1,107,3,162.99,0.0
501631,1,121,1,216.99,0.0
501632,1,108,1,278.99,0.1
501633,1,115,2,38.99,0.1
501634,1,130,1,17.99,0.0
501634,2,123,1,79.99,0.0
501635,1,119,2,78.99,0.0
501636,1,113,1,208.99,0.0
501636,2,138,1,98.99,0.0
501636,3,135,1,148.99,0.0
501636,4,110,1,98.99,0.0
501637,1,122,2,78.99,0.1
501638,1,119,1,78.99,0.0
501639,1,118,2,83.99,0.0
501640,1,125,2,31.99,0.2
501641,1,138,3,98.99,0.1
501642,1,137,1,34.99,0.0
501642,2,117,1,188.99,0.0
501642,3,109,1,68.99,0.0
501643,1,128,3,28.99,0.0
501644,1,120,2,248.99,0.0
501645,1,125,1,31.99,0.0
501645,2,124,1,58.99,0.0
501646,1,126,1,63.99,0.0
501647,1,111,1,45.99,0.0
501647,2,129,1,41.99,0.0
501647,3,109,1,64.99,0.0
501648,1,105,2,118.99,0.1
501649,1,131,1,24.99,0.0
501650,1,108,3,278.99,0.0
501650,2,135,1,148.99,0.0
501651,1,130,2,18.99,0.0
501652,1,108,1,264.99,0.0
501653,1,105,1,112.99,0.0
501653,2,101,2,273.99,0.0
501654,1,111,1,48.99,0.0
501654,2,106,1,88.99,0.0
501654,3,120,2,248.99,0.0
501654,4,107,1,198.99,0.0
501655,1,111,2,45.99,0.3
501655,2,116,3,150.99,0.3
501655,3,118,1,83.99,0.3
501656,1,113,1,208.99,0.0
501656,2,106,1,88.99,0.0
501656,3,127,2,58.99,0.0
501657,1,128,1,26.99,0.2
501657,2,133,1,112.99,0.2
501657,3,120,1,235.99,0.2
501657,4,127,3,55.99,0.2
501658,1,106,1,88.99,0.2
501658,2,125,2,31.99,0.2
501659,1,116,1,158.99,0.2
501659,2,121,1,228.99,0.2
501659,3,113,2,208.99,0.2
501659,4,115,2,38.99,0.2
501659,5,129,1,44.99,0.2
501660,1,130,1,18.99,0.1
501660,2,126,2,78.99,0.1
501661,1,123,1,84.99,0.0
501661,2,115,3,38.99,0.0
501661,3,102,1,418.99,0.0
501662,1,120,2,235.99,0.0
501663,1,101,1,288.99,0.2
501664,1,121,3,228.99,0.1
501664,2,118,2,88.99,0.1
501665,1,131,1,24.99,0.0
501665,2,106,3,88.99,0.0
501665,3,108,2,278.99,0.0
501666,1,104,2,528.99,0.0
501666,2,120,1,248.99,0.0
501666,3,106,1,88.99,0.0
501666,4,118,2,88.99,0.0
501666,5,133,1,118.99,0.0
501667,1,126,1,63.99,0.0
501667,2,124,1,47.99,0.0
501667,3,112,1,145.99,0.0
501668,1,135,1,148.99,0.0
501669,1,131,1,24.99,0.0
501670,1,120,1,235.99,0.0
501670,2,109,1,64.99,0.0
501671,1,120,2,203.99,0.0
501671,2,134,3,194.99,0.0
501672,1,136,1,28.99,0.0
501673,1,101,3,288.99,0.0
501673,2,133,1,118.99,0.0
501674,1,130,1,17.99,0.3
501675,1,122,1,78.99,0.0
501675,2,130,1,18.99,0.0
501676,1,115,2,38.99,0.1
501677,1,116,1,158.99,0.0
501678,1,122,2,74.99,0.0
501679,1,111,1,48.99,0.0
501679,2,107,1,198.99,0.0
501680,1,122,3,78.99,0.0
501680,2,119,1,78.99,0.0
501680,3,129,1,44.99,0.0
501681,1,114,3,138.99,0.0
501682,1,129,1,41.99,0.1
501682,2,125,1,29.99,0.1
501683,1,123,1,84.99,0.0
501683,2,122,2,78.99,0.0
501684,1,125,2,31.99,0.0
501684,2,123,2,84.99,0.0
501684,3,111,2,48.99,0.0
501685,1,130,1,18.99,0.0
501686,1,120,1,248.99,0.0
501686,2,135,1,148.99,0.0
501686,3,122,1,78.99,0.0
501686,4,136,2,28.99,0.0
501687,1,112,3,178.99,0.0
501688,1,111,1,48.99,0.1
501689,1,104,3,528.99,0.0
501690,1,110,1,98.99,0.3
501691,1,110,1,80.99,0.0
501691,2,128,1,22.99,0.0
501691,3,111,2,39.99,0.0
501691,4,124,1,47.99,0.0
501691,5,112,2,145.99,0.0
501692,1,124,1,58.99,0.2
501692,2,133,2,118.99,0.2
501693,1,112,2,178.99,0.0
501693,2,109,2,68.99,0.0
501694,1,117,1,188.99,0.2
501694,2,122,3,78.99,0.2
501695,1,116,3,129.99,0.0
501695,2,109,2,55.99,0.0
501695,3,138,2,80.99,0.0
501696,1,132,2,45.99,0.2
501696,2,119,1,74.99,0.2
501697,1,101,3,235.99,0.0
501698,1,112,2,145.99,0.1
501698,2,118,1,71.99,0.1
501699,1,137,2,34.99,0.2
501699,2,115,1,38.99,0.2
501700,1,129,1,41.99,0.0
501700,2,120,2,235.99,0.0
501701,1,101,1,235.99,0.0
501701,2,124,1,47.99,0.0
501702,1,112,1,169.99,0.0
501702,2,124,1,55.99,0.0
501703,1,134,1,238.99,0.1
501704,1,106,1,71.99,0.0
501704,2,126,1,63.99,0.0
501704,3,138,2,80.99,0.0
501705,1,138,1,98.99,0.2
501706,1,112,1,145.99,0.0
501707,1,132,1,48.99,0.0
501707,2,112,2,178.99,0.0
501708,1,130,1,18.99,0.2
501709,1,103,3,348.99,0.0
501709,2,113,3,208.99,0.0
501710,1,120,1,248.99,0.1
501711,1,137,2,27.99,0.1
501712,1,123,1,68.99,0.0
501712,2,109,1,55.99,0.0
501713,1,109,2,68.99,0.2
501714,1,111,1,48.99,0.2
501714,2,126,1,78.99,0.2
501714,3,118,2,88.99,0.2
501715,1,122,2,74.99,0.0
501715,2,138,2,93.99,0.0
501716,1,132,2,45.99,0.0
501717,1,130,2,18.99,0.0
501718,1,115,1,36.99,0.1
501719,1,120,1,248.99,0.3
501719,2,114,1,138.99,0.3
501719,3,131,3,24.99,0.3
501720,1,119,1,78.99,0.0
501720,2,121,3,228.99,0.0
501720,3,113,3,208.99,0.0
501720,4,108,1,278.99,0.0
501720,5,118,2,88.99,0.0
501721,1,117,1,178.99,0.0
501721,2,105,1,112.99,0.0
501722,1,117,3,178.99,0.0
501722,2,134,1,226.99,0.0
501723,1,120,1,248.99,0.1
501724,1,104,1,501.99,0.0
501725,1,123,1,84.99,0.0
501726,1,110,2,98.99,0.1
501726,2,103,2,348.99,0.1
501727,1,123,2,84.99,0.0
501728,1,119,2,78.99,0.0
501729,1,129,1,35.99,0.2
501729,2,123,2,68.99,0.2
501730,1,120,1,248.99,0.0
501730,2,122,2,78.99,0.0
501730,3,127,2,58.99,0.0
501731,1,135,3,140.99,0.3
501732,1,106,2,83.99,0.0
501733,1,122,1,78.99,0.0
501734,1,126,3,74.99,0.2
501735,1,110,2,98.99,0.0
501736,1,110,1,98.99,0.0
501737,1,106,1,88.99,0.1
501737,2,108,2,278.99,0.1
501737,3,116,3,158.99,0.1
501738,1,110,2,93.99,0.1
501738,2,116,2,150.99,0.1
501739,1,131,2,24.99,0.0
501739,2,114,1,138.99,0.0
501740,1,114,1,112.99,0.0
501741,1,119,2,78.99,0.0
501741,2,110,1,98.99,0.0
501742,1,102,1,397.99,0.1
501743,1,134,1,238.99,0.0
501743,2,102,1,418.99,0.0
501744,1,132,3,48.99,0.0
501745,1,105,2,118.99,0.0
501745,2,116,2,158.99,0.0
501746,1,121,1,216.99,0.0
501746,2,119,1,74.99,0.0
501746,3,137,2,32.99,0.0
501746,4,125,1,29.99,0.0
501747,1,108,1,278.99,0.1
501748,1,136,1,22.99,0.0
501749,1,104,1,528.99,0.0
501749,2,114,2,138.99,0.0
501749,3,136,2,28.99,0.0
501750,1,120,1,248.99,0.0
501750,2,101,1,288.99,0.0
501751,1,124,1,58.99,0.1
501752,1,116,1,150.99,0.0
501752,2,126,1,74.99,0.0
501753,1,120,3,235.99,0.0
501754,1,110,1,98.99,0.0
501754,2,105,1,118.99,0.0
501755,1,110,2,80.99,0.1
501756,1,138,1,98.99,0.2
501756,2,113,2,208.99,0.2
501757,1,116,1,158.99,0.0
501757,2,122,1,78.99,0.0
501758,1,120,1,248.99,0.0
501758,2,111,1,48.99,0.0
501758,3,121,1,228.99,0.0
501759,1,133,1,118.99,0.0
501760,1,113,3,197.99,0.0
501761,1,110,2,98.99,0.1
501762,1,125,1,29.99,0.3
501763,1,122,2,78.99,0.0
501764,1,117,1,188.99,0.0
501764,2,105,2,118.99,0.0
501765,1,118,1,88.99,0.1
501766,1,105,3,112.99,0.1
501767,1,136,1,28.99,0.1
501767,2,122,1,78.99,0.1
501768,1,131,1,24.99,0.0
501768,2,104,1,528.99,0.0
501769,1,119,1,74.99,0.0
501770,1,116,1,150.99,0.1
501771,1,106,1,83.99,0.0
501772,1,121,3,228.99,0.0
501773,1,110,3,98.99,0.0
501773,2,112,2,178.99,0.0
501774,1,117,2,178.99,0.2
501775,1,101,1,288.99,0.0
501776,1,134,3,226.99,0.0
501777,1,111,2,45.99,0.0
501777,2,137,1,32.99,0.0
501778,1,101,1,273.99,0.0
501779,1,117,2,188.99,0.0
501779,2,105,2,118.99,0.0
501780,1,138,1,98.99,0.0
501780,2,121,1,228.99,0.0
501781,1,134,1,238.99,0.0
501782,1,108,1,278.99,0.0
501783,1,103,1,348.99,0.1
501783,2,119,1,78.99,0.1
501784,1,124,1,55.99,0.0
501784,2,118,2,83.99,0.0
501785,1,117,1,153.99,0.0
501785,2,115,3,30.99,0.0
501785,3,102,1,342.99,0.0
501785,4,108,2,227.99,0.0
501786,1,113,1,208.99,0.0
501786,2,137,1,34.99,0.0
501786,3,104,2,528.99,0.0
501786,4,106,1,88.99,0.0
501786,5,120,2,248.99,0.0
501787,1,121,2,228.99,0.0
501788,1,124,1,55.99,0.2
501788,2,102,3,397.99,0.2
501788,3,120,2,235.99,0.2
501788,4,125,1,29.99,0.2
501789,1,110,1,98.99,0.0
501790,1,118,3,71.99,0.0
501791,1,138,1,93.99,0.0
501792,1,113,1,208.99,0.1
501792,2,137,1,34.99,0.1
501793,1,106,3,71.99,0.1
501794,1,125,1,31.99,0.0
501795,1,121,2,228.99,0.0
501795,2,119,1,78.99,0.0
501796,1,131,2,24.99,0.0
501796,2,125,3,31.99,0.0
501796,3,138,3,98.99,0.0
501797,1,121,1,186.99,0.0
501798,1,114,1,138.99,0.1
501798,2,107,2,198.99,0.1
501799,1,116,3,150.99,0.0
501799,2,112,2,169.99,0.0
501799,3,135,1,140.99,0.0
501799,4,102,3,397.99,0.0
501799,5,137,2,32.99,0.0
501800,1,127,2,55.99,0.0
501801,1,107,1,198.99,0.1
501802,1,110,3,93.99,0.0
501803,1,138,1,93.99,0.0
501804,1,104,1,528.99,0.2
501805,1,125,1,25.99,0.0
501806,1,108,1,264.99,0.1
501807,1,113,2,208.99,0.1
501808,1,114,3,138.99,0.0
501809,1,117,1,178.99,0.0
501809,2,111,1,45.99,0.0
501810,1,118,2,71.99,0.0
501810,2,127,3,47.99,0.0
501810,3,109,1,55.99,0.0
501811,1,121,3,216.99,0.0
501811,2,109,3,64.99,0.0
501812,1,103,1,348.99,0.2
501813,1,102,2,418.99,0.0
501814,1,104,1,501.99,0.1
501815,1,122,1,63.99,0.0
501816,1,137,2,34.99,0.1
501816,2,118,1,88.99,0.1
501816,3,128,1,28.99,0.1
501816,4,130,1,18.99,0.1
501816,5,119,1,78.99,0.1
501817,1,107,2,188.99,0.0
501817,2,120,1,235.99,0.0
501817,3,111,1,45.99,0.0
501817,4,133,2,112.99,0.0
501817,5,117,1,178.99,0.0
501818,1,121,1,228.99,0.0
501818,2,103,1,348.99,0.0
501819,1,110,1,98.99,0.0
501820,1,123,2,84.99,0.1
501820,2,113,2,208.99,0.1
501820,3,128,2,28.99,0.1
501821,1,125,1,31.99,0.0
501821,2,129,1,44.99,0.0
501822,1,114,3,138.99,0.0
501823,1,125,1,29.99,0.0
501824,1,122,1,78.99,0.0
501824,2,114,1,138.99,0.0
501825,1,121,1,228.99,0.2
501825,2,123,1,84.99,0.2
501826,1,138,3,93.99,0.0
501827,1,118,3,83.99,0.0
501828,1,113,1,197.99,0.0
501829,1,117,2,188.99,0.0
501829,2,112,3,178.99,0.0
501829,3,133,3,118.99,0.0
501829,4,132,1,48.99,0.0
501830,1,114,2,138.99,0.0
501830,2,110,3,98.99,0.0
501831,1,138,3,80.99,0.2
501831,2,116,1,129.99,0.2
501832,1,113,2,197.99,0.0
501833,1,127,1,55.99,0.1
501833,2,119,1,74.99,0.1
501833,3,106,1,83.99,0.1
501833,4,116,2,150.99,0.1
501834,1,113,3,170.99,0.0
501834,2,109,3,55.99,0.0
501834,3,124,1,47.99,0.0
501835,1,131,1,24.99,0.0
501835,2,122,1,78.99,0.0
501836,1,106,2,83.99,0.1
501837,1,103,2,348.99,0.0
501838,1,124,2,58.99,0.0
501839,1,122,1,78.99,0.1
501840,1,126,1,63.99,0.1
501840,2,108,1,227.99,0.1
501840,3,132,1,39.99,0.1
501841,1,132,1,48.99,0.0
501841,2,124,1,58.99,0.0
501842,1,117,2,188.99,0.0
501843,1,116,3,158.99,0.1
501843,2,136,1,28.99,0.1
501844,1,105,1,118.99,0.1
501845,1,124,1,58.99,0.0
501846,1,113,2,208.99,0.0
501846,2,110,3,98.99,0.0
501847,1,122,1,63.99,0.3
501848,1,105,1,112.99,0.0
501849,1,120,3,248.99,0.1
501849,2,117,1,188.99,0.1
501850,1,121,3,186.99,0.0
501850,2,129,1,35.99,0.0
501850,3,138,2,80.99,0.0
501851,1,134,2,238.99,0.0
501851,2,137,2,34.99,0.0
501852,1,132,1,48.99,0.0
501853,1,119,1,74.99,0.0
501854,1,116,1,158.99,0.0
501855,1,119,1,74.99,0.0
501855,2,116,1,150.99,0.0
501856,1,110,1,80.99,0.0
501857,1,116,2,129.99,0.1
501858,1,126,2,74.99,0.1
501859,1,109,1,64.99,0.0
501860,1,114,1,131.99,0.0
501860,2,129,1,41.99,0.0
501861,1,122,1,74.99,0.0
501861,2,101,3,273.99,0.0
501862,1,120,2,248.99,0.1
501863,1,111,1,48.99,0.0
501864,1,111,1,39.99,0.1
501864,2,120,1,203.99,0.1
501864,3,133,2,96.99,0.1
501864,4,118,3,71.99,0.1
501865,1,105,1,118.99,0.0
501865,2,127,1,58.99,0.0
501865,3,116,2,158.99,0.0
501865,4,106,3,88.99,0.0
501865,5,133,1,118.99,0.0
501866,1,133,2,96.99,0.0
501866,2,134,1,194.99,0.0
501866,3,104,2,432.99,0.0
501866,4,102,3,342.99,0.0
501866,5,110,1,80.99,0.0
501867,1,137,1,34.99,0.2
501868,1,132,2,45.99,0.0
501869,1,103,1,348.99,0.0
501870,1,107,1,188.99,0.0
501871,1,124,1,47.99,0.3
501871,2,135,1,121.99,0.3
501871,3,111,1,39.99,0.3
501872,1,117,2,188.99,0.1
501873,1,118,2,83.99,0.0
501873,2,124,3,55.99,0.0
501873,3,110,2,93.99,0.0
501874,1,122,2,74.99,0.0
501875,1,122,2,63.99,0.2
501876,1,109,1,55.99,0.0
501876,2,126,1,63.99,0.0
501877,1,104,2,501.99,0.2
501878,1,123,1,68.99,0.0
501879,1,107,2,198.99,0.1
501880,1,136,2,26.99,0.0
501881,1,107,2,198.99,0.2
501882,1,104,1,528.99,0.1
501883,1,113,2,208.99,0.3
501884,1,115,2,38.99,0.0
501885,1,106,1,83.99,0.0
501886,1,135,1,140.99,0.0
501886,2,129,1,41.99,0.0
501886,3,111,1,45.99,0.0
501886,4,103,3,330.99,0.0
501887,1,108,1,278.99,0.0
501888,1,112,3,145.99,0.0
501889,1,117,1,188.99,0.0
501889,2,119,2,78.99,0.0
501889,3,110,2,98.99,0.0
501889,4,122,1,78.99,0.0
501889,5,127,3,58.99,0.0
501890,1,134,2,238.99,0.3
501890,2,120,1,248.99,0.3
501890,3,132,1,48.99,0.3
501891,1,129,3,44.99,0.0
501892,1,135,1,148.99,0.0
501892,2,123,1,84.99,0.0
501892,3,124,1,58.99,0.0
501892,4,106,3,88.99,0.0
501893,1,113,1,208.99,0.0
501893,2,130,1,18.99,0.0
501893,3,115,2,38.99,0.0
501893,4,108,1,278.99,0.0
501894,1,123,2,79.99,0.0
501895,1,124,1,55.99,0.0
501896,1,134,3,194.99,0.1
501896,2,122,1,63.99,0.1
501897,1,107,1,198.99,0.1
501898,1,131,3,22.99,0.0
501898,2,108,1,264.99,0.0
501899,1,113,2,197.99,0.2
501900,1,110,2,98.99,0.0
501900,2,137,1,34.99,0.0
501900,3,130,1,18.99,0.0
501901,1,124,1,58.99,0.2
501901,2,107,3,198.99,0.2
501901,3,118,2,88.99,0.2
501902,1,121,1,228.99,0.2
501903,1,118,1,88.99,0.0
501904,1,131,1,24.99,0.1
501904,2,122,3,78.99,0.1
501905,1,119,1,78.99,0.0
501906,1,119,1,74.99,0.0
501906,2,118,1,83.99,0.0
501906,3,109,1,64.99,0.0
501906,4,110,2,93.99,0.0
501906,5,134,2,226.99,0.0
501907,1,137,2,32.99,0.2
501907,2,118,2,83.99,0.2
501908,1,136,1,28.99,0.1
501908,2,129,1,44.99,0.1
501909,1,109,2,64.99,0.0
501910,1,118,1,88.99,0.0
501910,2,103,1,348.99,0.0
501910,3,120,3,248.99,0.0
501910,4,113,1,208.99,0.0
501910,5,102,1,418.99,0.0
501911,1,126,2,78.99,0.0
501912,1,113,1,208.99,0.0
501913,1,131,1,24.99,0.1
501914,1,136,1,28.99,0.0
501914,2,127,2,58.99,0.0
501914,3,117,1,188.99,0.0
501915,1,130,2,18.99,0.0
501915,2,124,1,58.99,0.0
501916,1,108,2,264.99,0.2
501917,1,108,1,278.99,0.0
501918,1,115,1,38.99,0.0
501918,2,112,1,178.99,0.0
501919,1,128,3,28.99,0.1
501920,1,124,2,47.99,0.0
501921,1,113,1,208.99,0.2
501921,2,112,3,178.99,0.2
501922,1,109,2,68.99,0.0
501922,2,137,1,34.99,0.0
501923,1,129,2,35.99,0.0
501923,2,126,1,63.99,0.0
501924,1,113,1,208.99,0.0
501924,2,132,1,48.99,0.0
501925,1,128,1,28.99,0.3
501925,2,106,1,88.99,0.3
501926,1,115,3,30.99,0.1
501927,1,123,1,84.99,0.0
501927,2,129,1,44.99,0.0
501928,1,119,1,74.99,0.3
501928,2,116,2,150.99,0.3
501928,3,121,1,216.99,0.3
501929,1,101,1,273.99,0.0
501930,1,109,3,68.99,0.0
501930,2,127,1,58.99,0.0
501931,1,120,1,203.99,0.0
501932,1,110,2,93.99,0.1
501932,2,113,1,197.99,0.1
501932,3,135,2,140.99,0.1
501933,1,110,1,80.99,0.0
501934,1,124,2,58.99,0.1
501934,2,115,1,38.99,0.1
501935,1,120,3,248.99,0.0
501935,2,134,1,238.99,0.0
501936,1,118,1,88.99,0.0
501936,2,130,2,18.99,0.0
501937,1,129,1,44.99,0.0
501937,2,118,1,88.99,0.0
501937,3,108,1,278.99,0.0
501938,1,129,1,44.99,0.2
501939,1,128,2,26.99,0.0
501939,2,133,3,112.99,0.0
501940,1,113,1,208.99,0.0
501940,2,112,2,178.99,0.0
501940,3,123,1,84.99,0.0
501941,1,123,2,84.99,0.0
501942,1,107,2,188.99,0.0
501942,2,120,1,235.99,0.0
501942,3,108,1,264.99,0.0
501943,1,112,2,145.99,0.0
501944,1,125,2,31.99,0.0
501945,1,137,1,34.99,0.0
501946,1,102,1,397.99,0.0
501946,2,136,1,26.99,0.0
501947,1,110,1,93.99,0.0
501948,1,136,1,28.99,0.0
501949,1,133,1,118.99,0.0
501950,1,128,2,26.99,0.3
501950,2,101,3,273.99,0.3
501951,1,111,1,48.99,0.0
501951,2,108,2,278.99,0.0
501952,1,124,1,58.99,0.0
501952,2,128,3,28.99,0.0
501952,3,119,1,78.99,0.0
501952,4,134,2,238.99,0.0
501952,5,123,2,84.99,0.0
501953,1,117,2,178.99,0.1
501954,1,138,1,80.99,0.3
501955,1,118,1,88.99,0.0
501956,1,116,1,150.99,0.1
501957,1,117,1,188.99,0.0
501957,2,124,1,58.99,0.0
501957,3,129,3,44.99,0.0
501958,1,114,2,112.99,0.0
501958,2,115,1,30.99,0.0
501959,1,109,1,68.99,0.0
501959,2,133,3,118.99,0.0
501960,1,137,3,32.99,0.0
501960,2,114,1,131.99,0.0
501960,3,136,3,26.99,0.0
501961,1,132,1,48.99,0.0
501961,2,122,1,78.99,0.0
501962,1,105,2,118.99,0.0
501962,2,113,1,208.99,0.0
501962,3,118,1,88.99,0.0
501962,4,127,1,58.99,0.0
501963,1,119,1,78.99,0.0
501963,2,134,2,238.99,0.0
501964,1,110,2,98.99,0.0
501964,2,129,1,44.99,0.0
501965,1,124,2,58.99,0.1
501965,2,123,2,84.99,0.1
501965,3,102,1,418.99,0.1
501966,1,116,1,158.99,0.0
501967,1,121,3,228.99,0.0
501968,1,111,2,48.99,0.0
501968,2,135,1,148.99,0.0
501968,3,115,2,38.99,0.0
501968,4,117,1,188.99,0.0
501968,5,132,3,48.99,0.0
501969,1,116,1,158.99,0.0
501969,2,117,1,188.99,0.0
501970,1,107,1,162.99,0.0
501971,1,112,1,169.99,0.0
501971,2,121,1,216.99,0.0
501971,3,108,1,264.99,0.0
501971,4,125,2,29.99,0.0
501972,1,123,1,79.99,0.0
501972,2,115,3,36.99,0.0
501973,1,108,1,227.99,0.0
501973,2,131,1,19.99,0.0
501974,1,102,1,418.99,0.0
501974,2,112,1,178.99,0.0
501975,1,113,2,208.99,0.0
501976,1,122,1,63.99,0.0
501977,1,112,3,169.99,0.0
501977,2,125,1,29.99,0.0
501978,1,105,1,112.99,0.0
501979,1,109,2,68.99,0.0
501980,1,125,1,31.99,0.0
501981,1,118,1,83.99,0.2
501981,2,136,1,26.99,0.2
501982,1,117,2,188.99,0.0
501983,1,112,1,178.99,0.2
501984,1,118,1,88.99,0.0
501984,2,101,1,288.99,0.0
501984,3,116,1,158.99,0.0
501985,1,129,3,44.99,0.0
501985,2,127,1,58.99,0.0
501986,1,134,1,226.99,0.0
501986,2,126,2,74.99,0.0
501987,1,112,2,178.99,0.0
501987,2,119,1,78.99,0.0
501988,1,106,2,83.99,0.0
501989,1,101,1,288.99,0.2
501989,2,120,3,248.99,0.2
501990,1,103,1,330.99,0.0
501990,2,113,1,197.99,0.0
501991,1,110,1,93.99,0.1
501992,1,131,1,19.99,0.1
501993,1,120,1,248.99,0.0
501993,2,137,1,34.99,0.0
501994,1,112,1,169.99,0.0
501995,1,111,1,45.99,0.0
501995,2,109,1,64.99,0.0
501995,3,138,3,93.99,0.0
501996,1,123,2,84.99,0.0
501996,2,105,2,118.99,0.0
501996,3,130,1,18.99,0.0
501997,1,135,1,148.99,0.2
501998,1,124,1,58.99,0.0
501999,1,130,1,18.99,0.0
502000,1,118,1,88.99,0.3
502000,2,111,3,48.99,0.3
502000,3,123,2,84.99,0.3
502001,1,111,2,39.99,0.1
502001,2,125,3,25.99,0.1
502001,3,130,1,14.99,0.1
502001,4,121,2,186.99,0.1
502002,1,101,1,288.99,0.0
502003,1,113,1,197.99,0.0
502004,1,125,3,31.99,0.0
502004,2,115,1,38.99,0.0
502004,3,113,1,208.99,0.0
502005,1,114,2,131.99,0.3
502006,1,123,1,79.99,0.0
502007,1,134,128,238.99,0.0
502007,2,136,115,28.99,0.0
502008,1,101,1,288.99,0.0
502008,2,115,3,38.99,0.0
502009,1,111,1,48.99,0.0
502010,1,117,1,153.99,0.0
502011,1,118,1,83.99,0.0
502012,1,118,1,88.99,0.0
502013,1,119,1,63.99,0.1
502013,2,129,1,35.99,0.1
502013,3,117,1,153.99,0.1
502014,1,127,3,58.99,0.1
502015,1,133,3,96.99,0.0
502016,1,121,1,228.99,0.2
502016,2,104,2,528.99,0.2
502016,3,122,3,78.99,0.2
502017,1,117,1,188.99,0.0
502017,2,115,3,38.99,0.0
502018,1,134,1,238.99,0.0
502019,1,123,1,84.99,0.0
502020,1,108,2,278.99,0.0
502021,1,115,1,36.99,0.0
502022,1,123,2,68.99,0.0
502022,2,114,3,112.99,0.0
502022,3,110,1,80.99,0.0
502022,4,137,1,27.99,0.0
502022,5,122,1,63.99,0.0
502023,1,115,1,38.99,0.2
502023,2,103,3,348.99,0.2
502024,1,119,1,74.99,0.1
502024,2,107,2,188.99,0.1
502025,1,112,1,145.99,0.0
502025,2,104,1,432.99,0.0
502025,3,111,1,39.99,0.0
502025,4,116,3,129.99,0.0
502026,1,134,1,238.99,0.3
502027,1,128,2,26.99,0.0
502027,2,104,1,501.99,0.0
502028,1,115,1,38.99,0.0
502029,1,104,1,528.99,0.0
502029,2,106,2,88.99,0.0
502030,1,107,1,188.99,0.0
502030,2,120,1,235.99,0.0
502031,1,123,1,68.99,0.2
502032,1,123,1,79.99,0.0
502033,1,124,2,55.99,0.0
502033,2,110,1,93.99,0.0
502034,1,133,1,96.99,0.0
502035,1,122,2,63.99,0.1
502036,1,107,1,198.99,0.3
502037,1,127,1,55.99,0.2
502038,1,125,2,29.99,0.0
502038,2,107,2,188.99,0.0
502038,3,131,1,22.99,0.0
502038,4,122,3,74.99,0.0
502039,1,116,2,129.99,0.2
502039,2,115,1,30.99,0.2
502040,1,126,1,78.99,0.0
502040,2,105,1,118.99,0.0
502040,3,123,1,84.99,0.0
502040,4,121,1,228.99,0.0
502040,5,122,1,78.99,0.0
502041,1,122,1,78.99,0.1
502042,1,116,1,158.99,0.0
502043,1,127,1,58.99,0.0
502044,1,123,2,84.99,0.0
502044,2,108,3,278.99,0.0
502045,1,127,1,58.99,0.0
502046,1,108,1,227.99,0.0
502046,2,127,2,47.99,0.0
502046,3,112,1,145.99,0.0
502046,4,128,1,22.99,0.0
502047,1,126,1,78.99,0.0
502048,1,103,1,348.99,0.3
502048,2,114,1,138.99,0.3
502048,3,116,2,158.99,0.3
502049,1,101,1,288.99,0.0
502049,2,107,1,198.99,0.0
502050,1,130,2,18.99,0.3
502050,2,136,2,28.99,0.3
502050,3,113,3,208.99,0.3
502051,1,113,2,208.99,0.1
502052,1,105,1,118.99,0.0
502053,1,117,1,178.99,0.0
502053,2,131,1,22.99,0.0
502054,1,122,1,78.99,0.0
502055,1,107,1,162.99,0.0
502055,2,133,1,96.99,0.0
502055,3,115,2,30.99,0.0
502056,1,123,1,79.99,0.0
502057,1,121,1,186.99,0.1
502057,2,109,1,55.99,0.1
502057,3,137,2,27.99,0.1
502057,4,118,2,71.99,0.1
502057,5,112,2,145.99,0.1
502058,1,102,3,397.99,0.0
502059,1,106,1,88.99,0.0
502060,1,115,2,38.99,0.0
502060,2,134,2,238.99,0.0
502061,1,122,1,74.99,0.0
502061,2,130,2,17.99,0.0
502061,3,104,1,501.99,0.0
502062,1,109,3,64.99,0.0
502062,2,138,1,93.99,0.0
502062,3,114,2,131.99,0.0
502062,4,117,2,178.99,0.0
502062,5,121,1,216.99,0.0
502063,1,124,1,47.99,0.0
502063,2,135,1,121.99,0.0
502064,1,115,1,38.99,0.0
502064,2,104,1,528.99,0.0
502065,1,135,2,148.99,0.1
502065,2,129,1,44.99,0.1
502065,3,106,1,88.99,0.1
502065,4,138,2,98.99,0.1
502066,1,128,1,22.99,0.0
502067,1,134,2,238.99,0.0
502068,1,109,1,68.99,0.0
502069,1,135,2,121.99,0.0
502069,2,115,1,30.99,0.0
502070,1,131,1,24.99,0.0
502070,2,138,1,98.99,0.0
502070,3,111,1,48.99,0.0
502071,1,108,1,278.99,0.0
502071,2,129,2,44.99,0.0
502071,3,133,1,118.99,0.0
502071,4,102,3,418.99,0.0
502072,1,107,1,198.99,0.1
502072,2,109,2,68.99,0.1
502072,3,111,1,48.99,0.1
502072,4,115,2,38.99,0.1
502072,5,124,1,58.99,0.1
502073,1,132,2,45.99,0.0
502073,2,113,2,197.99,0.0
502074,1,124,2,58.99,0.0
502075,1,124,1,58.99,0.1
502076,1,132,1,48.99,0.3
502076,2,134,1,238.99,0.3
502077,1,108,2,278.99,0.1
502077,2,122,1,78.99,0.1
502077,3,118,2,88.99,0.1
502078,1,111,2,48.99,0.0
502078,2,108,3,278.99,0.0
502079,1,126,2,74.99,0.0
502080,1,121,3,186.99,0.0
502080,2,135,1,121.99,0.0
502080,3,122,1,63.99,0.0
502081,1,110,3,93.99,0.0
502082,1,128,1,22.99,0.0
502083,1,105,1,118.99,0.0
502083,2,106,3,88.99,0.0
502083,3,103,1,348.99,0.0
502083,4,111,2,48.99,0.0
502084,1,122,3,78.99,0.3
502084,2,111,1,48.99,0.3
502085,1,120,1,235.99,0.0
502085,2,127,2,55.99,0.0
502085,3,133,3,112.99,0.0
502086,1,115,1,36.99,0.1
502086,2,128,2,26.99,0.1
502087,1,114,3,138.99,0.0
502088,1,115,1,38.99,0.0
502088,2,119,1,78.99,0.0
502089,1,131,2,24.99,0.0
502089,2,125,2,31.99,0.0
502090,1,111,1,39.99,0.2
502091,1,116,3,129.99,0.0
502091,2,113,1,170.99,0.0
502092,1,114,2,112.99,0.0
502093,1,123,2,68.99,0.3
502094,1,124,3,55.99,0.0
502095,1,115,3,38.99,0.0
502095,2,122,2,78.99,0.0
502095,3,116,2,158.99,0.0
502096,1,105,1,118.99,0.1
502096,2,137,1,34.99,0.1
502097,1,109,1,68.99,0.0
502097,2,134,3,238.99,0.0
502097,3,125,1,31.99,0.0
502097,4,117,2,188.99,0.0
502098,1,109,3,68.99,0.0
502098,2,102,1,418.99,0.0
502099,1,117,1,178.99,0.0
502099,2,123,1,79.99,0.0
502099,3,119,3,74.99,0.0
502100,1,101,3,273.99,0.0
502100,2,120,3,235.99,0.0
502101,1,109,1,68.99,0.1
502102,1,122,1,74.99,0.3
502103,1,138,1,98.99,0.0
502104,1,119,1,78.99,0.0
502104,2,128,2,28.99,0.0
502105,1,113,1,197.99,0.0
502105,2,119,3,74.99,0.0
502106,1,102,2,418.99,0.0
502106,2,126,2,78.99,0.0
502106,3,111,1,48.99,0.0
502107,1,119,1,78.99,0.0
502108,1,130,1,14.99,0.0
502109,1,131,2,24.99,0.0
502110,1,116,1,150.99,0.0
502110,2,121,1,216.99,0.0
502111,1,123,2,79.99,0.1
502111,2,127,1,55.99,0.1
502111,3,112,1,169.99,0.1
502112,1,119,2,63.99,0.0
502113,1,117,1,178.99,0.1
502113,2,101,1,273.99,0.1
502114,1,109,2,68.99,0.0
502115,1,138,1,93.99,0.0
502116,1,118,3,71.99,0.1
502116,2,131,1,19.99,0.1
502117,1,107,1,188.99,0.0
502117,2,135,1,140.99,0.0
502118,1,127,1,55.99,0.0
502119,1,115,2,36.99,0.0
502120,1,118,1,88.99,0.1
502121,1,125,1,25.99,0.0
502122,1,130,3,18.99,0.0
502123,1,124,1,55.99,0.0
502124,1,109,1,55.99,0.0
502125,1,135,1,148.99,0.1
502126,1,115,2,38.99,0.0
502126,2,101,2,288.99,0.0
502126,3,125,1,31.99,0.0
502126,4,124,1,58.99,0.0
502127,1,134,3,194.99,0.0
502128,1,127,1,58.99,0.0
502129,1,124,2,58.99,0.0
502130,1,112,1,178.99,0.0
502131,1,120,2,248.99,0.2
502131,2,121,1,228.99,0.2
502131,3,115,1,38.99,0.2
502132,1,106,1,71.99,0.1
502133,1,138,2,98.99,0.0
502134,1,102,3,418.99,0.0
502134,2,107,1,198.99,0.0
502134,3,120,2,248.99,0.0
502134,4,126,1,78.99,0.0
502135,1,123,1,68.99,0.0
502136,1,135,1,140.99,0.2
502137,1,124,2,58.99,0.0
502138,1,118,1,71.99,0.2
502139,1,101,3,273.99,0.0
502140,1,108,1,227.99,0.0
502140,2,112,3,145.99,0.0
502141,1,122,1,63.99,0.0
502141,2,131,1,19.99,0.0
502141,3,138,1,80.99,0.0
502141,4,107,3,162.99,0.0
502142,1,105,1,96.99,0.1
502143,1,121,1,216.99,0.0
502144,1,111,1,45.99,0.0
502145,1,103,1,330.99,0.0
502146,1,108,2,278.99,0.2
502146,2,102,2,418.99,0.2
502146,3,127,3,58.99,0.2
502146,4,111,3,48.99,0.2
502147,1,123,1,68.99,0.0
502148,1,105,1,118.99,0.0
502148,2,137,2,34.99,0.0
502148,3,106,2,88.99,0.0
502149,1,109,1,68.99,0.1
502150,1,103,1,285.99,0.1
502150,2,109,3,55.99,0.1
502150,3,118,2,71.99,0.1
502150,4,104,3,432.99,0.1
502151,1,136,3,28.99,0.0
502152,1,130,1,18.99,0.0
502153,1,102,1,418.99,0.2
502154,1,114,1,112.99,0.0
502154,2,136,3,22.99,0.0
502155,1,122,3,63.99,0.0
502156,1,107,2,198.99,0.0
502156,2,123,1,84.99,0.0
502157,1,121,2,216.99,0.0
502158,1,117,2,188.99,0.0
502159,1,135,1,148.99,0.1
502159,2,125,1,31.99,0.1
502160,1,136,2,28.99,0.0
502161,1,121,1,228.99,0.0
502162,1,110,1,98.99,0.0
502163,1,126,1,74.99,0.0
502164,1,124,1,58.99,0.0
502164,2,133,1,118.99,0.0
502164,3,130,1,18.99,0.0
502164,4,135,2,148.99,0.0
502164,5,120,1,248.99,0.0
502165,1,117,3,188.99,0.0
502166,1,119,1,78.99,0.0
502167,1,133,3,118.99,0.0
502168,1,118,2,83.99,0.0
502169,1,108,1,278.99,0.1
502170,1,117,2,188.99,0.0
502171,1,131,1,19.99,0.0
502172,1,130,1,18.99,0.0
502173,1,120,1,248.99,0.0
502174,1,120,1,248.99,0.0
502175,1,113,3,170.99,0.1
502175,2,118,2,71.99,0.1
502176,1,134,1,238.99,0.2
502177,1,118,3,88.99,0.1
502177,2,110,1,98.99,0.1
502178,1,127,1,58.99,0.0
502178,2,123,2,84.99,0.0
502178,3,115,2,38.99,0.0
502179,1,132,2,45.99,0.1
502179,2,127,1,55.99,0.1
502180,1,119,1,78.99,0.0
502181,1,123,1,84.99,0.0
502182,1,111,2,48.99,0.0
502183,1,115,2,38.99,0.0
502184,1,122,3,78.99,0.0
502185,1,118,1,88.99,0.0
502185,2,119,1,78.99,0.0
502186,1,107,1,188.99,0.0
502187,1,120,2,203.99,0.0
502188,1,112,2,169.99,0.0
502189,1,124,1,47.99,0.1
502190,1,124,1,58.99,0.3
502191,1,104,1,528.99,0.0
502192,1,104,1,501.99,0.0
502192,2,106,1,83.99,0.0
502193,1,134,1,194.99,0.1
502194,1,113,2,208.99,0.0
502195,1,102,1,397.99,0.0
502196,1,118,1,88.99,0.1
502196,2,119,1,78.99,0.1
502196,3,126,2,78.99,0.1
502197,1,114,2,131.99,0.0
502197,2,125,1,29.99,0.0
502197,3,113,3,197.99,0.0
502198,1,113,1,208.99,0.0
502198,2,121,1,228.99,0.0
502198,3,135,1,148.99,0.0
502198,4,134,1,238.99,0.0
502198,5,122,1,78.99,0.0
502199,1,114,2,138.99,0.0
502200,1,124,3,47.99,0.0
502201,1,105,1,118.99,0.0
502202,1,134,1,238.99,0.0
502203,1,103,1,330.99,0.3
502203,2,115,2,36.99,0.3
502204,1,115,1,38.99,0.0
502205,1,117,1,178.99,0.0
502206,1,101,1,288.99,0.0
502207,1,105,1,112.99,0.0
502208,1,124,1,58.99,0.0
502209,1,116,1,129.99,0.1
502209,2,138,2,80.99,0.1
502209,3,127,2,47.99,0.1
502210,1,131,1,24.99,0.0
502211,1,123,3,79.99,0.0
502211,2,135,1,140.99,0.0
502212,1,135,1,121.99,0.0
502213,1,136,1,26.99,0.0
502214,1,117,1,178.99,0.0
502214,2,120,1,235.99,0.0
502215,1,126,2,74.99,0.0
502216,1,118,2,88.99,0.0
502217,1,105,1,96.99,0.0
502217,2,131,3,19.99,0.0
502217,3,132,1,39.99,0.0
502218,1,112,1,169.99,0.0
502219,1,116,1,150.99,0.0
502220,1,118,1,88.99,0.0
502221,1,132,3,48.99,0.0
502222,1,136,1,28.99,0.0
502222,2,110,2,98.99,0.0
502223,1,128,1,28.99,0.1
502223,2,108,1,278.99,0.1
502224,1,116,1,158.99,0.0
502224,2,122,3,78.99,0.0
502225,1,125,2,31.99,0.0
502226,1,127,1,55.99,0.0
502227,1,112,2,169.99,0.0
502227,2,110,2,93.99,0.0
502227,3,118,1,83.99,0.0
502228,1,110,2,80.99,0.1
502229,1,123,2,84.99,0.0
502229,2,110,1,98.99,0.0
502230,1,110,2,93.99,0.0
502230,2,134,1,226.99,0.0
502231,1,115,1,36.99,0.1
502232,1,108,1,227.99,0.1
502233,1,124,1,55.99,0.1
502234,1,110,1,80.99,0.0
502235,1,117,3,188.99,0.0
502235,2,119,1,78.99,0.0
502236,1,101,1,273.99,0.1
502237,1,114,1,138.99,0.0
502237,2,138,1,98.99,0.0
502238,1,112,1,145.99,0.2
502239,1,114,3,138.99,0.0
502239,2,121,1,228.99,0.0
502240,1,115,2,38.99,0.1
502240,2,113,2,208.99,0.1
502240,3,125,1,31.99,0.1
502240,4,107,1,198.99,0.1
502240,5,129,1,44.99,0.1
502241,1,123,2,84.99,0.0
502242,1,122,1,78.99,0.0
502243,1,114,1,138.99,0.3
502244,1,117,1,188.99,0.3
502245,1,108,2,278.99,0.0
502246,1,107,2,198.99,0.0
502246,2,134,2,238.99,0.0
502247,1,127,1,55.99,0.0
502248,1,122,1,78.99,0.0
502249,1,138,3,93.99,0.0
502250,1,138,2,98.99,0.2
502251,1,117,2,188.99,0.0
502252,1,115,2,38.99,0.0
502253,1,123,1,84.99,0.0
502253,2,131,2,24.99,0.0
502253,3,126,3,78.99,0.0
502254,1,120,2,235.99,0.2
502254,2,124,1,55.99,0.2
502254,3,126,1,74.99,0.2
502255,1,119,2,78.99,0.0
502256,1,119,1,78.99,0.1
502257,1,110,1,98.99,0.0
502258,1,127,3,55.99,0.0
502259,1,134,2,238.99,0.0
502260,1,116,1,158.99,0.0
502260,2,119,3,78.99,0.0
502260,3,107,1,198.99,0.0
502260,4,114,2,138.99,0.0
502261,1,118,1,83.99,0.0
502262,1,104,3,528.99,0.0
502263,1,123,1,84.99,0.0
502264,1,113,2,197.99,0.0
502264,2,124,1,55.99,0.0
502264,3,120,2,235.99,0.0
502264,4,118,2,83.99,0.0
502264,5,125,2,29.99,0.0
502265,1,119,2,74.99,0.0
502265,2,125,3,29.99,0.0
502265,3,121,3,216.99,0.0
502266,1,132,3,48.99,0.0
502266,2,124,2,58.99,0.0
502267,1,131,1,19.99,0.0
502268,1,106,1,88.99,0.0
502269,1,107,1,188.99,0.1
502270,1,125,1,31.99,0.0
502270,2,104,1,528.99,0.0
502271,1,116,1,129.99,0.0
502272,1,125,2,31.99,0.0
502272,2,113,2,208.99,0.0
502273,1,137,1,34.99,0.0
502274,1,122,3,78.99,0.0
502275,1,107,1,198.99,0.0
502275,2,138,1,98.99,0.0
502275,3,112,2,178.99,0.0
502275,4,102,2,418.99,0.0
502276,1,118,1,88.99,0.2
502277,1,121,2,228.99,0.0
502278,1,130,1,14.99,0.0
502278,2,105,1,96.99,0.0
502278,3,118,1,71.99,0.0
502278,4,104,1,432.99,0.0
502279,1,119,1,74.99,0.0
502279,2,108,1,264.99,0.0
502280,1,121,3,186.99,0.0
502281,1,103,3,348.99,0.0
502281,2,136,1,28.99,0.0
502282,1,117,1,188.99,0.1
502283,1,138,1,98.99,0.2
502283,2,119,1,78.99,0.2
502284,1,125,2,31.99,0.0
502284,2,123,3,84.99,0.0
502285,1,119,1,78.99,0.0
502285,2,117,1,188.99,0.0
502286,1,127,1,58.99,0.0
502287,1,135,1,148.99,0.0
502288,1,118,1,88.99,0.0
502288,2,108,3,278.99,0.0
502289,1,136,1,22.99,0.0
502290,1,106,3,88.99,0.0
502291,1,111,1,48.99,0.0
502291,2,131,2,24.99,0.0
502291,3,118,1,88.99,0.0
502292,1,129,1,41.99,0.0
502293,1,122,1,78.99,0.0
502293,2,136,3,28.99,0.0
502294,1,127,1,55.99,0.0
502294,2,116,1,150.99,0.0
502294,3,138,1,93.99,0.0
502295,1,127,1,58.99,0.0
502296,1,121,1,186.99,0.0
502296,2,129,1,35.99,0.0
502297,1,119,2,74.99,0.0
502298,1,124,2,58.99,0.0
502299,1,113,2,170.99,0.0
502300,1,114,1,112.99,0.0
502301,1,111,2,45.99,0.0
502302,1,109,1,68.99,0.0
502302,2,116,1,158.99,0.0
502302,3,113,2,208.99,0.0
502302,4,129,1,44.99,0.0
502302,5,124,2,58.99,0.0
502303,1,125,2,29.99,0.1
502304,1,105,1,118.99,0.0
502304,2,134,1,238.99,0.0
502304,3,107,1,198.99,0.0
502305,1,138,2,98.99,0.0
502305,2,123,1,84.99,0.0
502306,1,103,1,330.99,0.0
502307,1,136,2,28.99,0.0
502307,2,124,2,58.99,0.0
502308,1,128,1,28.99,0.0
502309,1,122,1,63.99,0.0
502310,1,120,2,203.99,0.1
502311,1,114,1,131.99,0.0
502311,2,129,1,41.99,0.0
502311,3,109,1,64.99,0.0
502312,1,101,2,288.99,0.2
502312,2,119,3,78.99,0.2
502312,3,120,1,248.99,0.2
502312,4,117,2,188.99,0.2
502313,1,119,1,63.99,0.0
502313,2,117,1,153.99,0.0
502313,3,101,1,235.99,0.0
502314,1,119,1,78.99,0.0
502314,2,105,1,118.99,0.0
502314,3,108,2,278.99,0.0
502315,1,109,1,68.99,0.0
502315,2,121,3,228.99,0.0
502316,1,102,1,418.99,0.2
502316,2,104,1,528.99,0.2
502317,1,132,1,45.99,0.1
502317,2,122,1,74.99,0.1
502318,1,103,1,348.99,0.0
502318,2,117,2,188.99,0.0
502319,1,113,1,208.99,0.0
502320,1,134,2,238.99,0.1
502321,1,132,2,48.99,0.0
502321,2,119,2,78.99,0.0
502322,1,115,1,30.99,0.0
502322,2,125,1,25.99,0.0
502323,1,119,1,74.99,0.1
502324,1,102,1,418.99,0.1
502324,2,113,1,208.99,0.1
502324,3,138,1,98.99,0.1
502324,4,120,1,248.99,0.1
502324,5,109,1,68.99,0.1
502325,1,137,1,32.99,0.0
502325,2,122,1,74.99,0.0
502325,3,127,2,55.99,0.0
502325,4,113,2,197.99,0.0
502326,1,134,2,238.99,0.2
502327,1,108,1,227.99,0.0
502328,1,123,3,68.99,0.0
502329,1,113,1,170.99,0.0
502329,2,119,2,63.99,0.0
502329,3,104,2,432.99,0.0
502330,1,129,2,44.99,0.0
502331,1,120,3,248.99,0.1
502332,1,124,1,55.99,0.0
502332,2,136,1,26.99,0.0
502333,1,138,2,93.99,0.0
502333,2,113,3,197.99,0.0
502334,1,110,1,98.99,0.0
502334,2,122,1,78.99,0.0
502334,3,118,1,88.99,0.0
502334,4,129,1,44.99,0.0
502334,5,101,2,288.99,0.0
502335,1,128,2,28.99,0.2
502336,1,120,3,203.99,0.0
502337,1,120,2,235.99,0.0
502337,2,118,2,83.99,0.0
502337,3,117,1,178.99,0.0
502338,1,133,1,118.99,0.1
502339,1,113,1,208.99,0.0
502340,1,123,1,84.99,0.3
502341,1,106,1,88.99,0.0
502342,1,109,2,68.99,0.0
502343,1,138,1,80.99,0.0
502344,1,117,3,153.99,0.1
502345,1,123,1,79.99,0.0
502346,1,111,1,45.99,0.0
502346,2,123,1,79.99,0.0
502347,1,136,2,28.99,0.1
502348,1,127,1,58.99,0.0
502349,1,125,2,25.99,0.0
502349,2,106,2,71.99,0.0
502350,1,120,1,235.99,0.0
502351,1,109,1,68.99,0.0
502351,2,104,3,528.99,0.0
502352,1,121,1,216.99,0.0
502352,2,123,2,79.99,0.0
502353,1,114,2,112.99,0.0
502353,2,120,1,203.99,0.0
502354,1,133,1,112.99,0.1
502354,2,121,2,216.99,0.1
502355,1,123,2,84.99,0.0
502355,2,125,1,31.99,0.0
502355,3,128,1,28.99,0.0
502356,1,118,3,88.99,0.2
502356,2,106,1,88.99,0.2
502356,3,119,2,78.99,0.2
502357,1,117,1,188.99,0.1
502357,2,102,1,418.99,0.1
502358,1,134,1,194.99,0.0
502359,1,126,1,78.99,0.0
502360,1,118,1,88.99,0.1
502361,1,118,1,88.99,0.1
502362,1,126,3,74.99,0.1
502362,2,105,1,112.99,0.1
502362,3,114,2,131.99,0.1
502363,1,124,1,58.99,0.0
502363,2,105,1,118.99,0.0
502363,3,106,1,88.99,0.0
502364,1,107,2,162.99,0.0
502365,1,104,1,432.99,0.1
502365,2,136,3,22.99,0.1
502366,1,108,1,278.99,0.0
502367,1,106,1,88.99,0.0
502367,2,126,2,78.99,0.0
502368,1,125,1,29.99,0.0
502369,1,123,2,84.99,0.0
502369,2,110,1,98.99,0.0
502369,3,118,2,88.99,0.0
502370,1,122,1,78.99,0.0
502370,2,118,2,88.99,0.0
502371,1,113,1,208.99,0.1
502371,2,124,3,58.99,0.1
502372,1,137,2,32.99,0.0
502373,1,106,1,71.99,0.0
502374,1,117,1,188.99,0.2
502374,2,123,3,84.99,0.2
502374,3,107,2,198.99,0.2
502374,4,108,2,278.99,0.2
502375,1,113,3,208.99,0.0
502376,1,121,2,228.99,0.0
502376,2,133,2,118.99,0.0
502377,1,124,1,58.99,0.3
502377,2,113,2,208.99,0.3
502378,1,129,2,44.99,0.0
502378,2,113,1,208.99,0.0
502379,1,102,3,418.99,0.0
502380,1,108,1,278.99,0.1
502381,1,138,1,98.99,0.0
502382,1,124,2,55.99,0.0
502382,2,108,3,264.99,0.0
502383,1,136,2,28.99,0.0
502384,1,127,3,58.99,0.0
502384,2,112,2,178.99,0.0
502385,1,114,2,131.99,0.0
502386,1,124,2,58.99,0.0
502387,1,118,1,83.99,0.0
502387,2,122,1,74.99,0.0
502387,3,115,1,36.99,0.0
502387,4,114,1,131.99,0.0
502388,1,110,2,98.99,0.0
502389,1,124,1,55.99,0.0
502390,1,109,3,64.99,0.1
502391,1,122,3,78.99,0.2
502391,2,130,1,18.99,0.2
502391,3,118,2,88.99,0.2
502391,4,115,2,38.99,0.2
502391,5,123,1,84.99,0.2
502392,1,123,1,79.99,0.0
502393,1,125,1,29.99,0.2
502394,1,111,1,48.99,0.0
502394,2,102,1,418.99,0.0
502394,3,123,1,84.99,0.0
502394,4,115,1,38.99,0.0
502395,1,112,2,145.99,0.0
502395,2,121,1,186.99,0.0
502395,3,122,2,63.99,0.0
502396,1,112,1,145.99,0.0
502397,1,121,1,228.99,0.1
502397,2,135,1,148.99,0.1
502398,1,115,1,30.99,0.0
502398,2,116,2,129.99,0.0
502399,1,109,1,68.99,0.0
502399,2,110,1,98.99,0.0
502399,3,115,2,38.99,0.0
502399,4,134,1,238.99,0.0
502400,1,114,1,112.99,0.0
502401,1,133,1,118.99,0.0
502402,1,120,3,248.99,0.0
502402,2,118,1,88.99,0.0
502402,3,130,3,18.99,0.0
502402,4,138,1,98.99,0.0
502402,5,131,3,24.99,0.0
502403,1,110,1,93.99,0.0
502403,2,118,1,83.99,0.0
502403,3,117,3,178.99,0.0
502403,4,116,1,150.99,0.0
502403,5,129,2,41.99,0.0
502404,1,119,1,78.99,0.0
502405,1,136,3,22.99,0.0
502405,2,131,1,19.99,0.0
502406,1,128,3,26.99,0.1
502407,1,107,1,188.99,0.0
502408,1,103,1,330.99,0.2
502409,1,120,1,235.99,0.0
502409,2,115,2,36.99,0.0
502410,1,124,2,58.99,0.0
502411,1,126,2,78.99,0.0
502412,1,122,1,78.99,0.0
502412,2,123,1,84.99,0.0
502412,3,110,2,98.99,0.0
502413,1,111,1,45.99,0.0
502413,2,117,1,178.99,0.0
502413,3,109,1,64.99,0.0
502414,1,107,1,188.99,0.0
502415,1,137,3,34.99,0.0
502416,1,112,3,145.99,0.0
502416,2,125,1,25.99,0.0
502416,3,122,2,63.99,0.0
502417,1,123,1,84.99,0.0
502417,2,119,1,78.99,0.0
502417,3,132,3,48.99,0.0
502417,4,117,1,188.99,0.0
502417,5,115,1,38.99,0.0
502418,1,126,1,74.99,0.0
502419,1,118,1,83.99,0.0
502420,1,118,1,88.99,0.0
502420,2,136,1,28.99,0.0
502421,1,111,1,45.99,0.0
502421,2,110,1,93.99,0.0
502422,1,130,2,18.99,0.0
502423,1,123,1,68.99,0.0
502423,2,101,1,235.99,0.0
502424,1,107,2,162.99,0.0
502424,2,102,1,342.99,0.0
502424,3,114,2,112.99,0.0
502425,1,132,1,48.99,0.1
502426,1,124,2,58.99,0.1
502427,1,122,1,63.99,0.2
502427,2,127,2,47.99,0.2
502428,1,105,2,118.99,0.2
502429,1,110,3,98.99,0.2
502430,1,109,1,55.99,0.1
502430,2,136,2,22.99,0.1
502430,3,121,1,186.99,0.1
502430,4,102,1,342.99,0.1
502430,5,111,3,39.99,0.1
502431,1,125,1,25.99,0.0
502432,1,138,3,98.99,0.0
502433,1,120,2,248.99,0.0
502433,2,122,3,78.99,0.0
502433,3,109,1,68.99,0.0
502434,1,112,2,169.99,0.0
502435,1,124,3,58.99,0.0
502436,1,124,1,58.99,0.0
502437,1,111,2,39.99,0.0
502438,1,110,2,80.99,0.0
502439,1,128,1,26.99,0.0
502440,1,133,2,118.99,0.0
502441,1,122,1,74.99,0.0
502442,1,110,2,80.99,0.0
502442,2,119,1,63.99,0.0
502443,1,136,1,26.99,0.0
502444,1,124,1,58.99,0.0
502444,2,104,1,528.99,0.0
502444,3,136,1,28.99,0.0
502444,4,129,2,44.99,0.0
502445,1,117,2,188.99,0.0
502446,1,131,1,22.99,0.1
502447,1,124,1,47.99,0.2
502448,1,132,2,45.99,0.1
502449,1,137,1,27.99,0.0
502449,2,120,1,203.99,0.0
502450,1,126,2,74.99,0.0
502451,1,124,2,47.99,0.0
502451,2,135,3,121.99,0.0
502451,3,123,1,68.99,0.0
502452,1,115,1,36.99,0.0
502453,1,124,1,58.99,0.0
502453,2,123,1,84.99,0.0
502453,3,110,1,98.99,0.0
502454,1,115,1,38.99,0.2
502455,1,138,1,93.99,0.0
502455,2,102,3,397.99,0.0
502456,1,123,1,84.99,0.0
502456,2,131,1,24.99,0.0
502456,3,126,1,78.99,0.0
502456,4,120,1,248.99,0.0
502457,1,138,2,98.99,0.3
502457,2,116,1,158.99,0.3
502457,3,123,1,84.99,0.3
502457,4,136,1,28.99,0.3
502458,1,114,3,138.99,0.2
502458,2,130,2,18.99,0.2
502459,1,116,1,158.99,0.0
502460,1,114,2,138.99,0.0
502461,1,106,1,88.99,0.0
502462,1,134,1,238.99,0.3
502463,1,122,1,78.99,0.2
502464,1,128,2,26.99,0.1
502465,1,116,1,150.99,0.0
502465,2,137,1,32.99,0.0
502465,3,122,3,74.99,0.0
502465,4,124,1,55.99,0.0
502466,1,121,3,216.99,0.0
502467,1,116,3,158.99,0.0
502467,2,130,1,18.99,0.0
502468,1,116,1,129.99,0.0
502468,2,113,3,170.99,0.0
502469,1,114,1,138.99,0.0
502470,1,124,1,58.99,0.1
502470,2,127,1,58.99,0.1
502471,1,103,2,285.99,0.0
502472,1,116,1,150.99,0.0
502473,1,129,3,44.99,0.0
502473,2,130,1,18.99,0.0
502473,3,122,3,78.99,0.0
502474,1,114,1,112.99,0.0
502474,2,109,1,55.99,0.0
502474,3,115,3,30.99,0.0
502475,1,108,1,278.99,0.2
502476,1,118,1,88.99,0.0
502476,2,114,1,138.99,0.0
502477,1,120,1,235.99,0.0
502477,2,103,2,330.99,0.0
502478,1,131,1,22.99,0.1
502479,1,121,1,228.99,0.1
502480,1,112,1,145.99,0.1
502481,1,106,3,83.99,0.0
502482,1,138,1,93.99,0.1
502483,1,124,3,58.99,0.1
502483,2,108,1,278.99,0.1
502484,1,114,1,138.99,0.0
502484,2,116,2,158.99,0.0
502485,1,126,2,78.99,0.0
502486,1,105,1,96.99,0.0
502487,1,122,1,78.99,0.0
502488,1,136,1,28.99,0.0
502489,1,131,3,24.99,0.3
502490,1,128,3,28.99,0.0
502491,1,120,1,235.99,0.0
502492,1,127,2,58.99,0.1
502492,2,119,1,78.99,0.1
502492,3,112,2,178.99,0.1
502493,1,109,3,68.99,0.0
502494,1,137,3,34.99,0.1
502494,2,104,2,528.99,0.1
502494,3,109,1,68.99,0.1
502494,4,116,2,158.99,0.1
502495,1,108,1,264.99,0.0
502495,2,110,1,93.99,0.0
502496,1,131,3,22.99,0.1
502497,1,134,1,194.99,0.0
502498,1,109,1,68.99,0.0
502498,2,116,3,158.99,0.0
502498,3,130,1,18.99,0.0
502499,1,134,2,238.99,0.0
502500,1,112,1,178.99,0.0
502501,1,102,1,418.99,0.0
502501,2,108,2,278.99,0.0
502501,3,125,1,31.99,0.0
502501,4,138,1,98.99,0.0
502502,1,119,2,78.99,0.1
502502,2,127,2,58.99,0.1
502503,1,115,3,36.99,0.0
502504,1,125,2,29.99,0.0
502505,1,119,1,78.99,0.0
502506,1,119,2,63.99,0.1
502507,1,129,1,44.99,0.0
502507,2,124,1,58.99,0.0
502507,3,109,2,68.99,0.0
502508,1,111,1,48.99,0.0
502509,1,110,3,93.99,0.0
502509,2,125,1,29.99,0.0
502509,3,117,2,178.99,0.0
502510,1,110,1,98.99,0.3
502511,1,122,3,78.99,0.0
502511,2,103,2,348.99,0.0
502512,1,121,3,216.99,0.0
502513,1,124,3,58.99,0.0
502513,2,123,2,84.99,0.0
502513,3,122,3,78.99,0.0
502513,4,115,1,38.99,0.0
502514,1,109,2,55.99,0.1
502514,2,122,1,63.99,0.1
502514,3,118,1,71.99,0.1
502514,4,127,3,47.99,0.1
502515,1,117,1,178.99,0.0
502516,1,122,2,74.99,0.0
502516,2,133,1,112.99,0.0
502516,3,128,1,26.99,0.0
502517,1,115,1,38.99,0.0
502518,1,125,2,31.99,0.0
502519,1,118,2,83.99,0.0
502520,1,127,1,58.99,0.2
502520,2,128,3,28.99,0.2
502520,3,118,2,88.99,0.2
502521,1,137,1,32.99,0.0
502522,1,125,1,29.99,0.0
502522,2,130,1,17.99,0.0
502523,1,129,2,44.99,0.1
502524,1,124,2,55.99,0.1
502524,2,133,2,112.99,0.1
502525,1,122,1,63.99,0.2
502526,1,121,1,228.99,0.2
502527,1,113,2,170.99,0.0
502527,2,117,3,153.99,0.0
502528,1,114,1,138.99,0.0
502529,1,109,3,68.99,0.0
502529,2,119,1,78.99,0.0
502529,3,102,1,418.99,0.0
502530,1,130,1,18.99,0.0
502530,2,107,2,198.99,0.0
502531,1,121,1,216.99,0.0
502531,2,120,1,235.99,0.0
502531,3,118,1,83.99,0.0
502531,4,135,1,140.99,0.0
502532,1,114,1,131.99,0.1
502532,2,124,2,55.99,0.1
502533,1,115,1,36.99,0.0
502534,1,115,1,38.99,0.1
502534,2,132,1,48.99,0.1
502535,1,104,1,501.99,0.0
502535,2,128,1,26.99,0.0
502536,1,133,2,118.99,0.0
502536,2,123,3,84.99,0.0
502537,1,124,3,58.99,0.1
502537,2,119,1,78.99,0.1
502538,1,118,3,71.99,0.0
502539,1,121,1,216.99,0.1
502540,1,105,2,118.99,0.0
502541,1,129,3,44.99,0.0
502541,2,103,2,348.99,0.0
502541,3,131,1,24.99,0.0
502541,4,137,2,34.99,0.0
502541,5,126,1,78.99,0.0
502542,1,124,3,47.99,0.2
502542,2,127,1,47.99,0.2
502542,3,116,1,129.99,0.2
502543,1,115,3,36.99,0.1
502543,2,106,1,83.99,0.1
502544,1,110,3,93.99,0.0
502544,2,108,2,264.99,0.0
502544,3,109,1,64.99,0.0
502544,4,104,1,501.99,0.0
502544,5,115,3,36.99,0.0
502545,1,119,1,63.99,0.0
502546,1,133,3,118.99,0.0
502547,1,123,1,84.99,0.1
502547,2,106,2,88.99,0.1
502548,1,123,2,68.99,0.0
502548,2,119,1,63.99,0.0
502549,1,126,1,78.99,0.0
502550,1,111,1,48.99,0.0
502551,1,125,3,29.99,0.0
502552,1,117,3,153.99,0.0
502553,1,118,2,88.99,0.2
502554,1,102,2,397.99,0.0
502555,1,124,1,55.99,0.0
502556,1,124,1,58.99,0.0
502556,2,116,1,158.99,0.0
502556,3,126,1,78.99,0.0
502557,1,103,3,348.99,0.1
502557,2,108,2,278.99,0.1
502557,3,107,1,198.99,0.1
502557,4,121,2,228.99,0.1
502558,1,124,1,55.99,0.3
502559,1,101,1,273.99,0.0
502560,1,124,1,47.99,0.0
502561,1,127,1,58.99,0.0
502562,1,114,3,138.99,0.0
502562,2,123,1,84.99,0.0
502563,1,136,1,28.99,0.0
502563,2,113,3,208.99,0.0
502564,1,129,3,44.99,0.0
502565,1,123,1,84.99,0.0
502565,2,112,2,178.99,0.0
502565,3,108,1,278.99,0.0
502565,4,119,1,78.99,0.0
502566,1,112,1,169.99,0.3
502567,1,110,1,80.99,0.0
502567,2,109,1,55.99,0.0
502568,1,135,1,148.99,0.0
502569,1,116,1,158.99,0.2
502570,1,108,2,278.99,0.0
502570,2,129,3,44.99,0.0
502571,1,118,1,88.99,0.0
502572,1,124,1,47.99,0.0
502573,1,133,1,112.99,0.3
502574,1,116,2,150.99,0.0
502574,2,101,1,273.99,0.0
502574,3,106,1,83.99,0.0
502575,1,117,1,188.99,0.0
502576,1,126,3,63.99,0.0
502576,2,135,2,121.99,0.0
502576,3,116,1,129.99,0.0
502577,1,127,1,55.99,0.1
502577,2,107,2,188.99,0.1
502577,3,128,1,26.99,0.1
502577,4,118,2,83.99,0.1
502578,1,128,2,28.99,0.0
502578,2,114,1,138.99,0.0
502579,1,103,3,348.99,0.0
502579,2,138,2,98.99,0.0
502580,1,106,3,88.99,0.0
502581,1,121,1,186.99,0.2
502582,1,119,1,78.99,0.0
502582,2,133,2,118.99,0.0
502583,1,111,1,48.99,0.0
502583,2,109,1,68.99,0.0
502583,3,107,1,198.99,0.0
502583,4,120,2,248.99,0.0
502584,1,118,1,88.99,0.0
502584,2,122,3,78.99,0.0
502585,1,120,1,203.99,0.0
502585,2,102,1,342.99,0.0
502585,3,124,3,47.99,0.0
502586,1,119,3,74.99,0.0
502587,1,111,2,45.99,0.2
502588,1,138,1,80.99,0.2
502588,2,109,2,55.99,0.2
502588,3,115,1,30.99,0.2
502589,1,108,1,278.99,0.2
502589,2,124,1,58.99,0.2
502590,1,126,2,78.99,0.0
502591,1,127,1,58.99,0.0
502592,1,114,1,112.99,0.0
502592,2,105,1,96.99,0.0
502592,3,123,1,68.99,0.0
502592,4,138,1,80.99,0.0
502593,1,113,3,208.99,0.0
502594,1,125,2,31.99,0.0
502595,1,125,1,29.99,0.0
502595,2,119,2,74.99,0.0
502596,1,113,2,208.99,0.0
502596,2,123,2,84.99,0.0
502597,1,129,1,35.99,0.2
502597,2,117,1,153.99,0.2
502597,3,121,1,186.99,0.2
502597,4,105,3,96.99,0.2
502597,5,113,3,170.99,0.2
502598,1,111,1,48.99,0.0
502599,1,104,1,432.99,0.0
502599,2,121,1,186.99,0.0
502600,1,136,2,28.99,0.0
502600,2,121,2,228.99,0.0
502601,1,121,1,228.99,0.0
502602,1,112,1,178.99,0.2
502602,2,132,1,48.99,0.2
502602,3,125,2,31.99,0.2
502603,1,137,3,32.99,0.0
502603,2,133,2,112.99,0.0
502603,3,110,2,93.99,0.0
502604,1,123,3,84.99,0.1
502605,1,123,1,68.99,0.0
502606,1,127,2,47.99,0.0
502606,2,119,3,63.99,0.0
502607,1,118,1,83.99,0.0
502608,1,111,1,48.99,0.1
502608,2,121,2,228.99,0.1
502609,1,120,2,235.99,0.0
502610,1,123,2,84.99,0.0
502611,1,122,1,63.99,0.2
502612,1,126,1,78.99,0.0
502612,2,130,2,18.99,0.0
502613,1,110,1,98.99,0.0
502614,1,106,2,71.99,0.0
502615,1,125,2,31.99,0.1
502616,1,109,2,55.99,0.2
502617,1,111,1,39.99,0.0
502617,2,117,3,153.99,0.0
502618,1,132,1,39.99,0.0
502618,2,131,1,19.99,0.0
502619,1,133,3,112.99,0.0
502620,1,102,3,418.99,0.0
502621,1,138,1,98.99,0.0
502622,1,138,1,98.99,0.0
502622,2,118,1,88.99,0.0
502623,1,135,1,148.99,0.0
502624,1,121,2,228.99,0.0
502625,1,133,1,118.99,0.0
502625,2,111,3,48.99,0.0
502626,1,115,2,38.99,0.1
502626,2,133,2,118.99,0.1
502627,1,127,2,58.99,0.0
502628,1,128,2,28.99,0.0
502628,2,126,1,78.99,0.0
502628,3,121,3,228.99,0.0
502628,4,125,1,31.99,0.0
502628,5,118,1,88.99,0.0
502629,1,116,1,150.99,0.0
502629,2,127,2,55.99,0.0
502630,1,116,1,158.99,0.0
502630,2,110,1,98.99,0.0
502630,3,114,1,138.99,0.0
502631,1,123,3,68.99,0.1
502632,1,123,1,79.99,0.0
502632,2,106,1,83.99,0.0
502632,3,124,3,55.99,0.0
502633,1,122,1,74.99,0.2
502634,1,133,1,118.99,0.0
502634,2,119,1,78.99,0.0
502634,3,120,3,248.99,0.0
502635,1,113,1,197.99,0.0
502636,1,106,2,71.99,0.0
502637,1,120,1,203.99,0.0
502637,2,131,1,19.99,0.0
502637,3,132,1,39.99,0.0
502637,4,102,1,342.99,0.0
502638,1,132,3,48.99,0.0
502639,1,115,1,38.99,0.0
502640,1,124,1,47.99,0.0
502641,1,109,2,68.99,0.0
502641,2,121,1,228.99,0.0
502642,1,124,1,47.99,0.0
502643,1,132,1,39.99,0.0
502644,1,120,1,235.99,0.2
502645,1,103,1,348.99,0.0
502645,2,122,1,78.99,0.0
502646,1,110,2,93.99,0.0
502646,2,112,2,169.99,0.0
502647,1,109,1,55.99,0.0
502647,2,124,1,47.99,0.0
502647,3,135,2,121.99,0.0
502648,1,110,2,98.99,0.0
502649,1,127,1,58.99,0.0
502650,1,118,2,88.99,0.1
502650,2,124,2,58.99,0.1
502651,1,124,2,55.99,0.0
502651,2,136,1,26.99,0.0
502652,1,107,2,198.99,0.1
502652,2,108,1,278.99,0.1
502652,3,124,3,58.99,0.1
502652,4,113,1,208.99,0.1
502653,1,127,1,58.99,0.0
502654,1,110,3,98.99,0.0
502655,1,132,2,45.99,0.1
502656,1,129,1,35.99,0.0
502656,2,114,2,112.99,0.0
502657,1,113,1,197.99,0.0
502658,1,117,1,188.99,0.0
502658,2,109,2,68.99,0.0
502658,3,120,1,248.99,0.0
502659,1,124,2,47.99,0.0
502660,1,134,2,238.99,0.2
502661,1,103,3,348.99,0.0
502661,2,132,1,48.99,0.0
502661,3,124,2,58.99,0.0
502662,1,118,1,71.99,0.1
502663,1,123,3,84.99,0.2
502664,1,113,1,208.99,0.2
502665,1,110,1,98.99,0.0
502666,1,126,1,78.99,0.0
502666,2,121,1,228.99,0.0
502666,3,118,2,88.99,0.0
502667,1,127,1,58.99,0.0
502667,2,122,1,78.99,0.0
502668,1,136,1,22.99,0.0
502669,1,107,3,198.99,0.0
502669,2,123,1,84.99,0.0
502669,3,112,1,178.99,0.0
502670,1,116,3,150.99,0.0
502670,2,126,2,74.99,0.0
502671,1,101,2,288.99,0.0
502672,1,122,1,74.99,0.0
502673,1,110,1,93.99,0.2
502673,2,105,2,112.99,0.2
502673,3,117,2,178.99,0.2
502674,1,123,1,84.99,0.0
502675,1,109,1,55.99,0.0
502675,2,113,1,170.99,0.0
502676,1,122,1,78.99,0.0
502676,2,119,1,78.99,0.0
502677,1,125,2,25.99,0.0
502677,2,104,1,432.99,0.0
502678,1,105,2,118.99,0.0
502678,2,108,1,278.99,0.0
502678,3,138,2,98.99,0.0
502678,4,120,2,248.99,0.0
502678,5,121,3,228.99,0.0
502679,1,115,1,30.99,0.0
502679,2,114,3,112.99,0.0
502680,1,124,1,58.99,0.0
502681,1,112,2,178.99,0.0
502681,2,125,2,31.99,0.0
502681,3,123,1,84.99,0.0
502681,4,132,1,48.99,0.0
502681,5,103,2,348.99,0.0
502682,1,117,1,153.99,0.1
502682,2,136,1,22.99,0.1
502683,1,118,3,83.99,0.0
502683,2,125,1,29.99,0.0
502684,1,116,1,158.99,0.0
502685,1,116,2,129.99,0.0
502686,1,112,2,178.99,0.0
502687,1,107,3,162.99,0.0
502688,1,122,1,78.99,0.1
502689,1,121,1,228.99,0.0
502690,1,122,3,74.99,0.0
502690,2,107,1,188.99,0.0
502691,1,112,1,178.99,0.0
502692,1,137,2,27.99,0.0
502692,2,124,3,47.99,0.0
502692,3,101,1,235.99,0.0
502693,1,127,2,58.99,0.1
502693,2,109,2,68.99,0.1
502694,1,114,1,112.99,0.2
502694,2,138,1,80.99,0.2
502694,3,103,1,285.99,0.2
502694,4,121,2,186.99,0.2
502694,5,101,1,235.99,0.2
502695,1,129,1,44.99,0.2
502696,1,102,2,397.99,0.0
502697,1,133,2,96.99,0.0
502697,2,106,1,71.99,0.0
502697,3,107,1,162.99,0.0
502698,1,137,2,32.99,0.0
502698,2,110,3,93.99,0.0
502698,3,107,3,188.99,0.0
502698,4,104,1,501.99,0.0
502699,1,115,1,38.99,0.0
502699,2,108,2,278.99,0.0
502700,1,103,1,348.99,0.0
502701,1,129,2,41.99,0.0
502701,2,128,2,26.99,0.0
502701,3,134,2,226.99,0.0
502701,4,125,2,29.99,0.0
502702,1,106,2,88.99,0.0
502702,2,125,2,31.99,0.0
502702,3,120,1,248.99,0.0
502703,1,116,2,158.99,0.0
502703,2,125,1,31.99,0.0
502703,3,104,1,528.99,0.0
502704,1,129,1,35.99,0.0
502704,2,115,1,30.99,0.0
502704,3,114,2,112.99,0.0
502704,4,112,1,145.99,0.0
502705,1,131,2,19.99,0.1
502705,2,130,1,14.99,0.1
502706,1,116,3,129.99,0.2
502707,1,122,1,63.99,0.1
502708,1,111,2,48.99,0.0
502709,1,105,1,118.99,0.0
502709,2,133,1,118.99,0.0
502710,1,119,2,74.99,0.0
502710,2,136,3,26.99,0.0
502710,3,124,2,55.99,0.0
502711,1,113,1,170.99,0.0
502711,2,130,2,14.99,0.0
502712,1,103,1,348.99,0.2
502713,1,128,3,28.99,0.3
502714,1,115,1,38.99,0.0
502714,2,121,1,228.99,0.0
502715,1,118,1,88.99,0.0
502716,1,136,1,26.99,0.1
502716,2,106,1,83.99,0.1
502716,3,127,2,55.99,0.1
502716,4,121,2,216.99,0.1
502717,1,111,2,48.99,0.0
502718,1,118,3,88.99,0.2
502718,2,126,1,78.99,0.2
502719,1,116,2,150.99,0.0
502720,1,115,2,38.99,0.0
502721,1,107,1,198.99,0.2
502722,1,114,2,138.99,0.2
502723,1,112,1,169.99,0.0
502723,2,122,3,74.99,0.0
502724,1,113,1,208.99,0.0
502725,1,133,1,112.99,0.1
502725,2,118,1,83.99,0.1
502726,1,121,1,228.99,0.0
502727,1,104,2,432.99,0.0
502727,2,115,1,30.99,0.0
502727,3,121,1,186.99,0.0
502728,1,123,2,79.99,0.0
502729,1,131,1,22.99,0.0
502729,2,106,1,83.99,0.0
502730,1,118,1,88.99,0.0
502731,1,136,1,28.99,0.1
502732,1,105,1,96.99,0.0
502733,1,130,2,18.99,0.2
502734,1,119,1,78.99,0.0
502734,2,125,1,31.99,0.0
502735,1,129,2,41.99,0.2
502735,2,117,2,178.99,0.2
502735,3,121,2,216.99,0.2
502736,1,111,2,48.99,0.0
502736,2,123,2,84.99,0.0
502737,1,117,1,178.99,0.0
502737,2,124,1,55.99,0.0
502738,1,121,3,186.99,0.1
502739,1,115,2,36.99,0.0
502739,2,132,2,45.99,0.0
502739,3,119,2,74.99,0.0
502740,1,103,3,330.99,0.2
502740,2,110,3,93.99,0.2
502740,3,105,2,112.99,0.2
502741,1,111,1,45.99,0.3
502741,2,121,1,216.99,0.3
502742,1,119,1,78.99,0.0
502743,1,112,1,178.99,0.0
502744,1,106,1,71.99,0.0
502744,2,124,1,47.99,0.0
502744,3,126,1,63.99,0.0
502745,1,106,2,88.99,0.0
502746,1,105,1,118.99,0.0
502747,1,109,1,68.99,0.0
502748,1,132,2,45.99,0.1
502749,1,108,1,264.99,0.2
502749,2,120,1,235.99,0.2
502750,1,135,1,140.99,0.0
502750,2,119,1,74.99,0.0
502751,1,118,1,83.99,0.0
502752,1,122,1,74.99,0.0
502752,2,106,2,83.99,0.0
502752,3,112,2,169.99,0.0
502753,1,105,2,118.99,0.1
502753,2,133,1,118.99,0.1
502754,1,130,1,17.99,0.0
502754,2,133,1,112.99,0.0
502754,3,114,2,131.99,0.0
502755,1,107,2,162.99,0.0
502756,1,136,1,28.99,0.0
502757,1,101,1,288.99,0.2
502758,1,104,1,501.99,0.0
502759,1,113,2,197.99,0.0
502759,2,119,1,74.99,0.0
502759,3,120,1,235.99,0.0
502760,1,119,1,63.99,0.0
502761,1,135,1,148.99,0.0
502761,2,114,1,138.99,0.0
502761,3,118,1,88.99,0.0
502761,4,111,1,48.99,0.0
502762,1,101,1,288.99,0.0
502762,2,110,1,98.99,0.0
502762,3,119,1,78.99,0.0
502762,4,106,3,88.99,0.0
502763,1,133,2,118.99,0.1
502764,1,119,3,74.99,0.0
502764,2,108,2,264.99,0.0
502765,1,137,1,34.99,0.0
502765,2,138,1,98.99,0.0
502765,3,123,2,84.99,0.0
502766,1,124,1,58.99,0.0
502767,1,113,1,170.99,0.2
502767,2,135,1,121.99,0.2
502768,1,134,2,226.99,0.0
502769,1,109,1,68.99,0.0
502769,2,103,1,348.99,0.0
502770,1,118,1,88.99,0.0
502771,1,119,1,78.99,0.0
502772,1,134,1,226.99,0.0
502772,2,121,2,216.99,0.0
502773,1,118,1,88.99,0.0
502773,2,109,1,68.99,0.0
502774,1,124,2,58.99,0.0
502775,1,119,1,74.99,0.0
502775,2,134,2,226.99,0.0
502776,1,113,1,170.99,0.0
502776,2,124,2,47.99,0.0
502777,1,122,2,78.99,0.1
502777,2,113,2,208.99,0.1
502778,1,122,1,78.99,0.0
502779,1,106,2,88.99,0.0
502780,1,126,2,78.99,0.0
502781,1,106,1,88.99,0.0
502782,1,117,1,188.99,0.0
502782,2,126,2,78.99,0.0
502783,1,125,2,25.99,0.2
502783,2,126,1,63.99,0.2
502784,1,105,1,118.99,0.0
502785,1,110,1,98.99,0.0
502785,2,125,2,31.99,0.0
502785,3,118,3,88.99,0.0
502785,4,120,3,248.99,0.0
502785,5,121,2,228.99,0.0
502786,1,122,1,78.99,0.0
502786,2,119,1,78.99,0.0
502787,1,125,2,31.99,0.0
502788,1,116,3,158.99,0.0
502788,2,138,3,98.99,0.0
502789,1,121,1,186.99,0.0
502790,1,126,1,78.99,0.0
502791,1,115,1,36.99,0.0
502791,2,113,1,197.99,0.0
502791,3,117,1,178.99,0.0
502791,4,130,1,17.99,0.0
502792,1,119,1,74.99,0.1
502793,1,110,3,93.99,0.1
502793,2,116,2,150.99,0.1
502793,3,123,1,79.99,0.1
502793,4,119,1,74.99,0.1
502794,1,131,1,24.99,0.1
502794,2,138,1,98.99,0.1
502794,3,117,2,188.99,0.1
502795,1,116,1,150.99,0.0
502796,1,108,1,264.99,0.0
502797,1,117,1,188.99,0.0
502797,2,116,2,158.99,0.0
502797,3,131,2,24.99,0.0
502798,1,113,3,197.99,0.1
502799,1,119,3,74.99,0.0
502800,1,111,2,48.99,0.2
502800,2,116,3,158.99,0.2
502801,1,107,2,188.99,0.0
502801,2,136,1,26.99,0.0
502802,1,121,2,228.99,0.3
502802,2,113,3,208.99,0.3
502803,1,123,1,84.99,0.2
502803,2,125,1,31.99,0.2
502803,3,135,2,148.99,0.2
502803,4,138,3,98.99,0.2
502803,5,112,1,178.99,0.2
502804,1,138,1,93.99,0.1
502805,1,135,3,148.99,0.0
502805,2,101,1,288.99,0.0
502806,1,110,1,93.99,0.1
502807,1,108,3,264.99,0.0
502808,1,125,1,29.99,0.0
502809,1,125,1,31.99,0.0
502810,1,118,1,71.99,0.0
502810,2,121,1,186.99,0.0
502810,3,120,1,203.99,0.0
502810,4,129,1,35.99,0.0
502811,1,113,1,208.99,0.1
502812,1,119,1,78.99,0.0
502813,1,121,1,228.99,0.0
502814,1,102,2,418.99,0.0
502815,1,129,2,44.99,0.0
502816,1,126,1,78.99,0.0
502817,1,116,1,158.99,0.3
502818,1,119,1,74.99,0.0
502819,1,106,3,88.99,0.0
502819,2,112,1,178.99,0.0
502820,1,110,3,93.99,0.0
502820,2,109,3,64.99,0.0
502820,3,122,3,74.99,0.0
502821,1,111,1,39.99,0.0
502821,2,131,2,19.99,0.0
502821,3,123,2,68.99,0.0
502821,4,116,1,129.99,0.0
502822,1,117,1,188.99,0.2
502823,1,102,1,397.99,0.0
502824,1,131,3,22.99,0.2
502825,1,120,1,248.99,0.1
502825,2,125,1,31.99,0.1
502825,3,132,1,48.99,0.1
502825,4,137,1,34.99,0.1
502825,5,138,2,98.99,0.1
502826,1,131,1,19.99,0.0
502827,1,119,2,78.99,0.2
502827,2,121,2,228.99,0.2
502827,3,138,1,98.99,0.2
502827,4,125,1,31.99,0.2
502828,1,124,2,47.99,0.1
502829,1,121,3,216.99,0.2
502830,1,118,1,88.99,0.1
502831,1,111,1,48.99,0.0
502831,2,124,1,58.99,0.0
502832,1,115,1,38.99,0.0
502832,2,102,1,418.99,0.0
502833,1,123,1,68.99,0.1
502834,1,124,2,58.99,0.0
502835,1,129,2,44.99,0.0
502836,1,108,3,264.99,0.0
502837,1,115,3,30.99,0.0
502837,2,109,1,55.99,0.0
502838,1,107,1,162.99,0.1
502838,2,123,3,68.99,0.1
502839,1,118,3,71.99,0.0
502839,2,138,1,80.99,0.0
502840,1,138,1,80.99,0.0
502841,1,109,1,68.99,0.0
502842,1,117,1,188.99,0.2
502843,1,120,1,235.99,0.1
502844,1,111,1,48.99,0.0
502845,1,122,1,78.99,0.3
502845,2,114,2,138.99,0.3
502846,1,116,2,158.99,0.0
502846,2,130,3,18.99,0.0
502847,1,134,1,238.99,0.0
502847,2,110,1,98.99,0.0
502847,3,128,1,28.99,0.0
502848,1,102,1,418.99,0.0
502849,1,106,1,71.99,0.0
502849,2,123,3,68.99,0.0
502849,3,117,2,153.99,0.0
502849,4,121,1,186.99,0.0
502849,5,120,1,203.99,0.0
502850,1,120,3,248.99,0.0
502851,1,108,1,264.99,0.1
502852,1,130,2,18.99,0.0
502852,2,118,2,88.99,0.0
502853,1,117,1,178.99,0.0
502853,2,118,3,83.99,0.0
502853,3,123,1,79.99,0.0
502854,1,117,1,178.99,0.0
502855,1,118,1,88.99,0.0
502855,2,120,2,248.99,0.0
502855,3,122,1,78.99,0.0
502855,4,134,3,238.99,0.0
502856,1,112,3,169.99,0.0
502857,1,112,1,178.99,0.1
502857,2,116,2,158.99,0.1
502857,3,126,2,78.99,0.1
502857,4,131,1,24.99,0.1
502857,5,123,2,84.99,0.1
502858,1,118,1,83.99,0.0
502859,1,135,2,121.99,0.2
502860,1,120,2,248.99,0.0
502860,2,121,2,228.99,0.0
502860,3,128,1,28.99,0.0
502861,1,113,2,170.99,0.0
502862,1,116,2,158.99,0.2
502862,2,105,1,118.99,0.2
502863,1,120,3,235.99,0.0
502863,2,108,2,264.99,0.0
502863,3,127,1,55.99,0.0
502863,4,111,1,45.99,0.0
502864,1,104,2,528.99,0.1
502864,2,125,3,31.99,0.1
502864,3,132,2,48.99,0.1
502865,1,128,2,28.99,0.0
502866,1,120,1,203.99,0.2
502866,2,122,1,63.99,0.2
502867,1,124,2,58.99,0.1
502867,2,119,1,78.99,0.1
502868,1,134,3,238.99,0.0
502868,2,110,1,98.99,0.0
502869,1,119,3,78.99,0.0
502869,2,108,1,278.99,0.0
502869,3,130,1,18.99,0.0
502869,4,115,2,38.99,0.0
502869,5,121,3,228.99,0.0
502870,1,121,2,216.99,0.1
502870,2,119,1,74.99,0.1
502871,1,117,1,188.99,0.0
502871,2,125,1,31.99,0.0
502872,1,119,1,63.99,0.0
502872,2,125,2,25.99,0.0
502872,3,107,1,162.99,0.0
502873,1,103,1,330.99,0.2
502873,2,119,2,74.99,0.2
502874,1,131,1,24.99,0.0
502875,1,105,1,96.99,0.0
502876,1,123,1,68.99,0.0
502877,1,127,1,58.99,0.1
502878,1,116,1,158.99,0.0
502878,2,123,1,84.99,0.0
502878,3,122,1,78.99,0.0
502879,1,104,1,432.99,0.2
502880,1,129,2,44.99,0.3
502881,1,115,1,36.99,0.1
502882,1,117,1,178.99,0.0
502883,1,108,1,227.99,0.0
502883,2,128,2,22.99,0.0
502884,1,105,2,112.99,0.0
502884,2,110,3,93.99,0.0
502884,3,112,1,169.99,0.0
502885,1,108,1,278.99,0.0
502886,1,119,2,63.99,0.0
502886,2,118,1,71.99,0.0
502887,1,121,3,186.99,0.0
502888,1,125,1,31.99,0.0
502889,1,105,2,118.99,0.0
502890,1,118,1,71.99,0.0
502890,2,107,2,162.99,0.0
502891,1,104,3,432.99,0.0
502892,1,136,1,28.99,0.0
502893,1,117,2,188.99,0.0
502893,2,106,3,88.99,0.0
502894,1,117,2,188.99,0.0
502895,1,118,1,71.99,0.0
502896,1,131,1,24.99,0.0
502897,1,138,3,98.99,0.0
502898,1,127,1,55.99,0.0
502899,1,136,1,26.99,0.2
502900,1,117,1,178.99,0.0
502900,2,101,1,273.99,0.0
502901,1,114,2,131.99,0.0
502902,1,135,1,140.99,0.3
502903,1,120,1,203.99,0.0
502903,2,118,3,71.99,0.0
502904,1,126,2,63.99,0.0
502904,2,125,1,25.99,0.0
502905,1,105,1,112.99,0.0
502905,2,125,1,29.99,0.0
502906,1,111,3,48.99,0.1
502906,2,133,3,118.99,0.1
502907,1,117,1,188.99,0.0
502907,2,119,1,78.99,0.0
502908,1,113,2,197.99,0.1
502909,1,115,1,38.99,0.0
502910,1,107,1,198.99,0.0
502911,1,123,2,84.99,0.0
502912,1,123,1,84.99,0.0
502913,1,112,1,178.99,0.0
502913,2,131,2,24.99,0.0
502914,1,108,2,227.99,0.0
502914,2,103,1,285.99,0.0
502915,1,104,1,501.99,0.0
502915,2,126,3,74.99,0.0
502915,3,114,2,131.99,0.0
502915,4,119,2,74.99,0.0
502916,1,132,1,48.99,0.0
502917,1,134,1,226.99,0.0
502918,1,116,1,158.99,0.0
502919,1,136,1,22.99,0.0
502919,2,121,2,186.99,0.0
502919,3,119,2,63.99,0.0
502920,1,112,2,145.99,0.1
502920,2,111,2,39.99,0.1
502920,3,118,1,71.99,0.1
502921,1,107,2,198.99,0.0
502922,1,119,1,74.99,0.0
502922,2,122,1,74.99,0.0
502923,1,104,2,528.99,0.0
502924,1,121,1,228.99,0.2
502924,2,131,1,24.99,0.2
502924,3,105,2,118.99,0.2
502925,1,101,1,288.99,0.0
502925,2,132,2,48.99,0.0
502925,3,109,3,68.99,0.0
502926,1,124,3,58.99,0.0
502926,2,137,2,34.99,0.0
502926,3,107,2,198.99,0.0
502927,1,110,1,98.99,0.2
502928,1,138,1,98.99,0.0
502928,2,136,2,28.99,0.0
502928,3,131,3,24.99,0.0
502928,4,126,1,78.99,0.0
502929,1,128,1,28.99,0.0
502929,2,115,1,38.99,0.0
502930,1,120,1,248.99,0.1
502930,2,124,3,58.99,0.1
502931,1,126,1,63.99,0.3
502932,1,125,1,31.99,0.0
502932,2,133,1,118.99,0.0
502933,1,138,1,98.99,0.0
502934,1,112,1,145.99,0.1
502934,2,117,3,153.99,0.1
502935,1,118,1,83.99,0.0
502936,1,111,1,39.99,0.2
502937,1,127,1,58.99,0.1
502937,2,120,2,248.99,0.1
502938,1,115,1,38.99,0.0
502939,1,121,1,216.99,0.0
502939,2,106,1,83.99,0.0
502939,3,112,1,169.99,0.0
502940,1,123,2,84.99,0.0
502941,1,119,1,78.99,0.0
502941,2,117,1,188.99,0.0
502941,3,132,2,48.99,0.0
502942,1,116,2,129.99,0.0
502942,2,138,1,80.99,0.0
502942,3,108,1,227.99,0.0
502943,1,124,1,47.99,0.0
502944,1,134,1,226.99,0.0
502944,2,109,1,64.99,0.0
502944,3,132,1,45.99,0.0
502945,1,110,1,98.99,0.0
502946,1,101,3,288.99,0.0
502947,1,113,1,208.99,0.0
502947,2,136,1,28.99,0.0
502948,1,117,3,153.99,0.0
502949,1,122,2,78.99,0.0
502949,2,104,1,528.99,0.0
502949,3,138,2,98.99,0.0
502950,1,120,2,235.99,0.0
502951,1,107,1,188.99,0.0
502951,2,121,1,216.99,0.0
502951,3,112,2,169.99,0.0
502951,4,110,3,93.99,0.0
502951,5,129,3,41.99,0.0
502952,1,110,2,80.99,0.0
502953,1,109,1,55.99,0.0
502954,1,127,1,58.99,0.0
502955,1,130,3,18.99,0.2
502956,1,131,1,24.99,0.0
502957,1,127,3,58.99,0.0
502958,1,131,1,24.99,0.2
502959,1,123,1,79.99,0.0
502960,1,127,1,58.99,0.0
502961,1,111,2,45.99,0.0
502962,1,119,2,78.99,0.0
502962,2,115,2,38.99,0.0
502963,1,127,1,55.99,0.1
502963,2,128,1,26.99,0.1
502963,3,113,2,197.99,0.1
502963,4,112,2,169.99,0.1
502963,5,102,1,397.99,0.1
502964,1,117,1,178.99,0.0
502965,1,110,1,93.99,0.0
502966,1,109,1,68.99,0.0
502966,2,126,3,78.99,0.0
502967,1,122,1,63.99,0.0
502968,1,118,3,83.99,0.0
502969,1,116,2,158.99,0.2
502970,1,105,2,96.99,0.0
502970,2,116,1,129.99,0.0
502970,3,130,1,14.99,0.0
502971,1,112,1,145.99,0.1
502972,1,108,1,264.99,0.0
502973,1,137,2,32.99,0.0
502974,1,125,1,31.99,0.0
502974,2,114,2,138.99,0.0
502975,1,126,3,78.99,0.2
502975,2,104,1,528.99,0.2
502976,1,121,1,228.99,0.1
502977,1,110,1,80.99,0.0
502977,2,119,1,63.99,0.0
502977,3,122,1,63.99,0.0
502978,1,110,1,98.99,0.0
502979,1,106,3,88.99,0.0
502979,2,107,2,198.99,0.0
502980,1,120,3,235.99,0.0
502981,1,121,1,228.99,0.0
502981,2,124,2,58.99,0.0
502982,1,128,1,28.99,0.0
502982,2,138,1,98.99,0.0
502982,3,113,3,208.99,0.0
502983,1,120,3,248.99,0.1
502984,1,106,1,83.99,0.0
502985,1,106,1,88.99,0.0
502985,2,117,1,188.99,0.0
502986,1,127,2,58.99,0.0
502987,1,138,2,93.99,0.0
502988,1,129,2,44.99,0.0
502989,1,116,1,158.99,0.3
502990,1,114,1,138.99,0.0
502991,1,113,2,197.99,0.0
502991,2,112,2,169.99,0.0
502992,1,113,3,208.99,0.1
502993,1,120,1,248.99,0.0
502994,1,108,3,278.99,0.0
502995,1,126,1,63.99,0.0
502995,2,106,2,71.99,0.0
502996,1,130,3,17.99,0.2
502996,2,126,1,74.99,0.2
502997,1,119,3,78.99,0.0
502997,2,132,1,48.99,0.0
502998,1,103,1,330.99,0.0
502999,1,101,2,273.99,0.0
503000,1,116,1,129.99,0.1
503001,1,135,3,148.99,0.0
503001,2,132,3,48.99,0.0
503002,1,134,2,238.99,0.0
503002,2,135,1,148.99,0.0
503003,1,115,2,38.99,0.0
503004,1,106,2,88.99,0.2
503005,1,129,3,41.99,0.1
503006,1,102,1,397.99,0.1
503007,1,110,2,93.99,0.0
503008,1,109,1,64.99,0.0
503009,1,103,3,348.99,0.0
503010,1,107,1,198.99,0.0
503011,1,122,2,78.99,0.1
503011,2,137,1,34.99,0.1
503012,1,130,2,18.99,0.1
503012,2,127,3,58.99,0.1
503012,3,133,2,118.99,0.1
503012,4,119,1,78.99,0.1
503013,1,105,1,96.99,0.0
503014,1,121,1,186.99,0.0
503015,1,116,1,158.99,0.2
503015,2,112,3,178.99,0.2
503016,1,116,1,158.99,0.0
503016,2,111,2,48.99,0.0
503016,3,102,1,418.99,0.0
503017,1,124,1,55.99,0.0
503017,2,117,2,178.99,0.0
503018,1,125,2,31.99,0.0
503018,2,121,3,228.99,0.0
503018,3,131,1,24.99,0.0
503019,1,114,1,138.99,0.0
503019,2,107,1,198.99,0.0
503019,3,122,1,78.99,0.0
503020,1,111,2,39.99,0.2
503021,1,105,2,112.99,0.0
503021,2,110,1,93.99,0.0
503022,1,122,2,78.99,0.0
503022,2,112,2,178.99,0.0
503022,3,118,1,88.99,0.0
503023,1,114,1,138.99,0.0
503024,1,111,1,45.99,0.0
503024,2,129,1,41.99,0.0
503025,1,114,1,138.99,0.0
503025,2,124,3,58.99,0.0
503025,3,108,2,278.99,0.0
503026,1,106,1,88.99,0.0
503026,2,101,2,288.99,0.0
503026,3,116,1,158.99,0.0
503027,1,113,2,208.99,0.0
503028,1,114,2,131.99,0.1
503028,2,112,3,169.99,0.1
503028,3,107,3,188.99,0.1
503029,1,122,1,63.99,0.1
503030,1,106,2,88.99,0.0
503031,1,124,2,58.99,0.0
503032,1,118,1,88.99,0.0
503033,1,137,1,32.99,0.0
503034,1,118,3,83.99,0.0
503035,1,110,1,98.99,0.0
503036,1,116,1,158.99,0.0
503037,1,113,3,208.99,0.0
503037,2,129,2,44.99,0.0
503038,1,115,3,36.99,0.0
503038,2,118,3,83.99,0.0
503039,1,108,3,278.99,0.0
503040,1,113,1,208.99,0.0
503041,1,125,2,31.99,0.0
503041,2,126,1,78.99,0.0
503042,1,117,1,188.99,0.0
503043,1,127,2,58.99,0.0
503043,2,115,2,38.99,0.0
503044,1,134,2,238.99,0.0
503045,1,111,1,39.99,0.0
503045,2,117,1,153.99,0.0
503046,1,118,2,88.99,0.2
503047,1,133,1,118.99,0.0
503047,2,124,1,58.99,0.0
503048,1,131,1,19.99,0.1
503048,2,113,1,170.99,0.1
503049,1,105,1,118.99,0.0
503049,2,112,1,178.99,0.0
503049,3,135,2,148.99,0.0
503050,1,109,1,55.99,0.3
503051,1,112,1,145.99,0.2
503052,1,125,2,31.99,0.1
503052,2,123,2,84.99,0.1
503052,3,124,1,58.99,0.1
503053,1,123,1,84.99,0.0
503054,1,102,2,418.99,0.0
503054,2,112,1,178.99,0.0
503055,1,106,1,88.99,0.0
503056,1,123,1,84.99,0.0
503056,2,119,1,78.99,0.0
503056,3,110,1,98.99,0.0
503057,1,136,1,26.99,0.0
503058,1,123,1,84.99,0.0
503058,2,137,2,34.99,0.0
503058,3,119,1,78.99,0.0
503059,1,120,1,235.99,0.0
503059,2,101,3,273.99,0.0
503060,1,107,2,188.99,0.0
503060,2,103,2,330.99,0.0
503061,1,108,1,264.99,0.0
503062,1,121,1,216.99,0.2
503063,1,121,3,228.99,0.1
503064,1,130,1,17.99,0.0
503064,2,104,3,501.99,0.0
503064,3,124,2,55.99,0.0
503064,4,129,2,41.99,0.0
503065,1,121,2,228.99,0.0
503065,2,118,1,88.99,0.0
503066,1,113,1,170.99,0.0
503066,2,123,3,68.99,0.0
503067,1,121,3,186.99,0.0
503067,2,101,1,235.99,0.0
503067,3,115,1,30.99,0.0
503068,1,108,1,227.99,0.1
503068,2,104,2,432.99,0.1
503069,1,114,1,138.99,0.0
503070,1,124,2,47.99,0.1
503071,1,107,1,198.99,0.0
503071,2,111,2,48.99,0.0
503071,3,124,1,58.99,0.0
503072,1,101,1,288.99,0.2
503073,1,111,1,48.99,0.0
503073,2,115,1,38.99,0.0
503073,3,129,1,44.99,0.0
503073,4,109,2,68.99,0.0
503073,5,134,1,238.99,0.0
503074,1,113,1,208.99,0.0
503074,2,109,1,68.99,0.0
503075,1,119,2,78.99,0.1
503076,1,122,3,78.99,0.0
503077,1,127,3,58.99,0.0
503078,1,109,1,55.99,0.0
503078,2,125,1,25.99,0.0
503079,1,134,1,238.99,0.0
503080,1,128,1,28.99,0.0
503081,1,109,1,64.99,0.2
503082,1,137,1,27.99,0.3
503083,1,136,2,26.99,0.1
503083,2,109,1,64.99,0.1
503084,1,105,1,96.99,0.2
503084,2,122,1,63.99,0.2
503084,3,133,3,96.99,0.2
503085,1,123,1,84.99,0.2
503085,2,113,1,208.99,0.2
503086,1,128,1,26.99,0.1
503086,2,115,1,36.99,0.1
503087,1,137,1,34.99,0.2
503088,1,124,2,47.99,0.0
503089,1,133,1,112.99,0.0
503089,2,112,3,169.99,0.0
503090,1,106,1,88.99,0.0
503091,1,110,1,98.99,0.0
503092,1,114,1,131.99,0.0
503093,1,113,3,208.99,0.0
503093,2,121,1,228.99,0.0
503094,1,106,3,71.99,0.0
503095,1,115,1,30.99,0.0
503095,2,120,2,203.99,0.0
503096,1,122,2,74.99,0.0
503097,1,129,3,44.99,0.0
503098,1,118,1,88.99,0.0
503098,2,108,1,278.99,0.0
503098,3,133,2,118.99,0.0
503098,4,131,2,24.99,0.0
503099,1,134,1,194.99,0.1
503099,2,126,2,63.99,0.1
503099,3,101,2,235.99,0.1
503099,4,119,1,63.99,0.1
503100,1,113,1,208.99,0.2
503101,1,120,1,248.99,0.0
503102,1,131,2,19.99,0.2
503103,1,138,3,80.99,0.2
503104,1,115,2,38.99,0.0
503105,1,118,1,83.99,0.0
503105,2,117,2,178.99,0.0
503105,3,110,1,93.99,0.0
503106,1,136,1,28.99,0.1
503106,2,119,1,78.99,0.1
503107,1,125,1,31.99,0.0
503107,2,111,2,48.99,0.0
503108,1,109,1,55.99,0.0
503109,1,124,1,58.99,0.2
503110,1,105,1,118.99,0.0
503111,1,109,3,64.99,0.0
503111,2,114,1,131.99,0.0
503112,1,130,1,18.99,0.1
503112,2,112,2,178.99,0.1
503112,3,108,1,278.99,0.1
503112,4,109,1,68.99,0.1
503113,1,124,1,47.99,0.1
503114,1,127,2,58.99,0.0
503115,1,121,1,228.99,0.0
503115,2,117,1,188.99,0.0
503115,3,128,1,28.99,0.0
503115,4,113,2,208.99,0.0
503115,5,123,1,84.99,0.0
503116,1,120,1,248.99,0.0
503117,1,109,3,68.99,0.0
503118,1,123,1,79.99,0.0
503118,2,132,2,45.99,0.0
503119,1,116,2,150.99,0.0
503119,2,132,1,45.99,0.0
503119,3,117,1,178.99,0.0
503119,4,113,2,197.99,0.0
503119,5,103,2,330.99,0.0
503120,1,119,1,78.99,0.0
503121,1,111,3,48.99,0.0
503122,1,131,1,24.99,0.0
503123,1,128,1,28.99,0.2
503124,1,110,1,93.99,0.0
503124,2,109,1,64.99,0.0
503124,3,116,1,150.99,0.0
503124,4,119,1,74.99,0.0
503125,1,119,2,74.99,0.0
503125,2,104,1,501.99,0.0
503126,1,111,2,45.99,0.1
503127,1,132,2,48.99,0.3
503128,1,118,2,88.99,0.0
503129,1,115,2,38.99,0.0
503129,2,122,1,78.99,0.0
503129,3,131,2,24.99,0.0
503129,4,128,1,28.99,0.0
503129,5,116,2,158.99,0.0
503130,1,110,3,98.99,0.0
503131,1,121,1,228.99,0.0
503131,2,109,1,68.99,0.0
503132,1,103,2,348.99,0.0
503132,2,120,1,248.99,0.0
503132,3,116,1,158.99,0.0
503132,4,117,1,188.99,0.0
503133,1,138,1,80.99,0.0
503134,1,107,2,162.99,0.0
503134,2,131,3,19.99,0.0
503135,1,117,1,188.99,0.0
503135,2,119,1,78.99,0.0
503135,3,121,1,228.99,0.0
503135,4,129,1,44.99,0.0
503136,1,122,1,78.99,0.1
503137,1,117,2,153.99,0.0
503138,1,106,1,83.99,0.0
503139,1,136,1,26.99,0.1
503140,1,127,2,58.99,0.0
503140,2,110,1,98.99,0.0
503140,3,119,3,78.99,0.0
503141,1,103,1,330.99,0.0
503141,2,104,1,501.99,0.0
503142,1,126,2,63.99,0.0
503143,1,116,1,150.99,0.0
503144,1,114,2,138.99,0.2
503145,1,105,1,118.99,0.2
503145,2,113,1,208.99,0.2
503146,1,124,3,58.99,0.2
503147,1,126,2,78.99,0.1
503147,2,123,3,84.99,0.1
503148,1,115,1,36.99,0.0
503148,2,124,2,55.99,0.0
503149,1,123,3,84.99,0.0
503150,1,111,1,45.99,0.1
503151,1,122,1,78.99,0.1
503152,1,128,1,26.99,0.2
503153,1,115,1,38.99,0.2
503153,2,103,1,348.99,0.2
503154,1,106,2,88.99,0.2
503154,2,107,2,198.99,0.2
503154,3,121,1,228.99,0.2
503154,4,134,1,238.99,0.2
503155,1,120,3,203.99,0.0
503156,1,119,2,74.99,0.0
503157,1,109,1,68.99,0.0
503157,2,115,1,38.99,0.0
503158,1,118,1,88.99,0.1
503159,1,108,3,278.99,0.1
503160,1,122,1,63.99,0.0
503160,2,123,1,68.99,0.0
503161,1,135,2,121.99,0.0
503161,2,109,1,55.99,0.0
503162,1,125,1,31.99,0.0
503162,2,122,2,78.99,0.0
503163,1,123,3,79.99,0.1
503163,2,118,3,83.99,0.1
503163,3,133,2,112.99,0.1
503164,1,128,2,26.99,0.1
503164,2,121,1,216.99,0.1
503164,3,129,1,41.99,0.1
503165,1,132,3,48.99,0.0
503165,2,137,2,34.99,0.0
503165,3,123,2,84.99,0.0
503165,4,116,1,158.99,0.0
503165,5,108,2,278.99,0.0
503166,1,106,1,88.99,0.0
503166,2,107,1,198.99,0.0
503166,3,113,1,208.99,0.0
503166,4,114,1,138.99,0.0
503166,5,122,2,78.99,0.0
503167,1,121,2,186.99,0.0
503168,1,114,2,138.99,0.1
503168,2,125,2,31.99,0.1
503168,3,122,2,78.99,0.1
503169,1,138,2,80.99,0.0
503170,1,124,2,55.99,0.0
503170,2,128,2,26.99,0.0
503171,1,127,3,55.99,0.0
503171,2,114,1,131.99,0.0
503172,1,136,1,26.99,0.0
503172,2,102,1,397.99,0.0
503172,3,132,1,45.99,0.0
503173,1,105,3,118.99,0.0
503174,1,115,2,30.99,0.0
503175,1,128,2,28.99,0.0
503175,2,120,1,248.99,0.0
503176,1,118,1,88.99,0.0
503176,2,110,1,98.99,0.0
503177,1,108,2,264.99,0.2
503177,2,123,1,79.99,0.2
503177,3,128,2,26.99,0.2
503177,4,112,2,169.99,0.2
503178,1,124,3,55.99,0.0
503179,1,128,2,22.99,0.0
503179,2,119,1,63.99,0.0
503180,1,123,1,79.99,0.0
503181,1,105,1,112.99,0.0
503181,2,109,2,64.99,0.0
503182,1,112,3,178.99,0.0
503183,1,123,2,84.99,0.0
503184,1,110,1,98.99,0.0
503185,1,107,1,198.99,0.1
503185,2,120,1,248.99,0.1
503186,1,126,2,78.99,0.2
503186,2,110,1,98.99,0.2
503187,1,102,2,418.99,0.3
503187,2,111,2,48.99,0.3
503187,3,104,1,528.99,0.3
503187,4,128,1,28.99,0.3
503188,1,107,3,188.99,0.1
503188,2,115,2,36.99,0.1
503189,1,124,1,58.99,0.0
503190,1,117,1,188.99,0.1
503191,1,113,2,170.99,0.1
503191,2,127,2,47.99,0.1
503191,3,117,1,153.99,0.1
503192,1,126,1,74.99,0.0
503192,2,121,1,216.99,0.0
503192,3,113,1,197.99,0.0
503193,1,112,1,169.99,0.0
503194,1,127,1,58.99,0.2
503194,2,116,1,158.99,0.2
503195,1,111,1,45.99,0.0
503195,2,101,1,273.99,0.0
503196,1,121,1,216.99,0.0
503196,2,132,2,45.99,0.0
503197,1,135,1,148.99,0.1
503197,2,122,2,78.99,0.1
503197,3,130,1,18.99,0.1
503198,1,103,1,330.99,0.2
503199,1,124,1,55.99,0.0
503200,1,106,1,71.99,0.0
503201,1,112,1,178.99,0.0
503202,1,125,2,31.99,0.1
503203,1,121,1,216.99,0.0
503204,1,130,1,18.99,0.0
503205,1,133,1,118.99,0.0
503206,1,109,3,68.99,0.0
503207,1,107,1,198.99,0.1
503208,1,109,1,64.99,0.0
503208,2,111,3,45.99,0.0
503208,3,133,1,112.99,0.0
503209,1,120,3,235.99,0.2
503209,2,112,3,169.99,0.2
503209,3,122,2,74.99,0.2
503210,1,107,1,162.99,0.2
503210,2,112,2,145.99,0.2
503210,3,110,1,80.99,0.2
503210,4,106,2,71.99,0.2
503211,1,118,1,88.99,0.0
503212,1,123,1,79.99,0.0
503212,2,138,1,93.99,0.0
503212,3,132,2,45.99,0.0
503213,1,114,3,131.99,0.0
503213,2,113,2,197.99,0.0
503214,1,111,1,39.99,0.0
503214,2,133,1,96.99,0.0
503214,3,120,1,203.99,0.0
503214,4,114,3,112.99,0.0
503215,1,127,2,47.99,0.2
503216,1,120,2,248.99,0.0
503216,2,111,1,48.99,0.0
503217,1,104,3,501.99,0.2
503218,1,117,1,188.99,0.2
503218,2,120,2,248.99,0.2
503219,1,133,1,118.99,0.0
503219,2,129,1,44.99,0.0
503220,1,122,1,74.99,0.0
503220,2,112,1,169.99,0.0
503221,1,129,2,44.99,0.1
503222,1,112,1,178.99,0.0
503223,1,107,1,198.99,0.0
503224,1,131,1,22.99,0.0
503224,2,137,1,32.99,0.0
503225,1,121,1,228.99,0.3
503225,2,130,2,18.99,0.3
503226,1,136,2,26.99,0.0
503227,1,128,1,26.99,0.0
503228,1,107,1,198.99,0.0
503229,1,114,1,131.99,0.0
503229,2,116,1,150.99,0.0
503230,1,110,1,93.99,0.1
503231,1,132,1,48.99,0.0
503232,1,124,1,58.99,0.0
503232,2,101,3,288.99,0.0
503233,1,127,3,58.99,0.0
503234,1,120,1,248.99,0.0
503234,2,106,2,88.99,0.0
503234,3,111,1,48.99,0.0
503235,1,105,2,118.99,0.0
503235,2,128,1,28.99,0.0
503235,3,138,2,98.99,0.0
503235,4,118,1,88.99,0.0
503236,1,113,1,208.99,0.0
503237,1,102,1,418.99,0.1
503237,2,119,1,78.99,0.1
503238,1,113,1,197.99,0.0
503239,1,131,1,19.99,0.0
503240,1,106,2,88.99,0.2
503241,1,107,1,188.99,0.0
503241,2,105,1,112.99,0.0
503242,1,116,1,158.99,0.0
503243,1,109,3,64.99,0.2
503243,2,131,2,22.99,0.2
503243,3,123,1,79.99,0.2
503244,1,107,1,198.99,0.0
503244,2,123,2,84.99,0.0
503245,1,123,1,84.99,0.0
503245,2,118,1,88.99,0.0
503245,3,109,3,68.99,0.0
503245,4,119,2,78.99,0.0
503246,1,120,1,203.99,0.1
503246,2,127,2,47.99,0.1
503247,1,122,2,78.99,0.0
503248,1,112,1,169.99,0.0
503249,1,115,2,38.99,0.0
503250,1,108,2,278.99,0.1
503250,2,127,1,58.99,0.1
503251,1,125,2,25.99,0.0
503251,2,126,1,63.99,0.0
503252,1,117,1,153.99,0.0
503252,2,119,3,63.99,0.0
503253,1,128,2,28.99,0.0
503254,1,112,2,178.99,0.0
503254,2,119,1,78.99,0.0
503255,1,107,1,198.99,0.0
503256,1,131,3,24.99,0.0
503257,1,113,2,197.99,0.0
503258,1,137,1,34.99,0.1
503258,2,119,1,78.99,0.1
503258,3,130,1,18.99,0.1
503259,1,110,1,98.99,0.1
503260,1,119,1,78.99,0.0
503260,2,135,2,148.99,0.0
503260,3,115,3,38.99,0.0
503261,1,115,2,36.99,0.1
503262,1,120,1,248.99,0.0
503263,1,119,1,74.99,0.1
503263,2,112,1,169.99,0.1
503264,1,122,1,78.99,0.0
503264,2,129,1,44.99,0.0
503265,1,106,3,83.99,0.1
503265,2,111,1,45.99,0.1
503266,1,121,3,216.99,0.3
503267,1,123,2,79.99,0.0
503268,1,101,1,273.99,0.2
503268,2,135,2,140.99,0.2
503269,1,120,2,235.99,0.0
503270,1,101,3,288.99,0.0
503271,1,119,1,74.99,0.0
503271,2,106,1,83.99,0.0
503271,3,120,2,235.99,0.0
503271,4,122,1,74.99,0.0
503272,1,116,3,158.99,0.2
503273,1,107,3,198.99,0.0
503273,2,111,2,48.99,0.0
503273,3,119,1,78.99,0.0
503274,1,111,2,39.99,0.0
503274,2,135,3,121.99,0.0
503274,3,104,1,432.99,0.0
503275,1,117,3,188.99,0.0
503276,1,138,3,98.99,0.0
503276,2,120,3,248.99,0.0
503276,3,117,1,188.99,0.0
503276,4,106,1,88.99,0.0
503277,1,107,2,198.99,0.1
503277,2,123,2,84.99,0.1
503277,3,121,3,228.99,0.1
503278,1,101,1,273.99,0.1
503279,1,135,1,140.99,0.0
503279,2,103,1,330.99,0.0
503280,1,105,1,118.99,0.0
503281,1,119,1,63.99,0.0
503282,1,116,2,129.99,0.0
503282,2,126,1,63.99,0.0
503283,1,138,2,93.99,0.0
503283,2,111,2,45.99,0.0
503284,1,104,1,528.99,0.0
503284,2,124,1,58.99,0.0
503285,1,105,1,118.99,0.0
503285,2,134,1,238.99,0.0
503286,1,124,1,47.99,0.0
503286,2,105,1,96.99,0.0
503287,1,115,1,38.99,0.1
503287,2,113,1,208.99,0.1
503288,1,133,2,96.99,0.0
503289,1,108,3,278.99,0.0
503289,2,103,1,348.99,0.0
503289,3,136,3,28.99,0.0
503290,1,121,2,228.99,0.0
503291,1,107,1,162.99,0.0
503292,1,109,1,68.99,0.0
503292,2,119,2,78.99,0.0
503292,3,126,1,78.99,0.0
503293,1,113,2,170.99,0.2
503294,1,123,1,68.99,0.1
503295,1,124,2,55.99,0.0
503295,2,117,1,178.99,0.0
503296,1,110,2,93.99,0.0
503297,1,116,1,158.99,0.0
503298,1,122,1,63.99,0.0
503299,1,113,1,208.99,0.0
503300,1,127,1,58.99,0.3
503300,2,113,3,208.99,0.3
503301,1,136,1,28.99,0.1
503301,2,109,1,68.99,0.1
503301,3,123,2,84.99,0.1
503302,1,127,2,58.99,0.0
503302,2,123,1,84.99,0.0
503302,3,128,1,28.99,0.0
503302,4,102,1,418.99,0.0
503302,5,117,2,188.99,0.0
503303,1,119,1,63.99,0.0
503303,2,118,2,71.99,0.0
503303,3,123,1,68.99,0.0
503303,4,125,2,25.99,0.0
503304,1,128,2,28.99,0.1
503304,2,102,2,418.99,0.1
503304,3,117,2,188.99,0.1
503304,4,108,2,278.99,0.1
503305,1,101,1,288.99,0.0
503305,2,133,2,118.99,0.0
503305,3,113,1,208.99,0.0
503305,4,109,2,68.99,0.0
503306,1,109,2,64.99,0.2
503307,1,102,1,418.99,0.0
503308,1,105,1,118.99,0.2
503309,1,124,1,55.99,0.0
503310,1,127,1,58.99,0.0
503311,1,124,1,58.99,0.1
503311,2,113,3,208.99,0.1
503311,3,111,1,48.99,0.1
503312,1,137,1,34.99,0.1
503313,1,135,3,148.99,0.0
503313,2,114,1,138.99,0.0
503314,1,125,1,31.99,0.0
503315,1,114,1,131.99,0.1
503316,1,126,1,63.99,0.0
503317,1,106,3,83.99,0.2
503318,1,120,1,235.99,0.0
503319,1,118,3,71.99,0.1
503319,2,107,2,162.99,0.1
503320,1,128,3,28.99,0.0
503320,2,106,1,88.99,0.0
503321,1,130,2,14.99,0.2
503321,2,115,2,30.99,0.2
503321,3,123,1,68.99,0.2
503321,4,114,1,112.99,0.2
503321,5,105,1,96.99,0.2
503322,1,116,1,158.99,0.0
503322,2,122,2,78.99,0.0
503323,1,111,1,39.99,0.0
503324,1,120,2,235.99,0.0
503325,1,136,1,22.99,0.0
503325,2,105,1,96.99,0.0
503325,3,118,1,71.99,0.0
503326,1,102,1,397.99,0.0
503327,1,115,2,36.99,0.0
503327,2,111,1,45.99,0.0
503328,1,137,3,34.99,0.0
503329,1,130,1,17.99,0.1
503329,2,102,1,397.99,0.1
503330,1,101,1,288.99,0.2
503330,2,115,2,38.99,0.2
503331,1,112,1,169.99,0.0
503331,2,114,3,131.99,0.0
503332,1,105,1,118.99,0.0
503333,1,124,1,58.99,0.0
503333,2,118,2,88.99,0.0
503333,3,125,2,31.99,0.0
503334,1,124,1,58.99,0.3
503334,2,127,1,58.99,0.3
503334,3,110,2,98.99,0.3
503335,1,114,2,138.99,0.0
503336,1,103,1,348.99,0.0
503336,2,102,2,418.99,0.0
503337,1,108,1,278.99,0.1
503337,2,137,1,34.99,0.1
503337,3,107,1,198.99,0.1
503338,1,123,1,84.99,0.0
503339,1,118,1,83.99,0.0
503340,1,116,1,129.99,0.0
503341,1,138,2,98.99,0.0
503342,1,125,1,31.99,0.0
503343,1,109,1,68.99,0.3
503343,2,106,1,88.99,0.3
503344,1,121,1,216.99,0.0
503345,1,117,1,188.99,0.2
503345,2,123,2,84.99,0.2
503346,1,118,1,71.99,0.0
503346,2,124,2,47.99,0.0
503346,3,115,2,30.99,0.0
503346,4,136,1,22.99,0.0
503347,1,137,3,34.99,0.0
503348,1,106,1,71.99,0.0
503348,2,129,3,35.99,0.0
503348,3,124,2,47.99,0.0
503348,4,112,2,145.99,0.0
503349,1,123,1,84.99,0.0
503350,1,111,1,48.99,0.0
503350,2,125,2,31.99,0.0
503351,1,138,2,98.99,0.0
503351,2,123,1,84.99,0.0
503351,3,125,1,31.99,0.0
503352,1,120,1,248.99,0.0
503352,2,113,1,208.99,0.0
503352,3,119,1,78.99,0.0
503353,1,128,1,28.99,0.0
503354,1,116,1,158.99,0.0
503354,2,128,1,28.99,0.0
503355,1,112,1,178.99,0.1
503356,1,111,1,39.99,0.0
503356,2,134,2,194.99,0.0
503357,1,118,2,88.99,0.2
503357,2,114,2,138.99,0.2
503358,1,112,2,178.99,0.0
503359,1,101,1,288.99,0.0
503360,1,126,1,63.99,0.0
503360,2,108,1,227.99,0.0
503360,3,129,2,35.99,0.0
503361,1,129,1,41.99,0.1
503361,2,124,1,55.99,0.1
503362,1,107,1,188.99,0.0
503362,2,111,1,45.99,0.0
503363,1,125,1,25.99,0.1
503363,2,119,2,63.99,0.1
503364,1,129,1,44.99,0.2
503364,2,127,1,58.99,0.2
503365,1,110,2,98.99,0.1
503366,1,127,2,58.99,0.0
503366,2,102,1,418.99,0.0
503366,3,104,1,528.99,0.0
503367,1,112,3,169.99,0.0
503368,1,101,1,288.99,0.1
503369,1,137,1,34.99,0.0
503369,2,101,1,288.99,0.0
503369,3,129,2,44.99,0.0
503369,4,126,2,78.99,0.0
503370,1,133,2,118.99,0.2
503370,2,114,2,138.99,0.2
503370,3,121,1,228.99,0.2
503370,4,107,3,198.99,0.2
503371,1,127,1,58.99,0.0
503371,2,106,3,88.99,0.0
503371,3,116,2,158.99,0.0
503372,1,128,1,26.99,0.0
503372,2,105,2,112.99,0.0
503372,3,119,1,74.99,0.0
503373,1,116,1,158.99,0.0
503374,1,113,1,208.99,0.2
503374,2,119,1,78.99,0.2
503375,1,138,1,93.99,0.0
503375,2,108,3,264.99,0.0
503376,1,127,2,58.99,0.0
503376,2,119,1,78.99,0.0
503377,1,117,1,178.99,0.0
503378,1,135,1,121.99,0.0
503379,1,107,2,198.99,0.1
503379,2,114,1,138.99,0.1
503379,3,136,1,28.99,0.1
503379,4,117,1,188.99,0.1
503380,1,116,1,158.99,0.0
503381,1,120,2,248.99,0.0
503381,2,125,3,31.99,0.0
503382,1,137,2,34.99,0.1
503383,1,111,1,48.99,0.0
503383,2,133,1,118.99,0.0
503384,1,129,1,44.99,0.2
503385,1,119,2,78.99,0.0
503386,1,104,2,432.99,0.1
503386,2,107,2,162.99,0.1
503387,1,102,1,397.99,0.0
503387,2,118,1,83.99,0.0
503387,3,122,1,74.99,0.0
503387,4,115,3,36.99,0.0
503388,1,107,2,198.99,0.0
503388,2,130,2,18.99,0.0
503388,3,108,1,278.99,0.0
503389,1,123,2,68.99,0.1
503389,2,104,2,432.99,0.1
503390,1,127,1,55.99,0.0
503391,1,113,1,208.99,0.0
503392,1,120,1,248.99,0.0
503393,1,126,1,63.99,0.0
503394,1,119,2,78.99,0.0
503394,2,124,2,58.99,0.0
503394,3,110,3,98.99,0.0
503395,1,119,1,78.99,0.1
503395,2,118,1,88.99,0.1
503396,1,108,1,227.99,0.2
503397,1,120,3,235.99,0.0
503397,2,109,1,64.99,0.0
503398,1,101,1,288.99,0.0
503398,2,122,1,78.99,0.0
503399,1,133,2,112.99,0.0
503399,2,124,2,55.99,0.0
503399,3,120,1,235.99,0.0
503400,1,134,1,238.99,0.0
503401,1,118,2,88.99,0.0
503402,1,132,3,39.99,0.0
503403,1,124,1,58.99,0.0
503404,1,112,1,169.99,0.0
503405,1,118,2,88.99,0.1
503406,1,102,3,397.99,0.1
503407,1,120,2,248.99,0.0
503408,1,110,2,98.99,0.0
503408,2,128,1,28.99,0.0
503408,3,114,2,138.99,0.0
503408,4,116,1,158.99,0.0
503409,1,102,1,418.99,0.0
503409,2,104,1,528.99,0.0
503410,1,120,1,248.99,0.0
503411,1,135,1,148.99,0.0
503411,2,104,1,528.99,0.0
503411,3,112,1,178.99,0.0
503412,1,133,3,112.99,0.0
503413,1,113,3,208.99,0.1
503413,2,130,1,18.99,0.1
503413,3,122,2,78.99,0.1
503414,1,115,3,38.99,0.0
503414,2,110,1,98.99,0.0
503415,1,114,1,138.99,0.0
503416,1,120,2,248.99,0.2
503416,2,106,2,88.99,0.2
503417,1,127,2,55.99,0.0
503418,1,114,1,138.99,0.2
503418,2,109,3,68.99,0.2
503419,1,107,1,188.99,0.0
503420,1,110,2,98.99,0.1
503421,1,122,1,78.99,0.1
503421,2,115,1,38.99,0.1
503422,1,111,2,39.99,0.1
503423,1,111,1,48.99,0.2
503424,1,124,2,58.99,0.0
503425,1,112,1,169.99,0.0
503426,1,127,1,58.99,0.0
503427,1,123,1,84.99,0.1
503428,1,124,2,58.99,0.0
503428,2,105,1,118.99,0.0
503429,1,130,2,17.99,0.0
503430,1,119,1,78.99,0.0
503431,1,120,3,248.99,0.0
503432,1,124,1,58.99,0.0
503433,1,113,1,170.99,0.2
503433,2,119,1,63.99,0.2
503434,1,124,3,58.99,0.1
503435,1,111,1,48.99,0.1
503436,1,116,3,129.99,0.0
503436,2,118,1,71.99,0.0
503436,3,110,1,80.99,0.0
503437,1,127,1,58.99,0.2
503437,2,103,1,348.99,0.2
503438,1,120,3,248.99,0.0
503438,2,111,2,48.99,0.0
503438,3,108,2,278.99,0.0
503439,1,110,1,98.99,0.1
503439,2,120,1,248.99,0.1
503440,1,109,3,68.99,0.2
503441,1,129,1,44.99,0.0
503442,1,135,1,140.99,0.0
503442,2,124,2,55.99,0.0
503442,3,106,2,83.99,0.0
503443,1,107,2,198.99,0.1
503444,1,106,1,83.99,0.0
503444,2,122,2,74.99,0.0
503444,3,119,1,74.99,0.0
503444,4,128,1,26.99,0.0
503445,1,103,1,330.99,0.0
503446,1,123,1,68.99,0.0
503447,1,117,1,178.99,0.0
503448,1,108,1,264.99,0.0
503449,1,109,2,68.99,0.0
503450,1,118,2,88.99,0.0
503451,1,113,1,208.99,0.0
503451,2,121,3,228.99,0.0
503452,1,107,1,188.99,0.0
503452,2,122,2,74.99,0.0
503452,3,128,1,26.99,0.0
503453,1,123,1,84.99,0.0
503454,1,106,2,88.99,0.0
503455,1,131,2,24.99,0.3
503456,1,102,1,418.99,0.0
503457,1,123,1,79.99,0.3
503458,1,106,2,83.99,0.0
503458,2,102,2,397.99,0.0
503458,3,119,2,74.99,0.0
503458,4,122,1,74.99,0.0
503459,1,123,1,79.99,0.2
503460,1,108,2,278.99,0.0
503460,2,103,2,348.99,0.0
503461,1,107,1,198.99,0.1
503462,1,103,1,330.99,0.1
503463,1,137,1,27.99,0.0
503463,2,124,1,47.99,0.0
503463,3,119,1,63.99,0.0
503464,1,121,1,228.99,0.0
503464,2,119,2,78.99,0.0
503465,1,126,241,78.99,0.0
503466,1,114,2,138.99,0.0
503467,1,135,1,140.99,0.0
503468,1,118,1,88.99,0.0
503468,2,110,1,98.99,0.0
503469,1,122,1,74.99,0.1
503470,1,110,3,98.99,0.0
503470,2,126,1,78.99,0.0
503471,1,107,1,198.99,0.1
503471,2,115,1,38.99,0.1
503471,3,112,1,178.99,0.1
503471,4,122,1,78.99,0.1
503472,1,106,1,71.99,0.0
503473,1,121,1,228.99,0.1
503474,1,111,1,48.99,0.2
503474,2,109,1,68.99,0.2
503474,3,123,1,84.99,0.2
503474,4,114,2,138.99,0.2
503474,5,131,1,24.99,0.2
503475,1,123,3,84.99,0.0
503475,2,125,1,31.99,0.0
503475,3,116,3,158.99,0.0
503476,1,116,1,158.99,0.0
503476,2,119,1,78.99,0.0
503477,1,119,2,74.99,0.0
503478,1,112,3,178.99,0.0
503479,1,123,3,68.99,0.0
503479,2,122,2,63.99,0.0
503479,3,101,1,235.99,0.0
503480,1,136,1,22.99,0.0
503480,2,117,2,153.99,0.0
503481,1,112,2,178.99,0.0
503482,1,130,1,18.99,0.0
503482,2,110,2,98.99,0.0
503483,1,111,1,45.99,0.1
503483,2,113,2,197.99,0.1
503483,3,127,1,55.99,0.1
503483,4,118,2,83.99,0.1
503484,1,131,2,22.99,0.0
503484,2,111,1,45.99,0.0
503485,1,113,1,208.99,0.0
503486,1,115,2,38.99,0.0
503487,1,111,1,48.99,0.0
503488,1,119,1,78.99,0.0
503489,1,110,1,98.99,0.0
503489,2,121,1,228.99,0.0
503490,1,137,3,27.99,0.0
503491,1,115,1,30.99,0.0
503492,1,117,2,178.99,0.0
503492,2,124,2,55.99,0.0
503492,3,116,3,150.99,0.0
503493,1,102,1,418.99,0.0
503494,1,117,2,188.99,0.0
503495,1,110,2,98.99,0.0
503496,1,116,1,129.99,0.0
503496,2,136,1,22.99,0.0
503496,3,123,2,68.99,0.0
503497,1,128,1,28.99,0.0
503497,2,119,2,78.99,0.0
503497,3,124,1,58.99,0.0
503497,4,105,1,118.99,0.0
503498,1,125,2,31.99,0.0
503498,2,113,2,208.99,0.0
503499,1,101,1,235.99,0.0
503499,2,115,1,30.99,0.0
503500,1,116,2,129.99,0.0
503501,1,125,1,29.99,0.0
503502,1,108,1,264.99,0.0
503503,1,112,1,169.99,0.0
503504,1,108,1,227.99,0.0
503504,2,113,2,170.99,0.0
503504,3,123,2,68.99,0.0
503505,1,106,1,88.99,0.0
503505,2,125,3,31.99,0.0
503506,1,136,1,28.99,0.2
503507,1,121,2,186.99,0.1
503507,2,102,2,342.99,0.1
503508,1,118,1,71.99,0.0
503509,1,107,1,198.99,0.0
503509,2,132,1,48.99,0.0
503509,3,136,2,28.99,0.0
503509,4,106,2,88.99,0.0
503510,1,111,1,39.99,0.0
503510,2,126,3,63.99,0.0
503510,3,124,2,47.99,0.0
503511,1,125,1,25.99,0.0
503512,1,108,3,227.99,0.0
503513,1,110,2,98.99,0.1
503514,1,137,3,34.99,0.0
503514,2,101,1,288.99,0.0
503515,1,118,1,71.99,0.0
503516,1,104,2,501.99,0.0
503516,2,115,1,36.99,0.0
503517,1,125,1,31.99,0.0
503518,1,123,1,84.99,0.0
503518,2,122,1,78.99,0.0
503518,3,133,1,118.99,0.0
503519,1,131,2,24.99,0.2
503519,2,137,2,34.99,0.2
503520,1,122,1,74.99,0.0
503521,1,120,2,248.99,0.0
503522,1,108,1,227.99,0.0
503523,1,124,2,58.99,0.0
503524,1,131,1,24.99,0.0
503525,1,120,3,248.99,0.0
503525,2,119,3,78.99,0.0
503525,3,114,2,138.99,0.0
503525,4,130,1,18.99,0.0
503526,1,108,3,278.99,0.0
503527,1,109,1,68.99,0.1
503528,1,110,1,80.99,0.2
503529,1,118,1,88.99,0.0
503530,1,115,2,30.99,0.0
503531,1,112,1,178.99,0.0
503531,2,120,1,248.99,0.0
503532,1,119,2,78.99,0.0
503533,1,109,1,68.99,0.1
503534,1,107,1,198.99,0.1
503535,1,136,1,28.99,0.0
503536,1,106,1,83.99,0.0
503537,1,137,1,34.99,0.0
503537,2,112,3,178.99,0.0
503538,1,111,2,45.99,0.2
503538,2,102,2,397.99,0.2
503538,3,114,1,131.99,0.2
503539,1,120,1,203.99,0.0
503540,1,117,3,188.99,0.0
503540,2,108,2,278.99,0.0
503540,3,120,1,248.99,0.0
503541,1,133,1,112.99,0.0
503542,1,120,1,203.99,0.0
503543,1,125,2,31.99,0.2
503544,1,124,1,58.99,0.1
503544,2,116,3,158.99,0.1
503544,3,122,3,78.99,0.1
503545,1,136,1,28.99,0.2
503545,2,135,3,148.99,0.2
503545,3,106,1,88.99,0.2
503545,4,107,2,198.99,0.2
503546,1,117,2,188.99,0.2
503546,2,116,1,158.99,0.2
503547,1,119,1,78.99,0.0
503548,1,115,1,38.99,0.0
503548,2,107,3,198.99,0.0
503549,1,102,1,342.99,0.0
503549,2,123,2,68.99,0.0
503549,3,119,3,63.99,0.0
503549,4,127,1,47.99,0.0
503550,1,122,1,78.99,0.0
503550,2,137,3,34.99,0.0
503550,3,125,1,31.99,0.0
503551,1,128,2,28.99,0.0
503551,2,107,1,198.99,0.0
503551,3,138,1,98.99,0.0
503552,1,107,2,198.99,0.2
503552,2,117,2,188.99,0.2
503553,1,122,1,74.99,0.0
503554,1,125,1,31.99,0.2
503555,1,116,2,158.99,0.0
503556,1,126,2,63.99,0.0
503556,2,124,1,47.99,0.0
503556,3,114,1,112.99,0.0
503557,1,108,1,278.99,0.0
503557,2,130,1,18.99,0.0
503557,3,123,2,84.99,0.0
503558,1,122,3,74.99,0.0
503558,2,135,1,140.99,0.0
503558,3,114,1,131.99,0.0
503558,4,116,1,150.99,0.0
503559,1,125,2,29.99,0.1
503560,1,137,2,32.99,0.0
503561,1,129,1,44.99,0.0
503562,1,115,1,38.99,0.0
503562,2,106,1,88.99,0.0
503563,1,138,1,80.99,0.0
503563,2,128,1,22.99,0.0
503564,1,134,3,226.99,0.0
503565,1,121,3,228.99,0.0
503566,1,112,1,169.99,0.0
503567,1,124,1,58.99,0.0
503568,1,130,1,18.99,0.0
503569,1,128,3,28.99,0.2
503569,2,120,1,248.99,0.2
503569,3,117,1,188.99,0.2
503570,1,109,1,55.99,0.0
503570,2,138,1,80.99,0.0
503570,3,108,1,227.99,0.0
503571,1,114,1,138.99,0.1
503571,2,120,3,248.99,0.1
503572,1,114,1,138.99,0.3
503573,1,136,1,28.99,0.0
503573,2,137,1,34.99,0.0
503574,1,124,2,47.99,0.0
503575,1,116,1,158.99,0.1
503576,1,112,1,178.99,0.3
503576,2,116,3,158.99,0.3
503576,3,109,2,68.99,0.3
503576,4,118,1,88.99,0.3
503577,1,121,3,228.99,0.1
503577,2,120,1,248.99,0.1
503578,1,126,1,63.99,0.1
503578,2,115,2,30.99,0.1
503578,3,122,2,63.99,0.1
503578,4,134,1,194.99,0.1
503579,1,117,1,188.99,0.1
503579,2,137,2,34.99,0.1
503579,3,126,3,78.99,0.1
503580,1,126,1,63.99,0.0
503581,1,110,2,98.99,0.0
503581,2,111,1,48.99,0.0
503582,1,119,3,74.99,0.0
503583,1,107,1,188.99,0.2
503583,2,116,1,150.99,0.2
503584,1,121,3,228.99,0.3
503584,2,120,3,248.99,0.3
503585,1,134,1,226.99,0.1
503586,1,132,1,45.99,0.2
503586,2,107,1,188.99,0.2
503586,3,111,2,45.99,0.2
503586,4,109,2,64.99,0.2
503587,1,112,2,145.99,0.1
503588,1,124,1,58.99,0.1
503589,1,119,1,78.99,0.0
503590,1,130,1,17.99,0.3
503591,1,108,1,278.99,0.0
503592,1,108,2,278.99,0.2
503592,2,113,1,208.99,0.2
503593,1,117,2,178.99,0.0
503594,1,117,3,188.99,0.2
503595,1,125,1,31.99,0.0
503595,2,110,2,98.99,0.0
503596,1,124,2,58.99,0.0
503596,2,134,1,238.99,0.0
503597,1,106,1,88.99,0.0
503597,2,114,3,138.99,0.0
503598,1,125,1,31.99,0.0
503599,1,108,2,227.99,0.1
503600,1,129,1,41.99,0.0
503601,1,121,1,228.99,0.0
503601,2,113,2,208.99,0.0
503602,1,117,3,178.99,0.0
503602,2,121,1,216.99,0.0
503602,3,136,2,26.99,0.0
503603,1,127,2,58.99,0.0
503604,1,126,3,78.99,0.0
503605,1,136,2,28.99,0.0
503605,2,127,2,58.99,0.0
503606,1,132,1,48.99,0.2
503606,2,114,1,138.99,0.2
503607,1,101,3,288.99,0.0
503608,1,120,2,248.99,0.0
503608,2,121,1,228.99,0.0
503608,3,117,2,188.99,0.0
503609,1,104,3,501.99,0.1
503610,1,101,3,273.99,0.0
503610,2,110,1,93.99,0.0
503611,1,115,1,38.99,0.3
503611,2,117,1,188.99,0.3
503612,1,116,3,158.99,0.3
503612,2,130,1,18.99,0.3
503612,3,134,3,238.99,0.3
503612,4,119,1,78.99,0.3
503613,1,122,1,74.99,0.0
503614,1,124,1,58.99,0.0
503615,1,131,2,24.99,0.1
503615,2,118,2,88.99,0.1
503616,1,109,1,68.99,0.1
503616,2,121,2,228.99,0.1
503616,3,138,1,98.99,0.1
503617,1,111,1,48.99,0.0
503617,2,128,1,28.99,0.0
503618,1,133,2,112.99,0.0
503619,1,125,1,25.99,0.0
503619,2,123,2,68.99,0.0
503619,3,108,2,227.99,0.0
503619,4,121,2,186.99,0.0
503620,1,117,3,188.99,0.0
503620,2,124,1,58.99,0.0
503620,3,137,1,34.99,0.0
503621,1,127,1,55.99,0.0
503621,2,105,1,112.99,0.0
503621,3,136,3,26.99,0.0
503621,4,107,1,188.99,0.0
503622,1,125,1,31.99,0.1
503623,1,134,1,194.99,0.0
503623,2,121,1,186.99,0.0
503624,1,117,1,188.99,0.0
503624,2,125,3,31.99,0.0
503625,1,129,1,41.99,0.0
503625,2,128,1,26.99,0.0
503625,3,102,1,397.99,0.0
503626,1,119,1,74.99,0.0
503626,2,108,1,264.99,0.0
503627,1,122,3,78.99,0.0
503627,2,133,1,118.99,0.0
503628,1,110,1,98.99,0.0
503629,1,107,2,162.99,0.3
503630,1,125,1,25.99,0.0
503631,1,113,2,197.99,0.2
503632,1,114,3,131.99,0.0
503633,1,125,1,31.99,0.0
503634,1,102,2,418.99,0.0
503634,2,114,1,138.99,0.0
503635,1,101,1,288.99,0.0
503635,2,113,3,208.99,0.0
503636,1,129,2,35.99,0.0
503637,1,124,1,58.99,0.1
503637,2,131,1,24.99,0.1
503637,3,106,2,88.99,0.1
503637,4,115,2,38.99,0.1
503638,1,129,1,35.99,0.0
503639,1,109,2,64.99,0.0
503639,2,120,2,235.99,0.0
503639,3,124,1,55.99,0.0
503639,4,131,1,22.99,0.0
503639,5,119,3,74.99,0.0
503640,1,113,2,208.99,0.1
503641,1,107,3,198.99,0.0
503641,2,125,1,31.99,0.0
503641,3,116,2,158.99,0.0
503641,4,114,1,138.99,0.0
503641,5,127,1,58.99,0.0
503642,1,113,3,208.99,0.0
503642,2,128,1,28.99,0.0
503643,1,111,1,45.99,0.0
503644,1,138,2,98.99,0.1
503645,1,104,1,528.99,0.0
503646,1,104,3,528.99,0.0
503646,2,134,1,238.99,0.0
503646,3,118,1,88.99,0.0
503647,1,134,2,238.99,0.0
503647,2,120,2,248.99,0.0
503647,3,132,2,48.99,0.0
503647,4,121,1,228.99,0.0
503648,1,119,1,74.99,0.0
503649,1,119,1,74.99,0.0
503650,1,133,1,96.99,0.0
503650,2,116,1,129.99,0.0
503650,3,135,2,121.99,0.0
503651,1,128,1,22.99,0.0
503651,2,122,1,63.99,0.0
503651,3,109,3,55.99,0.0
503652,1,104,1,501.99,0.0
503652,2,114,1,131.99,0.0
503652,3,121,2,216.99,0.0
503653,1,129,1,41.99,0.0
503653,2,111,3,45.99,0.0
503654,1,110,2,98.99,0.0
503654,2,121,2,228.99,0.0
503654,3,114,3,138.99,0.0
503655,1,119,1,78.99,0.3
503656,1,131,2,22.99,0.2
503657,1,112,1,178.99,0.0
503657,2,109,1,68.99,0.0
503658,1,108,2,278.99,0.1
503659,1,115,1,30.99,0.0
503660,1,129,2,44.99,0.2
503661,1,117,2,188.99,0.0
503662,1,119,1,63.99,0.1
503662,2,127,1,47.99,0.1
503662,3,125,1,25.99,0.1
503663,1,125,1,31.99,0.0
503664,1,123,1,84.99,0.1
503664,2,126,2,78.99,0.1
503665,1,110,2,98.99,0.0
503665,2,113,1,208.99,0.0
503665,3,101,2,288.99,0.0
503666,1,115,1,36.99,0.2
503666,2,110,1,93.99,0.2
503666,3,134,1,226.99,0.2
503666,4,119,3,74.99,0.2
503666,5,124,1,55.99,0.2
503667,1,113,1,197.99,0.0
503667,2,115,1,36.99,0.0
503667,3,114,1,131.99,0.0
503668,1,111,3,48.99,0.0
503669,1,125,1,31.99,0.0
503670,1,122,1,78.99,0.0
503670,2,124,3,58.99,0.0
503670,3,127,2,58.99,0.0
503671,1,114,2,138.99,0.0
503672,1,133,2,112.99,0.0
503673,1,129,3,44.99,0.2
503674,1,101,1,288.99,0.0
503675,1,107,3,198.99,0.0
503675,2,136,1,28.99,0.0
503676,1,118,1,88.99,0.2
503677,1,125,2,29.99,0.1
503678,1,111,1,48.99,0.0
503679,1,122,2,78.99,0.0
503679,2,119,1,78.99,0.0
503680,1,113,2,208.99,0.0
503681,1,106,1,88.99,0.2
503682,1,121,2,228.99,0.0
503683,1,121,1,228.99,0.0
503684,1,118,2,88.99,0.0
503684,2,124,1,58.99,0.0
503684,3,130,3,18.99,0.0
503684,4,111,1,48.99,0.0
503685,1,123,1,84.99,0.0
503686,1,126,2,74.99,0.2
503687,1,131,1,19.99,0.2
503687,2,119,2,63.99,0.2
503687,3,120,1,203.99,0.2
503688,1,120,1,203.99,0.1
503689,1,111,3,45.99,0.0
503690,1,106,1,88.99,0.0
503691,1,123,2,84.99,0.1
503692,1,110,1,98.99,0.0
503692,2,121,1,228.99,0.0
503692,3,133,3,118.99,0.0
503693,1,122,1,78.99,0.0
503694,1,123,1,84.99,0.0
503694,2,136,1,28.99,0.0
503694,3,119,1,78.99,0.0
503694,4,110,1,98.99,0.0
503695,1,125,1,31.99,0.0
503696,1,109,3,64.99,0.1
503697,1,138,1,98.99,0.0
503697,2,111,1,48.99,0.0
503698,1,122,3,78.99,0.0
503699,1,113,3,208.99,0.1
503700,1,119,1,78.99,0.0
503700,2,117,2,188.99,0.0
503700,3,129,1,44.99,0.0
503700,4,133,1,118.99,0.0
503700,5,121,3,228.99,0.0
503701,1,135,1,148.99,0.2
503702,1,124,2,47.99,0.0
503703,1,136,1,22.99,0.0
503704,1,138,2,98.99,0.2
503704,2,120,2,248.99,0.2
503705,1,128,1,22.99,0.0
503705,2,124,1,47.99,0.0
503706,1,111,1,45.99,0.0
503706,2,126,1,74.99,0.0
503706,3,134,1,226.99,0.0
503706,4,108,3,264.99,0.0
503707,1,124,1,58.99,0.0
503707,2,135,1,148.99,0.0
503707,3,120,1,248.99,0.0
503707,4,132,1,48.99,0.0
503708,1,129,1,41.99,0.0
503709,1,135,2,148.99,0.0
503710,1,106,1,88.99,0.0
503710,2,123,2,84.99,0.0
503710,3,134,3,238.99,0.0
503710,4,135,1,148.99,0.0
503710,5,119,2,78.99,0.0
503711,1,110,3,98.99,0.1
503712,1,133,1,118.99,0.0
503713,1,112,3,178.99,0.0
503714,1,119,2,63.99,0.0
503714,2,118,1,71.99,0.0
503714,3,132,3,39.99,0.0
503715,1,101,1,235.99,0.0
503716,1,111,2,48.99,0.0
503716,2,115,1,38.99,0.0
503716,3,114,1,138.99,0.0
503716,4,109,1,68.99,0.0
503717,1,130,2,14.99,0.0
503718,1,137,1,32.99,0.0
503719,1,129,1,44.99,0.1
503720,1,109,2,55.99,0.0
503721,1,135,1,148.99,0.0
503722,1,130,1,18.99,0.0
503723,1,110,1,98.99,0.0
503724,1,115,2,38.99,0.0
503725,1,118,2,88.99,0.0
503725,2,123,2,84.99,0.0
503725,3,136,1,28.99,0.0
503726,1,113,1,197.99,0.0
503727,1,126,1,63.99,0.0
503728,1,115,1,38.99,0.0
503729,1,124,3,58.99,0.1
503729,2,129,1,44.99,0.1
503730,1,107,1,188.99,0.2
503731,1,107,1,162.99,0.1
503731,2,122,1,63.99,0.1
503732,1,113,3,170.99,0.3
503733,1,127,2,47.99,0.0
503733,2,112,1,145.99,0.0
503734,1,108,1,278.99,0.0
503735,1,112,1,178.99,0.0
503735,2,128,2,28.99,0.0
503736,1,125,2,31.99,0.0
503736,2,102,3,418.99,0.0
503736,3,128,1,28.99,0.0
503736,4,106,1,88.99,0.0
503736,5,113,3,208.99,0.0
503737,1,110,3,93.99,0.0
503737,2,118,2,83.99,0.0
503737,3,113,1,197.99,0.0
503737,4,114,1,131.99,0.0
503738,1,127,2,58.99,0.0
503739,1,101,3,288.99,0.0
503739,2,113,2,208.99,0.0
503740,1,107,2,188.99,0.2
503740,2,124,1,55.99,0.2
503741,1,125,2,25.99,0.2
503742,1,117,1,178.99,0.0
503742,2,136,2,26.99,0.0
503742,3,116,1,150.99,0.0
503743,1,125,2,29.99,0.1
503744,1,128,1,22.99,0.0
503744,2,111,2,39.99,0.0
503744,3,123,1,68.99,0.0
503745,1,103,2,348.99,0.0
503745,2,119,1,78.99,0.0
503745,3,131,1,24.99,0.0
503746,1,108,1,264.99,0.0
503747,1,125,1,31.99,0.0
503748,1,130,2,18.99,0.0
503748,2,124,1,58.99,0.0
503749,1,110,1,98.99,0.0
503749,2,128,1,28.99,0.0
503749,3,113,1,208.99,0.0
503749,4,133,1,118.99,0.0
503750,1,112,1,169.99,0.0
503750,2,115,2,36.99,0.0
503750,3,132,2,45.99,0.0
503751,1,128,1,28.99,0.0
503751,2,121,2,228.99,0.0
503751,3,119,1,78.99,0.0
503752,1,113,1,170.99,0.0
503752,2,127,1,47.99,0.0
503753,1,118,1,83.99,0.3
503754,1,134,1,226.99,0.0
503754,2,121,1,216.99,0.0
503755,1,132,1,45.99,0.0
503755,2,123,2,79.99,0.0
503755,3,115,1,36.99,0.0
503756,1,124,1,55.99,0.1
503757,1,121,1,216.99,0.0
503757,2,127,1,55.99,0.0
503757,3,110,1,93.99,0.0
503758,1,110,1,98.99,0.1
503759,1,114,1,138.99,0.2
503760,1,115,2,38.99,0.0
503760,2,118,2,88.99,0.0
503761,1,127,1,58.99,0.1
503761,2,121,3,228.99,0.1
503761,3,125,2,31.99,0.1
503762,1,127,1,58.99,0.0
503763,1,109,1,68.99,0.0
503763,2,127,2,58.99,0.0
503764,1,104,1,501.99,0.0
503765,1,111,1,45.99,0.1
503766,1,116,1,158.99,0.2
503767,1,129,3,35.99,0.3
503768,1,109,2,68.99,0.2
503768,2,122,3,78.99,0.2
503769,1,105,2,118.99,0.0
503769,2,119,1,78.99,0.0
503770,1,105,2,96.99,0.0
503771,1,128,2,28.99,0.0
503771,2,114,2,138.99,0.0
503772,1,108,1,278.99,0.0
503773,1,114,3,138.99,0.0
503773,2,102,2,418.99,0.0
503774,1,103,1,330.99,0.0
503775,1,126,1,78.99,0.1
503776,1,111,1,48.99,0.0
503777,1,128,2,28.99,0.0
503778,1,108,1,278.99,0.0
503778,2,136,3,28.99,0.0
503778,3,138,2,98.99,0.0
503779,1,132,1,48.99,0.2
503780,1,130,1,18.99,0.0
503780,2,116,2,158.99,0.0
503781,1,118,3,71.99,0.1
503781,2,105,3,96.99,0.1
503781,3,137,3,27.99,0.1
503781,4,117,2,153.99,0.1
503782,1,131,3,19.99,0.0
503782,2,116,1,129.99,0.0
503782,3,125,2,25.99,0.0
503783,1,117,2,188.99,0.0
503784,1,134,1,238.99,0.0
503784,2,120,2,248.99,0.0
503784,3,121,1,228.99,0.0
503784,4,128,3,28.99,0.0
503785,1,131,2,22.99,0.1
503786,1,122,2,63.99,0.2
503787,1,125,1,31.99,0.2
503787,2,137,2,34.99,0.2
503787,3,117,2,188.99,0.2
503787,4,111,1,48.99,0.2
503788,1,119,2,78.99,0.0
503788,2,118,1,88.99,0.0
503788,3,128,1,28.99,0.0
503788,4,131,2,24.99,0.0
503788,5,112,1,178.99,0.0
503789,1,124,1,58.99,0.0
503789,2,112,1,178.99,0.0
503790,1,110,1,98.99,0.0
503791,1,119,2,78.99,0.1
503791,2,103,1,348.99,0.1
503792,1,120,1,248.99,0.0
503793,1,123,1,79.99,0.0
503793,2,135,2,140.99,0.0
503794,1,120,2,248.99,0.0
503795,1,128,1,26.99,0.0
503795,2,131,2,22.99,0.0
503795,3,126,1,74.99,0.0
503796,1,120,1,235.99,0.1
503797,1,111,1,48.99,0.0
503798,1,124,1,55.99,0.0
503798,2,125,2,29.99,0.0
503799,1,117,3,188.99,0.0
503800,1,130,2,14.99,0.0
503800,2,103,1,285.99,0.0
503800,3,136,2,22.99,0.0
503800,4,135,1,121.99,0.0
503801,1,124,1,58.99,0.0
503802,1,122,1,78.99,0.0
503802,2,114,2,138.99,0.0
503802,3,130,1,18.99,0.0
503803,1,130,2,17.99,0.0
503803,2,111,2,45.99,0.0
503804,1,132,1,48.99,0.0
503804,2,116,1,158.99,0.0
503805,1,112,3,178.99,0.0
503806,1,111,1,45.99,0.0
503807,1,134,3,238.99,0.1
503808,1,120,1,203.99,0.0
503809,1,118,3,88.99,0.0
503810,1,101,2,288.99,0.1
503811,1,114,2,131.99,0.0
503811,2,117,1,178.99,0.0
503811,3,112,1,169.99,0.0
503811,4,127,1,55.99,0.0
503812,1,136,1,22.99,0.0
503813,1,132,3,45.99,0.0
503814,1,138,2,98.99,0.3
503814,2,118,1,88.99,0.3
503815,1,110,1,98.99,0.0
503815,2,133,1,118.99,0.0
503816,1,107,1,198.99,0.3
503816,2,120,1,248.99,0.3
503817,1,128,2,28.99,0.0
503817,2,109,1,68.99,0.0
503818,1,101,1,288.99,0.0
503819,1,109,2,64.99,0.1
503819,2,134,1,226.99,0.1
503819,3,108,1,264.99,0.1
503820,1,123,2,79.99,0.0
503820,2,113,3,197.99,0.0
503821,1,112,1,169.99,0.0
503822,1,129,3,35.99,0.0
503822,2,136,2,22.99,0.0
503823,1,110,3,80.99,0.0
503823,2,123,2,68.99,0.0
503823,3,118,1,71.99,0.0
503824,1,130,1,17.99,0.0
503824,2,124,1,55.99,0.0
503824,3,118,1,83.99,0.0
503825,1,123,1,84.99,0.0
503826,1,125,1,29.99,0.0
503827,1,111,2,48.99,0.0
503827,2,128,2,28.99,0.0
503828,1,131,1,24.99,0.0
503829,1,122,3,78.99,0.0
503830,1,136,1,28.99,0.0
503831,1,117,2,153.99,0.0
503831,2,101,2,235.99,0.0
503832,1,101,1,288.99,0.0
503833,1,126,2,63.99,0.0
503834,1,108,1,278.99,0.0
503834,2,113,1,208.99,0.0
503834,3,115,1,38.99,0.0
503834,4,134,1,238.99,0.0
503835,1,108,2,227.99,0.0
503835,2,120,1,203.99,0.0
503836,1,136,1,28.99,0.0
503836,2,115,2,38.99,0.0
503837,1,106,1,88.99,0.0
503838,1,108,3,278.99,0.0
503839,1,116,2,150.99,0.1
503839,2,130,2,17.99,0.1
503839,3,129,2,41.99,0.1
503840,1,102,3,418.99,0.0
503841,1,112,2,169.99,0.1
503842,1,114,1,138.99,0.1
503842,2,113,1,208.99,0.1
503843,1,137,1,34.99,0.0
503843,2,117,3,188.99,0.0
503844,1,122,1,63.99,0.1
503844,2,112,3,145.99,0.1
503844,3,118,1,71.99,0.1
503845,1,125,1,29.99,0.1
503846,1,132,1,45.99,0.0
503847,1,137,1,34.99,0.0
503848,1,135,2,140.99,0.0
503848,2,117,2,178.99,0.0
503848,3,116,2,150.99,0.0
503849,1,106,2,83.99,0.0
503850,1,136,1,28.99,0.1
503850,2,134,1,238.99,0.1
503851,1,102,1,342.99,0.0
503851,2,118,2,71.99,0.0
503852,1,124,2,58.99,0.0
503852,2,120,3,248.99,0.0
503852,3,137,3,34.99,0.0
503853,1,121,1,228.99,0.2
503854,1,125,1,31.99,0.0
503855,1,106,3,88.99,0.0
503855,2,137,2,34.99,0.0
503855,3,136,1,28.99,0.0
503856,1,105,3,118.99,0.0
503856,2,125,1,31.99,0.0
503857,1,120,1,235.99,0.0
503857,2,113,2,197.99,0.0
503858,1,118,1,83.99,0.0
503858,2,114,1,131.99,0.0
503858,3,109,1,64.99,0.0
503859,1,119,1,74.99,0.1
503859,2,133,2,112.99,0.1
503860,1,112,3,178.99,0.0
503861,1,113,1,170.99,0.1
503862,1,110,2,80.99,0.0
503862,2,132,1,39.99,0.0
503862,3,109,1,55.99,0.0
503863,1,121,1,186.99,0.0
503863,2,105,3,96.99,0.0
503864,1,114,2,112.99,0.0
503864,2,102,2,342.99,0.0
503865,1,125,2,29.99,0.0
503866,1,135,1,148.99,0.0
503867,1,125,2,31.99,0.0
503868,1,132,3,48.99,0.0
503869,1,116,3,158.99,0.2
503869,2,118,2,88.99,0.2
503869,3,125,1,31.99,0.2
503870,1,137,1,34.99,0.0
503870,2,124,3,58.99,0.0
503870,3,125,1,31.99,0.0
503870,4,105,2,118.99,0.0
503871,1,114,1,138.99,0.0
503871,2,133,2,118.99,0.0
503871,3,111,1,48.99,0.0
503871,4,130,2,18.99,0.0
503871,5,123,1,84.99,0.0
503872,1,106,1,88.99,0.0
503872,2,107,1,198.99,0.0
503873,1,109,1,68.99,0.2
503874,1,121,1,228.99,0.1
503874,2,111,1,48.99,0.1
503875,1,113,1,208.99,0.0
503875,2,130,1,18.99,0.0
503875,3,134,1,238.99,0.0
503875,4,124,1,58.99,0.0
503876,1,102,1,397.99,0.2
503877,1,119,3,74.99,0.0
503878,1,112,1,178.99,0.1
503878,2,118,2,88.99,0.1
503878,3,120,1,248.99,0.1
503879,1,131,2,22.99,0.0
503880,1,115,2,38.99,0.0
503880,2,125,1,31.99,0.0
503880,3,106,3,88.99,0.0
503880,4,111,3,48.99,0.0
503880,5,119,2,78.99,0.0
503881,1,118,2,83.99,0.0
503882,1,117,1,178.99,0.0
503882,2,131,2,22.99,0.0
503883,1,122,1,74.99,0.0
503883,2,124,1,55.99,0.0
503883,3,128,2,26.99,0.0
503883,4,121,1,216.99,0.0
503883,5,116,1,150.99,0.0
503884,1,117,3,188.99,0.0
503885,1,125,3,31.99,0.2
503886,1,111,3,39.99,0.0
503887,1,129,3,41.99,0.0
503888,1,112,1,145.99,0.0
503889,1,119,1,74.99,0.0
503890,1,124,3,47.99,0.0
503891,1,120,1,203.99,0.0
503891,2,135,3,121.99,0.0
503891,3,105,1,96.99,0.0
503891,4,113,2,170.99,0.0
503891,5,112,1,145.99,0.0
503892,1,104,1,501.99,0.0
503892,2,113,1,197.99,0.0
503892,3,110,2,93.99,0.0
503893,1,117,1,153.99,0.0
503894,1,125,1,29.99,0.0
503895,1,105,3,118.99,0.1
503895,2,116,3,158.99,0.1
503895,3,120,1,248.99,0.1
503895,4,121,1,228.99,0.1
503896,1,118,1,83.99,0.0
503897,1,136,1,28.99,0.0
503898,1,118,1,88.99,0.0
503899,1,112,3,178.99,0.0
503899,2,124,3,58.99,0.0
503899,3,103,2,348.99,0.0
503899,4,134,2,238.99,0.0
503900,1,114,3,112.99,0.2
503900,2,123,3,68.99,0.2
503900,3,118,1,71.99,0.2
503901,1,109,2,68.99,0.0
503902,1,114,1,131.99,0.0
503903,1,124,2,58.99,0.1
503904,1,115,1,36.99,0.0
503904,2,101,1,273.99,0.0
503905,1,122,1,78.99,0.0
503906,1,130,1,14.99,0.0
503907,1,125,3,31.99,0.0
503908,1,121,1,228.99,0.1
503909,1,138,3,93.99,0.1
503909,2,137,1,32.99,0.1
503910,1,126,1,78.99,0.0
503911,1,118,1,83.99,0.0
503912,1,110,1,98.99,0.3
503913,1,105,2,118.99,0.0
503914,1,127,2,58.99,0.1
503915,1,138,1,98.99,0.0
503916,1,137,2,34.99,0.0
503917,1,121,1,228.99,0.0
503917,2,105,2,118.99,0.0
503917,3,122,3,78.99,0.0
503918,1,108,2,278.99,0.0
503918,2,138,3,98.99,0.0
503919,1,110,2,80.99,0.0
503920,1,101,1,288.99,0.0
503921,1,127,3,55.99,0.0
503922,1,119,2,78.99,0.1
503922,2,107,1,198.99,0.1
503923,1,113,1,208.99,0.0
503924,1,129,1,44.99,0.0
503924,2,123,1,84.99,0.0
503924,3,106,1,88.99,0.0
503925,1,135,1,140.99,0.0
503926,1,127,1,55.99,0.2
503926,2,132,1,45.99,0.2
503927,1,104,1,501.99,0.0
503928,1,119,1,78.99,0.1
503929,1,130,1,17.99,0.0
503930,1,116,2,129.99,0.0
503931,1,119,1,63.99,0.0
503931,2,129,1,35.99,0.0
503932,1,113,1,208.99,0.0
503933,1,124,1,58.99,0.0
503933,2,109,1,68.99,0.0
503934,1,113,1,208.99,0.0
503934,2,117,3,188.99,0.0
503934,3,138,1,98.99,0.0
503934,4,103,2,348.99,0.0
503935,1,123,1,68.99,0.0
503936,1,125,3,31.99,0.0
503936,2,137,1,34.99,0.0
503936,3,102,1,418.99,0.0
503936,4,136,2,28.99,0.0
503937,1,123,2,79.99,0.0
503938,1,104,1,432.99,0.0
503938,2,118,1,71.99,0.0
503938,3,134,1,194.99,0.0
503939,1,132,1,48.99,0.0
503939,2,108,1,278.99,0.0
503939,3,124,1,58.99,0.0
503940,1,104,2,528.99,0.0
503941,1,119,2,74.99,0.0
503941,2,121,1,216.99,0.0
503942,1,115,3,30.99,0.0
503943,1,101,3,273.99,0.3
503944,1,102,3,418.99,0.0
503945,1,113,1,197.99,0.0
503945,2,133,2,112.99,0.0
503946,1,118,2,88.99,0.0
503947,1,113,1,208.99,0.0
503947,2,108,3,278.99,0.0
503948,1,117,1,153.99,0.0
503949,1,132,1,45.99,0.1
503949,2,122,1,74.99,0.1
503950,1,125,1,29.99,0.1
503950,2,109,1,64.99,0.1
503951,1,108,1,227.99,0.0
503951,2,117,1,153.99,0.0
503952,1,106,2,71.99,0.0
503953,1,124,1,55.99,0.0
503953,2,122,3,74.99,0.0
503954,1,117,3,188.99,0.0
503955,1,116,2,158.99,0.0
503956,1,109,1,64.99,0.2
503957,1,115,1,36.99,0.0
503957,2,110,1,93.99,0.0
503958,1,109,2,68.99,0.0
503959,1,120,3,248.99,0.0
503959,2,102,1,418.99,0.0
503960,1,109,1,68.99,0.0
503960,2,105,2,118.99,0.0
503960,3,111,1,48.99,0.0
503960,4,130,3,18.99,0.0
503961,1,113,1,197.99,0.0
503962,1,113,1,208.99,0.0
503962,2,101,3,288.99,0.0
503962,3,119,2,78.99,0.0
503963,1,122,2,78.99,0.0
503964,1,121,1,228.99,0.0
503965,1,135,3,148.99,0.0
503966,1,120,1,248.99,0.0
503966,2,125,1,31.99,0.0
503966,3,101,1,288.99,0.0
503967,1,123,1,79.99,0.0
503968,1,134,1,194.99,0.2
503969,1,122,3,63.99,0.0
503970,1,108,1,278.99,0.0
503970,2,104,1,528.99,0.0
503971,1,110,1,93.99,0.0
503972,1,133,3,112.99,0.0
503973,1,128,2,26.99,0.0
503974,1,110,1,80.99,0.0
503974,2,122,1,63.99,0.0
503974,3,114,1,112.99,0.0
503975,1,105,2,118.99,0.1
503975,2,137,1,34.99,0.1
503975,3,127,1,58.99,0.1
503976,1,115,1,36.99,0.0
503977,1,118,2,83.99,0.2
503977,2,115,1,36.99,0.2
503978,1,119,1,78.99,0.3
503978,2,110,1,98.99,0.3
503979,1,103,3,348.99,0.0
503980,1,106,3,88.99,0.0
503980,2,126,2,78.99,0.0
503980,3,102,3,418.99,0.0
503981,1,122,2,74.99,0.0
503981,2,132,3,45.99,0.0
503982,1,105,3,118.99,0.0
503982,2,113,2,208.99,0.0
503983,1,124,1,55.99,0.0
503983,2,107,1,188.99,0.0
503983,3,106,1,83.99,0.0
503983,4,121,2,216.99,0.0
503983,5,137,1,32.99,0.0
503984,1,127,1,58.99,0.0
503984,2,102,1,418.99,0.0
503984,3,103,1,348.99,0.0
503985,1,134,2,226.99,0.0
503986,1,113,1,208.99,0.0
503986,2,123,1,84.99,0.0
503986,3,128,1,28.99,0.0
503986,4,103,1,348.99,0.0
503987,1,119,1,74.99,0.0
503988,1,123,1,79.99,0.0
503989,1,107,1,188.99,0.0
503990,1,118,1,83.99,0.0
503991,1,114,1,131.99,0.0
503992,1,132,1,48.99,0.0
503992,2,111,2,48.99,0.0
503993,1,118,1,88.99,0.0
503993,2,101,2,288.99,0.0
503994,1,121,3,228.99,0.0
503994,2,135,1,148.99,0.0
503995,1,117,2,188.99,0.1
503995,2,128,2,28.99,0.1
503996,1,114,1,131.99,0.0
503997,1,108,1,264.99,0.0
503998,1,111,2,48.99,0.0
503999,1,101,1,288.99,0.1
504000,1,124,2,58.99,0.1
504000,2,136,3,28.99,0.1
504001,1,102,1,418.99,0.1
504002,1,133,1,112.99,0.0
504002,2,106,1,83.99,0.0
504003,1,121,1,228.99,0.0
504003,2,119,3,78.99,0.0
504004,1,113,1,197.99,0.0
504005,1,102,1,397.99,0.0
504005,2,107,2,188.99,0.0
504006,1,116,1,158.99,0.0
504006,2,125,2,31.99,0.0
504006,3,127,1,58.99,0.0
504007,1,123,1,79.99,0.1
504007,2,113,2,197.99,0.1
504008,1,117,1,188.99,0.0
504008,2,112,1,178.99,0.0
504008,3,108,2,278.99,0.0
504009,1,124,3,55.99,0.0
504010,1,123,2,84.99,0.0
504010,2,121,3,228.99,0.0
504011,1,111,2,48.99,0.0
504011,2,122,1,78.99,0.0
504011,3,117,2,188.99,0.0
504012,1,116,1,158.99,0.0
504013,1,120,1,248.99,0.0
504014,1,128,1,26.99,0.0
504015,1,134,2,238.99,0.0
504016,1,135,1,140.99,0.1
504016,2,134,2,226.99,0.1
504017,1,117,3,188.99,0.1
504018,1,116,1,158.99,0.3
504018,2,132,1,48.99,0.3
504018,3,129,2,44.99,0.3
504019,1,119,2,78.99,0.0
504020,1,112,1,169.99,0.1
504021,1,110,1,80.99,0.0
504022,1,107,2,162.99,0.0
504022,2,110,1,80.99,0.0
504022,3,123,2,68.99,0.0
504022,4,133,2,96.99,0.0
504022,5,125,3,25.99,0.0
504023,1,118,2,83.99,0.0
504023,2,119,1,74.99,0.0
504023,3,132,1,45.99,0.0
504024,1,101,2,273.99,0.0
504024,2,125,1,29.99,0.0
504025,1,122,1,78.99,0.1
504025,2,101,2,288.99,0.1
504025,3,109,1,68.99,0.1
504026,1,112,3,169.99,0.0
504027,1,104,2,501.99,0.0
504027,2,108,1,264.99,0.0
504028,1,122,1,78.99,0.0
504029,1,136,3,22.99,0.0
504030,1,133,2,96.99,0.1
504030,2,122,2,63.99,0.1
504031,1,102,3,418.99,0.0
504031,2,114,2,138.99,0.0
504031,3,122,1,78.99,0.0
504032,1,130,2,17.99,0.0
504032,2,101,2,273.99,0.0
504033,1,113,1,197.99,0.0
504033,2,122,2,74.99,0.0
504034,1,124,1,58.99,0.0
504035,1,114,1,138.99,0.0
504036,1,118,2,88.99,0.2
504036,2,121,1,228.99,0.2
504036,3,112,1,178.99,0.2
504037,1,120,1,248.99,0.0
504038,1,127,1,58.99,0.0
504038,2,107,1,198.99,0.0
504038,3,123,1,84.99,0.0
504039,1,118,2,83.99,0.1
504040,1,102,3,397.99,0.0
504040,2,134,1,226.99,0.0
504041,1,125,2,29.99,0.0
504041,2,138,2,93.99,0.0
504042,1,131,3,22.99,0.0
504043,1,116,3,129.99,0.0
504044,1,112,1,178.99,0.0
504045,1,105,2,96.99,0.0
504046,1,118,2,88.99,0.1
504046,2,137,2,34.99,0.1
504046,3,102,1,418.99,0.1
504047,1,131,2,22.99,0.0
504047,2,101,1,273.99,0.0
504048,1,113,1,208.99,0.0
504048,2,128,1,28.99,0.0
504049,1,117,2,188.99,0.1
504049,2,110,1,98.99,0.1
504050,1,125,1,29.99,0.2
504051,1,110,1,80.99,0.2
504052,1,103,1,285.99,0.0
504053,1,108,1,278.99,0.1
504054,1,110,1,80.99,0.0
504054,2,122,2,63.99,0.0
504055,1,117,3,178.99,0.0
504055,2,114,2,131.99,0.0
504055,3,123,2,79.99,0.0
504056,1,118,3,83.99,0.0
504057,1,125,2,31.99,0.0
504058,1,124,1,47.99,0.0
504059,1,121,1,228.99,0.0
504059,2,138,1,98.99,0.0
504059,3,133,2,118.99,0.0
504059,4,109,1,68.99,0.0
504060,1,104,3,528.99,0.0
504060,2,120,1,248.99,0.0
504061,1,116,3,129.99,0.0
504061,2,115,1,30.99,0.0
504061,3,138,1,80.99,0.0
504061,4,105,1,96.99,0.0
504062,1,138,2,98.99,0.2
504062,2,137,3,34.99,0.2
504063,1,117,1,188.99,0.2
504064,1,105,1,112.99,0.0
504064,2,106,1,83.99,0.0
504064,3,111,3,45.99,0.0
504065,1,101,2,273.99,0.0
504065,2,136,1,26.99,0.0
504066,1,135,3,140.99,0.0
504067,1,118,3,88.99,0.0
504068,1,123,1,84.99,0.0
504068,2,121,2,228.99,0.0
504068,3,106,1,88.99,0.0
504069,1,129,1,44.99,0.2
504070,1,121,1,228.99,0.0
504070,2,102,1,418.99,0.0
504071,1,101,1,273.99,0.0
504072,1,112,2,169.99,0.1
504073,1,107,2,188.99,0.0
504073,2,111,1,45.99,0.0
504074,1,123,3,79.99,0.0
504074,2,120,1,235.99,0.0
504075,1,101,2,288.99,0.0
504075,2,131,1,24.99,0.0
504076,1,125,1,29.99,0.0
504076,2,129,1,41.99,0.0
504077,1,109,1,64.99,0.0
504078,1,117,1,188.99,0.0
504078,2,127,2,58.99,0.0
504078,3,119,1,78.99,0.0
504079,1,103,3,348.99,0.0
504079,2,105,1,118.99,0.0
504079,3,124,1,58.99,0.0
504079,4,127,2,58.99,0.0
504080,1,108,1,264.99,0.0
504081,1,132,1,48.99,0.3
504081,2,112,2,178.99,0.3
504082,1,103,2,330.99,0.0
504083,1,117,1,188.99,0.0
504083,2,113,2,208.99,0.0
504084,1,122,1,78.99,0.0
504084,2,135,2,148.99,0.0
504085,1,119,1,78.99,0.0
504086,1,112,1,178.99,0.0
504086,2,132,3,48.99,0.0
504086,3,105,2,118.99,0.0
504086,4,122,1,78.99,0.0
504087,1,103,2,348.99,0.1
504087,2,124,3,58.99,0.1
504088,1,120,3,203.99,0.0
504089,1,125,1,31.99,0.2
504089,2,116,1,158.99,0.2
504090,1,124,2,55.99,0.0
504090,2,121,3,216.99,0.0
504091,1,118,3,71.99,0.0
504091,2,120,1,203.99,0.0
504091,3,121,2,186.99,0.0
504092,1,115,2,38.99,0.3
504092,2,132,2,48.99,0.3
504092,3,111,2,48.99,0.3
504092,4,133,3,118.99,0.3
504093,1,126,1,78.99,0.0
504094,1,125,1,25.99,0.0
504095,1,116,1,158.99,0.0
504095,2,133,2,118.99,0.0
504096,1,134,2,226.99,0.0
504097,1,136,2,26.99,0.0
504097,2,115,3,36.99,0.0
504097,3,107,1,188.99,0.0
504097,4,129,2,41.99,0.0
504098,1,120,3,248.99,0.0
504099,1,113,1,208.99,0.0
504100,1,112,1,169.99,0.0
504100,2,120,1,235.99,0.0
504101,1,112,1,178.99,0.0
504101,2,117,1,188.99,0.0
504102,1,102,3,397.99,0.0
504103,1,109,2,68.99,0.3
504103,2,118,2,88.99,0.3
504103,3,135,1,148.99,0.3
504104,1,123,1,79.99,0.0
504104,2,125,1,29.99,0.0
504104,3,136,1,26.99,0.0
504105,1,118,2,83.99,0.1
504105,2,131,1,22.99,0.1
504105,3,124,1,55.99,0.1
504106,1,113,2,208.99,0.0
504107,1,110,1,93.99,0.0
504107,2,107,1,188.99,0.0
504108,1,112,3,169.99,0.0
504109,1,122,2,63.99,0.0
504110,1,134,2,226.99,0.1
504111,1,120,1,248.99,0.0
504112,1,107,1,198.99,0.0
504113,1,113,2,197.99,0.0
504114,1,135,2,140.99,0.0
504115,1,115,1,36.99,0.0
504116,1,118,2,71.99,0.0
504116,2,133,1,96.99,0.0
504116,3,127,2,47.99,0.0
504116,4,123,2,68.99,0.0
504116,5,134,1,194.99,0.0
504117,1,113,2,197.99,0.0
504117,2,121,2,216.99,0.0
504118,1,134,2,238.99,0.0
504119,1,121,3,228.99,0.3
504120,1,122,2,78.99,0.0
504121,1,110,1,93.99,0.2
504121,2,112,1,169.99,0.2
504122,1,129,2,35.99,0.1
504123,1,127,2,58.99,0.2
504123,2,123,3,84.99,0.2
504123,3,119,1,78.99,0.2
504124,1,117,1,188.99,0.0
504124,2,122,1,78.99,0.0
504124,3,120,1,248.99,0.0
504125,1,131,1,24.99,0.2
504126,1,106,1,88.99,0.2
504126,2,111,2,48.99,0.2
504126,3,126,2,78.99,0.2
504127,1,137,1,34.99,0.0
504128,1,118,2,88.99,0.0
504128,2,120,1,248.99,0.0
504129,1,109,3,68.99,0.0
504129,2,113,3,208.99,0.0
504130,1,106,3,83.99,0.1
504131,1,125,1,29.99,0.0
504131,2,112,1,169.99,0.0
504131,3,120,3,235.99,0.0
504132,1,115,1,38.99,0.0
504132,2,120,1,248.99,0.0
504132,3,102,3,418.99,0.0
504133,1,107,1,198.99,0.0
504133,2,129,2,44.99,0.0
504133,3,106,2,88.99,0.0
504134,1,105,2,118.99,0.1
504134,2,111,1,48.99,0.1
504134,3,123,1,84.99,0.1
504134,4,120,3,248.99,0.1
504135,1,115,2,30.99,0.0
504135,2,118,1,71.99,0.0
504135,3,109,2,55.99,0.0
504135,4,103,1,285.99,0.0
504136,1,105,3,118.99,0.0
504136,2,117,3,188.99,0.0
504137,1,123,3,84.99,0.0
504138,1,128,2,28.99,0.0
504138,2,116,3,158.99,0.0
504138,3,123,1,84.99,0.0
504138,4,136,1,28.99,0.0
504139,1,138,3,93.99,0.1
504140,1,125,1,29.99,0.0
504141,1,118,1,88.99,0.1
504142,1,113,1,208.99,0.0
504142,2,120,3,248.99,0.0
504143,1,121,1,228.99,0.2
504143,2,109,2,68.99,0.2
504144,1,137,1,34.99,0.2
504144,2,112,3,178.99,0.2
504144,3,135,1,148.99,0.2
504144,4,119,1,78.99,0.2
504145,1,121,1,216.99,0.2
504146,1,134,2,226.99,0.0
504146,2,116,2,150.99,0.0
504146,3,124,1,55.99,0.0
504146,4,127,1,55.99,0.0
504147,1,123,1,84.99,0.0
504148,1,113,1,208.99,0.0
504149,1,115,1,38.99,0.0
504149,2,106,1,88.99,0.0
504150,1,116,3,129.99,0.0
504151,1,137,1,32.99,0.0
504152,1,123,1,84.99,0.0
504152,2,134,2,238.99,0.0
504152,3,119,1,78.99,0.0
504152,4,133,3,118.99,0.0
504152,5,121,3,228.99,0.0
504153,1,114,3,138.99,0.0
504154,1,130,2,17.99,0.0
504154,2,129,2,41.99,0.0
504154,3,134,1,226.99,0.0
504155,1,114,3,112.99,0.0
504156,1,126,1,74.99,0.0
504157,1,101,1,288.99,0.1
504157,2,112,2,178.99,0.1
504158,1,138,1,93.99,0.1
504159,1,122,2,63.99,0.0
504159,2,118,2,71.99,0.0
504160,1,124,3,55.99,0.0
504161,1,131,3,24.99,0.0
504161,2,122,2,78.99,0.0
504162,1,124,1,58.99,0.0
504163,1,121,3,228.99,0.0
504163,2,138,1,98.99,0.0
504164,1,111,1,48.99,0.0
504165,1,114,2,131.99,0.0
504166,1,108,2,227.99,0.1
504166,2,114,1,112.99,0.1
504166,3,106,3,71.99,0.1
504166,4,134,1,194.99,0.1
504167,1,137,2,27.99,0.0
504168,1,109,1,68.99,0.0
504169,1,113,1,208.99,0.2
504170,1,115,2,38.99,0.2
504171,1,119,1,78.99,0.0
504171,2,118,1,88.99,0.0
504172,1,137,1,32.99,0.0
504173,1,116,2,158.99,0.1
504173,2,117,1,188.99,0.1
504174,1,119,1,63.99,0.0
504175,1,119,1,78.99,0.0
504175,2,121,2,228.99,0.0
504176,1,123,1,84.99,0.0
504177,1,105,1,96.99,0.0
504177,2,113,1,170.99,0.0
504177,3,135,2,121.99,0.0
504178,1,131,1,24.99,0.0
504179,1,112,1,145.99,0.1
504180,1,123,1,79.99,0.2
504181,1,131,2,22.99,0.2
504182,1,118,1,88.99,0.0
504183,1,115,1,30.99,0.2
504183,2,110,3,80.99,0.2
504184,1,117,2,188.99,0.0
504184,2,125,1,31.99,0.0
504184,3,119,1,78.99,0.0
504185,1,137,2,27.99,0.0
504186,1,108,1,278.99,0.2
504187,1,132,1,39.99,0.1
504188,1,115,3,38.99,0.1
504188,2,123,2,84.99,0.1
504188,3,126,1,78.99,0.1
504189,1,113,1,197.99,0.2
504190,1,123,2,68.99,0.0
504191,1,124,1,58.99,0.2
504191,2,128,2,28.99,0.2
504191,3,130,3,18.99,0.2
504192,1,126,1,74.99,0.0
504192,2,137,2,32.99,0.0
504193,1,117,1,153.99,0.0
504193,2,124,1,47.99,0.0
504194,1,117,1,153.99,0.0
504195,1,119,1,78.99,0.0
504195,2,110,2,98.99,0.0
504196,1,121,1,228.99,0.0
504196,2,133,1,118.99,0.0
504196,3,132,1,48.99,0.0
504197,1,102,1,342.99,0.2
504198,1,117,1,188.99,0.0
504198,2,118,1,88.99,0.0
504199,1,122,1,74.99,0.0
504200,1,120,1,248.99,0.1
504201,1,131,2,24.99,0.0
504202,1,111,3,45.99,0.0
504203,1,122,2,78.99,0.1
504204,1,111,1,48.99,0.0
504204,2,113,3,208.99,0.0
504205,1,115,1,36.99,0.0
504205,2,110,1,93.99,0.0
504206,1,122,1,74.99,0.2
504207,1,103,1,285.99,0.0
504208,1,106,1,83.99,0.0
504208,2,112,1,169.99,0.0
504209,1,129,2,44.99,0.0
504209,2,113,3,208.99,0.0
504209,3,121,2,228.99,0.0
504210,1,114,2,112.99,0.3
504211,1,137,3,34.99,0.2
504211,2,104,3,528.99,0.2
504212,1,102,1,418.99,0.0
504212,2,118,2,88.99,0.0
504213,1,119,2,74.99,0.0
504214,1,109,2,64.99,0.0
504214,2,138,1,93.99,0.0
504215,1,124,1,58.99,0.1
504215,2,125,1,31.99,0.1
504215,3,109,1,68.99,0.1
504215,4,128,1,28.99,0.1
504216,1,101,1,288.99,0.1
504216,2,110,2,98.99,0.1
504217,1,108,1,264.99,0.0
504218,1,116,1,129.99,0.0
504219,1,125,1,31.99,0.0
504219,2,120,2,248.99,0.0
504219,3,115,1,38.99,0.0
504220,1,127,2,58.99,0.0
504221,1,125,2,25.99,0.0
504222,1,110,2,98.99,0.0
504222,2,122,1,78.99,0.0
504223,1,101,1,288.99,0.1
504223,2,114,1,138.99,0.1
504224,1,110,1,98.99,0.0
504224,2,118,2,88.99,0.0
504224,3,129,1,44.99,0.0
504225,1,121,1,228.99,0.2
504226,1,123,1,68.99,0.1
504226,2,105,1,96.99,0.1
504227,1,124,1,47.99,0.0
504228,1,120,2,203.99,0.0
504229,1,117,1,188.99,0.1
504229,2,119,1,78.99,0.1
504230,1,113,2,197.99,0.2
504231,1,129,3,41.99,0.3
504232,1,133,2,118.99,0.0
504232,2,111,2,48.99,0.0
504233,1,136,2,22.99,0.0
504234,1,132,3,48.99,0.2
504235,1,104,2,501.99,0.0
504236,1,102,1,342.99,0.0
504237,1,135,2,121.99,0.0
504238,1,115,2,36.99,0.0
504238,2,107,1,188.99,0.0
504239,1,107,3,198.99,0.0
504240,1,138,1,93.99,0.0
504241,1,126,2,74.99,0.0
504241,2,122,1,74.99,0.0
504241,3,112,2,169.99,0.0
504242,1,119,1,78.99,0.0
504242,2,128,1,28.99,0.0
504243,1,125,3,31.99,0.0
504243,2,119,1,78.99,0.0
504243,3,110,1,98.99,0.0
504244,1,123,1,84.99,0.0
504244,2,131,2,24.99,0.0
504244,3,122,1,78.99,0.0
504244,4,114,1,138.99,0.0
504245,1,136,2,26.99,0.1
504246,1,114,2,138.99,0.0
504247,1,112,1,145.99,0.0
504248,1,130,1,18.99,0.1
504249,1,118,1,71.99,0.0
504249,2,109,2,55.99,0.0
504250,1,128,1,28.99,0.3
504251,1,122,3,63.99,0.0
504252,1,107,3,188.99,0.1
504252,2,122,1,74.99,0.1
504252,3,133,3,112.99,0.1
504252,4,105,3,112.99,0.1
504253,1,122,1,63.99,0.0
504253,2,113,2,170.99,0.0
504253,3,130,2,14.99,0.0
504254,1,116,1,158.99,0.0
504255,1,127,3,58.99,0.0
504255,2,131,2,24.99,0.0
504256,1,135,1,121.99,0.0
504257,1,107,1,162.99,0.0
504257,2,136,1,22.99,0.0
504257,3,125,1,25.99,0.0
504258,1,123,1,79.99,0.0
504259,1,124,1,47.99,0.0
504259,2,109,2,55.99,0.0
504260,1,122,3,63.99,0.1
504261,1,129,1,41.99,0.3
504262,1,122,3,78.99,0.0
504263,1,104,1,528.99,0.2
504264,1,119,2,63.99,0.0
504265,1,114,1,138.99,0.0
504266,1,129,2,44.99,0.0
504267,1,112,1,145.99,0.0
504267,2,125,1,25.99,0.0
504268,1,118,1,88.99,0.0
504268,2,123,2,84.99,0.0
504269,1,102,1,397.99,0.0
504270,1,118,1,88.99,0.0
504270,2,124,1,58.99,0.0
504271,1,123,2,84.99,0.0
504272,1,122,1,74.99,0.0
504273,1,121,2,216.99,0.2
504274,1,110,1,98.99,0.1
504275,1,131,1,24.99,0.0
504275,2,136,2,28.99,0.0
504276,1,115,1,36.99,0.0
504276,2,133,2,112.99,0.0
504277,1,122,1,74.99,0.0
504277,2,128,1,26.99,0.0
504278,1,137,1,34.99,0.2
504279,1,122,1,63.99,0.0
504279,2,114,2,112.99,0.0
504279,3,120,3,203.99,0.0
504280,1,116,2,150.99,0.0
504280,2,106,2,83.99,0.0
504281,1,116,1,158.99,0.0
504281,2,132,1,48.99,0.0
504282,1,118,1,88.99,0.2
504282,2,112,1,178.99,0.2
504282,3,101,1,288.99,0.2
504282,4,120,3,248.99,0.2
504283,1,127,1,55.99,0.1
504284,1,135,2,148.99,0.0
504285,1,112,3,178.99,0.3
504285,2,111,3,48.99,0.3
504286,1,115,1,30.99,0.1
504287,1,124,2,58.99,0.2
504288,1,125,1,31.99,0.1
504288,2,108,1,278.99,0.1
504289,1,132,3,45.99,0.0
504290,1,101,2,273.99,0.0
504290,2,129,3,41.99,0.0
504290,3,107,1,188.99,0.0
504291,1,130,3,18.99,0.0
504291,2,105,3,118.99,0.0
504292,1,106,2,88.99,0.1
504292,2,113,1,208.99,0.1
504293,1,124,1,58.99,0.2
504293,2,121,1,228.99,0.2
504294,1,119,3,78.99,0.1
504295,1,115,1,38.99,0.0
504295,2,129,1,44.99,0.0
504295,3,111,3,48.99,0.0
504295,4,106,1,88.99,0.0
504296,1,111,1,48.99,0.0
504296,2,110,1,98.99,0.0
504297,1,136,1,26.99,0.3
504298,1,102,1,418.99,0.2
504299,1,124,2,58.99,0.0
504300,1,122,2,63.99,0.0
504300,2,123,1,68.99,0.0
504301,1,123,1,84.99,0.0
504301,2,120,1,248.99,0.0
504301,3,119,2,78.99,0.0
504302,1,118,1,83.99,0.1
504302,2,110,1,93.99,0.1
504303,1,122,1,78.99,0.0
504303,2,104,1,528.99,0.0
504303,3,119,1,78.99,0.0
504303,4,112,1,178.99,0.0
504304,1,119,1,74.99,0.1
504305,1,107,1,198.99,0.1
504306,1,118,2,71.99,0.1
504307,1,112,1,178.99,0.0
504307,2,134,1,238.99,0.0
504307,3,121,2,228.99,0.0
504307,4,125,1,31.99,0.0
504307,5,122,1,78.99,0.0
504308,1,123,2,68.99,0.2
504308,2,118,2,71.99,0.2
504308,3,136,1,22.99,0.2
504309,1,119,1,74.99,0.0
504309,2,121,3,216.99,0.0
504310,1,119,2,74.99,0.0
504310,2,129,1,41.99,0.0
504310,3,138,3,93.99,0.0
504311,1,126,1,78.99,0.0
504312,1,106,3,88.99,0.2
504313,1,107,1,198.99,0.0
504314,1,116,1,158.99,0.0
504315,1,110,1,80.99,0.0
504315,2,113,1,170.99,0.0
504315,3,118,1,71.99,0.0
504316,1,120,1,248.99,0.2
504316,2,101,3,288.99,0.2
504317,1,106,2,83.99,0.0
504317,2,125,1,29.99,0.0
504318,1,124,1,55.99,0.0
504319,1,122,1,78.99,0.0
504319,2,111,3,48.99,0.0
504320,1,101,1,288.99,0.0
504321,1,115,1,36.99,0.2
504322,1,130,1,18.99,0.0
504323,1,125,2,31.99,0.0
504323,2,124,1,58.99,0.0
504324,1,123,1,79.99,0.0
504324,2,120,3,235.99,0.0
504324,3,105,2,112.99,0.0
504325,1,117,1,188.99,0.1
504326,1,121,2,216.99,0.1
504326,2,114,3,131.99,0.1
504327,1,124,1,55.99,0.0
504327,2,108,2,264.99,0.0
504328,1,111,1,48.99,0.0
504328,2,129,1,44.99,0.0
504328,3,127,1,58.99,0.0
504328,4,120,1,248.99,0.0
504328,5,123,1,84.99,0.0
504329,1,124,2,47.99,0.2
504329,2,122,1,63.99,0.2
504330,1,125,1,31.99,0.0
504330,2,111,2,48.99,0.0
504330,3,136,1,28.99,0.0
504330,4,122,1,78.99,0.0
504331,1,136,2,28.99,0.0
504332,1,117,1,188.99,0.2
504333,1,118,1,83.99,0.0
504334,1,106,1,88.99,0.0
504335,1,121,1,216.99,0.0
504335,2,130,2,17.99,0.0
504335,3,109,1,64.99,0.0
504336,1,111,1,45.99,0.1
504336,2,116,1,150.99,0.1
504337,1,108,2,278.99,0.1
504337,2,120,3,248.99,0.1
504338,1,137,1,34.99,0.1
504338,2,110,2,98.99,0.1
504338,3,136,2,28.99,0.1
504339,1,106,1,88.99,0.0
504339,2,132,3,48.99,0.0
504339,3,118,2,88.99,0.0
504339,4,122,2,78.99,0.0
504340,1,112,1,178.99,0.0
504340,2,114,1,138.99,0.0
504341,1,120,1,248.99,0.0
504342,1,116,1,129.99,0.2
504343,1,103,2,348.99,0.1
504343,2,106,3,88.99,0.1
504344,1,120,1,248.99,0.0
504345,1,136,1,28.99,0.0
504345,2,120,1,248.99,0.0
504345,3,135,2,148.99,0.0
504345,4,128,1,28.99,0.0
504346,1,137,2,32.99,0.1
504346,2,103,2,330.99,0.1
504346,3,123,1,79.99,0.1
504347,1,131,2,24.99,0.0
504347,2,130,1,18.99,0.0
504348,1,103,1,348.99,0.3
504348,2,115,1,38.99,0.3
504349,1,123,1,79.99,0.0
504349,2,121,1,216.99,0.0
504350,1,109,2,55.99,0.3
504350,2,116,1,129.99,0.3
504350,3,124,1,47.99,0.3
504351,1,103,1,348.99,0.0
504352,1,122,2,78.99,0.0
504352,2,120,1,248.99,0.0
504353,1,125,1,31.99,0.2
504354,1,138,1,80.99,0.1
504355,1,125,2,31.99,0.1
504355,2,111,1,48.99,0.1
504356,1,111,2,48.99,0.0
504356,2,123,1,84.99,0.0
504357,1,121,1,228.99,0.1
504358,1,128,1,28.99,0.0
504359,1,108,1,278.99,0.0
504360,1,135,1,121.99,0.2
504360,2,126,2,63.99,0.2
504360,3,117,1,153.99,0.2
504361,1,123,2,79.99,0.0
504362,1,133,1,118.99,0.0
504363,1,132,1,48.99,0.1
504363,2,116,1,158.99,0.1
504364,1,102,3,418.99,0.3
504365,1,120,1,248.99,0.0
504365,2,106,2,88.99,0.0
504366,1,107,3,198.99,0.0
504367,1,116,1,150.99,0.0
504367,2,122,1,74.99,0.0
504367,3,109,2,64.99,0.0
504368,1,112,2,178.99,0.1
504369,1,134,2,226.99,0.0
504370,1,133,1,96.99,0.0
504371,1,110,1,98.99,0.0
504372,1,122,3,74.99,0.3
504372,2,129,3,41.99,0.3
504372,3,110,1,93.99,0.3
504372,4,131,1,22.99,0.3
504373,1,130,2,17.99,0.2
504373,2,106,1,83.99,0.2
504374,1,127,1,58.99,0.0
504375,1,135,1,140.99,0.1
504375,2,120,1,235.99,0.1
504376,1,130,1,17.99,0.0
504377,1,124,3,55.99,0.0
504378,1,138,2,98.99,0.0
504379,1,125,1,31.99,0.2
504379,2,107,2,198.99,0.2
504380,1,130,2,17.99,0.0
504381,1,117,1,188.99,0.0
504381,2,114,1,138.99,0.0
504382,1,115,1,38.99,0.0
504382,2,132,3,48.99,0.0
504382,3,116,1,158.99,0.0
504383,1,120,2,235.99,0.0
504383,2,105,1,112.99,0.0
504383,3,103,1,330.99,0.0
504383,4,125,3,29.99,0.0
504384,1,121,2,228.99,0.0
504384,2,132,1,48.99,0.0
504384,3,122,3,78.99,0.0
504385,1,105,2,118.99,0.0
504386,1,120,1,248.99,0.3
504387,1,124,1,47.99,0.2
504388,1,109,1,55.99,0.1
504389,1,132,1,48.99,0.0
504389,2,128,1,28.99,0.0
504389,3,111,2,48.99,0.0
504389,4,120,1,248.99,0.0
504389,5,137,1,34.99,0.0
504390,1,123,1,68.99,0.0
504391,1,127,1,58.99,0.0
504391,2,121,1,228.99,0.0
504391,3,103,2,348.99,0.0
504391,4,110,2,98.99,0.0
504391,5,129,1,44.99,0.0
504392,1,116,2,158.99,0.0
504393,1,110,1,98.99,0.0
504393,2,127,1,58.99,0.0
504393,3,113,2,208.99,0.0
504393,4,108,1,278.99,0.0
504393,5,122,2,78.99,0.0
504394,1,114,2,138.99,0.0
504395,1,122,2,74.99,0.0
504396,1,114,2,112.99,0.0
504396,2,124,2,47.99,0.0
504397,1,123,1,68.99,0.2
504397,2,117,2,153.99,0.2
504398,1,103,1,330.99,0.2
504398,2,114,1,131.99,0.2
504399,1,110,1,98.99,0.0
504400,1,108,1,227.99,0.2
504401,1,124,3,47.99,0.0
504402,1,126,2,78.99,0.0
504403,1,132,1,48.99,0.2
504403,2,122,1,78.99,0.2
504403,3,131,1,24.99,0.2
504404,1,113,1,208.99,0.0
504405,1,108,1,227.99,0.2
504406,1,111,2,45.99,0.0
504407,1,129,3,44.99,0.0
504408,1,107,3,198.99,0.0
504408,2,138,1,98.99,0.0
504409,1,109,2,68.99,0.0
504409,2,108,2,278.99,0.0
504409,3,128,1,28.99,0.0
504410,1,123,2,79.99,0.0
504411,1,110,1,98.99,0.1
504412,1,125,1,31.99,0.0
504412,2,132,1,48.99,0.0
504412,3,136,3,28.99,0.0
504412,4,121,2,228.99,0.0
504412,5,126,1,78.99,0.0
504413,1,125,1,31.99,0.2
504413,2,110,3,98.99,0.2
504414,1,131,1,24.99,0.1
504415,1,122,2,78.99,0.0
504416,1,116,1,158.99,0.2
504417,1,129,2,44.99,0.0
504417,2,116,2,158.99,0.0
504417,3,121,3,228.99,0.0
504417,4,130,1,18.99,0.0
504418,1,118,2,83.99,0.0
504419,1,115,1,38.99,0.0
504419,2,136,3,28.99,0.0
504419,3,106,2,88.99,0.0
504420,1,116,1,158.99,0.0
504420,2,113,1,208.99,0.0
504421,1,137,2,34.99,0.0
504422,1,113,1,208.99,0.0
504423,1,129,1,44.99,0.0
504424,1,112,2,169.99,0.0
504424,2,116,2,150.99,0.0
504424,3,114,3,131.99,0.0
504425,1,115,3,36.99,0.0
504426,1,124,2,47.99,0.0
504426,2,105,2,96.99,0.0
504426,3,116,1,129.99,0.0
504426,4,104,1,432.99,0.0
504426,5,102,1,342.99,0.0
504427,1,106,3,88.99,0.2
504428,1,110,1,98.99,0.0
504429,1,101,2,288.99,0.0
504429,2,116,1,158.99,0.0
504430,1,112,1,178.99,0.1
504431,1,108,1,264.99,0.0
504432,1,115,1,30.99,0.0
504432,2,120,1,203.99,0.0
504433,1,107,1,198.99,0.0
504433,2,134,1,238.99,0.0
504433,3,123,1,84.99,0.0
504433,4,120,1,248.99,0.0
504433,5,102,2,418.99,0.0
504434,1,133,1,112.99,0.0
504434,2,116,2,150.99,0.0
504435,1,121,1,228.99,0.1
504435,2,108,2,278.99,0.1
504435,3,120,1,248.99,0.1
504436,1,136,3,26.99,0.0
504436,2,113,2,197.99,0.0
504437,1,111,1,48.99,0.0
504438,1,118,2,88.99,0.0
504439,1,118,2,88.99,0.1
504440,1,108,3,278.99,0.0
504440,2,128,1,28.99,0.0
504440,3,125,2,31.99,0.0
504440,4,113,1,208.99,0.0
504441,1,113,1,197.99,0.0
504442,1,109,1,64.99,0.0
504443,1,134,1,194.99,0.1
504444,1,138,2,93.99,0.0
504444,2,106,1,83.99,0.0
504444,3,102,3,397.99,0.0
504444,4,115,1,36.99,0.0
504445,1,112,1,169.99,0.3
504446,1,120,1,248.99,0.0
504446,2,132,1,48.99,0.0
504447,1,122,2,78.99,0.0
504447,2,113,1,208.99,0.0
504448,1,118,1,88.99,0.1
504448,2,131,1,24.99,0.1
504449,1,125,1,29.99,0.0
504450,1,102,1,418.99,0.1
504451,1,121,2,216.99,0.0
504452,1,113,1,208.99,0.0
504452,2,130,1,18.99,0.0
504452,3,110,1,98.99,0.0
504453,1,131,1,22.99,0.0
504453,2,115,1,36.99,0.0
504453,3,127,3,55.99,0.0
504454,1,106,2,83.99,0.0
504454,2,108,2,264.99,0.0
504455,1,135,1,121.99,0.3
504455,2,124,1,47.99,0.3
504455,3,109,2,55.99,0.3
504455,4,131,2,19.99,0.3
504455,5,133,2,96.99,0.3
504456,1,110,3,98.99,0.0
504457,1,101,1,288.99,0.0
504457,2,102,1,418.99,0.0
504458,1,122,2,78.99,0.2
504459,1,118,2,88.99,0.0
504459,2,122,1,78.99,0.0
504460,1,121,1,228.99,0.1
504461,1,125,1,31.99,0.0
504461,2,111,2,48.99,0.0
504461,3,116,2,158.99,0.0
504461,4,112,2,178.99,0.0
504461,5,121,1,228.99,0.0
504462,1,106,1,88.99,0.0
504463,1,103,2,285.99,0.0
504464,1,127,1,58.99,0.0
504464,2,108,1,278.99,0.0
504464,3,104,1,528.99,0.0
504464,4,112,1,178.99,0.0
504465,1,129,1,41.99,0.0
504466,1,119,1,78.99,0.0
504466,2,108,2,278.99,0.0
504466,3,133,2,118.99,0.0
504466,4,126,2,78.99,0.0
504467,1,120,1,248.99,0.1
504468,1,125,2,29.99,0.1
504469,1,111,3,45.99,0.1
504469,2,117,1,178.99,0.1
504470,1,125,3,31.99,0.1
504471,1,113,2,208.99,0.0
504471,2,116,1,158.99,0.0
504471,3,131,2,24.99,0.0
504472,1,109,3,55.99,0.0
504472,2,114,1,112.99,0.0
504472,3,104,2,432.99,0.0
504472,4,101,1,235.99,0.0
504473,1,116,2,129.99,0.0
504474,1,122,1,63.99,0.1
504475,1,121,1,216.99,0.0
504475,2,123,1,79.99,0.0
504475,3,108,1,264.99,0.0
504476,1,124,1,55.99,0.0
504477,1,116,3,158.99,0.2
504477,2,127,1,58.99,0.2
504477,3,131,3,24.99,0.2
504477,4,110,3,98.99,0.2
504478,1,114,2,131.99,0.0
504479,1,123,1,84.99,0.0
504479,2,120,3,248.99,0.0
504480,1,118,2,71.99,0.0
504481,1,134,2,238.99,0.0
504482,1,115,1,36.99,0.0
504482,2,133,1,112.99,0.0
504483,1,124,3,55.99,0.0
504483,2,135,1,140.99,0.0
504483,3,114,2,131.99,0.0
504483,4,123,2,79.99,0.0
504483,5,101,1,273.99,0.0
504484,1,131,1,24.99,0.0
504484,2,119,2,78.99,0.0
504484,3,110,1,98.99,0.0
504484,4,121,1,228.99,0.0
504485,1,106,2,88.99,0.0
504485,2,132,1,48.99,0.0
504485,3,119,1,78.99,0.0
504486,1,125,1,29.99,0.0
504486,2,112,1,169.99,0.0
504487,1,121,1,216.99,0.0
504488,1,130,1,18.99,0.1
504488,2,106,2,88.99,0.1
504488,3,117,1,188.99,0.1
504488,4,116,1,158.99,0.1
504489,1,104,1,528.99,0.1
504489,2,111,2,48.99,0.1
504490,1,120,1,248.99,0.1
504491,1,118,1,83.99,0.0
504491,2,104,1,501.99,0.0
504492,1,110,2,80.99,0.2
504493,1,124,1,55.99,0.0
504494,1,133,1,118.99,0.0
504495,1,115,1,36.99,0.0
504496,1,130,1,14.99,0.0
504496,2,132,3,39.99,0.0
504496,3,123,3,68.99,0.0
504497,1,120,2,248.99,0.0
504498,1,106,1,83.99,0.0
504499,1,116,2,158.99,0.0
504499,2,112,1,178.99,0.0
504500,1,105,2,118.99,0.0
504501,1,115,1,38.99,0.0
504501,2,133,1,118.99,0.0
504501,3,137,1,34.99,0.0
504502,1,131,3,19.99,0.0
504502,2,119,3,63.99,0.0
504502,3,123,1,68.99,0.0
504502,4,128,1,22.99,0.0
504503,1,123,1,79.99,0.0
504503,2,134,1,226.99,0.0
504504,1,124,2,58.99,0.0
504504,2,125,2,31.99,0.0
504504,3,132,1,48.99,0.0
504505,1,113,1,208.99,0.0
504506,1,110,1,93.99,0.1
504506,2,122,1,74.99,0.1
504506,3,123,2,79.99,0.1
504506,4,137,1,32.99,0.1
504507,1,131,2,24.99,0.2
504507,2,106,1,88.99,0.2
504507,3,123,3,84.99,0.2
504507,4,113,2,208.99,0.2
504508,1,124,2,55.99,0.0
504509,1,116,1,158.99,0.0
504510,1,111,2,45.99,0.0
504511,1,132,1,48.99,0.0
504511,2,115,2,38.99,0.0
504511,3,121,1,228.99,0.0
504512,1,105,1,118.99,0.1
504512,2,119,1,78.99,0.1
504513,1,121,3,228.99,0.0
504513,2,102,1,418.99,0.0
504514,1,105,1,118.99,0.0
504515,1,124,1,55.99,0.0
504515,2,132,1,45.99,0.0
504515,3,125,1,29.99,0.0
504515,4,123,1,79.99,0.0
504516,1,122,1,74.99,0.0
504517,1,109,2,55.99,0.0
504518,1,106,1,88.99,0.2
504519,1,121,2,186.99,0.0
504519,2,106,1,71.99,0.0
504520,1,135,1,148.99,0.1
504521,1,124,3,55.99,0.0
504521,2,120,2,235.99,0.0
504521,3,114,2,131.99,0.0
504521,4,119,1,74.99,0.0
504522,1,119,1,63.99,0.2
504522,2,117,2,153.99,0.2
504523,1,127,1,47.99,0.0
504523,2,114,2,112.99,0.0
504523,3,117,1,153.99,0.0
504523,4,106,1,71.99,0.0
504524,1,102,1,418.99,0.0
504524,2,120,2,248.99,0.0
504525,1,120,3,248.99,0.0
504526,1,112,2,178.99,0.3
504527,1,104,2,432.99,0.0
504528,1,125,1,29.99,0.2
504528,2,121,1,216.99,0.2
504528,3,136,1,26.99,0.2
504529,1,138,3,80.99,0.1
504529,2,124,2,47.99,0.1
504529,3,128,1,22.99,0.1
504529,4,105,1,96.99,0.1
504530,1,110,1,98.99,0.0
504531,1,135,1,148.99,0.1
504532,1,122,1,74.99,0.0
504532,2,134,1,226.99,0.0
504532,3,119,3,74.99,0.0
504533,1,109,2,64.99,0.0
504533,2,118,2,83.99,0.0
504533,3,124,3,55.99,0.0
504533,4,122,2,74.99,0.0
504534,1,103,2,348.99,0.0
504535,1,106,2,71.99,0.2
504535,2,120,1,203.99,0.2
504535,3,126,3,63.99,0.2
504535,4,131,3,19.99,0.2
504536,1,135,2,140.99,0.0
504536,2,106,1,83.99,0.0
504537,1,107,2,162.99,0.1
504537,2,117,1,153.99,0.1
504537,3,108,1,227.99,0.1
504538,1,103,2,348.99,0.2
504538,2,124,1,58.99,0.2
504539,1,118,1,88.99,0.0
504539,2,123,1,84.99,0.0
504539,3,121,2,228.99,0.0
504540,1,134,1,194.99,0.0
504541,1,119,1,78.99,0.0
504542,1,116,1,150.99,0.0
504543,1,106,1,71.99,0.0
504544,1,105,3,112.99,0.0
504545,1,127,1,58.99,0.1
504546,1,108,1,278.99,0.0
504546,2,130,1,18.99,0.0
504547,1,113,1,208.99,0.2
504548,1,123,1,84.99,0.0
504549,1,127,2,58.99,0.0
504550,1,132,3,48.99,0.0
504550,2,113,3,208.99,0.0
504550,3,126,1,78.99,0.0
504550,4,104,3,528.99,0.0
504551,1,138,1,80.99,0.0
504552,1,112,2,178.99,0.0
504552,2,125,1,31.99,0.0
504553,1,101,2,273.99,0.0
504553,2,110,1,93.99,0.0
504554,1,118,1,88.99,0.1
504554,2,129,1,44.99,0.1
504554,3,107,1,198.99,0.1
504555,1,118,1,88.99,0.1
504555,2,122,3,78.99,0.1
504556,1,125,3,29.99,0.0
504556,2,113,2,197.99,0.0
504556,3,105,1,112.99,0.0
504557,1,114,1,138.99,0.2
504557,2,115,1,38.99,0.2
504558,1,128,1,28.99,0.0
504559,1,108,1,278.99,0.0
504560,1,115,1,36.99,0.0
504560,2,118,1,83.99,0.0
504561,1,132,2,48.99,0.3
504561,2,118,1,88.99,0.3
504561,3,107,1,198.99,0.3
504562,1,121,2,216.99,0.1
504562,2,130,2,17.99,0.1
504563,1,125,1,31.99,0.1
504563,2,117,3,188.99,0.1
504564,1,135,1,148.99,0.0
504564,2,111,1,48.99,0.0
504564,3,123,2,84.99,0.0
504564,4,119,3,78.99,0.0
504564,5,115,1,38.99,0.0
504565,1,104,1,528.99,0.0
504565,2,109,1,68.99,0.0
504565,3,103,1,348.99,0.0
504566,1,126,1,63.99,0.2
504566,2,114,2,112.99,0.2
504566,3,124,3,47.99,0.2
504566,4,111,3,39.99,0.2
504566,5,127,1,47.99,0.2
504567,1,114,1,112.99,0.0
504567,2,122,1,63.99,0.0
504568,1,121,3,228.99,0.0
504569,1,113,2,208.99,0.0
504569,2,109,1,68.99,0.0
504570,1,124,1,58.99,0.0
504570,2,105,1,118.99,0.0
504571,1,110,2,98.99,0.1
504572,1,132,1,39.99,0.0
504572,2,113,1,170.99,0.0
504572,3,135,3,121.99,0.0
504573,1,115,1,36.99,0.0
504573,2,128,2,26.99,0.0
504574,1,102,3,418.99,0.0
504574,2,113,1,208.99,0.0
504575,1,118,2,71.99,0.0
504575,2,106,3,71.99,0.0
504575,3,115,3,30.99,0.0
504576,1,127,1,58.99,0.0
504576,2,121,2,228.99,0.0
504576,3,117,2,188.99,0.0
504577,1,123,1,68.99,0.0
504577,2,127,2,47.99,0.0
504578,1,111,1,45.99,0.0
504578,2,130,2,17.99,0.0
504579,1,107,2,188.99,0.0
504580,1,112,2,145.99,0.0
504581,1,132,1,48.99,0.0
504581,2,135,1,148.99,0.0
504581,3,107,1,198.99,0.0
504582,1,135,1,148.99,0.0
504582,2,126,1,78.99,0.0
504582,3,112,2,178.99,0.0
504583,1,122,1,78.99,0.0
504583,2,125,2,31.99,0.0
504583,3,113,3,208.99,0.0
504584,1,127,3,47.99,0.3
504585,1,109,3,55.99,0.1
504586,1,134,1,238.99,0.0
504586,2,124,1,58.99,0.0
504587,1,108,3,278.99,0.0
504588,1,119,2,78.99,0.2
504588,2,132,1,48.99,0.2
504589,1,103,2,330.99,0.0
504590,1,113,1,208.99,0.0
504590,2,116,2,158.99,0.0
504590,3,123,1,84.99,0.0
504590,4,114,3,138.99,0.0
504591,1,115,3,36.99,0.0
504592,1,113,1,208.99,0.0
504593,1,133,3,118.99,0.0
504594,1,120,2,235.99,0.0
504595,1,123,3,84.99,0.2
504595,2,103,2,348.99,0.2
504596,1,111,2,39.99,0.1
504597,1,114,1,138.99,0.0
504598,1,126,1,74.99,0.3
504599,1,124,2,58.99,0.0
504599,2,136,2,28.99,0.0
504599,3,125,2,31.99,0.0
504599,4,117,2,188.99,0.0
504600,1,134,1,238.99,0.0
504601,1,121,1,228.99,0.0
504601,2,111,1,48.99,0.0
504602,1,120,1,248.99,0.3
504603,1,107,1,188.99,0.0
504604,1,108,1,264.99,0.0
504604,2,112,1,169.99,0.0
504604,3,103,3,330.99,0.0
504604,4,120,3,235.99,0.0
504605,1,133,2,118.99,0.2
504605,2,138,2,98.99,0.2
504606,1,115,1,38.99,0.0
504607,1,114,1,138.99,0.0
504608,1,130,3,18.99,0.3
504609,1,123,2,84.99,0.1
504609,2,108,1,278.99,0.1
504610,1,116,1,129.99,0.0
504610,2,113,1,170.99,0.0
504610,3,110,1,80.99,0.0
504610,4,126,3,63.99,0.0
504611,1,133,2,112.99,0.1
504612,1,116,1,129.99,0.0
504612,2,120,3,203.99,0.0
504612,3,117,3,153.99,0.0
504613,1,121,1,216.99,0.0
504613,2,123,1,79.99,0.0
504613,3,113,1,197.99,0.0
504614,1,115,1,30.99,0.1
504615,1,118,1,83.99,0.0
504616,1,125,1,25.99,0.0
504616,2,113,2,170.99,0.0
504617,1,120,1,248.99,0.3
504618,1,110,2,98.99,0.1
504618,2,101,1,288.99,0.1
504618,3,108,1,278.99,0.1
504618,4,122,3,78.99,0.1
504618,5,106,2,88.99,0.1
504619,1,114,2,131.99,0.0
504619,2,117,2,178.99,0.0
504620,1,125,1,29.99,0.1
504620,2,106,1,83.99,0.1
504621,1,118,1,88.99,0.0
504621,2,113,3,208.99,0.0
504621,3,130,2,18.99,0.0
504622,1,112,3,169.99,0.0
504623,1,125,1,29.99,0.0
504624,1,126,2,78.99,0.1
504625,1,109,1,64.99,0.0
504625,2,103,2,330.99,0.0
504625,3,111,3,45.99,0.0
504625,4,108,2,264.99,0.0
504626,1,121,1,186.99,0.2
504626,2,136,1,22.99,0.2
504627,1,129,1,35.99,0.0
504628,1,115,1,38.99,0.0
504628,2,113,1,208.99,0.0
504629,1,121,1,228.99,0.1
504630,1,101,2,288.99,0.0
504630,2,111,1,48.99,0.0
504630,3,135,2,148.99,0.0
504630,4,128,1,28.99,0.0
504631,1,110,2,93.99,0.1
504631,2,137,1,32.99,0.1
504631,3,135,2,140.99,0.1
504632,1,126,2,78.99,0.0
504633,1,130,1,18.99,0.0
504633,2,108,2,278.99,0.0
504634,1,111,3,45.99,0.0
504635,1,134,1,238.99,0.0
504635,2,137,1,34.99,0.0
504635,3,119,1,78.99,0.0
504636,1,135,1,140.99,0.0
504636,2,113,1,197.99,0.0
504636,3,115,3,36.99,0.0
504636,4,125,3,29.99,0.0
504637,1,117,1,178.99,0.0
504637,2,124,2,55.99,0.0
504638,1,112,2,178.99,0.1
504639,1,130,2,18.99,0.0
504640,1,138,2,98.99,0.0
504640,2,134,1,238.99,0.0
504641,1,116,1,158.99,0.2
504641,2,130,1,18.99,0.2
504642,1,127,1,55.99,0.0
504642,2,121,1,216.99,0.0
504642,3,134,1,226.99,0.0
504643,1,136,2,28.99,0.0
504643,2,108,1,278.99,0.0
504643,3,104,2,528.99,0.0
504643,4,135,1,148.99,0.0
504643,5,114,3,138.99,0.0
504644,1,106,3,71.99,0.0
504645,1,119,2,74.99,0.0
504646,1,116,1,150.99,0.1
504647,1,128,1,28.99,0.2
504648,1,116,2,158.99,0.0
504649,1,120,1,248.99,0.0
504650,1,115,1,38.99,0.0
504651,1,132,2,48.99,0.0
504652,1,102,1,418.99,0.1
504652,2,106,1,88.99,0.1
504652,3,117,1,188.99,0.1
504653,1,121,1,228.99,0.0
504654,1,122,2,63.99,0.0
504655,1,124,1,58.99,0.0
504655,2,118,2,88.99,0.0
504656,1,123,1,68.99,0.0
504656,2,114,1,112.99,0.0
504657,1,118,3,71.99,0.0
504657,2,124,2,47.99,0.0
504658,1,114,1,112.99,0.0
504659,1,121,1,186.99,0.0
504660,1,125,3,31.99,0.0
504660,2,115,1,38.99,0.0
504661,1,112,2,169.99,0.0
504661,2,121,1,216.99,0.0
504661,3,128,1,26.99,0.0
504661,4,118,2,83.99,0.0
504662,1,138,3,98.99,0.0
504663,1,134,1,226.99,0.0
504663,2,127,1,55.99,0.0
504664,1,114,1,138.99,0.2
504665,1,116,2,129.99,0.0
504666,1,111,1,48.99,0.2
504666,2,123,2,84.99,0.2
504666,3,132,1,48.99,0.2
504666,4,126,1,78.99,0.2
504666,5,118,1,88.99,0.2
504667,1,111,1,48.99,0.0
504668,1,114,1,138.99,0.0
504668,2,115,1,38.99,0.0
504668,3,120,1,248.99,0.0
504668,4,127,2,58.99,0.0
504669,1,119,1,78.99,0.0
504670,1,112,1,178.99,0.2
504671,1,129,1,44.99,0.0
504671,2,120,2,248.99,0.0
504671,3,107,1,198.99,0.0
504672,1,120,3,203.99,0.2
504672,2,137,3,27.99,0.2
504673,1,103,2,285.99,0.1
504673,2,123,1,68.99,0.1
504673,3,108,3,227.99,0.1
504674,1,123,1,79.99,0.0
504675,1,113,2,170.99,0.0
504676,1,113,1,208.99,0.3
504677,1,116,1,150.99,0.0
504678,1,116,1,129.99,0.2
504678,2,101,2,235.99,0.2
504679,1,133,1,112.99,0.1
504679,2,122,1,74.99,0.1
504680,1,124,1,47.99,0.0
504680,2,112,2,145.99,0.0
504681,1,102,1,342.99,0.0
504682,1,121,2,228.99,0.0
504683,1,118,1,71.99,0.0
504683,2,106,1,71.99,0.0
504684,1,124,1,47.99,0.0
504684,2,111,1,39.99,0.0
504685,1,120,1,248.99,0.0
504685,2,135,2,148.99,0.0
504685,3,102,1,418.99,0.0
504685,4,119,1,78.99,0.0
504685,5,136,1,28.99,0.0
504686,1,122,2,78.99,0.0
504687,1,108,2,264.99,0.0
504687,2,107,1,188.99,0.0
504687,3,125,1,29.99,0.0
504688,1,118,2,83.99,0.0
504689,1,117,1,188.99,0.1
504689,2,115,3,38.99,0.1
504690,1,125,1,29.99,0.0
504691,1,122,1,78.99,0.0
504691,2,130,2,18.99,0.0
504692,1,123,2,84.99,0.2
504693,1,119,2,74.99,0.0
504693,2,105,3,112.99,0.0
504694,1,115,1,36.99,0.0
504695,1,131,2,22.99,0.0
504695,2,122,2,74.99,0.0
504695,3,108,1,264.99,0.0
504696,1,104,2,528.99,0.1
504696,2,116,1,158.99,0.1
504697,1,111,1,48.99,0.1
504697,2,120,2,248.99,0.1
504698,1,129,1,35.99,0.2
504699,1,115,1,36.99,0.0
504699,2,113,2,197.99,0.0
504700,1,132,1,39.99,0.1
504701,1,110,2,93.99,0.0
504702,1,113,1,170.99,0.0
504703,1,101,1,273.99,0.0
504704,1,121,2,228.99,0.0
504704,2,114,3,138.99,0.0
504705,1,128,3,28.99,0.0
504705,2,111,3,48.99,0.0
504705,3,112,1,178.99,0.0
504705,4,121,1,228.99,0.0
504706,1,127,2,58.99,0.0
504706,2,124,1,58.99,0.0
504707,1,137,2,32.99,0.0
504708,1,130,1,18.99,0.0
504709,1,109,1,55.99,0.0
504709,2,127,2,47.99,0.0
504710,1,109,1,64.99,0.0
504710,2,110,2,93.99,0.0
504711,1,138,1,98.99,0.0
504711,2,121,1,228.99,0.0
504712,1,110,3,98.99,0.0
504713,1,121,1,216.99,0.0
504713,2,109,1,64.99,0.0
504714,1,114,1,112.99,0.2
504715,1,126,2,74.99,0.1
504715,2,121,1,216.99,0.1
504716,1,129,1,41.99,0.0
504716,2,118,1,83.99,0.0
504717,1,109,2,68.99,0.2
504718,1,109,1,68.99,0.0
504718,2,106,2,88.99,0.0
504718,3,103,2,348.99,0.0
504718,4,104,1,528.99,0.0
504718,5,136,1,28.99,0.0
504719,1,125,1,31.99,0.0
504719,2,131,1,24.99,0.0
504719,3,136,3,28.99,0.0
504719,4,118,1,88.99,0.0
504720,1,109,2,64.99,0.0
504720,2,128,1,26.99,0.0
504720,3,102,2,397.99,0.0
504721,1,114,2,112.99,0.0
504721,2,113,2,170.99,0.0
504721,3,125,1,25.99,0.0
504722,1,113,2,208.99,0.1
504722,2,132,1,48.99,0.1
504723,1,120,1,248.99,0.2
504723,2,109,1,68.99,0.2
504724,1,118,3,71.99,0.0
504725,1,104,1,528.99,0.0
504725,2,120,1,248.99,0.0
504726,1,104,1,528.99,0.1
504726,2,124,1,58.99,0.1
504727,1,135,1,140.99,0.0
504727,2,122,1,74.99,0.0
504727,3,120,1,235.99,0.0
504728,1,123,1,84.99,0.0
504729,1,127,2,58.99,0.0
504730,1,122,1,78.99,0.0
504731,1,120,1,235.99,0.0
504731,2,121,3,216.99,0.0
504732,1,125,2,31.99,0.0
504733,1,120,3,248.99,0.3
504734,1,105,1,96.99,0.0
504734,2,112,1,145.99,0.0
504735,1,120,2,235.99,0.0
504736,1,130,1,18.99,0.0
504737,1,119,3,78.99,0.2
504738,1,105,2,118.99,0.2
504738,2,108,2,278.99,0.2
504739,1,134,1,238.99,0.1
504739,2,123,1,84.99,0.1
504739,3,114,2,138.99,0.1
504739,4,113,2,208.99,0.1
504739,5,121,2,228.99,0.1
504740,1,116,1,158.99,0.0
504740,2,113,3,208.99,0.0
504741,1,121,2,186.99,0.0
504741,2,129,1,35.99,0.0
504742,1,119,3,63.99,0.0
504742,2,103,1,285.99,0.0
504743,1,121,2,228.99,0.0
504744,1,133,3,112.99,0.0
504745,1,106,1,88.99,0.0
504745,2,121,1,228.99,0.0
504745,3,115,2,38.99,0.0
504746,1,102,2,342.99,0.3
504747,1,103,1,330.99,0.0
504747,2,120,1,235.99,0.0
504747,3,114,1,131.99,0.0
504747,4,105,3,112.99,0.0
504748,1,122,1,74.99,0.0
504749,1,106,1,88.99,0.0
504749,2,121,3,228.99,0.0
504749,3,117,1,188.99,0.0
504749,4,129,1,44.99,0.0
504750,1,123,2,79.99,0.0
504750,2,120,1,235.99,0.0
504751,1,119,1,74.99,0.0
504752,1,120,1,235.99,0.0
504753,1,115,1,30.99,0.1
504753,2,101,1,235.99,0.1
504754,1,104,1,528.99,0.0
504754,2,101,1,288.99,0.0
504754,3,122,2,78.99,0.0
504755,1,103,1,285.99,0.0
504756,1,122,1,74.99,0.0
504756,2,129,1,41.99,0.0
504756,3,121,3,216.99,0.0
504756,4,115,2,36.99,0.0
504756,5,120,2,235.99,0.0
504757,1,110,1,98.99,0.0
504758,1,120,1,248.99,0.2
504759,1,111,1,45.99,0.0
504760,1,104,1,501.99,0.2
504760,2,120,1,235.99,0.2
504761,1,118,2,88.99,0.2
504761,2,126,2,78.99,0.2
504761,3,116,3,158.99,0.2
504761,4,120,1,248.99,0.2
504762,1,115,1,36.99,0.0
504762,2,116,1,150.99,0.0
504763,1,121,1,228.99,0.1
504763,2,115,2,38.99,0.1
504764,1,105,3,112.99,0.0
504764,2,106,3,83.99,0.0
504764,3,110,2,93.99,0.0
504765,1,113,1,197.99,0.0
504765,2,134,1,226.99,0.0
504765,3,122,1,74.99,0.0
504766,1,113,1,197.99,0.0
504766,2,102,1,397.99,0.0
504767,1,136,1,28.99,0.0
504767,2,118,1,88.99,0.0
504768,1,118,1,88.99,0.0
504768,2,115,1,38.99,0.0
504768,3,116,1,158.99,0.0
504768,4,120,1,248.99,0.0
504769,1,110,1,98.99,0.0
504769,2,113,2,208.99,0.0
504770,1,121,3,228.99,0.0
504771,1,116,2,158.99,0.0
504771,2,138,1,98.99,0.0
504772,1,124,2,47.99,0.0
504772,2,134,2,194.99,0.0
504772,3,112,2,145.99,0.0
504772,4,110,1,80.99,0.0
504773,1,134,1,238.99,0.0
504773,2,112,1,178.99,0.0
504773,3,107,2,198.99,0.0
504774,1,137,3,34.99,0.0
504774,2,105,2,118.99,0.0
504774,3,112,2,178.99,0.0
504774,4,107,3,198.99,0.0
504775,1,126,1,78.99,0.2
504775,2,113,2,208.99,0.2
504776,1,110,1,93.99,0.0
504777,1,130,1,18.99,0.0
504778,1,111,1,39.99,0.1
504779,1,119,3,78.99,0.0
504780,1,137,3,34.99,0.0
504781,1,133,1,112.99,0.1
504781,2,125,1,29.99,0.1
504782,1,124,2,55.99,0.0
504783,1,120,1,235.99,0.1
504783,2,117,1,178.99,0.1
504784,1,101,3,273.99,0.0
504784,2,124,1,55.99,0.0
504784,3,130,2,17.99,0.0
504785,1,132,3,48.99,0.1
504786,1,109,2,55.99,0.0
504786,2,130,3,14.99,0.0
504787,1,123,1,84.99,0.0
504788,1,115,2,36.99,0.0
504789,1,138,3,80.99,0.0
504789,2,117,2,153.99,0.0
504789,3,137,3,27.99,0.0
504789,4,104,1,432.99,0.0
504789,5,106,2,71.99,0.0
504790,1,101,2,235.99,0.0
504791,1,110,1,98.99,0.0
504792,1,121,2,228.99,0.0
504793,1,137,1,27.99,0.0
504794,1,137,3,32.99,0.2
504794,2,118,3,83.99,0.2
504795,1,111,3,48.99,0.0
504796,1,129,2,44.99,0.0
504797,1,110,1,80.99,0.0
504798,1,133,1,112.99,0.0
504798,2,113,1,197.99,0.0
504798,3,108,1,264.99,0.0
504799,1,129,1,44.99,0.0
504800,1,136,1,26.99,0.0
504800,2,124,3,55.99,0.0
504801,1,108,2,278.99,0.0
504802,1,130,1,14.99,0.0
504803,1,131,1,19.99,0.0
504804,1,114,2,138.99,0.0
504804,2,135,1,148.99,0.0
504804,3,130,2,18.99,0.0
504804,4,123,1,84.99,0.0
504804,5,133,1,118.99,0.0
504805,1,134,1,238.99,0.2
504806,1,124,2,58.99,0.2
504807,1,136,1,28.99,0.0
504808,1,130,2,14.99,0.1
504808,2,127,1,47.99,0.1
504808,3,109,1,55.99,0.1
504808,4,129,2,35.99,0.1
504808,5,118,1,71.99,0.1
504809,1,133,1,112.99,0.0
504809,2,129,2,41.99,0.0
504810,1,127,1,58.99,0.1
504811,1,117,2,153.99,0.1
504812,1,121,3,216.99,0.0
504812,2,107,1,188.99,0.0
504812,3,123,2,79.99,0.0
504812,4,118,3,83.99,0.0
504813,1,124,1,58.99,0.1
504813,2,101,2,288.99,0.1
504813,3,121,1,228.99,0.1
504814,1,119,1,78.99,0.0
504814,2,128,3,28.99,0.0
504814,3,124,3,58.99,0.0
504815,1,111,1,39.99,0.0
504816,1,109,2,68.99,0.0
504816,2,113,1,208.99,0.0
504816,3,122,3,78.99,0.0
504817,1,114,1,131.99,0.0
504818,1,117,1,188.99,0.1
504818,2,137,1,34.99,0.1
504819,1,104,1,432.99,0.0
504820,1,122,2,78.99,0.0
504820,2,125,3,31.99,0.0
504821,1,120,3,248.99,0.1
504821,2,114,1,138.99,0.1
504821,3,136,2,28.99,0.1
504822,1,120,1,248.99,0.0
504822,2,101,2,288.99,0.0
504822,3,119,1,78.99,0.0
504823,1,136,2,26.99,0.0
504823,2,129,2,41.99,0.0
504823,3,103,2,330.99,0.0
504824,1,134,1,238.99,0.0
504824,2,138,2,98.99,0.0
504825,1,123,1,84.99,0.0
504825,2,118,2,88.99,0.0
504825,3,113,3,208.99,0.0
504826,1,122,1,78.99,0.2
504826,2,123,1,84.99,0.2
504827,1,110,1,80.99,0.0
504828,1,125,3,29.99,0.1
504829,1,135,1,148.99,0.0
504830,1,102,3,397.99,0.0
504831,1,116,1,158.99,0.0
504832,1,112,2,178.99,0.0
504833,1,101,2,273.99,0.1
504833,2,115,2,36.99,0.1
504834,1,111,3,48.99,0.0
504835,1,104,3,528.99,0.1
504835,2,131,2,24.99,0.1
504836,1,107,2,162.99,0.0
504837,1,125,1,29.99,0.0
504838,1,133,1,118.99,0.0
504838,2,119,1,78.99,0.0
504838,3,136,1,28.99,0.0
504838,4,130,2,18.99,0.0
504839,1,106,1,83.99,0.0
504840,1,124,3,47.99,0.1
504841,1,121,1,186.99,0.1
504841,2,137,3,27.99,0.1
504841,3,132,1,39.99,0.1
504842,1,133,1,112.99,0.0
504843,1,124,3,55.99,0.0
504844,1,121,1,228.99,0.0
504844,2,111,1,48.99,0.0
504844,3,132,2,48.99,0.0
504844,4,118,3,88.99,0.0
504845,1,130,3,18.99,0.0
504846,1,114,1,112.99,0.1
504846,2,113,1,170.99,0.1
504846,3,103,1,285.99,0.1
504846,4,135,1,121.99,0.1
504846,5,110,2,80.99,0.1
504847,1,106,1,88.99,0.0
504848,1,118,1,88.99,0.0
504849,1,113,1,197.99,0.0
504850,1,112,1,145.99,0.0
504850,2,133,2,96.99,0.0
504850,3,125,1,25.99,0.0
504850,4,101,1,235.99,0.0
504850,5,122,1,63.99,0.0
504851,1,116,218,129.99,0.1
504852,1,103,2,330.99,0.1
504853,1,107,2,198.99,0.0
504853,2,113,1,208.99,0.0
504853,3,128,1,28.99,0.0
504853,4,110,1,98.99,0.0
504853,5,127,2,58.99,0.0
504854,1,137,3,27.99,0.0
504854,2,134,3,194.99,0.0
504855,1,122,1,63.99,0.0
504855,2,121,1,186.99,0.0
504855,3,108,1,227.99,0.0
504856,1,115,3,36.99,0.0
504857,1,107,1,198.99,0.0
504858,1,112,2,178.99,0.0
504858,2,104,1,528.99,0.0
504858,3,130,1,18.99,0.0
504858,4,132,2,48.99,0.0
504859,1,118,1,88.99,0.0
504859,2,101,2,288.99,0.0
504859,3,114,1,138.99,0.0
504860,1,135,1,148.99,0.0
504860,2,115,1,38.99,0.0
504861,1,124,1,58.99,0.0
504862,1,130,1,18.99,0.1
504862,2,124,1,58.99,0.1
504862,3,116,2,158.99,0.1
504863,1,121,1,216.99,0.0
504864,1,111,2,39.99,0.0
504864,2,114,3,112.99,0.0
504865,1,136,1,28.99,0.0
504865,2,105,3,118.99,0.0
504866,1,123,1,84.99,0.0
504867,1,123,1,79.99,0.0
504868,1,111,3,48.99,0.0
504868,2,120,3,248.99,0.0
504868,3,119,3,78.99,0.0
504869,1,114,2,138.99,0.3
504869,2,129,3,44.99,0.3
504870,1,123,1,84.99,0.0
504871,1,128,1,22.99,0.3
504872,1,103,1,348.99,0.0
504873,1,123,1,79.99,0.2
504874,1,122,1,74.99,0.0
504875,1,107,1,198.99,0.0
504876,1,110,1,98.99,0.1
504877,1,117,3,153.99,0.1
504878,1,121,3,228.99,0.0
504879,1,137,2,34.99,0.0
504879,2,125,3,31.99,0.0
504880,1,118,3,88.99,0.2
504881,1,114,1,138.99,0.0
504881,2,112,1,178.99,0.0
504882,1,126,1,78.99,0.1
504882,2,120,1,248.99,0.1
504882,3,114,1,138.99,0.1
504883,1,115,1,36.99,0.2
504883,2,122,2,74.99,0.2
504883,3,125,1,29.99,0.2
504883,4,106,3,83.99,0.2
504883,5,121,1,216.99,0.2
504884,1,115,3,38.99,0.0
504885,1,135,1,148.99,0.0
504886,1,117,1,188.99,0.2
504886,2,120,1,248.99,0.2
504887,1,101,2,273.99,0.2
504887,2,120,2,235.99,0.2
504888,1,117,1,188.99,0.2
504888,2,121,2,228.99,0.2
504889,1,125,1,31.99,0.0
504890,1,115,1,38.99,0.2
504891,1,103,2,330.99,0.0
504891,2,110,3,93.99,0.0
504892,1,110,1,98.99,0.0
504892,2,117,3,188.99,0.0
504893,1,120,1,248.99,0.0
504894,1,116,1,158.99,0.0
504895,1,132,1,48.99,0.1
504896,1,117,1,188.99,0.0
504896,2,124,1,58.99,0.0
504896,3,104,1,528.99,0.0
504896,4,123,3,84.99,0.0
504896,5,119,1,78.99,0.0
504897,1,130,1,14.99,0.1
504898,1,128,2,26.99,0.0
504899,1,138,1,93.99,0.0
504899,2,114,1,131.99,0.0
504899,3,106,1,83.99,0.0
504900,1,122,2,78.99,0.0
504901,1,116,1,158.99,0.0
504902,1,118,1,83.99,0.0
504902,2,128,3,26.99,0.0
504902,3,123,2,79.99,0.0
504903,1,127,2,58.99,0.0
504903,2,124,1,58.99,0.0
504903,3,107,2,198.99,0.0
504904,1,122,3,63.99,0.0
504904,2,118,3,71.99,0.0
504905,1,119,1,74.99,0.0
504905,2,104,1,501.99,0.0
504906,1,103,1,348.99,0.0
504907,1,136,2,28.99,0.0
504908,1,117,1,188.99,0.0
504908,2,102,1,418.99,0.0
504909,1,124,1,58.99,0.0
504909,2,106,1,88.99,0.0
504910,1,111,1,45.99,0.0
504911,1,133,1,112.99,0.1
504912,1,129,2,44.99,0.0
504913,1,113,1,170.99,0.0
504913,2,134,2,194.99,0.0
504913,3,129,1,35.99,0.0
504913,4,116,1,129.99,0.0
504914,1,123,2,79.99,0.0
504915,1,104,1,528.99,0.0
504916,1,102,2,342.99,0.0
504916,2,107,3,162.99,0.0
504917,1,117,1,153.99,0.0
504918,1,138,1,98.99,0.0
504918,2,132,3,48.99,0.0
504919,1,121,1,228.99,0.0
504920,1,138,1,98.99,0.0
504920,2,118,2,88.99,0.0
504920,3,122,2,78.99,0.0
504920,4,109,2,68.99,0.0
504920,5,124,1,58.99,0.0
504921,1,120,1,248.99,0.1
504921,2,121,1,228.99,0.1
504921,3,108,2,278.99,0.1
504922,1,122,1,78.99,0.0
504923,1,126,1,74.99,0.0
504923,2,118,2,83.99,0.0
504923,3,129,1,41.99,0.0
504923,4,121,1,216.99,0.0
504924,1,130,1,18.99,0.0
504924,2,118,1,88.99,0.0
504925,1,127,2,55.99,0.0
504926,1,120,1,248.99,0.3
504926,2,135,2,148.99,0.3
504927,1,134,2,226.99,0.1
504928,1,120,1,248.99,0.0
504929,1,113,1,197.99,0.0
504929,2,101,2,273.99,0.0
504929,3,111,3,45.99,0.0
504929,4,137,1,32.99,0.0
504930,1,119,1,78.99,0.2
504931,1,117,1,188.99,0.0
504932,1,129,2,44.99,0.0
504933,1,117,3,178.99,0.0
504933,2,107,1,188.99,0.0
504934,1,104,1,528.99,0.0
504935,1,125,2,31.99,0.0
504935,2,107,3,198.99,0.0
504935,3,113,1,208.99,0.0
504935,4,123,1,84.99,0.0
504936,1,136,3,28.99,0.0
504937,1,122,1,74.99,0.1
504938,1,103,1,330.99,0.0
504938,2,109,1,64.99,0.0
504939,1,105,1,118.99,0.0
504940,1,126,3,63.99,0.0
504940,2,121,3,186.99,0.0
504941,1,130,1,18.99,0.3
504941,2,128,1,28.99,0.3
504942,1,117,1,188.99,0.3
504943,1,121,3,228.99,0.0
504943,2,130,2,18.99,0.0
504943,3,115,1,38.99,0.0
504944,1,118,1,83.99,0.0
504944,2,114,1,131.99,0.0
504945,1,133,2,96.99,0.2
504946,1,104,1,528.99,0.0
504947,1,117,1,178.99,0.1
504948,1,119,2,78.99,0.0
504948,2,125,3,31.99,0.0
504949,1,108,1,278.99,0.0
504950,1,132,1,45.99,0.0
504950,2,131,3,22.99,0.0
504951,1,118,1,88.99,0.0
504951,2,120,2,248.99,0.0
504952,1,135,3,148.99,0.1
504953,1,110,2,98.99,0.0
504954,1,106,3,88.99,0.0
504954,2,121,1,228.99,0.0
504955,1,107,1,198.99,0.0
504955,2,102,1,418.99,0.0
504956,1,110,3,80.99,0.0
504956,2,130,2,14.99,0.0
504956,3,101,1,235.99,0.0
504957,1,115,1,36.99,0.0
504958,1,125,1,31.99,0.0
504958,2,123,2,84.99,0.0
504958,3,101,1,288.99,0.0
504959,1,125,1,31.99,0.1
504959,2,113,1,208.99,0.1
504960,1,102,1,418.99,0.1
504961,1,122,3,78.99,0.0
504962,1,105,1,118.99,0.0
504963,1,107,1,198.99,0.3
504963,2,103,3,348.99,0.3
504963,3,114,3,138.99,0.3
504963,4,137,1,34.99,0.3
504963,5,118,1,88.99,0.3
504964,1,121,1,186.99,0.1
504965,1,113,2,208.99,0.0
504966,1,121,2,216.99,0.1
504966,2,111,2,45.99,0.1
504966,3,105,3,112.99,0.1
504967,1,110,1,80.99,0.1
504968,1,137,1,34.99,0.1
504969,1,113,3,208.99,0.1
504969,2,109,1,68.99,0.1
504970,1,114,1,138.99,0.0
504970,2,108,1,278.99,0.0
504971,1,107,1,162.99,0.3
504971,2,102,1,342.99,0.3
504971,3,125,2,25.99,0.3
504971,4,128,2,22.99,0.3
504972,1,102,1,342.99,0.0
504972,2,127,1,47.99,0.0
504973,1,112,1,169.99,0.0
504974,1,118,1,88.99,0.2
504974,2,129,3,44.99,0.2
504974,3,109,1,68.99,0.2
504974,4,124,3,58.99,0.2
504975,1,107,1,198.99,0.0
504976,1,120,1,235.99,0.1
504976,2,118,1,83.99,0.1
504976,3,130,3,17.99,0.1
504976,4,122,1,74.99,0.1
504977,1,133,1,118.99,0.0
504978,1,125,2,29.99,0.0
504979,1,103,3,348.99,0.0
504979,2,123,2,84.99,0.0
504979,3,132,1,48.99,0.0
504980,1,106,2,88.99,0.0
504981,1,112,3,178.99,0.0
504981,2,123,1,84.99,0.0
504981,3,116,2,158.99,0.0
504981,4,107,2,198.99,0.0
504982,1,122,1,74.99,0.0
504982,2,132,3,45.99,0.0
504983,1,133,1,112.99,0.2
504984,1,112,1,169.99,0.3
504984,2,120,1,235.99,0.3
504984,3,128,3,26.99,0.3
504984,4,119,2,74.99,0.3
504984,5,109,2,64.99,0.3
504985,1,131,1,24.99,0.0
504985,2,124,1,58.99,0.0
504986,1,129,2,44.99,0.0
504986,2,119,1,78.99,0.0
504987,1,118,1,71.99,0.0
504988,1,136,1,22.99,0.0
504988,2,129,2,35.99,0.0
504988,3,108,1,227.99,0.0
504989,1,122,3,74.99,0.0
504990,1,108,1,278.99,0.1
504991,1,114,1,131.99,0.0
504991,2,115,1,36.99,0.0
504991,3,112,2,169.99,0.0
504991,4,121,3,216.99,0.0
504991,5,119,2,74.99,0.0
504992,1,109,2,68.99,0.0
504992,2,116,1,158.99,0.0
504993,1,133,2,118.99,0.2
504994,1,107,1,198.99,0.0
504994,2,135,2,148.99,0.0
504994,3,108,1,278.99,0.0
504995,1,123,3,79.99,0.1
504996,1,101,2,273.99,0.1
504996,2,121,1,216.99,0.1
504997,1,117,1,188.99,0.0
504997,2,135,1,148.99,0.0
504998,1,114,2,131.99,0.0
504999,1,106,1,88.99,0.0
505000,1,118,1,88.99,0.0
505001,1,113,2,208.99,0.1
505002,1,123,2,79.99,0.0
505003,1,121,1,186.99,0.0
505004,1,129,1,41.99,0.0
505004,2,119,2,74.99,0.0
505004,3,110,1,93.99,0.0
505004,4,132,1,45.99,0.0
505005,1,109,1,55.99,0.0
505005,2,106,2,71.99,0.0
505005,3,137,1,27.99,0.0
505005,4,125,2,25.99,0.0
505006,1,109,1,68.99,0.2
505007,1,126,2,78.99,0.1
505008,1,110,2,93.99,0.1
505009,1,130,1,14.99,0.1
505010,1,121,1,186.99,0.0
505010,2,125,1,25.99,0.0
505010,3,118,1,71.99,0.0
505011,1,114,2,131.99,0.0
505011,2,111,2,45.99,0.0
505012,1,123,2,84.99,0.1
505013,1,104,1,501.99,0.1
505013,2,132,2,45.99,0.1
505014,1,123,3,68.99,0.1
505014,2,131,2,19.99,0.1
505014,3,124,2,47.99,0.1
505014,4,115,3,30.99,0.1
505014,5,114,1,112.99,0.1
505015,1,122,1,74.99,0.0
505015,2,129,1,41.99,0.0
505015,3,120,1,235.99,0.0
505016,1,114,3,138.99,0.0
505017,1,127,1,47.99,0.0
505017,2,118,2,71.99,0.0
505017,3,117,2,153.99,0.0
505018,1,126,1,78.99,0.0
505019,1,127,1,58.99,0.0
505020,1,120,2,248.99,0.2
505021,1,124,1,58.99,0.0
505021,2,138,2,98.99,0.0
505022,1,108,1,264.99,0.0
505022,2,125,1,29.99,0.0
505022,3,111,2,45.99,0.0
505022,4,121,2,216.99,0.0
505022,5,138,1,93.99,0.0
505023,1,128,1,28.99,0.1
505024,1,123,1,84.99,0.1
505024,2,133,1,118.99,0.1
505025,1,112,1,178.99,0.1
505025,2,123,3,84.99,0.1
505025,3,125,1,31.99,0.1
505025,4,134,2,238.99,0.1
505026,1,113,1,208.99,0.1
505026,2,122,1,78.99,0.1
505026,3,101,1,288.99,0.1
505026,4,115,2,38.99,0.1
505027,1,125,1,31.99,0.0
505028,1,102,1,397.99,0.0
505029,1,121,1,216.99,0.0
505029,2,115,1,36.99,0.0
505029,3,132,3,45.99,0.0
505030,1,123,1,68.99,0.1
505031,1,120,3,248.99,0.0
505032,1,130,1,18.99,0.0
505032,2,117,1,188.99,0.0
505033,1,119,2,78.99,0.0
505033,2,124,1,58.99,0.0
505033,3,103,3,348.99,0.0
505033,4,108,3,278.99,0.0
505034,1,138,1,98.99,0.0
505035,1,122,3,74.99,0.0
505035,2,105,1,112.99,0.0
505036,1,125,1,31.99,0.0
505036,2,113,1,208.99,0.0
505037,1,138,2,98.99,0.1
505037,2,102,3,418.99,0.1
505037,3,133,1,118.99,0.1
505037,4,103,2,348.99,0.1
505038,1,130,1,18.99,0.0
505038,2,137,2,34.99,0.0
505039,1,133,3,112.99,0.0
505040,1,114,1,131.99,0.0
505041,1,116,2,150.99,0.0
505041,2,126,2,74.99,0.0
505042,1,118,1,71.99,0.0
505042,2,122,2,63.99,0.0
505043,1,133,1,112.99,0.0
505043,2,108,2,264.99,0.0
505044,1,114,1,138.99,0.1
505045,1,114,1,131.99,0.0
505045,2,134,2,226.99,0.0
505045,3,101,1,273.99,0.0
505045,4,103,3,330.99,0.0
505046,1,115,1,36.99,0.0
505046,2,120,2,235.99,0.0
505046,3,129,1,41.99,0.0
505047,1,113,1,208.99,0.0
505047,2,116,1,158.99,0.0
505048,1,112,1,178.99,0.0
505048,2,134,1,238.99,0.0
505048,3,109,1,68.99,0.0
505049,1,111,3,48.99,0.0
505050,1,126,1,78.99,0.0
505050,2,125,1,31.99,0.0
505051,1,108,1,278.99,0.1
505051,2,126,2,78.99,0.1
505052,1,106,2,88.99,0.0
505052,2,120,2,248.99,0.0
505053,1,118,2,83.99,0.0
505054,1,136,2,26.99,0.1
505055,1,122,1,78.99,0.0
505056,1,111,1,45.99,0.0
505057,1,121,1,228.99,0.0
505057,2,124,2,58.99,0.0
505058,1,135,1,148.99,0.2
505058,2,110,1,98.99,0.2
505059,1,101,1,288.99,0.0
505059,2,119,1,78.99,0.0
505059,3,118,1,88.99,0.0
505059,4,115,3,38.99,0.0
505059,5,117,1,188.99,0.0
505060,1,125,3,31.99,0.1
505061,1,118,1,83.99,0.0
505061,2,126,1,74.99,0.0
505062,1,125,1,29.99,0.0
505063,1,108,2,278.99,0.0
505064,1,129,3,44.99,0.0
505064,2,136,2,28.99,0.0
505064,3,123,1,84.99,0.0
505064,4,101,1,288.99,0.0
505065,1,137,1,34.99,0.1
505066,1,117,1,178.99,0.0
505066,2,115,1,36.99,0.0
505066,3,111,1,45.99,0.0
505066,4,123,1,79.99,0.0
505066,5,112,1,169.99,0.0
505067,1,134,3,238.99,0.2
505068,1,129,1,44.99,0.1
505069,1,132,3,48.99,0.0
505069,2,104,1,528.99,0.0
505069,3,126,1,78.99,0.0
505069,4,121,2,228.99,0.0
505070,1,135,1,140.99,0.0
505070,2,126,2,74.99,0.0
505071,1,114,1,131.99,0.0
505072,1,124,1,47.99,0.0
505073,1,117,1,188.99,0.0
505074,1,118,1,88.99,0.0
505075,1,119,1,63.99,0.0
505075,2,122,3,63.99,0.0
505075,3,120,1,203.99,0.0
505075,4,111,3,39.99,0.0
505076,1,123,3,84.99,0.0
505077,1,118,1,88.99,0.1
505078,1,119,1,78.99,0.0
505078,2,126,2,78.99,0.0
505078,3,118,1,88.99,0.0
505078,4,112,2,178.99,0.0
505078,5,114,3,138.99,0.0
505079,1,120,2,248.99,0.2
505079,2,135,2,148.99,0.2
505079,3,116,1,158.99,0.2
505080,1,121,1,186.99,0.0
505080,2,128,2,22.99,0.0
505080,3,116,3,129.99,0.0
505081,1,118,1,88.99,0.0
505082,1,122,1,78.99,0.1
505083,1,113,1,208.99,0.0
505083,2,125,1,31.99,0.0
505084,1,117,2,188.99,0.2
505084,2,124,3,58.99,0.2
505084,3,116,3,158.99,0.2
505085,1,124,2,58.99,0.0
505085,2,111,1,48.99,0.0
505086,1,109,2,68.99,0.1
505086,2,120,1,248.99,0.1
505087,1,120,1,248.99,0.0
505088,1,107,1,198.99,0.0
505089,1,129,1,44.99,0.0
505089,2,137,2,34.99,0.0
505089,3,116,1,158.99,0.0
505089,4,111,1,48.99,0.0
505090,1,120,1,248.99,0.1
505091,1,130,1,18.99,0.0
505091,2,124,1,58.99,0.0
505091,3,125,2,31.99,0.0
505092,1,122,1,74.99,0.2
505093,1,122,1,78.99,0.1
505094,1,115,2,38.99,0.1
505095,1,120,3,248.99,0.0
505096,1,133,3,112.99,0.0
505096,2,129,2,41.99,0.0
505096,3,117,2,178.99,0.0
505096,4,125,1,29.99,0.0
505096,5,132,2,45.99,0.0
505097,1,102,2,418.99,0.0
505098,1,130,2,14.99,0.0
505098,2,127,1,47.99,0.0
505098,3,114,1,112.99,0.0
505098,4,119,1,63.99,0.0
505098,5,125,2,25.99,0.0
505099,1,138,1,93.99,0.0
505100,1,134,2,194.99,0.0
505100,2,123,1,68.99,0.0
505101,1,127,1,58.99,0.1
505102,1,119,1,74.99,0.0
505102,2,135,1,140.99,0.0
505102,3,118,2,83.99,0.0
505103,1,111,1,48.99,0.2
505103,2,122,2,78.99,0.2
505103,3,110,3,98.99,0.2
505103,4,115,1,38.99,0.2
505104,1,118,1,83.99,0.0
505105,1,101,1,273.99,0.0
505106,1,120,1,235.99,0.0
505107,1,103,1,348.99,0.0
505108,1,101,3,235.99,0.0
505108,2,121,2,186.99,0.0
505108,3,118,1,71.99,0.0
505109,1,109,1,68.99,0.1
505109,2,120,2,248.99,0.1
505109,3,104,1,528.99,0.1
505110,1,114,3,138.99,0.2
505111,1,128,3,28.99,0.1
505112,1,126,1,78.99,0.0
505112,2,120,2,248.99,0.0
505112,3,127,1,58.99,0.0
505113,1,117,1,188.99,0.0
505114,1,112,2,178.99,0.0
505115,1,128,1,28.99,0.0
505115,2,126,1,78.99,0.0
505115,3,117,3,188.99,0.0
505116,1,129,2,41.99,0.1
505116,2,107,1,188.99,0.1
505116,3,121,1,216.99,0.1
505117,1,117,1,188.99,0.0
505118,1,131,1,24.99,0.0
505118,2,108,1,278.99,0.0
505119,1,104,1,528.99,0.0
505120,1,111,1,45.99,0.0
505121,1,101,2,288.99,0.0
505121,2,128,1,28.99,0.0
505122,1,118,1,83.99,0.3
505123,1,108,1,264.99,0.1
505123,2,124,1,55.99,0.1
505123,3,125,3,29.99,0.1
505124,1,109,1,68.99,0.1
505125,1,123,3,79.99,0.0
505126,1,126,3,78.99,0.1
505127,1,122,3,78.99,0.0
505127,2,117,1,188.99,0.0
505128,1,108,2,278.99,0.0
505129,1,123,2,84.99,0.0
505130,1,124,1,55.99,0.0
505130,2,130,3,17.99,0.0
505130,3,119,1,74.99,0.0
505130,4,125,1,29.99,0.0
505131,1,111,1,48.99,0.1
505131,2,123,1,84.99,0.1
505132,1,121,2,216.99,0.0
505133,1,123,1,68.99,0.0
505133,2,132,1,39.99,0.0
505133,3,120,2,203.99,0.0
505133,4,107,2,162.99,0.0
505133,5,124,2,47.99,0.0
505134,1,104,1,501.99,0.0
505135,1,125,2,31.99,0.0
505136,1,105,1,118.99,0.0
505136,2,113,1,208.99,0.0
505136,3,130,2,18.99,0.0
505137,1,123,2,84.99,0.0
505137,2,125,1,31.99,0.0
505138,1,138,3,80.99,0.0
505139,1,115,3,38.99,0.0
505140,1,104,1,501.99,0.2
505141,1,114,1,131.99,0.0
505141,2,121,2,216.99,0.0
505141,3,103,2,330.99,0.0
505142,1,109,1,68.99,0.0
505143,1,112,1,169.99,0.0
505143,2,118,2,83.99,0.0
505144,1,112,1,178.99,0.0
505144,2,121,3,228.99,0.0
505145,1,130,2,18.99,0.0
505146,1,132,2,48.99,0.2
505147,1,109,1,64.99,0.0
505147,2,125,1,29.99,0.0
505147,3,131,1,22.99,0.0
505147,4,102,1,397.99,0.0
505148,1,117,1,188.99,0.2
505149,1,138,2,98.99,0.1
505149,2,111,1,48.99,0.1
505149,3,112,3,178.99,0.1
505149,4,129,3,44.99,0.1
505150,1,131,1,24.99,0.0
505150,2,119,2,78.99,0.0
505151,1,115,1,38.99,0.0
505151,2,121,3,228.99,0.0
505152,1,112,2,169.99,0.0
505152,2,108,3,264.99,0.0
505152,3,105,2,112.99,0.0
505152,4,121,1,216.99,0.0
505152,5,114,2,131.99,0.0
505153,1,134,1,226.99,0.0
505154,1,109,2,55.99,0.3
505154,2,138,2,80.99,0.3
505155,1,124,1,58.99,0.2
505155,2,133,1,118.99,0.2
505155,3,125,1,31.99,0.2
505156,1,113,1,197.99,0.1
505156,2,129,1,41.99,0.1
505156,3,127,2,55.99,0.1
505156,4,118,1,83.99,0.1
505157,1,117,1,178.99,0.0
505157,2,104,1,501.99,0.0
505158,1,124,2,55.99,0.1
505158,2,120,3,235.99,0.1
505159,1,128,1,26.99,0.0
505160,1,111,3,48.99,0.0
505160,2,122,1,78.99,0.0
505161,1,113,3,170.99,0.1
505162,1,108,1,278.99,0.0
505163,1,118,3,83.99,0.0
505163,2,115,1,36.99,0.0
505163,3,125,3,29.99,0.0
505163,4,120,1,235.99,0.0
505164,1,130,2,17.99,0.2
505165,1,122,1,78.99,0.1
505166,1,122,1,74.99,0.1
505167,1,124,1,58.99,0.1
505168,1,105,1,118.99,0.0
505168,2,137,1,34.99,0.0
505169,1,116,1,158.99,0.0
505170,1,101,1,288.99,0.0
505170,2,112,2,178.99,0.0
505171,1,105,2,112.99,0.0
505172,1,105,2,96.99,0.0
505172,2,137,1,27.99,0.0
505172,3,103,3,285.99,0.0
505173,1,126,1,78.99,0.1
505174,1,112,1,169.99,0.0
505175,1,120,3,235.99,0.0
505175,2,104,1,501.99,0.0
505176,1,130,2,17.99,0.1
505176,2,111,3,45.99,0.1
505176,3,108,1,264.99,0.1
505177,1,136,1,28.99,0.0
505178,1,101,2,273.99,0.0
505179,1,124,1,55.99,0.0
505179,2,116,2,150.99,0.0
505180,1,119,3,63.99,0.0
505181,1,120,1,248.99,0.1
505181,2,121,1,228.99,0.1
505181,3,109,3,68.99,0.1
505181,4,124,1,58.99,0.1
505182,1,121,1,186.99,0.2
505182,2,129,3,35.99,0.2
505182,3,105,3,96.99,0.2
505183,1,120,1,203.99,0.2
505183,2,116,1,129.99,0.2
505183,3,124,1,47.99,0.2
505184,1,114,1,138.99,0.0
505185,1,122,1,74.99,0.1
505186,1,110,1,98.99,0.0
505186,2,113,2,208.99,0.0
505186,3,112,2,178.99,0.0
505186,4,136,2,28.99,0.0
505186,5,134,1,238.99,0.0
505187,1,121,1,186.99,0.2
505187,2,114,1,112.99,0.2
505188,1,108,1,264.99,0.1
505189,1,112,1,178.99,0.0
505190,1,113,1,197.99,0.2
505191,1,120,1,235.99,0.0
505191,2,127,3,55.99,0.0
505192,1,105,2,112.99,0.2
505192,2,106,1,83.99,0.2
505193,1,116,3,158.99,0.2
505194,1,128,1,28.99,0.0
505195,1,121,2,228.99,0.2
505196,1,110,3,80.99,0.0
505197,1,107,1,162.99,0.0
505197,2,116,1,129.99,0.0
505197,3,114,1,112.99,0.0
505197,4,113,3,170.99,0.0
505198,1,103,3,348.99,0.0
505198,2,106,1,88.99,0.0
505198,3,128,2,28.99,0.0
505199,1,134,1,194.99,0.0
505199,2,125,1,25.99,0.0
505200,1,124,1,58.99,0.0
505201,1,123,1,79.99,0.1
505201,2,121,1,216.99,0.1
505201,3,116,1,150.99,0.1
505202,1,117,2,188.99,0.0
505202,2,128,2,28.99,0.0
505203,1,119,2,74.99,0.1
505203,2,111,1,45.99,0.1
505203,3,117,2,178.99,0.1
505204,1,131,2,24.99,0.0
505205,1,116,2,150.99,0.2
505206,1,131,3,24.99,0.0
505206,2,119,3,78.99,0.0
505206,3,102,1,418.99,0.0
505206,4,122,1,78.99,0.0
505206,5,137,3,34.99,0.0
505207,1,122,1,63.99,0.0
505207,2,132,1,39.99,0.0
505208,1,122,2,78.99,0.1
505208,2,117,1,188.99,0.1
505209,1,125,2,31.99,0.2
505210,1,111,1,45.99,0.0
505211,1,126,2,74.99,0.0
505211,2,118,1,83.99,0.0
505211,3,104,1,501.99,0.0
505212,1,117,2,153.99,0.0
505213,1,119,2,78.99,0.0
505214,1,126,1,74.99,0.1
505215,1,122,1,74.99,0.1
505215,2,132,1,45.99,0.1
505215,3,127,1,55.99,0.1
505216,1,116,1,158.99,0.1
505217,1,105,3,112.99,0.0
505218,1,101,1,235.99,0.1
505219,1,126,3,78.99,0.0
505219,2,128,2,28.99,0.0
505220,1,116,1,158.99,0.2
505220,2,117,1,188.99,0.2
505221,1,122,1,74.99,0.0
505221,2,112,1,169.99,0.0
505222,1,136,1,28.99,0.0
505223,1,132,3,48.99,0.0
505224,1,127,1,58.99,0.0
505225,1,104,2,432.99,0.0
505226,1,102,1,418.99,0.0
505226,2,110,1,98.99,0.0
505227,1,137,1,32.99,0.0
505227,2,119,1,74.99,0.0
505228,1,129,3,44.99,0.1
505228,2,124,1,58.99,0.1
505229,1,103,3,330.99,0.0
505229,2,121,2,216.99,0.0
505229,3,137,1,32.99,0.0
505230,1,121,2,228.99,0.0
505230,2,128,2,28.99,0.0
505231,1,125,2,31.99,0.2
505231,2,109,1,68.99,0.2
505231,3,122,1,78.99,0.2
505231,4,124,1,58.99,0.2
505232,1,114,1,112.99,0.0
505232,2,118,1,71.99,0.0
505232,3,128,2,22.99,0.0
505232,4,136,1,22.99,0.0
505232,5,125,1,25.99,0.0
505233,1,101,1,235.99,0.0
505233,2,136,3,22.99,0.0
505233,3,107,2,162.99,0.0
505234,1,122,3,78.99,0.1
505234,2,136,1,28.99,0.1
505235,1,106,3,88.99,0.0
505235,2,127,2,58.99,0.0
505236,1,124,1,55.99,0.0
505237,1,111,1,48.99,0.0
505237,2,106,1,88.99,0.0
505238,1,107,2,198.99,0.0
505238,2,136,3,28.99,0.0
505239,1,115,2,30.99,0.2
505239,2,138,1,80.99,0.2
505240,1,104,2,501.99,0.0
505240,2,121,1,216.99,0.0
505241,1,122,1,78.99,0.3
505241,2,107,1,198.99,0.3
505241,3,106,1,88.99,0.3
505241,4,108,1,278.99,0.3
505241,5,131,1,24.99,0.3
505242,1,127,1,47.99,0.0
505242,2,130,3,14.99,0.0
505242,3,107,1,162.99,0.0
505242,4,128,3,22.99,0.0
505243,1,115,1,38.99,0.0
505243,2,117,2,188.99,0.0
505243,3,111,2,48.99,0.0
505243,4,114,2,138.99,0.0
505244,1,116,1,158.99,0.0
505244,2,124,2,58.99,0.0
505244,3,112,1,178.99,0.0
505244,4,135,1,148.99,0.0
505244,5,119,1,78.99,0.0
505245,1,110,2,98.99,0.0
505245,2,108,1,278.99,0.0
505245,3,116,1,158.99,0.0
505246,1,136,1,28.99,0.1
505247,1,116,3,129.99,0.0
505248,1,109,3,64.99,0.0
505248,2,134,3,226.99,0.0
505249,1,110,2,93.99,0.0
505249,2,103,2,330.99,0.0
505249,3,105,1,112.99,0.0
505249,4,123,1,79.99,0.0
505250,1,117,1,188.99,0.0
505251,1,113,1,208.99,0.0
505251,2,118,3,88.99,0.0
505252,1,104,1,528.99,0.0
505253,1,118,1,88.99,0.0
505253,2,119,1,78.99,0.0
505254,1,116,2,129.99,0.0
505254,2,117,2,153.99,0.0
505255,1,138,3,80.99,0.0
505255,2,121,1,186.99,0.0
505255,3,118,2,71.99,0.0
505256,1,119,2,74.99,0.2
505256,2,109,2,64.99,0.2
505257,1,114,1,112.99,0.0
505258,1,127,1,58.99,0.0
505258,2,130,1,18.99,0.0
505258,3,126,1,78.99,0.0
505259,1,106,2,88.99,0.1
505260,1,116,1,158.99,0.0
505261,1,116,1,158.99,0.0
505262,1,118,1,88.99,0.0
505263,1,116,3,158.99,0.0
505263,2,115,2,38.99,0.0
505264,1,107,1,198.99,0.0
505265,1,108,1,227.99,0.2
505265,2,114,3,112.99,0.2
505266,1,132,1,45.99,0.2
505266,2,122,1,74.99,0.2
505267,1,129,2,35.99,0.0
505267,2,109,1,55.99,0.0
505268,1,130,1,17.99,0.0
505269,1,113,1,197.99,0.0
505270,1,106,1,83.99,0.0
505271,1,123,1,84.99,0.0
505271,2,104,2,528.99,0.0
505271,3,132,1,48.99,0.0
505271,4,111,2,48.99,0.0
505272,1,135,1,140.99,0.0
505273,1,105,1,118.99,0.1
505274,1,122,1,63.99,0.0
505275,1,120,1,203.99,0.0
505275,2,128,1,22.99,0.0
505276,1,119,3,78.99,0.1
505277,1,120,1,248.99,0.0
505277,2,129,1,44.99,0.0
505277,3,135,2,148.99,0.0
505277,4,112,1,178.99,0.0
505278,1,123,3,79.99,0.1
505279,1,128,1,28.99,0.2
505279,2,113,1,208.99,0.2
505279,3,114,3,138.99,0.2
505280,1,103,1,285.99,0.0
505281,1,109,1,64.99,0.1
505281,2,129,1,41.99,0.1
505281,3,114,2,131.99,0.1
505282,1,134,1,238.99,0.1
505283,1,135,1,148.99,0.0
505283,2,128,1,28.99,0.0
505284,1,121,2,228.99,0.0
505285,1,129,1,41.99,0.0
505286,1,101,1,273.99,0.3
505287,1,106,2,83.99,0.0
505287,2,121,1,216.99,0.0
505288,1,121,1,186.99,0.1
505289,1,109,1,68.99,0.1
505290,1,117,1,178.99,0.0
505290,2,124,2,55.99,0.0
505290,3,110,2,93.99,0.0
505291,1,116,1,158.99,0.2
505291,2,103,1,348.99,0.2
505292,1,111,1,48.99,0.0
505292,2,106,1,88.99,0.0
505292,3,129,3,44.99,0.0
505293,1,113,1,208.99,0.0
505293,2,131,1,24.99,0.0
505294,1,120,1,248.99,0.0
505294,2,105,2,118.99,0.0
505294,3,108,2,278.99,0.0
505295,1,107,1,198.99,0.0
505296,1,114,3,138.99,0.0
505297,1,127,3,58.99,0.0
505297,2,121,3,228.99,0.0
505297,3,117,3,188.99,0.0
505297,4,104,3,528.99,0.0
505298,1,125,3,31.99,0.2
505298,2,108,2,278.99,0.2
505299,1,120,2,248.99,0.0
505299,2,121,1,228.99,0.0
505300,1,128,1,28.99,0.0
505301,1,114,1,112.99,0.0
505302,1,113,1,197.99,0.2
505302,2,102,1,397.99,0.2
505303,1,133,1,118.99,0.1
505304,1,122,1,78.99,0.0
505305,1,129,1,41.99,0.0
505305,2,113,1,197.99,0.0
505305,3,123,2,79.99,0.0
505306,1,111,1,39.99,0.0
505307,1,130,1,17.99,0.0
505307,2,113,1,197.99,0.0
505307,3,112,1,169.99,0.0
505308,1,119,1,78.99,0.0
505308,2,138,3,98.99,0.0
505308,3,117,2,188.99,0.0
505308,4,133,1,118.99,0.0
505309,1,113,3,208.99,0.2
505309,2,107,1,198.99,0.2
505310,1,125,1,29.99,0.0
505311,1,106,1,88.99,0.0
505312,1,120,3,248.99,0.2
505313,1,111,2,48.99,0.0
505314,1,133,1,112.99,0.0
505314,2,121,1,216.99,0.0
505314,3,120,2,235.99,0.0
505314,4,132,1,45.99,0.0
505315,1,108,1,264.99,0.1
505316,1,125,2,25.99,0.0
505317,1,107,2,188.99,0.0
505317,2,128,2,26.99,0.0
505318,1,129,1,44.99,0.1
505319,1,118,2,71.99,0.0
505320,1,117,2,178.99,0.0
505321,1,135,1,148.99,0.3
505321,2,110,1,98.99,0.3
505321,3,126,2,78.99,0.3
505322,1,119,2,63.99,0.0
505322,2,120,2,203.99,0.0
505323,1,127,3,55.99,0.0
505323,2,130,1,17.99,0.0
505324,1,125,1,29.99,0.0
505325,1,108,2,278.99,0.0
505326,1,130,3,17.99,0.0
505326,2,124,1,55.99,0.0
505326,3,133,2,112.99,0.0
505327,1,114,2,138.99,0.0
505327,2,116,1,158.99,0.0
505327,3,127,3,58.99,0.0
505328,1,131,2,24.99,0.0
505329,1,135,1,148.99,0.0
505329,2,112,1,178.99,0.0
505330,1,110,2,93.99,0.0
505331,1,115,1,36.99,0.0
505331,2,125,2,29.99,0.0
505332,1,127,2,58.99,0.0
505333,1,112,1,178.99,0.0
505334,1,117,3,188.99,0.0
505334,2,120,1,248.99,0.0
505334,3,126,3,78.99,0.0
505335,1,133,1,118.99,0.0
505336,1,106,1,71.99,0.0
505336,2,115,1,30.99,0.0
505337,1,137,1,34.99,0.0
505338,1,112,1,169.99,0.0
505338,2,110,2,93.99,0.0
505339,1,114,1,131.99,0.2
505340,1,120,1,248.99,0.0
505340,2,104,2,528.99,0.0
505340,3,133,1,118.99,0.0
505341,1,102,2,397.99,0.0
505342,1,104,1,528.99,0.0
505342,2,133,1,118.99,0.0
505343,1,117,1,188.99,0.3
505343,2,130,2,18.99,0.3
505344,1,113,1,208.99,0.1
505344,2,127,2,58.99,0.1
505345,1,130,2,18.99,0.1
505345,2,125,3,31.99,0.1
505346,1,124,2,58.99,0.0
505347,1,112,1,145.99,0.0
505348,1,121,1,228.99,0.0
505348,2,115,2,38.99,0.0
505349,1,126,1,78.99,0.0
505350,1,116,1,158.99,0.0
505350,2,101,1,288.99,0.0
505350,3,135,1,148.99,0.0
505350,4,137,3,34.99,0.0
505350,5,138,1,98.99,0.0
505351,1,105,1,96.99,0.0
505351,2,108,1,227.99,0.0
505352,1,129,2,44.99,0.0
505353,1,129,2,44.99,0.0
505354,1,127,1,55.99,0.0
505355,1,119,1,78.99,0.3
505356,1,125,1,31.99,0.0
505356,2,134,1,238.99,0.0
505357,1,118,2,83.99,0.0
505357,2,115,1,36.99,0.0
505357,3,116,1,150.99,0.0
505358,1,115,1,38.99,0.2
505358,2,114,1,138.99,0.2
505358,3,108,2,278.99,0.2
505359,1,106,1,71.99,0.0
505360,1,113,1,197.99,0.1
505361,1,115,1,36.99,0.0
505362,1,121,3,216.99,0.0
505362,2,120,1,235.99,0.0
505362,3,132,1,45.99,0.0
505363,1,115,1,36.99,0.3
505363,2,111,2,45.99,0.3
505364,1,117,2,188.99,0.1
505364,2,122,1,78.99,0.1
505365,1,118,1,71.99,0.0
505366,1,136,2,26.99,0.0
505367,1,119,1,78.99,0.0
505367,2,117,3,188.99,0.0
505367,3,128,2,28.99,0.0
505368,1,113,2,208.99,0.1
505369,1,127,1,55.99,0.0
505369,2,111,1,45.99,0.0
505369,3,135,1,140.99,0.0
505370,1,120,1,248.99,0.0
505371,1,117,1,178.99,0.0
505372,1,121,2,186.99,0.0
505372,2,110,2,80.99,0.0
505373,1,107,2,198.99,0.0
505373,2,124,1,58.99,0.0
505373,3,133,1,118.99,0.0
505373,4,101,2,288.99,0.0
505373,5,123,1,84.99,0.0
505374,1,132,1,48.99,0.0
505374,2,136,2,28.99,0.0
505374,3,111,2,48.99,0.0
505375,1,125,1,31.99,0.0
505376,1,106,3,88.99,0.0
505377,1,109,2,68.99,0.0
505378,1,111,1,45.99,0.0
505378,2,101,1,273.99,0.0
505378,3,121,2,216.99,0.0
505378,4,104,1,501.99,0.0
505378,5,124,1,55.99,0.0
505379,1,121,1,186.99,0.1
505380,1,104,2,501.99,0.0
505380,2,107,1,188.99,0.0
505381,1,122,3,78.99,0.0
505381,2,116,1,158.99,0.0
505382,1,111,2,39.99,0.2
505383,1,129,3,41.99,0.1
505383,2,109,1,64.99,0.1
505384,1,114,2,138.99,0.1
505385,1,109,3,68.99,0.0
505385,2,116,1,158.99,0.0
505386,1,126,1,78.99,0.0
505386,2,120,2,248.99,0.0
505386,3,129,1,44.99,0.0
505386,4,125,2,31.99,0.0
505386,5,112,1,178.99,0.0
505387,1,123,1,79.99,0.0
505388,1,104,3,528.99,0.0
505389,1,125,1,31.99,0.0
505389,2,115,1,38.99,0.0
505390,1,113,1,170.99,0.0
505390,2,119,3,63.99,0.0
505391,1,128,1,26.99,0.1
505391,2,121,2,216.99,0.1
505391,3,109,1,64.99,0.1
505392,1,121,3,186.99,0.0
505392,2,118,1,71.99,0.0
505392,3,103,1,285.99,0.0
505393,1,124,1,55.99,0.0
505393,2,113,2,197.99,0.0
505394,1,130,1,18.99,0.2
505395,1,120,1,248.99,0.3
505395,2,114,1,138.99,0.3
505395,3,123,1,84.99,0.3
505395,4,109,2,68.99,0.3
505396,1,105,1,118.99,0.0
505396,2,118,1,88.99,0.0
505396,3,117,2,188.99,0.0
505397,1,135,1,148.99,0.0
505398,1,115,1,38.99,0.0
505398,2,106,1,88.99,0.0
505398,3,104,1,528.99,0.0
505398,4,101,3,288.99,0.0
505399,1,114,1,131.99,0.0
505399,2,102,1,397.99,0.0
505399,3,116,1,150.99,0.0
505400,1,137,1,32.99,0.0
505400,2,110,2,93.99,0.0
505401,1,111,2,48.99,0.0
505401,2,122,1,78.99,0.0
505402,1,117,1,178.99,0.0
505403,1,116,2,129.99,0.0
505403,2,138,2,80.99,0.0
505403,3,105,2,96.99,0.0
505404,1,123,1,84.99,0.0
505405,1,119,1,78.99,0.1
505405,2,125,1,31.99,0.1
505405,3,129,1,44.99,0.1
505405,4,117,3,188.99,0.1
505406,1,121,2,186.99,0.0
505407,1,105,1,112.99,0.0
505408,1,118,3,71.99,0.0
505409,1,121,1,186.99,0.2
505409,2,137,1,27.99,0.2
505410,1,103,2,348.99,0.0
505410,2,113,2,208.99,0.0
505410,3,104,1,528.99,0.0
505410,4,108,1,278.99,0.0
505411,1,114,3,138.99,0.0
505411,2,132,1,48.99,0.0
505411,3,126,3,78.99,0.0
505412,1,109,1,55.99,0.0
505412,2,126,1,63.99,0.0
505413,1,112,2,169.99,0.0
505414,1,120,1,235.99,0.0
505415,1,118,1,88.99,0.0
505415,2,122,1,78.99,0.0
505415,3,115,3,38.99,0.0
505416,1,128,1,26.99,0.0
505416,2,117,1,178.99,0.0
505417,1,125,3,29.99,0.0
505418,1,126,1,78.99,0.2
505418,2,118,2,88.99,0.2
505419,1,121,2,228.99,0.0
505419,2,136,1,28.99,0.0
505419,3,128,1,28.99,0.0
505419,4,124,1,58.99,0.0
505420,1,106,1,88.99,0.0
505421,1,113,2,197.99,0.0
505421,2,118,1,83.99,0.0
505421,3,103,2,330.99,0.0
505421,4,135,3,140.99,0.0
505422,1,126,2,63.99,0.0
505423,1,119,1,78.99,0.0
505423,2,136,1,28.99,0.0
505423,3,133,2,118.99,0.0
505423,4,121,1,228.99,0.0
505423,5,123,1,84.99,0.0
505424,1,112,1,178.99,0.0
505424,2,110,1,98.99,0.0
505424,3,123,2,84.99,0.0
505425,1,138,1,93.99,0.0
505426,1,113,1,208.99,0.0
505426,2,111,1,48.99,0.0
505427,1,132,2,39.99,0.1
505428,1,126,1,78.99,0.1
505428,2,106,3,88.99,0.1
505428,3,103,1,348.99,0.1
505428,4,112,2,178.99,0.1
505429,1,137,1,32.99,0.1
505430,1,120,2,248.99,0.0
505430,2,107,2,198.99,0.0
505431,1,112,3,178.99,0.0
505432,1,117,2,178.99,0.2
505433,1,132,1,45.99,0.0
505434,1,127,1,55.99,0.1
505434,2,114,1,131.99,0.1
505435,1,121,1,228.99,0.0
505435,2,131,3,24.99,0.0
505436,1,113,2,197.99,0.2
505436,2,138,1,93.99,0.2
505437,1,132,1,48.99,0.0
505438,1,138,2,80.99,0.0
505439,1,104,2,528.99,0.0
505440,1,122,1,78.99,0.0
505441,1,122,2,74.99,0.0
505442,1,112,2,169.99,0.1
505442,2,116,1,150.99,0.1
505442,3,120,2,235.99,0.1
505442,4,114,2,131.99,0.1
505443,1,104,1,528.99,0.3
505443,2,112,1,178.99,0.3
505444,1,116,1,158.99,0.0
505445,1,124,3,55.99,0.0
505446,1,124,1,58.99,0.0
505446,2,106,1,88.99,0.0
505446,3,122,2,78.99,0.0
505446,4,116,3,158.99,0.0
505447,1,101,3,288.99,0.0
505447,2,129,1,44.99,0.0
505448,1,117,1,178.99,0.0
505448,2,118,1,83.99,0.0
505449,1,114,3,138.99,0.0
505450,1,109,2,68.99,0.0
505451,1,126,1,74.99,0.0
505452,1,110,1,98.99,0.0
505453,1,137,1,34.99,0.1
505453,2,101,2,288.99,0.1
505454,1,102,1,397.99,0.0
505454,2,124,1,55.99,0.0
505454,3,122,2,74.99,0.0
505455,1,114,1,138.99,0.2
505456,1,120,1,248.99,0.1
505456,2,129,1,44.99,0.1
505457,1,118,2,83.99,0.2
505458,1,106,2,88.99,0.1
505459,1,131,1,24.99,0.0
505460,1,107,1,198.99,0.0
505460,2,125,1,31.99,0.0
505461,1,107,2,198.99,0.0
505462,1,118,3,83.99,0.0
505463,1,121,1,216.99,0.0
505464,1,107,1,198.99,0.0
505465,1,124,3,58.99,0.0
505466,1,112,2,178.99,0.0
505466,2,117,1,188.99,0.0
505467,1,119,1,63.99,0.0
505467,2,128,2,22.99,0.0
505467,3,124,1,47.99,0.0
505468,1,104,2,432.99,0.0
505468,2,120,2,203.99,0.0
505469,1,109,2,68.99,0.0
505470,1,121,1,228.99,0.0
505470,2,113,1,208.99,0.0
505470,3,127,1,58.99,0.0
505471,1,114,1,112.99,0.0
505472,1,133,1,112.99,0.0
505472,2,114,1,131.99,0.0
505473,1,102,3,342.99,0.0
505474,1,124,1,58.99,0.0
505474,2,121,1,228.99,0.0
505475,1,101,2,273.99,0.3
505476,1,131,1,22.99,0.1
505476,2,103,1,330.99,0.1
505476,3,122,1,74.99,0.1
505476,4,120,1,235.99,0.1
505477,1,126,3,78.99,0.2
505477,2,119,2,78.99,0.2
505477,3,125,2,31.99,0.2
505477,4,121,1,228.99,0.2
505478,1,116,1,158.99,0.0
505479,1,125,2,29.99,0.0
505480,1,129,2,44.99,0.0
505481,1,111,1,48.99,0.1
505482,1,120,3,235.99,0.1
505482,2,116,1,150.99,0.1
505483,1,125,1,31.99,0.0
505484,1,123,1,79.99,0.0
505484,2,112,1,169.99,0.0
505485,1,103,3,330.99,0.0
505486,1,123,2,84.99,0.1
505486,2,113,1,208.99,0.1
505487,1,110,2,98.99,0.1
505487,2,122,1,78.99,0.1
505488,1,130,1,17.99,0.0
505489,1,112,2,178.99,0.0
505489,2,125,1,31.99,0.0
505490,1,105,3,118.99,0.0
505491,1,132,3,48.99,0.0
505492,1,125,3,31.99,0.3
505492,2,117,3,188.99,0.3
505493,1,112,1,178.99,0.0
505493,2,136,3,28.99,0.0
505494,1,110,2,93.99,0.0
505495,1,123,3,84.99,0.0
505496,1,101,1,288.99,0.0
505496,2,103,2,348.99,0.0
505496,3,126,1,78.99,0.0
505497,1,103,1,285.99,0.0
505497,2,131,2,19.99,0.0
505498,1,119,1,78.99,0.1
505498,2,137,1,34.99,0.1
505498,3,133,1,118.99,0.1
505499,1,112,1,145.99,0.0
505499,2,117,1,153.99,0.0
505500,1,120,1,248.99,0.0
505500,2,106,1,88.99,0.0
505500,3,118,1,88.99,0.0
505501,1,114,2,138.99,0.0
505502,1,110,2,98.99,0.0
505502,2,116,1,158.99,0.0
505503,1,109,1,68.99,0.2
505504,1,114,3,138.99,0.0
505504,2,108,2,278.99,0.0
505505,1,130,1,18.99,0.0
505506,1,116,1,129.99,0.0
505507,1,101,3,288.99,0.0
505508,1,121,1,228.99,0.0
505508,2,106,1,88.99,0.0
505509,1,113,2,197.99,0.2
505510,1,126,1,78.99,0.1
505511,1,137,1,27.99,0.0
505511,2,117,2,153.99,0.0
505511,3,125,1,25.99,0.0
505512,1,121,1,228.99,0.0
505512,2,136,1,28.99,0.0
505513,1,122,1,74.99,0.0
505513,2,105,2,112.99,0.0
505514,1,136,1,22.99,0.0
505515,1,113,1,208.99,0.0
505516,1,118,2,71.99,0.0
505516,2,119,1,63.99,0.0
505516,3,124,3,47.99,0.0
505517,1,118,2,71.99,0.0
505517,2,123,1,68.99,0.0
505518,1,121,3,228.99,0.3
505519,1,101,1,273.99,0.1
505520,1,109,1,64.99,0.0
505521,1,103,1,330.99,0.0
505522,1,125,3,25.99,0.0
505522,2,119,1,63.99,0.0
505523,1,124,2,55.99,0.0
505524,1,118,1,71.99,0.0
505525,1,134,1,226.99,0.0
505526,1,108,3,264.99,0.0
505526,2,113,2,197.99,0.0
505527,1,107,1,198.99,0.0
505528,1,111,1,48.99,0.0
505528,2,117,1,188.99,0.0
505529,1,103,3,348.99,0.0
505529,2,109,1,68.99,0.0
505530,1,131,3,19.99,0.0
505531,1,123,1,84.99,0.2
505531,2,114,1,138.99,0.2
505532,1,101,2,235.99,0.0
505532,2,106,2,71.99,0.0
505533,1,106,2,88.99,0.0
505533,2,131,1,24.99,0.0
505533,3,123,1,84.99,0.0
505534,1,108,1,278.99,0.0
505535,1,119,1,78.99,0.0
505536,1,135,1,148.99,0.0
505537,1,102,1,418.99,0.1
505537,2,120,2,248.99,0.1
505538,1,101,1,288.99,0.0
505538,2,133,1,118.99,0.0
505538,3,137,1,34.99,0.0
505539,1,103,1,330.99,0.0
505539,2,137,1,32.99,0.0
505539,3,113,1,197.99,0.0
505539,4,115,2,36.99,0.0
505540,1,120,2,248.99,0.0
505541,1,118,2,71.99,0.1
505541,2,106,1,71.99,0.1
505542,1,107,3,198.99,0.2
505543,1,123,1,84.99,0.0
505544,1,125,1,31.99,0.0
505545,1,112,1,169.99,0.2
505545,2,120,1,235.99,0.2
505545,3,117,1,178.99,0.2
505546,1,117,2,188.99,0.2
505547,1,138,3,80.99,0.0
505547,2,135,1,121.99,0.0
505548,1,118,3,88.99,0.0
505549,1,116,3,158.99,0.0
505550,1,126,1,78.99,0.0
505550,2,110,3,98.99,0.0
505550,3,108,1,278.99,0.0
505551,1,133,2,112.99,0.1
505552,1,103,3,285.99,0.0
505552,2,118,1,71.99,0.0
505553,1,114,1,131.99,0.0
505554,1,123,2,84.99,0.2
505555,1,119,1,63.99,0.0
505555,2,130,1,14.99,0.0
505555,3,121,1,186.99,0.0
505555,4,126,3,63.99,0.0
505556,1,112,1,145.99,0.0
505556,2,120,1,203.99,0.0
505557,1,110,2,98.99,0.0
505557,2,112,2,178.99,0.0
505557,3,116,2,158.99,0.0
505558,1,115,1,36.99,0.0
505559,1,135,1,148.99,0.2
505560,1,123,1,79.99,0.0
505561,1,121,2,228.99,0.0
505562,1,112,2,178.99,0.0
505562,2,122,1,78.99,0.0
505563,1,104,2,501.99,0.2
505564,1,135,3,148.99,0.0
505564,2,102,2,418.99,0.0
505564,3,122,1,78.99,0.0
505565,1,126,2,78.99,0.0
505566,1,108,3,278.99,0.0
505567,1,122,2,78.99,0.0
505567,2,104,3,528.99,0.0
505567,3,110,1,98.99,0.0
505567,4,121,2,228.99,0.0
505568,1,121,1,228.99,0.0
505569,1,120,3,248.99,0.0
505570,1,127,2,58.99,0.0
505570,2,136,2,28.99,0.0
505570,3,122,1,78.99,0.0
505570,4,124,1,58.99,0.0
505570,5,137,1,34.99,0.0
505571,1,121,2,228.99,0.0
505571,2,136,3,28.99,0.0
505571,3,130,1,18.99,0.0
505572,1,130,1,18.99,0.0
505573,1,111,1,48.99,0.2
505573,2,134,1,238.99,0.2
505573,3,126,1,78.99,0.2
505574,1,125,2,31.99,0.0
505574,2,135,3,148.99,0.0
505574,3,120,1,248.99,0.0
505575,1,123,3,68.99,0.0
505576,1,126,3,78.99,0.0
505577,1,115,1,36.99,0.0
505577,2,128,2,26.99,0.0
505578,1,118,1,83.99,0.0
505578,2,121,2,216.99,0.0
505579,1,120,1,248.99,0.1
505580,1,107,3,198.99,0.0
505580,2,120,1,248.99,0.0
505580,3,137,2,34.99,0.0
505581,1,121,3,228.99,0.1
505581,2,122,1,78.99,0.1
505582,1,116,1,158.99,0.2
505583,1,102,1,418.99,0.1
505584,1,103,2,348.99,0.0
505584,2,120,1,248.99,0.0
505584,3,104,2,528.99,0.0
505585,1,137,1,34.99,0.3
505586,1,132,1,48.99,0.2
505587,1,124,1,47.99,0.0
505587,2,137,1,27.99,0.0
505588,1,125,2,31.99,0.0
505588,2,102,1,418.99,0.0
505588,3,133,1,118.99,0.0
505588,4,119,1,78.99,0.0
505588,5,131,2,24.99,0.0
505589,1,130,1,18.99,0.0
505589,2,115,1,38.99,0.0
505589,3,112,2,178.99,0.0
505589,4,118,1,88.99,0.0
505589,5,107,3,198.99,0.0
505590,1,133,1,112.99,0.1
505591,1,102,1,342.99,0.0
505592,1,114,1,138.99,0.0
505593,1,109,3,64.99,0.0
505593,2,101,3,273.99,0.0
505594,1,138,1,98.99,0.1
505594,2,104,2,528.99,0.1
505594,3,107,1,198.99,0.1
505594,4,116,1,158.99,0.1
505595,1,110,2,93.99,0.0
505595,2,122,2,74.99,0.0
505596,1,118,2,83.99,0.2
505597,1,119,3,78.99,0.0
505598,1,118,2,88.99,0.0
505599,1,106,1,88.99,0.0
505599,2,125,3,31.99,0.0
505600,1,130,1,18.99,0.0
505600,2,123,1,84.99,0.0
505601,1,115,2,38.99,0.1
505602,1,127,2,55.99,0.1
505603,1,129,1,41.99,0.0
505603,2,102,1,397.99,0.0
505604,1,130,1,18.99,0.0
505604,2,113,1,208.99,0.0
505605,1,138,1,98.99,0.0
505606,1,117,1,188.99,0.1
505607,1,127,3,58.99,0.1
505608,1,127,2,58.99,0.0
505608,2,125,1,31.99,0.0
505609,1,110,1,98.99,0.0
505609,2,119,1,78.99,0.0
505610,1,102,3,397.99,0.0
505611,1,125,3,31.99,0.0
505611,2,124,1,58.99,0.0
505612,1,115,1,36.99,0.1
505613,1,110,2,98.99,0.0
505614,1,112,2,178.99,0.0
505614,2,111,3,48.99,0.0
505614,3,136,1,28.99,0.0
505615,1,137,2,34.99,0.0
505616,1,124,3,58.99,0.0
505617,1,106,1,83.99,0.0
505617,2,120,3,235.99,0.0
505617,3,124,2,55.99,0.0
505617,4,126,1,74.99,0.0
505617,5,108,1,264.99,0.0
505618,1,118,1,71.99,0.2
505619,1,119,1,78.99,0.1
505619,2,115,2,38.99,0.1
505620,1,114,1,138.99,0.0
505621,1,121,1,216.99,0.0
505622,1,105,1,118.99,0.0
505623,1,138,1,93.99,0.0
505623,2,121,1,216.99,0.0
505624,1,120,2,235.99,0.0
505625,1,138,2,98.99,0.2
505625,2,101,1,288.99,0.2
505625,3,129,3,44.99,0.2
505626,1,114,3,131.99,0.0
505627,1,130,1,14.99,0.0
505628,1,118,3,88.99,0.0
505628,2,121,2,228.99,0.0
505629,1,106,2,88.99,0.1
505629,2,116,2,158.99,0.1
505629,3,107,2,198.99,0.1
505630,1,119,1,78.99,0.0
505630,2,123,3,84.99,0.0
505631,1,137,1,27.99,0.1
505631,2,106,2,71.99,0.1
505632,1,130,1,18.99,0.0
505632,2,105,2,118.99,0.0
505633,1,111,2,48.99,0.2
505633,2,115,1,38.99,0.2
505634,1,122,1,78.99,0.2
505635,1,118,3,88.99,0.0
505636,1,111,3,45.99,0.0
505636,2,112,1,169.99,0.0
505636,3,113,3,197.99,0.0
505636,4,131,1,22.99,0.0
505637,1,116,1,158.99,0.0
505638,1,130,2,17.99,0.0
505638,2,125,2,29.99,0.0
505639,1,101,2,273.99,0.2
505640,1,101,2,273.99,0.0
505641,1,109,2,68.99,0.0
505642,1,120,1,235.99,0.0
505642,2,113,1,197.99,0.0
505642,3,123,1,79.99,0.0
505643,1,138,1,80.99,0.0
505644,1,113,2,197.99,0.0
505645,1,132,2,39.99,0.0
505645,2,116,1,129.99,0.0
505646,1,104,3,528.99,0.0
505647,1,109,1,68.99,0.0
505647,2,125,1,31.99,0.0
505647,3,122,1,78.99,0.0
505648,1,135,1,148.99,0.0
505649,1,131,1,24.99,0.2
505650,1,131,1,24.99,0.2
505651,1,123,1,68.99,0.1
505652,1,136,2,28.99,0.1
505653,1,122,3,78.99,0.0
505653,2,121,1,228.99,0.0
505653,3,108,1,278.99,0.0
505654,1,132,1,45.99,0.0
505655,1,124,2,58.99,0.1
505656,1,110,2,93.99,0.0
505657,1,125,2,31.99,0.0
505657,2,107,1,198.99,0.0
505657,3,108,1,278.99,0.0
505657,4,113,2,208.99,0.0
505658,1,128,1,28.99,0.0
505659,1,108,1,278.99,0.0
505659,2,132,2,48.99,0.0
505659,3,123,1,84.99,0.0
505660,1,120,1,203.99,0.0
505660,2,124,1,47.99,0.0
505660,3,103,2,285.99,0.0
505661,1,123,1,79.99,0.0
505662,1,115,2,36.99,0.1
505662,2,133,3,112.99,0.1
505662,3,136,1,26.99,0.1
505662,4,120,1,235.99,0.1
505663,1,120,3,235.99,0.0
505663,2,109,1,64.99,0.0
505664,1,103,2,330.99,0.0
505665,1,113,3,208.99,0.0
505666,1,132,1,45.99,0.0
505667,1,120,1,248.99,0.1
505667,2,119,1,78.99,0.1
505667,3,105,1,118.99,0.1
505668,1,101,1,288.99,0.0
505669,1,127,2,58.99,0.0
505670,1,124,1,58.99,0.0
505670,2,106,1,88.99,0.0
505670,3,130,2,18.99,0.0
505671,1,123,1,79.99,0.2
505671,2,103,1,330.99,0.2
505671,3,112,1,169.99,0.2
505671,4,136,1,26.99,0.2
505672,1,119,2,78.99,0.2
505673,1,117,1,178.99,0.1
505673,2,119,3,74.99,0.1
505673,3,106,2,83.99,0.1
505674,1,114,1,131.99,0.0
505675,1,117,1,188.99,0.0
505675,2,114,2,138.99,0.0
505676,1,121,3,228.99,0.0
505677,1,104,2,501.99,0.0
505678,1,107,2,198.99,0.1
505679,1,114,2,138.99,0.3
505679,2,129,1,44.99,0.3
505680,1,110,3,98.99,0.0
505681,1,119,1,78.99,0.2
505682,1,104,2,501.99,0.0
505682,2,126,2,74.99,0.0
505682,3,115,1,36.99,0.0
505682,4,123,1,79.99,0.0
505682,5,130,2,17.99,0.0
505683,1,135,2,140.99,0.1
505684,1,131,1,22.99,0.0
505685,1,138,2,98.99,0.0
505686,1,110,2,98.99,0.0
505687,1,112,2,178.99,0.2
505687,2,105,2,118.99,0.2
505687,3,120,1,248.99,0.2
505687,4,121,1,228.99,0.2
505688,1,130,1,18.99,0.1
505689,1,121,3,216.99,0.0
505689,2,127,1,55.99,0.0
505689,3,120,2,235.99,0.0
505689,4,118,2,83.99,0.0
505689,5,114,2,131.99,0.0
505690,1,115,1,36.99,0.0
505691,1,101,1,288.99,0.0
505692,1,113,3,208.99,0.0
505692,2,128,1,28.99,0.0
505692,3,127,2,58.99,0.0
505693,1,120,1,248.99,0.0
505694,1,112,2,178.99,0.0
505695,1,120,1,248.99,0.0
505695,2,117,1,188.99,0.0
505696,1,120,2,235.99,0.0
505696,2,112,1,169.99,0.0
505696,3,118,1,83.99,0.0
505697,1,128,2,28.99,0.3
505698,1,137,1,32.99,0.0
505698,2,106,1,83.99,0.0
505699,1,126,2,78.99,0.0
505699,2,136,3,28.99,0.0
505699,3,106,1,88.99,0.0
505699,4,114,2,138.99,0.0
505699,5,121,1,228.99,0.0
505700,1,128,1,28.99,0.2
505701,1,112,1,169.99,0.2
505701,2,118,3,83.99,0.2
505702,1,136,1,26.99,0.0
505703,1,105,2,112.99,0.3
505704,1,112,1,178.99,0.1
505704,2,131,2,24.99,0.1
505704,3,107,1,198.99,0.1
505705,1,132,1,39.99,0.0
505705,2,104,2,432.99,0.0
505706,1,125,3,31.99,0.0
505707,1,106,2,71.99,0.0
505708,1,133,1,118.99,0.1
505708,2,113,1,208.99,0.1
505708,3,138,1,98.99,0.1
505709,1,106,3,71.99,0.0
505709,2,120,1,203.99,0.0
505709,3,114,1,112.99,0.0
505710,1,114,1,112.99,0.2
505710,2,128,1,22.99,0.2
505711,1,135,2,148.99,0.0
505711,2,114,2,138.99,0.0
505712,1,130,1,17.99,0.0
505713,1,122,2,78.99,0.0
505714,1,137,2,34.99,0.0
505715,1,130,2,17.99,0.0
505715,2,134,1,226.99,0.0
505715,3,136,1,26.99,0.0
505716,1,106,2,83.99,0.2
505716,2,117,1,178.99,0.2
505717,1,113,1,208.99,0.0
505718,1,107,1,188.99,0.1
505719,1,132,2,39.99,0.0
505720,1,119,1,74.99,0.0
505720,2,115,2,36.99,0.0
505721,1,114,1,131.99,0.0
505722,1,118,1,83.99,0.0
505722,2,125,1,29.99,0.0
505722,3,131,1,22.99,0.0
505723,1,131,1,24.99,0.3
505724,1,135,1,148.99,0.0
505724,2,134,1,238.99,0.0
505725,1,118,3,88.99,0.0
505725,2,138,2,98.99,0.0
505726,1,134,2,238.99,0.0
505727,1,101,1,288.99,0.0
505728,1,101,3,273.99,0.0
505729,1,120,3,248.99,0.2
505730,1,136,2,28.99,0.0
505730,2,111,2,48.99,0.0
505731,1,138,1,98.99,0.0
505732,1,108,1,264.99,0.0
505732,2,109,2,64.99,0.0
505733,1,124,2,55.99,0.1
505734,1,115,2,38.99,0.0
505735,1,113,1,170.99,0.0
505735,2,121,1,186.99,0.0
505736,1,114,1,112.99,0.0
505737,1,122,1,63.99,0.1
505737,2,111,2,39.99,0.1
505738,1,110,2,93.99,0.0
505738,2,125,2,29.99,0.0
505739,1,128,2,28.99,0.0
505739,2,121,2,228.99,0.0
505739,3,138,1,98.99,0.0
505740,1,133,1,112.99,0.3
505741,1,121,2,228.99,0.2
505741,2,123,1,84.99,0.2
505742,1,135,2,140.99,0.0
505742,2,138,3,93.99,0.0
505742,3,127,1,55.99,0.0
505742,4,108,2,264.99,0.0
505743,1,120,3,248.99,0.0
505744,1,126,2,78.99,0.0
505745,1,106,2,88.99,0.0
505745,2,126,2,78.99,0.0
505746,1,130,1,18.99,0.0
505747,1,110,1,98.99,0.1
505747,2,108,1,278.99,0.1
505748,1,122,1,63.99,0.0
505749,1,111,1,48.99,0.2
505749,2,120,1,248.99,0.2
505750,1,110,1,80.99,0.0
505750,2,132,1,39.99,0.0
505751,1,102,1,418.99,0.0
505751,2,110,1,98.99,0.0
505752,1,112,1,178.99,0.0
505753,1,135,1,148.99,0.2
505754,1,122,1,78.99,0.0
505754,2,126,3,78.99,0.0
505755,1,121,2,216.99,0.0
505755,2,116,2,150.99,0.0
505755,3,125,2,29.99,0.0
505756,1,110,1,80.99,0.0
505756,2,131,1,19.99,0.0
505757,1,114,3,138.99,0.0
505758,1,116,1,129.99,0.0
505758,2,127,2,47.99,0.0
505759,1,128,2,28.99,0.0
505760,1,117,3,178.99,0.0
505760,2,113,1,197.99,0.0
505761,1,108,1,227.99,0.0
505762,1,124,1,58.99,0.1
505763,1,101,2,288.99,0.2
505764,1,113,1,208.99,0.1
505765,1,119,1,63.99,0.0
505766,1,122,1,63.99,0.0
505766,2,108,3,227.99,0.0
505767,1,135,1,121.99,0.0
505767,2,113,1,170.99,0.0
505768,1,125,1,31.99,0.1
505769,1,104,1,528.99,0.2
505770,1,106,1,88.99,0.0
505770,2,125,1,31.99,0.0
505770,3,114,2,138.99,0.0
505771,1,133,1,96.99,0.0
505771,2,115,2,30.99,0.0
505771,3,101,1,235.99,0.0
505772,1,123,1,84.99,0.0
505773,1,131,1,19.99,0.3
505774,1,125,2,31.99,0.0
505774,2,128,3,28.99,0.0
505775,1,122,2,78.99,0.2
505776,1,136,1,28.99,0.0
505776,2,113,2,208.99,0.0
505776,3,128,1,28.99,0.0
505777,1,137,2,32.99,0.1
505778,1,129,1,41.99,0.0
505779,1,108,2,264.99,0.0
505779,2,131,1,22.99,0.0
505780,1,117,3,188.99,0.0
505780,2,112,1,178.99,0.0
505781,1,135,3,140.99,0.0
505782,1,125,1,31.99,0.0
505782,2,121,3,228.99,0.0
505782,3,134,1,238.99,0.0
505783,1,122,1,63.99,0.0
505784,1,114,1,138.99,0.0
505785,1,102,2,418.99,0.0
505786,1,107,1,188.99,0.0
505786,2,134,2,226.99,0.0
505786,3,123,3,79.99,0.0
505786,4,126,2,74.99,0.0
505787,1,128,1,26.99,0.1
505787,2,110,3,93.99,0.1
505787,3,114,1,131.99,0.1
505787,4,118,1,83.99,0.1
505787,5,116,1,150.99,0.1
505788,1,113,2,197.99,0.0
505788,2,110,1,93.99,0.0
505789,1,133,3,112.99,0.0
505790,1,122,1,78.99,0.0
505791,1,109,3,68.99,0.0
505791,2,121,2,228.99,0.0
505791,3,118,3,88.99,0.0
505792,1,110,1,93.99,0.0
505793,1,111,1,39.99,0.2
505794,1,106,2,71.99,0.0
505794,2,117,3,153.99,0.0
505795,1,123,1,84.99,0.0
505796,1,113,1,170.99,0.1
505796,2,118,2,71.99,0.1
505797,1,109,1,64.99,0.0
505797,2,107,1,188.99,0.0
505798,1,102,3,418.99,0.0
505798,2,135,1,148.99,0.0
505799,1,136,1,22.99,0.0
505799,2,117,2,153.99,0.0
505800,1,132,1,48.99,0.0
505801,1,105,2,118.99,0.2
505801,2,112,3,178.99,0.2
505802,1,101,1,235.99,0.0
505803,1,122,1,63.99,0.0
505803,2,103,1,285.99,0.0
505803,3,133,3,96.99,0.0
505804,1,122,1,74.99,0.0
505804,2,119,1,74.99,0.0
505805,1,113,1,170.99,0.0
505806,1,114,2,138.99,0.0
505806,2,108,1,278.99,0.0
505807,1,119,1,78.99,0.0
505808,1,104,1,432.99,0.0
505808,2,105,1,96.99,0.0
505808,3,121,1,186.99,0.0
505809,1,117,1,188.99,0.0
505809,2,112,2,178.99,0.0
505810,1,117,1,188.99,0.2
505810,2,133,1,118.99,0.2
505811,1,113,1,197.99,0.1
505812,1,108,2,227.99,0.1
505813,1,105,1,112.99,0.2
505813,2,118,3,83.99,0.2
505814,1,103,2,348.99,0.2
505814,2,116,1,158.99,0.2
505814,3,104,1,528.99,0.2
505815,1,102,3,397.99,0.0
505815,2,129,2,41.99,0.0
505816,1,114,2,131.99,0.1
505817,1,121,2,228.99,0.0
505818,1,107,3,162.99,0.0
505819,1,108,1,278.99,0.0
505819,2,134,2,238.99,0.0
505820,1,120,1,235.99,0.0
505820,2,107,2,188.99,0.0
505821,1,107,2,198.99,0.0
505821,2,116,1,158.99,0.0
505822,1,114,2,138.99,0.0
505823,1,116,1,158.99,0.0
505823,2,106,2,88.99,0.0
505824,1,119,1,74.99,0.0
505825,1,111,1,48.99,0.0
505826,1,135,3,148.99,0.0
505827,1,124,2,55.99,0.3
505827,2,106,1,83.99,0.3
505828,1,106,1,88.99,0.0
505828,2,136,1,28.99,0.0
505829,1,133,1,96.99,0.0
505829,2,124,1,47.99,0.0
505830,1,128,3,22.99,0.2
505830,2,108,2,227.99,0.2
505831,1,125,1,25.99,0.0
505832,1,116,1,150.99,0.0
505832,2,131,1,22.99,0.0
505833,1,112,2,169.99,0.0
505834,1,113,2,208.99,0.0
505835,1,123,1,84.99,0.0
505835,2,103,1,348.99,0.0
505836,1,118,3,83.99,0.0
505836,2,126,1,74.99,0.0
505837,1,137,3,34.99,0.0
505838,1,111,2,48.99,0.0
505838,2,136,1,28.99,0.0
505838,3,115,1,38.99,0.0
505839,1,110,1,98.99,0.1
505840,1,124,1,58.99,0.0
505840,2,106,1,88.99,0.0
505841,1,105,3,118.99,0.0
505841,2,126,1,78.99,0.0
505841,3,122,1,78.99,0.0
505842,1,121,2,228.99,0.0
505842,2,103,1,348.99,0.0
505842,3,120,1,248.99,0.0
505843,1,106,1,88.99,0.0
505843,2,113,2,208.99,0.0
505843,3,123,2,84.99,0.0
505844,1,120,2,203.99,0.0
505844,2,104,2,432.99,0.0
505845,1,122,1,78.99,0.0
505846,1,125,1,29.99,0.0
505846,2,120,2,235.99,0.0
505846,3,119,1,74.99,0.0
505846,4,108,1,264.99,0.0
505847,1,110,1,98.99,0.1
505847,2,123,1,84.99,0.1
505847,3,122,1,78.99,0.1
505847,4,124,2,58.99,0.1
505848,1,113,1,197.99,0.0
505849,1,112,1,178.99,0.0
505850,1,120,3,235.99,0.1
505851,1,122,1,78.99,0.0
505852,1,126,1,78.99,0.0
505852,2,120,1,248.99,0.0
505852,3,133,1,118.99,0.0
505853,1,110,1,93.99,0.0
505854,1,119,1,78.99,0.0
505854,2,123,3,84.99,0.0
505855,1,125,2,25.99,0.0
505855,2,118,2,71.99,0.0
505856,1,119,1,78.99,0.1
505856,2,132,2,48.99,0.1
505856,3,127,2,58.99,0.1
505857,1,130,1,18.99,0.0
505857,2,117,2,188.99,0.0
505858,1,110,1,98.99,0.2
505858,2,105,2,118.99,0.2
505859,1,109,1,68.99,0.0
505859,2,127,3,58.99,0.0
505860,1,115,2,36.99,0.0
505860,2,107,1,188.99,0.0
505861,1,114,2,138.99,0.0
505861,2,135,1,148.99,0.0
505862,1,126,1,74.99,0.0
505862,2,135,2,140.99,0.0
505863,1,109,1,55.99,0.0
505864,1,118,3,83.99,0.0
505864,2,125,3,29.99,0.0
505865,1,117,3,153.99,0.0
505866,1,103,2,285.99,0.0
505866,2,104,2,432.99,0.0
505866,3,121,2,186.99,0.0
505867,1,102,2,418.99,0.0
505867,2,125,1,31.99,0.0
505868,1,121,1,228.99,0.2
505868,2,106,2,88.99,0.2
505868,3,124,2,58.99,0.2
505868,4,125,1,31.99,0.2
505868,5,123,2,84.99,0.2
505869,1,125,3,31.99,0.0
505870,1,115,1,38.99,0.0
505871,1,116,1,150.99,0.0
505871,2,103,2,330.99,0.0
505872,1,121,3,228.99,0.0
505872,2,119,1,78.99,0.0
505873,1,113,1,208.99,0.0
505874,1,113,2,208.99,0.0
505874,2,114,1,138.99,0.0
505875,1,116,1,129.99,0.0
505876,1,106,2,88.99,0.0
505877,1,108,2,264.99,0.0
505877,2,137,1,32.99,0.0
505878,1,129,1,44.99,0.0
505879,1,107,1,188.99,0.0
505880,1,132,1,45.99,0.0
505880,2,130,2,17.99,0.0
505880,3,113,1,197.99,0.0
505881,1,122,2,78.99,0.2
505881,2,113,1,208.99,0.2
505881,3,135,3,148.99,0.2
505881,4,109,2,68.99,0.2
505882,1,126,1,74.99,0.2
505883,1,131,1,22.99,0.0
505883,2,121,2,216.99,0.0
505884,1,113,1,197.99,0.0
505884,2,112,1,169.99,0.0
505885,1,119,2,78.99,0.0
505885,2,133,1,118.99,0.0
505885,3,105,1,118.99,0.0
505886,1,118,1,88.99,0.0
505887,1,107,2,198.99,0.0
505888,1,134,1,226.99,0.0
505889,1,109,1,68.99,0.0
505890,1,108,1,227.99,0.0
505891,1,120,1,248.99,0.0
505892,1,119,2,78.99,0.1
505892,2,131,2,24.99,0.1
505893,1,117,3,153.99,0.0
505893,2,115,3,30.99,0.0
505893,3,109,1,55.99,0.0
505894,1,106,1,88.99,0.0
505895,1,119,1,74.99,0.0
505895,2,120,1,235.99,0.0
505896,1,113,1,208.99,0.0
505896,2,103,1,348.99,0.0
505897,1,128,1,26.99,0.0
505898,1,108,1,264.99,0.1
505898,2,112,2,169.99,0.1
505898,3,101,1,273.99,0.1
505899,1,108,2,278.99,0.0
505899,2,113,3,208.99,0.0
505900,1,134,1,238.99,0.0
505900,2,115,1,38.99,0.0
505900,3,119,1,78.99,0.0
505901,1,115,1,38.99,0.0
505901,2,138,2,98.99,0.0
505902,1,108,1,278.99,0.0
505902,2,103,1,348.99,0.0
505902,3,117,2,188.99,0.0
505902,4,137,1,34.99,0.0
505902,5,112,2,178.99,0.0
505903,1,129,1,44.99,0.0
505903,2,121,1,228.99,0.0
505903,3,125,2,31.99,0.0
505904,1,107,1,198.99,0.0
505905,1,101,1,273.99,0.1
505906,1,103,1,330.99,0.0
505907,1,138,1,93.99,0.0
505907,2,103,2,330.99,0.0
505908,1,123,1,79.99,0.0
505909,1,114,2,112.99,0.0
505909,2,133,1,96.99,0.0
505910,1,112,2,178.99,0.0
505911,1,121,1,228.99,0.0
505912,1,128,3,28.99,0.2
505913,1,119,2,78.99,0.0
505913,2,129,1,44.99,0.0
505914,1,101,3,235.99,0.1
505915,1,107,1,198.99,0.1
505916,1,122,1,74.99,0.0
505917,1,105,2,118.99,0.2
505917,2,135,1,148.99,0.2
505918,1,103,1,285.99,0.0
505919,1,127,3,55.99,0.1
505919,2,129,1,41.99,0.1
505919,3,133,1,112.99,0.1
505920,1,120,3,248.99,0.2
505920,2,133,1,118.99,0.2
505921,1,132,1,48.99,0.2
505922,1,137,1,27.99,0.0
505922,2,111,3,39.99,0.0
505923,1,122,1,74.99,0.0
505924,1,101,1,273.99,0.0
505925,1,115,3,36.99,0.1
505926,1,120,1,235.99,0.0
505927,1,129,1,41.99,0.0
505927,2,122,2,74.99,0.0
505928,1,138,1,93.99,0.3
505929,1,133,1,118.99,0.0
505929,2,117,1,188.99,0.0
505930,1,133,1,118.99,0.3
505931,1,118,1,88.99,0.2
505931,2,137,1,34.99,0.2
505932,1,121,1,228.99,0.1
505932,2,112,1,178.99,0.1
505932,3,118,2,88.99,0.1
505933,1,131,3,24.99,0.3
505933,2,112,3,178.99,0.3
505934,1,105,3,118.99,0.0
505934,2,106,1,88.99,0.0
505934,3,109,1,68.99,0.0
505935,1,116,1,158.99,0.0
505936,1,114,1,131.99,0.0
505936,2,118,1,83.99,0.0
505936,3,127,2,55.99,0.0
505937,1,118,1,88.99,0.0
505938,1,126,2,74.99,0.2
505938,2,118,1,83.99,0.2
505939,1,118,1,83.99,0.1
505939,2,107,1,188.99,0.1
505939,3,114,2,131.99,0.1
505939,4,112,1,169.99,0.1
505940,1,107,2,162.99,0.0
505940,2,114,3,112.99,0.0
505940,3,106,1,71.99,0.0
505941,1,119,2,74.99,0.0
505942,1,123,1,84.99,0.0
505943,1,137,1,34.99,0.0
505944,1,128,1,26.99,0.2
505944,2,135,1,140.99,0.2
505944,3,112,2,169.99,0.2
505945,1,105,2,118.99,0.0
505945,2,120,1,248.99,0.0
505946,1,138,1,93.99,0.0
505947,1,109,1,68.99,0.0
505947,2,116,1,158.99,0.0
505948,1,121,2,228.99,0.0
505949,1,111,2,39.99,0.0
505950,1,122,2,78.99,0.0
505950,2,104,1,528.99,0.0
505950,3,124,1,58.99,0.0
505950,4,118,1,88.99,0.0
505951,1,107,2,198.99,0.0
505952,1,119,1,78.99,0.0
505953,1,105,2,96.99,0.0
505954,1,109,2,64.99,0.0
505955,1,135,2,140.99,0.0
505955,2,106,1,83.99,0.0
505956,1,121,2,228.99,0.0
505956,2,124,1,58.99,0.0
505956,3,136,1,28.99,0.0
505957,1,128,2,28.99,0.1
505957,2,126,2,78.99,0.1
505958,1,131,3,22.99,0.2
505959,1,116,1,129.99,0.2
505960,1,132,3,45.99,0.0
505960,2,105,3,112.99,0.0
505961,1,119,2,63.99,0.2
505961,2,113,1,170.99,0.2
505962,1,118,2,88.99,0.1
505963,1,129,2,44.99,0.0
505963,2,107,1,198.99,0.0
505963,3,114,3,138.99,0.0
505964,1,116,2,158.99,0.0
505964,2,122,3,78.99,0.0
505965,1,136,3,22.99,0.0
505965,2,125,2,25.99,0.0
505965,3,138,1,80.99,0.0
505966,1,122,1,63.99,0.0
505966,2,124,1,47.99,0.0
505966,3,107,1,162.99,0.0
505967,1,107,2,198.99,0.0
505968,1,117,1,178.99,0.0
505969,1,130,3,17.99,0.0
505969,2,112,2,169.99,0.0
505970,1,104,1,528.99,0.0
505971,1,119,1,78.99,0.0
505971,2,102,2,418.99,0.0
505971,3,108,2,278.99,0.0
505972,1,108,1,278.99,0.3
505973,1,107,1,188.99,0.0
505974,1,122,1,74.99,0.2
505974,2,134,2,226.99,0.2
505975,1,136,1,26.99,0.0
505976,1,127,3,58.99,0.0
505977,1,120,3,248.99,0.0
505978,1,101,1,288.99,0.1
505978,2,122,2,78.99,0.1
505979,1,106,1,83.99,0.0
505979,2,124,2,55.99,0.0
505980,1,111,2,48.99,0.0
505981,1,131,1,24.99,0.0
505981,2,115,1,38.99,0.0
505981,3,107,1,198.99,0.0
505982,1,114,1,112.99,0.0
505983,1,131,1,22.99,0.0
505984,1,124,2,58.99,0.0
505985,1,122,1,78.99,0.0
505986,1,113,1,208.99,0.0
505987,1,124,2,55.99,0.1
505987,2,133,1,112.99,0.1
505988,1,113,2,208.99,0.0
505989,1,122,1,74.99,0.0
505990,1,118,1,71.99,0.1
505991,1,119,2,78.99,0.1
505992,1,117,1,188.99,0.0
505993,1,121,1,186.99,0.0
505993,2,101,2,235.99,0.0
505993,3,118,1,71.99,0.0
505994,1,138,1,98.99,0.2
505995,1,127,2,55.99,0.0
505995,2,119,1,74.99,0.0
505995,3,108,2,264.99,0.0
505995,4,130,2,17.99,0.0
505996,1,138,1,93.99,0.0
505996,2,111,1,45.99,0.0
505997,1,130,2,17.99,0.0
505997,2,121,1,216.99,0.0
505997,3,136,2,26.99,0.0
505997,4,135,2,140.99,0.0
505998,1,107,1,198.99,0.1
505999,1,114,2,112.99,0.0
505999,2,104,1,432.99,0.0
505999,3,121,2,186.99,0.0
506000,1,123,2,68.99,0.0
506001,1,119,1,78.99,0.0
506001,2,134,2,238.99,0.0
506002,1,116,3,129.99,0.2
506003,1,120,1,248.99,0.0
506003,2,116,1,158.99,0.0
506004,1,125,2,31.99,0.0
506005,1,124,3,55.99,0.0
506005,2,119,3,74.99,0.0
506006,1,117,1,188.99,0.0
506006,2,120,1,248.99,0.0
506007,1,118,1,83.99,0.1
506007,2,106,3,83.99,0.1
506008,1,138,3,80.99,0.0
506008,2,128,1,22.99,0.0
506008,3,108,2,227.99,0.0
506008,4,120,1,203.99,0.0
506009,1,119,2,78.99,0.0
506010,1,124,1,55.99,0.0
506011,1,112,3,145.99,0.2
506012,1,125,1,31.99,0.0
506012,2,138,1,98.99,0.0
506012,3,102,1,418.99,0.0
506013,1,119,2,78.99,0.0
506014,1,115,3,36.99,0.0
506014,2,114,1,131.99,0.0
506015,1,105,1,118.99,0.3
506015,2,132,1,48.99,0.3
506016,1,109,1,68.99,0.3
506017,1,119,2,78.99,0.0
506017,2,113,1,208.99,0.0
506018,1,114,1,131.99,0.0
506019,1,105,3,118.99,0.0
506020,1,117,1,178.99,0.0
506021,1,106,2,88.99,0.0
506022,1,129,2,41.99,0.1
506023,1,123,1,79.99,0.0
506024,1,107,1,198.99,0.0
506024,2,121,1,228.99,0.0
506024,3,102,2,418.99,0.0
506025,1,114,1,138.99,0.0
506025,2,127,1,58.99,0.0
506025,3,119,1,78.99,0.0
506026,1,128,2,28.99,0.0
506027,1,119,1,78.99,0.0
506028,1,121,2,228.99,0.0
506029,1,110,2,93.99,0.0
506029,2,114,1,131.99,0.0
506029,3,124,3,55.99,0.0
506030,1,129,1,44.99,0.0
506030,2,112,2,178.99,0.0
506031,1,103,2,348.99,0.0
506032,1,128,1,22.99,0.0
506033,1,115,3,38.99,0.0
506034,1,135,2,148.99,0.0
506034,2,137,1,34.99,0.0
506035,1,115,1,38.99,0.1
506035,2,124,1,58.99,0.1
506035,3,137,3,34.99,0.1
506036,1,101,2,235.99,0.0
506037,1,117,1,178.99,0.0
506037,2,132,3,45.99,0.0
506038,1,113,2,208.99,0.1
506038,2,112,1,178.99,0.1
506039,1,111,1,45.99,0.2
506039,2,131,1,22.99,0.2
506039,3,125,3,29.99,0.2
506039,4,126,1,74.99,0.2
506040,1,109,1,64.99,0.0
506041,1,125,2,31.99,0.2
506041,2,106,2,88.99,0.2
506042,1,106,1,88.99,0.0
506043,1,120,1,235.99,0.1
506044,1,118,1,71.99,0.2
506045,1,128,1,26.99,0.1
506045,2,110,1,93.99,0.1
506046,1,127,2,58.99,0.0
506046,2,112,1,178.99,0.0
506046,3,103,1,348.99,0.0
506047,1,132,1,45.99,0.0
506047,2,136,2,26.99,0.0
506047,3,108,2,264.99,0.0
506047,4,118,2,83.99,0.0
506047,5,120,1,235.99,0.0
506048,1,129,3,41.99,0.0
506049,1,118,1,83.99,0.0
506049,2,108,1,264.99,0.0
506050,1,125,2,29.99,0.3
506050,2,108,3,264.99,0.3
506050,3,137,1,32.99,0.3
506051,1,124,1,55.99,0.0
506051,2,104,3,501.99,0.0
506051,3,125,3,29.99,0.0
506052,1,130,2,17.99,0.0
506052,2,120,1,235.99,0.0
506052,3,101,1,273.99,0.0
506052,4,137,2,32.99,0.0
506053,1,135,2,148.99,0.0
506054,1,121,3,228.99,0.1
506054,2,113,1,208.99,0.1
506055,1,123,1,84.99,0.0
506055,2,125,2,31.99,0.0
506056,1,122,1,74.99,0.1
506056,2,121,2,216.99,0.1
506057,1,115,3,30.99,0.2
506058,1,132,1,39.99,0.0
506059,1,113,3,208.99,0.0
506060,1,108,1,278.99,0.0
506060,2,116,2,158.99,0.0
506060,3,106,1,88.99,0.0
506061,1,132,1,39.99,0.0
506062,1,111,1,45.99,0.0
506062,2,136,1,26.99,0.0
506063,1,111,1,39.99,0.0
506063,2,103,2,285.99,0.0
506064,1,116,1,158.99,0.0
506065,1,110,1,93.99,0.0
506066,1,131,2,24.99,0.0
506066,2,102,1,418.99,0.0
506066,3,105,3,118.99,0.0
506067,1,123,1,84.99,0.0
506067,2,108,1,278.99,0.0
506067,3,107,3,198.99,0.0
506067,4,127,2,58.99,0.0
506067,5,109,1,68.99,0.0
506068,1,129,2,41.99,0.3
506068,2,108,2,264.99,0.3
506069,1,134,1,226.99,0.2
506069,2,125,2,29.99,0.2
506070,1,107,1,198.99,0.0
506071,1,117,3,153.99,0.0
506072,1,122,3,63.99,0.1
506072,2,117,1,153.99,0.1
506073,1,118,1,88.99,0.0
506073,2,126,1,78.99,0.0
506073,3,124,3,58.99,0.0
506074,1,128,1,26.99,0.2
506075,1,122,2,78.99,0.3
506075,2,118,1,88.99,0.3
506075,3,125,1,31.99,0.3
506075,4,110,1,98.99,0.3
506076,1,115,1,38.99,0.0
506076,2,135,1,148.99,0.0
506077,1,119,1,74.99,0.2
506078,1,105,2,118.99,0.1
506079,1,116,1,150.99,0.0
506080,1,136,1,26.99,0.0
506081,1,119,2,63.99,0.0
506081,2,115,1,30.99,0.0
506082,1,109,3,64.99,0.0
506082,2,116,1,150.99,0.0
506083,1,120,2,248.99,0.1
506084,1,132,2,48.99,0.1
506085,1,119,1,78.99,0.0
506085,2,123,2,84.99,0.0
506086,1,122,3,74.99,0.0
506087,1,133,1,118.99,0.1
506087,2,120,1,248.99,0.1
506087,3,119,1,78.99,0.1
506087,4,106,1,88.99,0.1
506088,1,129,1,44.99,0.0
506089,1,106,3,83.99,0.0
506090,1,127,1,55.99,0.2
506091,1,131,3,24.99,0.1
506092,1,108,2,264.99,0.0
506093,1,113,1,197.99,0.1
506093,2,120,1,235.99,0.1
506093,3,112,1,169.99,0.1
506094,1,112,2,169.99,0.1
506094,2,129,1,41.99,0.1
506094,3,119,2,74.99,0.1
506095,1,105,1,112.99,0.0
506096,1,118,1,88.99,0.1
506096,2,137,3,34.99,0.1
506097,1,113,1,208.99,0.0
506097,2,126,2,78.99,0.0
506098,1,119,2,63.99,0.0
506098,2,133,1,96.99,0.0
506099,1,114,3,131.99,0.1
506099,2,110,1,93.99,0.1
506099,3,117,3,178.99,0.1
506100,1,130,2,18.99,0.0
506101,1,101,3,288.99,0.0
506102,1,124,1,58.99,0.2
506102,2,112,1,178.99,0.2
506103,1,126,1,78.99,0.3
506103,2,118,2,88.99,0.3
506104,1,111,1,45.99,0.1
506105,1,134,1,238.99,0.1
506106,1,136,1,26.99,0.0
506106,2,117,1,178.99,0.0
506107,1,104,1,501.99,0.1
506107,2,128,1,26.99,0.1
506108,1,125,1,31.99,0.0
506109,1,117,1,188.99,0.0
506109,2,118,2,88.99,0.0
506109,3,114,2,138.99,0.0
506110,1,133,1,112.99,0.1
506111,1,102,2,418.99,0.1
506112,1,106,1,71.99,0.0
506113,1,119,1,63.99,0.0
506113,2,104,2,432.99,0.0
506114,1,111,1,48.99,0.0
506115,1,102,1,397.99,0.0
506115,2,113,1,197.99,0.0
506116,1,107,2,198.99,0.2
506116,2,114,2,138.99,0.2
506116,3,124,3,58.99,0.2
506117,1,115,3,38.99,0.1
506117,2,118,3,88.99,0.1
506118,1,112,3,145.99,0.0
506118,2,101,1,235.99,0.0
506118,3,119,1,63.99,0.0
506119,1,130,2,17.99,0.0
506119,2,137,1,32.99,0.0
506119,3,116,1,150.99,0.0
506119,4,126,1,74.99,0.0
506119,5,114,1,131.99,0.0
506120,1,122,1,63.99,0.0
506120,2,124,1,47.99,0.0
506120,3,125,1,25.99,0.0
506120,4,113,1,170.99,0.0
506121,1,113,1,170.99,0.0
506121,2,117,2,153.99,0.0
506122,1,116,3,158.99,0.0
506122,2,123,1,84.99,0.0
506123,1,119,2,78.99,0.0
506123,2,134,1,238.99,0.0
506124,1,126,1,74.99,0.0
506125,1,117,2,153.99,0.0
506126,1,115,2,36.99,0.0
506126,2,130,1,17.99,0.0
506126,3,129,2,41.99,0.0
506126,4,118,1,83.99,0.0
506127,1,128,1,22.99,0.2
506127,2,110,1,80.99,0.2
506128,1,115,2,38.99,0.1
506128,2,108,2,278.99,0.1
506129,1,119,1,78.99,0.0
506130,1,131,1,19.99,0.1
506130,2,120,2,203.99,0.1
506131,1,135,1,140.99,0.0
506131,2,112,1,169.99,0.0
506132,1,119,1,74.99,0.0
506133,1,131,1,24.99,0.0
506134,1,106,3,83.99,0.2
506134,2,127,2,55.99,0.2
506135,1,125,1,29.99,0.0
506135,2,109,1,64.99,0.0
506136,1,132,2,48.99,0.0
506137,1,134,3,238.99,0.0
506137,2,119,3,78.99,0.0
506138,1,138,1,80.99,0.1
506138,2,137,1,27.99,0.1
506139,1,121,1,216.99,0.1
506139,2,116,1,150.99,0.1
506139,3,128,1,26.99,0.1
506140,1,125,1,31.99,0.0
506141,1,130,2,18.99,0.0
506142,1,113,1,208.99,0.0
506143,1,111,1,39.99,0.0
506143,2,118,2,71.99,0.0
506144,1,135,2,121.99,0.0
506145,1,121,1,228.99,0.0
506146,1,117,2,153.99,0.0
506146,2,124,2,47.99,0.0
506147,1,127,1,58.99,0.1
506148,1,112,2,178.99,0.3
506148,2,134,1,238.99,0.3
506149,1,118,2,88.99,0.0
506150,1,125,1,31.99,0.0
506151,1,123,2,68.99,0.1
506152,1,132,1,45.99,0.0
506153,1,125,1,31.99,0.0
506153,2,115,2,38.99,0.0
506153,3,111,1,48.99,0.0
506154,1,101,2,288.99,0.0
506155,1,125,1,25.99,0.0
506156,1,133,1,118.99,0.0
506157,1,120,1,248.99,0.0
506158,1,104,1,528.99,0.0
506158,2,115,1,38.99,0.0
506159,1,106,1,88.99,0.0
506159,2,132,1,48.99,0.0
506159,3,122,3,78.99,0.0
506159,4,133,1,118.99,0.0
506159,5,101,1,288.99,0.0
506160,1,110,2,98.99,0.0
506161,1,102,1,397.99,0.0
506161,2,119,1,74.99,0.0
506162,1,119,2,74.99,0.0
506163,1,107,3,188.99,0.0
506163,2,104,3,501.99,0.0
506164,1,121,2,228.99,0.0
506165,1,132,1,45.99,0.0
506165,2,130,2,17.99,0.0
506166,1,126,2,74.99,0.0
506167,1,120,1,248.99,0.1
506168,1,123,2,84.99,0.0
506168,2,119,2,78.99,0.0
506169,1,118,1,83.99,0.1
506170,1,124,1,58.99,0.0
506171,1,107,2,198.99,0.1
506171,2,121,1,228.99,0.1
506172,1,118,1,71.99,0.0
506172,2,122,2,63.99,0.0
506172,3,109,1,55.99,0.0
506173,1,122,1,63.99,0.0
506174,1,123,1,79.99,0.0
506175,1,106,2,71.99,0.0
506176,1,110,2,98.99,0.0
506177,1,130,1,17.99,0.0
506177,2,137,1,32.99,0.0
506178,1,125,1,29.99,0.0
506179,1,104,1,528.99,0.0
506180,1,131,1,24.99,0.0
506181,1,101,2,235.99,0.0
506182,1,135,2,148.99,0.2
506183,1,132,1,45.99,0.1
506184,1,138,1,98.99,0.1
506185,1,125,2,31.99,0.0
506185,2,103,1,348.99,0.0
506185,3,126,1,78.99,0.0
506186,1,129,1,41.99,0.3
506187,1,123,1,84.99,0.0
506187,2,112,1,178.99,0.0
506187,3,134,1,238.99,0.0
506188,1,119,2,74.99,0.0
506189,1,132,1,45.99,0.2
506189,2,130,2,17.99,0.2
506189,3,118,3,83.99,0.2
506190,1,123,1,84.99,0.2
506191,1,130,2,18.99,0.0
506191,2,135,3,148.99,0.0
506191,3,125,1,31.99,0.0
506191,4,122,3,78.99,0.0
506191,5,117,2,188.99,0.0
506192,1,130,1,18.99,0.1
506193,1,108,3,264.99,0.0
506193,2,112,3,169.99,0.0
506193,3,113,2,197.99,0.0
506194,1,137,1,34.99,0.0
506194,2,119,3,78.99,0.0
506194,3,107,1,198.99,0.0
506194,4,125,2,31.99,0.0
506194,5,122,2,78.99,0.0
506195,1,131,2,22.99,0.0
506195,2,138,1,93.99,0.0
506196,1,125,1,31.99,0.0
506196,2,112,2,178.99,0.0
506197,1,114,1,131.99,0.1
506198,1,137,3,27.99,0.0
506199,1,132,1,48.99,0.0
506199,2,137,2,34.99,0.0
506199,3,115,1,38.99,0.0
506200,1,112,2,178.99,0.1
506200,2,115,1,38.99,0.1
506201,1,118,2,88.99,0.0
506202,1,113,2,208.99,0.0
506202,2,106,1,88.99,0.0
506202,3,121,2,228.99,0.0
506202,4,131,1,24.99,0.0
506202,5,115,1,38.99,0.0
506203,1,125,1,31.99,0.0
506204,1,118,1,88.99,0.1
506204,2,123,1,84.99,0.1
506205,1,134,1,238.99,0.1
506205,2,138,1,98.99,0.1
506206,1,113,1,170.99,0.0
506207,1,122,2,78.99,0.0
506208,1,108,1,264.99,0.0
506208,2,138,1,93.99,0.0
506209,1,124,1,55.99,0.0
506210,1,120,2,203.99,0.0
506210,2,111,2,39.99,0.0
506210,3,114,1,112.99,0.0
506211,1,119,1,78.99,0.1
506212,1,119,2,74.99,0.2
506212,2,134,3,226.99,0.2
506212,3,107,1,188.99,0.2
506213,1,138,2,93.99,0.0
506213,2,115,2,36.99,0.0
506214,1,108,2,227.99,0.0
506215,1,125,1,31.99,0.1
506216,1,114,1,138.99,0.0
506217,1,109,1,64.99,0.2
506218,1,125,2,29.99,0.0
506219,1,117,3,188.99,0.0
506219,2,103,2,348.99,0.0
506220,1,125,2,29.99,0.0
506221,1,134,1,238.99,0.0
506222,1,133,1,112.99,0.1
506223,1,109,1,68.99,0.0
506223,2,119,3,78.99,0.0
506223,3,136,2,28.99,0.0
506223,4,122,1,78.99,0.0
506224,1,104,1,501.99,0.0
506225,1,118,1,71.99,0.0
506226,1,121,1,228.99,0.0
506227,1,111,1,48.99,0.0
506227,2,125,3,31.99,0.0
506227,3,113,1,208.99,0.0
506228,1,120,1,248.99,0.1
506229,1,118,3,88.99,0.0
506230,1,113,2,208.99,0.0
506231,1,113,3,208.99,0.0
506232,1,118,1,83.99,0.0
506233,1,138,1,93.99,0.1
506233,2,116,1,150.99,0.1
506233,3,108,1,264.99,0.1
506233,4,114,1,131.99,0.1
506233,5,128,2,26.99,0.1
506234,1,136,3,26.99,0.0
506234,2,111,1,45.99,0.0
506234,3,125,1,29.99,0.0
506234,4,101,1,273.99,0.0
506234,5,138,3,93.99,0.0
506235,1,101,1,273.99,0.1
506236,1,115,1,38.99,0.0
506236,2,132,2,48.99,0.0
506236,3,101,1,288.99,0.0
506237,1,101,2,288.99,0.2
506237,2,123,1,84.99,0.2
506238,1,134,3,238.99,0.0
506238,2,111,3,48.99,0.0
506239,1,120,1,203.99,0.1
506239,2,117,1,153.99,0.1
506239,3,105,1,96.99,0.1
506239,4,128,1,22.99,0.1
506240,1,114,1,138.99,0.0
506241,1,137,1,34.99,0.0
506242,1,124,2,58.99,0.0
506243,1,106,3,88.99,0.0
506243,2,122,1,78.99,0.0
506243,3,127,1,58.99,0.0
506243,4,129,1,44.99,0.0
506244,1,109,1,68.99,0.0
506244,2,122,1,78.99,0.0
506245,1,110,2,93.99,0.0
506245,2,106,3,83.99,0.0
506246,1,117,2,178.99,0.3
506247,1,112,1,178.99,0.0
506247,2,119,1,78.99,0.0
506248,1,118,3,71.99,0.1
506248,2,119,1,63.99,0.1
506248,3,110,1,80.99,0.1
506249,1,138,1,98.99,0.0
506249,2,111,1,48.99,0.0
506250,1,124,2,55.99,0.0
506250,2,106,2,83.99,0.0
506250,3,102,1,397.99,0.0
506250,4,109,1,64.99,0.0
506251,1,132,1,45.99,0.0
506252,1,124,1,58.99,0.0
506252,2,119,2,78.99,0.0
506253,1,125,1,31.99,0.0
506253,2,128,1,28.99,0.0
506254,1,124,2,55.99,0.0
506254,2,126,1,74.99,0.0
506254,3,116,1,150.99,0.0
506255,1,132,1,45.99,0.1
506256,1,118,1,83.99,0.1
506257,1,120,1,248.99,0.0
506258,1,122,1,78.99,0.0
506258,2,120,1,248.99,0.0
506258,3,121,2,228.99,0.0
506259,1,106,1,83.99,0.0
506260,1,131,2,24.99,0.0
506260,2,114,1,138.99,0.0
506260,3,104,1,528.99,0.0
506260,4,118,2,88.99,0.0
506261,1,129,2,44.99,0.3
506262,1,111,2,48.99,0.0
506263,1,122,1,78.99,0.0
506263,2,129,1,44.99,0.0
506263,3,107,2,198.99,0.0
506263,4,110,2,98.99,0.0
506263,5,133,1,118.99,0.0
506264,1,101,2,273.99,0.0
506265,1,120,1,235.99,0.0
506265,2,116,1,150.99,0.0
506266,1,118,3,88.99,0.0
506267,1,127,1,58.99,0.2
506267,2,114,2,138.99,0.2
506267,3,108,3,278.99,0.2
506268,1,112,2,169.99,0.2
506268,2,114,1,131.99,0.2
506269,1,117,1,188.99,0.1
506269,2,138,2,98.99,0.1
506270,1,115,2,38.99,0.0
506271,1,106,2,71.99,0.0
506272,1,117,1,188.99,0.0
506272,2,118,2,88.99,0.0
506273,1,131,2,24.99,0.0
506274,1,106,1,88.99,0.2
506275,1,111,1,45.99,0.0
506275,2,115,1,36.99,0.0
506275,3,117,1,178.99,0.0
506276,1,112,1,169.99,0.0
506276,2,133,1,112.99,0.0
506277,1,107,1,198.99,0.0
506278,1,107,1,198.99,0.0
506279,1,109,3,55.99,0.0
506280,1,113,1,208.99,0.0
506281,1,121,3,228.99,0.0
506281,2,137,1,34.99,0.0
506282,1,127,1,58.99,0.0
506282,2,128,3,28.99,0.0
506283,1,116,1,129.99,0.0
506284,1,115,1,38.99,0.0
506285,1,125,2,29.99,0.0
506285,2,133,2,112.99,0.0
506285,3,132,2,45.99,0.0
506286,1,127,1,58.99,0.3
506287,1,116,2,158.99,0.0
506288,1,106,1,71.99,0.1
506288,2,103,1,285.99,0.1
506288,3,129,1,35.99,0.1
506288,4,124,3,47.99,0.1
506289,1,136,1,22.99,0.0
506290,1,121,3,228.99,0.0
506291,1,111,2,45.99,0.0
506291,2,120,2,235.99,0.0
506291,3,128,1,26.99,0.0
506291,4,130,2,17.99,0.0
506292,1,102,1,418.99,0.0
506292,2,131,2,24.99,0.0
506293,1,122,2,78.99,0.0
506294,1,129,2,35.99,0.0
506295,1,118,1,83.99,0.1
506296,1,131,2,24.99,0.0
506297,1,120,2,248.99,0.0
506297,2,133,1,118.99,0.0
506298,1,120,2,203.99,0.0
506299,1,116,1,158.99,0.0
506299,2,111,2,48.99,0.0
506300,1,114,1,138.99,0.1
506301,1,102,2,397.99,0.0
506301,2,121,1,216.99,0.0
506302,1,111,2,45.99,0.1
506303,1,107,1,198.99,0.0
506303,2,108,3,278.99,0.0
506303,3,113,1,208.99,0.0
506303,4,101,2,288.99,0.0
506304,1,114,2,138.99,0.0
506304,2,118,1,88.99,0.0
506305,1,109,1,68.99,0.0
506305,2,120,1,248.99,0.0
506306,1,123,2,79.99,0.0
506306,2,110,1,93.99,0.0
506306,3,101,1,273.99,0.0
506306,4,125,2,29.99,0.0
506306,5,131,1,22.99,0.0
506307,1,120,3,235.99,0.1
506308,1,104,2,432.99,0.0
506309,1,133,1,112.99,0.0
506310,1,107,1,198.99,0.0
506310,2,105,1,118.99,0.0
506310,3,123,2,84.99,0.0
506311,1,113,1,170.99,0.1
506312,1,133,1,118.99,0.1
506312,2,125,2,31.99,0.1
506312,3,122,1,78.99,0.1
506312,4,123,1,84.99,0.1
506312,5,120,2,248.99,0.1
506313,1,102,1,418.99,0.0
506313,2,128,1,28.99,0.0
506313,3,106,1,88.99,0.0
506314,1,135,1,148.99,0.0
506314,2,118,2,88.99,0.0
506314,3,119,2,78.99,0.0
506315,1,119,3,78.99,0.0
506315,2,121,1,228.99,0.0
506316,1,118,1,71.99,0.1
506317,1,135,1,148.99,0.0
506317,2,102,1,418.99,0.0
506318,1,106,1,88.99,0.0
506319,1,122,1,74.99,0.0
506320,1,109,1,64.99,0.0
506321,1,104,1,528.99,0.0
506322,1,122,1,78.99,0.0
506322,2,112,1,178.99,0.0
506323,1,112,2,145.99,0.0
506324,1,106,1,71.99,0.0
506324,2,116,1,129.99,0.0
506325,1,120,2,248.99,0.0
506326,1,113,1,197.99,0.0
506327,1,106,2,88.99,0.1
506327,2,104,1,528.99,0.1
506328,1,116,1,150.99,0.0
506329,1,129,1,44.99,0.0
506329,2,113,1,208.99,0.0
506330,1,107,2,188.99,0.0
506331,1,103,1,285.99,0.1
506331,2,138,1,80.99,0.1
506331,3,116,1,129.99,0.1
506332,1,117,1,188.99,0.0
506333,1,116,3,150.99,0.0
506334,1,106,1,71.99,0.0
506334,2,125,2,25.99,0.0
506334,3,111,2,39.99,0.0
506335,1,113,1,197.99,0.0
506335,2,114,1,131.99,0.0
506336,1,118,1,88.99,0.0
506336,2,119,3,78.99,0.0
506337,1,127,1,58.99,0.2
506337,2,125,1,31.99,0.2
506337,3,124,1,58.99,0.2
506337,4,106,3,88.99,0.2
506338,1,102,1,418.99,0.0
506339,1,120,1,235.99,0.0
506340,1,121,2,228.99,0.0
506340,2,136,1,28.99,0.0
506341,1,121,2,216.99,0.2
506341,2,112,2,169.99,0.2
506341,3,130,1,17.99,0.2
506341,4,136,1,26.99,0.2
506342,1,124,2,47.99,0.0
506342,2,112,1,145.99,0.0
506343,1,127,1,58.99,0.0
506343,2,106,1,88.99,0.0
506344,1,108,1,227.99,0.1
506344,2,118,1,71.99,0.1
506344,3,112,1,145.99,0.1
506345,1,124,2,55.99,0.0
506346,1,108,3,264.99,0.0
506346,2,116,2,150.99,0.0
506347,1,105,1,118.99,0.0
506348,1,129,3,35.99,0.2
506348,2,124,1,47.99,0.2
506348,3,126,2,63.99,0.2
506348,4,114,1,112.99,0.2
506349,1,123,1,84.99,0.0
506349,2,125,2,31.99,0.0
506350,1,132,1,45.99,0.0
506350,2,136,1,26.99,0.0
506351,1,137,1,34.99,0.0
506352,1,130,1,14.99,0.0
506353,1,126,3,78.99,0.3
506353,2,111,2,48.99,0.3
506354,1,118,1,88.99,0.0
506355,1,134,1,226.99,0.0
506356,1,123,147,84.99,0.0
506356,2,117,205,188.99,0.0
506357,1,125,1,31.99,0.1
506358,1,123,1,68.99,0.0
506358,2,111,3,39.99,0.0
506359,1,115,1,30.99,0.2
506360,1,102,1,397.99,0.0
506360,2,126,1,74.99,0.0
506360,3,113,3,197.99,0.0
506361,1,131,1,24.99,0.0
506362,1,131,1,19.99,0.0
506362,2,125,2,25.99,0.0
506362,3,133,2,96.99,0.0
506363,1,118,1,88.99,0.0
506364,1,115,1,38.99,0.0
506364,2,131,1,24.99,0.0
506364,3,133,2,118.99,0.0
506364,4,125,1,31.99,0.0
506365,1,102,1,418.99,0.0
506366,1,134,2,238.99,0.0
506367,1,106,3,83.99,0.0
506368,1,118,2,83.99,0.0
506369,1,127,2,58.99,0.0
506370,1,131,1,22.99,0.0
506370,2,116,2,150.99,0.0
506371,1,105,2,112.99,0.0
506372,1,137,2,32.99,0.2
506372,2,113,3,197.99,0.2
506373,1,127,1,55.99,0.1
506373,2,117,1,178.99,0.1
506373,3,112,1,169.99,0.1
506374,1,112,1,169.99,0.0
506374,2,115,1,36.99,0.0
506375,1,135,1,140.99,0.0
506376,1,112,2,178.99,0.0
506376,2,102,2,418.99,0.0
506376,3,103,2,348.99,0.0
506377,1,110,1,98.99,0.0
506378,1,135,3,140.99,0.0
506379,1,121,1,216.99,0.0
506379,2,137,2,32.99,0.0
506380,1,107,2,198.99,0.1
506380,2,129,1,44.99,0.1
506381,1,123,3,79.99,0.0
506381,2,107,1,188.99,0.0
506382,1,122,3,78.99,0.1
506383,1,119,1,78.99,0.0
506384,1,118,1,88.99,0.0
506384,2,130,3,18.99,0.0
506385,1,135,3,121.99,0.0
506386,1,107,3,162.99,0.0
506387,1,126,1,74.99,0.0
506388,1,122,1,78.99,0.2
506388,2,124,2,58.99,0.2
506389,1,119,3,74.99,0.0
506390,1,115,1,38.99,0.0
506391,1,124,1,58.99,0.0
506392,1,134,2,238.99,0.2
506393,1,127,1,58.99,0.0
506394,1,136,3,28.99,0.0
506395,1,112,2,178.99,0.0
506395,2,123,1,84.99,0.0
506395,3,125,1,31.99,0.0
506395,4,103,1,348.99,0.0
506396,1,117,1,178.99,0.2
506396,2,134,2,226.99,0.2
506397,1,112,1,178.99,0.0
506397,2,122,2,78.99,0.0
506398,1,135,1,140.99,0.0
506399,1,113,1,208.99,0.0
506400,1,126,1,78.99,0.0
506401,1,136,2,26.99,0.0
506402,1,135,2,148.99,0.0
506403,1,134,2,238.99,0.2
506404,1,107,1,162.99,0.0
506405,1,110,2,93.99,0.2
506406,1,130,2,18.99,0.0
506407,1,114,1,138.99,0.3
506408,1,106,2,88.99,0.0
506408,2,136,1,28.99,0.0
506408,3,126,1,78.99,0.0
506408,4,121,1,228.99,0.0
506408,5,123,1,84.99,0.0
506409,1,136,3,28.99,0.0
506410,1,102,2,418.99,0.0
506410,2,120,2,248.99,0.0
506410,3,136,1,28.99,0.0
506411,1,131,1,22.99,0.0
506412,1,122,2,74.99,0.0
506413,1,103,1,348.99,0.0
506413,2,111,2,48.99,0.0
506414,1,115,2,38.99,0.0
506415,1,117,1,153.99,0.1
506415,2,125,1,25.99,0.1
506416,1,124,1,47.99,0.0
506417,1,134,2,226.99,0.2
506417,2,118,2,83.99,0.2
506417,3,132,1,45.99,0.2
506418,1,101,3,288.99,0.2
506418,2,133,1,118.99,0.2
506418,3,122,1,78.99,0.2
506419,1,113,1,197.99,0.1
506420,1,112,3,178.99,0.2
506420,2,104,3,528.99,0.2
506420,3,109,1,68.99,0.2
506421,1,108,2,278.99,0.0
506422,1,117,2,188.99,0.2
506422,2,109,1,68.99,0.2
506423,1,118,1,71.99,0.0
506424,1,111,1,48.99,0.0
506425,1,122,1,74.99,0.0
506426,1,126,1,78.99,0.0
506427,1,103,2,348.99,0.2
506427,2,120,2,248.99,0.2
506428,1,134,1,238.99,0.0
506429,1,112,2,145.99,0.0
506430,1,101,1,288.99,0.0
506430,2,105,2,118.99,0.0
506431,1,137,3,27.99,0.0
506432,1,120,1,248.99,0.0
506432,2,136,2,28.99,0.0
506433,1,137,1,32.99,0.0
506434,1,110,2,93.99,0.0
506434,2,123,1,79.99,0.0
506435,1,115,1,38.99,0.1
506435,2,129,1,44.99,0.1
506435,3,137,2,34.99,0.1
506436,1,120,2,248.99,0.2
506437,1,120,1,248.99,0.0
506438,1,118,3,88.99,0.0
506439,1,110,3,98.99,0.2
506439,2,130,1,18.99,0.2
506440,1,122,1,78.99,0.0
506440,2,106,1,88.99,0.0
506441,1,105,1,118.99,0.1
506442,1,112,1,145.99,0.0
506442,2,118,1,71.99,0.0
506443,1,138,3,98.99,0.0
506443,2,120,1,248.99,0.0
506443,3,129,2,44.99,0.0
506444,1,102,3,418.99,0.1
506445,1,123,1,68.99,0.0
506446,1,120,3,248.99,0.0
506446,2,118,1,88.99,0.0
506446,3,119,2,78.99,0.0
506447,1,120,3,235.99,0.0
506447,2,117,1,178.99,0.0
506448,1,130,3,17.99,0.2
506449,1,111,2,45.99,0.1
506449,2,104,2,501.99,0.1
506450,1,122,1,63.99,0.0
506451,1,106,1,83.99,0.0
506452,1,112,1,169.99,0.1
506452,2,123,3,79.99,0.1
506452,3,115,2,36.99,0.1
506453,1,118,3,71.99,0.1
506453,2,126,1,63.99,0.1
506454,1,118,1,88.99,0.0
506455,1,106,2,83.99,0.2
506455,2,131,3,22.99,0.2
506456,1,106,1,88.99,0.0
506456,2,123,1,84.99,0.0
506456,3,113,2,208.99,0.0
506456,4,102,1,418.99,0.0
506457,1,114,1,131.99,0.0
506458,1,109,1,64.99,0.0
506459,1,110,2,98.99,0.0
506460,1,124,3,58.99,0.0
506461,1,135,1,140.99,0.1
506462,1,125,1,29.99,0.0
506462,2,114,1,131.99,0.0
506463,1,108,1,278.99,0.3
506464,1,111,1,45.99,0.1
506465,1,125,2,25.99,0.0
506466,1,119,3,78.99,0.0
506467,1,119,2,78.99,0.0
506468,1,112,1,145.99,0.1
506469,1,117,1,153.99,0.0
506470,1,113,2,208.99,0.0
506470,2,109,1,68.99,0.0
506470,3,114,1,138.99,0.0
506470,4,136,1,28.99,0.0
506470,5,118,3,88.99,0.0
506471,1,110,3,93.99,0.2
506472,1,124,3,55.99,0.0
506473,1,116,1,150.99,0.1
506474,1,111,1,48.99,0.0
506474,2,127,1,58.99,0.0
506474,3,115,1,38.99,0.0
506475,1,106,1,88.99,0.0
506476,1,135,1,148.99,0.0
506477,1,103,1,348.99,0.0
506477,2,102,3,418.99,0.0
506478,1,111,3,48.99,0.0
506478,2,136,1,28.99,0.0
506479,1,105,173,96.99,0.0
506479,2,101,246,235.99,0.0
506480,1,123,3,79.99,0.0
506480,2,106,1,83.99,0.0
506481,1,119,2,78.99,0.0
506481,2,110,1,98.99,0.0
506482,1,117,1,178.99,0.0
506482,2,137,2,32.99,0.0
506483,1,111,2,45.99,0.2
506483,2,114,1,131.99,0.2
506484,1,127,1,58.99,0.0
506485,1,116,3,150.99,0.3
506485,2,123,2,79.99,0.3
506485,3,120,1,235.99,0.3
506486,1,104,1,528.99,0.0
506486,2,129,1,44.99,0.0
506487,1,138,2,98.99,0.0
506488,1,123,1,84.99,0.1
506489,1,115,1,38.99,0.2
506490,1,123,1,84.99,0.0
506491,1,129,2,41.99,0.0
506491,2,107,3,188.99,0.0
506492,1,132,1,45.99,0.0
506492,2,116,1,150.99,0.0
506493,1,123,1,84.99,0.0
506493,2,109,2,68.99,0.0
506494,1,113,3,208.99,0.0
506494,2,118,3,88.99,0.0
506495,1,108,2,278.99,0.2
506495,2,130,1,18.99,0.2
506495,3,135,3,148.99,0.2
506496,1,136,1,26.99,0.1
506497,1,122,3,78.99,0.0
506498,1,125,2,31.99,0.0
506498,2,114,1,138.99,0.0
506499,1,128,1,28.99,0.1
506500,1,126,1,78.99,0.0
506501,1,122,2,78.99,0.0
506501,2,107,1,198.99,0.0
506501,3,109,1,68.99,0.0
506502,1,132,1,48.99,0.0
506503,1,106,1,83.99,0.0
506504,1,111,1,48.99,0.0
506505,1,125,3,31.99,0.3
506506,1,125,1,29.99,0.1
506507,1,132,1,39.99,0.0
506508,1,119,1,74.99,0.0
506508,2,114,1,131.99,0.0
506508,3,111,1,45.99,0.0
506509,1,112,2,169.99,0.0
506510,1,123,1,68.99,0.1
506511,1,116,2,129.99,0.0
506511,2,121,1,186.99,0.0
506512,1,123,1,84.99,0.0
506513,1,116,1,158.99,0.1
506513,2,129,1,44.99,0.1
506513,3,110,2,98.99,0.1
506514,1,121,1,228.99,0.0
506514,2,130,1,18.99,0.0
506515,1,119,3,74.99,0.0
506516,1,122,1,78.99,0.0
506517,1,138,2,98.99,0.0
506518,1,114,2,138.99,0.1
506518,2,121,1,228.99,0.1
506519,1,136,1,28.99,0.0
506520,1,131,1,19.99,0.0
506520,2,138,2,80.99,0.0
506521,1,109,1,64.99,0.0
506522,1,117,2,153.99,0.0
506522,2,118,1,71.99,0.0
506523,1,126,1,78.99,0.0
506524,1,126,1,74.99,0.1
506525,1,104,2,528.99,0.0
506526,1,128,3,26.99,0.0
506526,2,130,1,17.99,0.0
506527,1,111,1,45.99,0.1
506527,2,118,1,83.99,0.1
506527,3,129,1,41.99,0.1
506527,4,119,2,74.99,0.1
506528,1,122,2,74.99,0.0
506528,2,103,1,330.99,0.0
506529,1,134,2,238.99,0.0
506529,2,121,1,228.99,0.0
506529,3,132,2,48.99,0.0
506530,1,107,2,198.99,0.0
506530,2,112,3,178.99,0.0
506531,1,133,2,118.99,0.0
506532,1,125,1,31.99,0.0
506532,2,119,2,78.99,0.0
506532,3,109,1,68.99,0.0
506533,1,117,1,178.99,0.0
506534,1,125,1,29.99,0.0
506534,2,116,1,150.99,0.0
506534,3,120,1,235.99,0.0
506535,1,137,3,32.99,0.0
506536,1,105,1,118.99,0.0
506536,2,119,2,78.99,0.0
506536,3,137,1,34.99,0.0
506537,1,133,1,96.99,0.2
506537,2,113,1,170.99,0.2
506538,1,118,1,88.99,0.0
506539,1,105,1,118.99,0.0
506540,1,122,1,78.99,0.0
506540,2,133,3,118.99,0.0
506540,3,102,1,418.99,0.0
506541,1,123,1,79.99,0.0
506542,1,110,2,98.99,0.0
506543,1,125,1,31.99,0.3
506543,2,128,2,28.99,0.3
506544,1,126,2,78.99,0.0
506545,1,127,1,47.99,0.2
506545,2,121,1,186.99,0.2
506546,1,115,1,38.99,0.0
506547,1,126,3,78.99,0.1
506548,1,110,2,98.99,0.0
506548,2,130,1,18.99,0.0
506548,3,111,1,48.99,0.0
506549,1,106,2,88.99,0.0
506549,2,119,1,78.99,0.0
506549,3,109,1,68.99,0.0
506550,1,130,1,18.99,0.3
506551,1,121,1,228.99,0.0
506552,1,123,3,84.99,0.0
506552,2,130,1,18.99,0.0
506552,3,118,2,88.99,0.0
506553,1,118,1,88.99,0.3
506554,1,106,1,71.99,0.1
506554,2,109,1,55.99,0.1
506555,1,114,1,131.99,0.0
506556,1,114,3,138.99,0.0
506557,1,111,2,48.99,0.0
506558,1,120,1,248.99,0.1
506559,1,113,3,208.99,0.0
506559,2,122,3,78.99,0.0
506559,3,123,1,84.99,0.0
506559,4,104,1,528.99,0.0
506560,1,104,1,501.99,0.0
506560,2,119,1,74.99,0.0
506561,1,104,3,501.99,0.0
506562,1,122,2,78.99,0.1
506563,1,122,2,78.99,0.0
506563,2,133,3,118.99,0.0
506564,1,121,2,186.99,0.1
506564,2,135,2,121.99,0.1
506565,1,121,1,186.99,0.0
506566,1,102,1,418.99,0.0
506567,1,105,3,118.99,0.0
506568,1,117,1,153.99,0.0
506568,2,114,1,112.99,0.0
506569,1,109,1,68.99,0.1
506570,1,119,1,63.99,0.0
506570,2,106,1,71.99,0.0
506571,1,107,1,188.99,0.0
506571,2,137,1,32.99,0.0
506572,1,125,1,31.99,0.0
506573,1,101,1,288.99,0.0
506574,1,138,1,98.99,0.0
506575,1,123,1,68.99,0.0
506576,1,125,2,31.99,0.1
506577,1,121,1,228.99,0.0
506577,2,104,2,528.99,0.0
506577,3,136,1,28.99,0.0
506578,1,118,1,88.99,0.0
506578,2,119,1,78.99,0.0
506579,1,112,2,178.99,0.0
506579,2,123,3,84.99,0.0
506580,1,102,2,342.99,0.0
506581,1,124,1,47.99,0.0
506582,1,115,1,38.99,0.0
506582,2,126,2,78.99,0.0
506582,3,120,1,248.99,0.0
506582,4,104,1,528.99,0.0
506583,1,115,1,30.99,0.1
506584,1,138,3,98.99,0.0
506584,2,136,1,28.99,0.0
506585,1,136,1,26.99,0.0
506585,2,107,1,188.99,0.0
506585,3,122,3,74.99,0.0
506585,4,115,1,36.99,0.0
506586,1,135,1,121.99,0.0
506586,2,117,1,153.99,0.0
506587,1,136,1,28.99,0.0
506588,1,120,2,248.99,0.0
506588,2,121,1,228.99,0.0
506589,1,137,1,34.99,0.0
506589,2,107,2,198.99,0.0
506589,3,134,2,238.99,0.0
506590,1,120,2,235.99,0.0
506590,2,122,2,74.99,0.0
506590,3,109,1,64.99,0.0
506591,1,113,1,208.99,0.0
506592,1,126,3,78.99,0.2
506592,2,120,2,248.99,0.2
506593,1,119,3,78.99,0.0
506594,1,131,3,22.99,0.0
506594,2,134,1,226.99,0.0
506595,1,129,1,41.99,0.1
506595,2,109,2,64.99,0.1
506596,1,138,1,98.99,0.0
506597,1,111,1,48.99,0.0
506598,1,121,3,216.99,0.0
506599,1,129,113,41.99,0.0
506599,2,103,244,330.99,0.0
506600,1,125,2,31.99,0.0
506600,2,121,3,228.99,0.0
506600,3,103,2,348.99,0.0
506600,4,131,1,24.99,0.0
506601,1,131,2,24.99,0.0
506602,1,120,3,248.99,0.1
506602,2,106,1,88.99,0.1
506603,1,107,1,198.99,0.1
506603,2,138,3,98.99,0.1
506603,3,131,1,24.99,0.1
506604,1,128,1,26.99,0.2
506604,2,108,1,264.99,0.2
506605,1,133,1,112.99,0.0
506606,1,132,1,48.99,0.0
506607,1,131,3,24.99,0.3
506607,2,110,2,98.99,0.3
506608,1,116,3,129.99,0.0
506608,2,104,1,432.99,0.0
506608,3,123,3,68.99,0.0
506608,4,124,2,47.99,0.0
506609,1,103,3,285.99,0.2
506610,1,106,1,88.99,0.2
506611,1,107,3,188.99,0.0
506612,1,125,2,25.99,0.0
506613,1,121,3,228.99,0.2
506614,1,119,1,74.99,0.0
506615,1,130,1,17.99,0.1
506616,1,105,3,96.99,0.0
506616,2,117,3,153.99,0.0
506617,1,138,2,93.99,0.0
506618,1,113,2,208.99,0.0
506618,2,107,2,198.99,0.0
506619,1,120,3,248.99,0.0
506620,1,125,2,31.99,0.0
506620,2,112,2,178.99,0.0
506620,3,124,1,58.99,0.0
506620,4,120,1,248.99,0.0
506621,1,125,2,25.99,0.1
506622,1,126,2,78.99,0.0
506623,1,102,2,342.99,0.0
506623,2,131,1,19.99,0.0
506624,1,119,2,63.99,0.0
506625,1,115,1,36.99,0.0
506626,1,119,1,74.99,0.2
506626,2,135,1,140.99,0.2
506626,3,112,1,169.99,0.2
506627,1,116,2,129.99,0.1
506627,2,138,1,80.99,0.1
506627,3,104,1,432.99,0.1
506628,1,115,2,36.99,0.2
506629,1,138,1,98.99,0.0
506629,2,110,2,98.99,0.0
506630,1,105,2,118.99,0.0
506630,2,102,1,418.99,0.0
506630,3,120,1,248.99,0.0
506631,1,123,2,68.99,0.0
506632,1,112,3,178.99,0.0
506632,2,101,1,288.99,0.0
506632,3,122,1,78.99,0.0
506632,4,117,1,188.99,0.0
506633,1,117,2,188.99,0.0
506634,1,106,2,83.99,0.0
506635,1,105,1,112.99,0.0
506636,1,119,2,74.99,0.0
506637,1,123,2,68.99,0.0
506637,2,113,2,170.99,0.0
506638,1,109,2,68.99,0.0
506639,1,111,1,39.99,0.0
506640,1,127,1,47.99,0.0
506641,1,110,1,98.99,0.2
506642,1,135,1,148.99,0.0
506643,1,122,1,78.99,0.0
506643,2,131,2,24.99,0.0
506644,1,128,2,28.99,0.0
506645,1,112,1,169.99,0.0
506645,2,137,2,32.99,0.0
506645,3,127,1,55.99,0.0
506646,1,133,1,96.99,0.2
506647,1,132,2,45.99,0.0
506648,1,128,2,26.99,0.1
506648,2,108,2,264.99,0.1
506649,1,118,2,83.99,0.0
506650,1,135,2,121.99,0.0
506650,2,114,1,112.99,0.0
506650,3,117,1,153.99,0.0
506650,4,136,2,22.99,0.0
506651,1,116,1,158.99,0.1
506651,2,121,1,228.99,0.1
506651,3,109,2,68.99,0.1
506652,1,112,1,169.99,0.0
506652,2,108,1,264.99,0.0
506653,1,138,1,98.99,0.0
506653,2,137,1,34.99,0.0
506653,3,116,3,158.99,0.0
506654,1,106,2,88.99,0.1
506654,2,123,1,84.99,0.1
506655,1,105,1,118.99,0.0
506656,1,118,1,88.99,0.0
506656,2,127,1,58.99,0.0
506656,3,128,1,28.99,0.0
506656,4,117,3,188.99,0.0
506657,1,107,2,198.99,0.2
506657,2,118,1,88.99,0.2
506658,1,118,1,88.99,0.1
506659,1,110,1,98.99,0.1
506660,1,124,2,55.99,0.0
506660,2,106,1,83.99,0.0
506660,3,118,3,83.99,0.0
506660,4,113,1,197.99,0.0
506661,1,127,1,47.99,0.0
506662,1,118,3,83.99,0.2
506663,1,113,2,197.99,0.0
506664,1,129,1,41.99,0.1
506664,2,124,1,55.99,0.1
506665,1,131,2,22.99,0.0
506666,1,110,1,80.99,0.0
506667,1,124,1,58.99,0.0
506668,1,107,1,198.99,0.0
506668,2,111,1,48.99,0.0
506668,3,118,2,88.99,0.0
506668,4,102,1,418.99,0.0
506669,1,118,2,71.99,0.0
506669,2,124,2,47.99,0.0
506670,1,123,1,68.99,0.2
506670,2,103,1,285.99,0.2
506671,1,118,1,83.99,0.0
506671,2,122,2,74.99,0.0
506672,1,122,1,63.99,0.0
506672,2,113,2,170.99,0.0
506673,1,132,1,45.99,0.0
506673,2,108,1,264.99,0.0
506674,1,120,1,235.99,0.2
506674,2,119,2,74.99,0.2
506675,1,110,2,93.99,0.0
506675,2,127,2,55.99,0.0
506675,3,137,1,32.99,0.0
506675,4,106,3,83.99,0.0
506675,5,124,1,55.99,0.0
506676,1,101,1,288.99,0.0
506676,2,134,3,238.99,0.0
506676,3,115,1,38.99,0.0
506677,1,124,1,55.99,0.0
506677,2,133,1,112.99,0.0
506678,1,126,2,74.99,0.0
506678,2,109,1,64.99,0.0
506678,3,129,3,41.99,0.0
506678,4,103,1,330.99,0.0
506679,1,123,2,84.99,0.0
506680,1,133,2,118.99,0.0
506680,2,111,1,48.99,0.0
506681,1,124,1,58.99,0.2
506681,2,121,1,228.99,0.2
506681,3,119,2,78.99,0.2
506681,4,111,1,48.99,0.2
506681,5,101,2,288.99,0.2
506682,1,110,2,98.99,0.0
506682,2,102,1,418.99,0.0
506683,1,119,1,78.99,0.1
506683,2,102,3,418.99,0.1
506684,1,103,3,348.99,0.0
506685,1,127,1,58.99,0.0
506686,1,136,2,28.99,0.0
506687,1,137,1,32.99,0.1
506688,1,106,2,83.99,0.0
506688,2,124,2,55.99,0.0
506688,3,123,1,79.99,0.0
506689,1,115,2,38.99,0.2
506690,1,125,3,25.99,0.0
506690,2,110,1,80.99,0.0
506691,1,113,2,208.99,0.0
506691,2,114,1,138.99,0.0
506691,3,106,3,88.99,0.0
506692,1,120,2,248.99,0.1
506692,2,115,1,38.99,0.1
506693,1,123,1,84.99,0.2
506693,2,112,3,178.99,0.2
506694,1,123,1,79.99,0.0
506695,1,115,1,30.99,0.0
506696,1,109,1,55.99,0.1
506697,1,110,1,93.99,0.0
506698,1,108,1,278.99,0.0
506698,2,107,1,198.99,0.0
506698,3,121,1,228.99,0.0
506699,1,128,1,26.99,0.3
506700,1,111,2,45.99,0.1
506701,1,136,1,28.99,0.0
506702,1,113,2,208.99,0.0
506702,2,132,2,48.99,0.0
506703,1,101,2,288.99,0.0
506704,1,122,2,78.99,0.0
506705,1,126,2,74.99,0.0
506706,1,112,3,178.99,0.2
506706,2,125,1,31.99,0.2
506706,3,114,3,138.99,0.2
506706,4,117,1,188.99,0.2
506707,1,109,1,68.99,0.1
506708,1,106,2,83.99,0.2
506709,1,124,1,58.99,0.0
506709,2,122,2,78.99,0.0
506710,1,110,1,98.99,0.0
506711,1,128,1,26.99,0.0
506712,1,113,2,197.99,0.2
506712,2,121,2,216.99,0.2
506713,1,112,1,169.99,0.0
506714,1,120,1,248.99,0.1
506714,2,109,1,68.99,0.1
506714,3,127,1,58.99,0.1
506714,4,107,1,198.99,0.1
506715,1,136,2,26.99,0.0
506715,2,106,1,83.99,0.0
506716,1,102,2,418.99,0.0
506716,2,106,2,88.99,0.0
506716,3,122,1,78.99,0.0
506717,1,120,2,203.99,0.2
506717,2,108,2,227.99,0.2
506717,3,105,1,96.99,0.2
506718,1,120,1,235.99,0.0
506719,1,133,3,112.99,0.0
506719,2,118,1,83.99,0.0
506720,1,123,1,79.99,0.0
506720,2,117,3,178.99,0.0
506721,1,111,1,45.99,0.1
506722,1,122,1,78.99,0.2
506722,2,118,2,88.99,0.2
506723,1,116,1,150.99,0.0
506723,2,135,2,140.99,0.0
506724,1,133,1,96.99,0.1
506724,2,137,3,27.99,0.1
506725,1,118,1,71.99,0.0
506725,2,105,3,96.99,0.0
506725,3,120,1,203.99,0.0
506725,4,109,1,55.99,0.0
506725,5,108,2,227.99,0.0
506726,1,124,1,58.99,0.0
506726,2,127,2,58.99,0.0
506727,1,131,2,22.99,0.0
506728,1,132,1,48.99,0.0
506728,2,126,2,78.99,0.0
506728,3,137,2,34.99,0.0
506728,4,106,1,88.99,0.0
506729,1,119,2,74.99,0.0
506729,2,110,1,93.99,0.0
506730,1,133,1,96.99,0.2
506731,1,129,2,44.99,0.0
506731,2,117,3,188.99,0.0
506732,1,120,1,248.99,0.3
506732,2,113,2,208.99,0.3
506733,1,137,2,34.99,0.0
506733,2,135,3,148.99,0.0
506733,3,112,1,178.99,0.0
506734,1,110,2,93.99,0.0
506735,1,109,1,68.99,0.1
506735,2,117,2,188.99,0.1
506735,3,125,2,31.99,0.1
506735,4,107,1,198.99,0.1
506736,1,130,1,18.99,0.0
506736,2,106,1,88.99,0.0
506736,3,125,1,31.99,0.0
506737,1,136,1,28.99,0.0
506738,1,110,1,98.99,0.2
506738,2,134,2,238.99,0.2
506739,1,126,1,78.99,0.2
506739,2,109,2,68.99,0.2
506740,1,110,2,93.99,0.0
506741,1,111,3,45.99,0.0
506741,2,129,1,41.99,0.0
506741,3,119,2,74.99,0.0
506742,1,113,1,208.99,0.0
506743,1,114,1,112.99,0.0
506743,2,106,1,71.99,0.0
506744,1,126,1,78.99,0.1
506744,2,138,2,98.99,0.1
506744,3,119,1,78.99,0.1
506744,4,118,3,88.99,0.1
506745,1,130,1,14.99,0.0
506745,2,114,1,112.99,0.0
506745,3,121,1,186.99,0.0
506745,4,103,1,285.99,0.0
506745,5,124,2,47.99,0.0
506746,1,119,1,78.99,0.3
506746,2,106,2,88.99,0.3
506747,1,118,2,88.99,0.0
506747,2,116,1,158.99,0.0
506747,3,131,2,24.99,0.0
506748,1,132,1,48.99,0.0
506749,1,124,1,58.99,0.0
506750,1,132,1,45.99,0.0
506751,1,123,2,84.99,0.3
506751,2,122,3,78.99,0.3
506752,1,125,1,31.99,0.1
506752,2,113,2,208.99,0.1
506753,1,127,2,58.99,0.0
506753,2,123,2,84.99,0.0
506753,3,118,2,88.99,0.0
506754,1,119,1,63.99,0.0
506754,2,112,2,145.99,0.0
506754,3,106,1,71.99,0.0
506754,4,105,1,96.99,0.0
506754,5,138,1,80.99,0.0
506755,1,104,2,501.99,0.0
506755,2,125,1,29.99,0.0
506756,1,109,2,68.99,0.0
506756,2,102,2,418.99,0.0
506756,3,128,1,28.99,0.0
506757,1,131,1,22.99,0.2
506757,2,119,1,74.99,0.2
506758,1,112,1,178.99,0.0
506758,2,118,1,88.99,0.0
506758,3,104,1,528.99,0.0
506759,1,103,1,285.99,0.0
506759,2,120,2,203.99,0.0
506760,1,116,3,150.99,0.0
506760,2,137,1,32.99,0.0
506761,1,122,1,78.99,0.0
506762,1,116,1,158.99,0.2
506763,1,121,3,228.99,0.2
506764,1,113,3,170.99,0.0
506764,2,121,1,186.99,0.0
506764,3,119,1,63.99,0.0
506764,4,116,1,129.99,0.0
506765,1,136,1,26.99,0.0
506766,1,119,2,78.99,0.0
506767,1,121,1,186.99,0.0
506767,2,108,2,227.99,0.0
506767,3,117,1,153.99,0.0
506768,1,124,2,58.99,0.1
506768,2,123,2,84.99,0.1
506768,3,125,3,31.99,0.1
506768,4,134,2,238.99,0.1
506769,1,111,1,45.99,0.2
506770,1,127,1,58.99,0.3
506771,1,129,1,44.99,0.3
506771,2,112,1,178.99,0.3
506772,1,116,3,150.99,0.0
506773,1,125,1,29.99,0.0
506773,2,121,2,216.99,0.0
506773,3,136,1,26.99,0.0
506773,4,126,3,74.99,0.0
506774,1,109,3,68.99,0.0
506774,2,119,3,78.99,0.0
506775,1,124,3,58.99,0.3
506776,1,137,3,34.99,0.0
506777,1,117,1,188.99,0.0
506778,1,113,1,170.99,0.0
506778,2,107,1,162.99,0.0
506779,1,123,2,84.99,0.0
506780,1,125,1,31.99,0.0
506780,2,103,3,348.99,0.0
506781,1,121,1,216.99,0.0
506782,1,118,1,88.99,0.2
506782,2,102,1,418.99,0.2
506782,3,115,1,38.99,0.2
506782,4,105,3,118.99,0.2
506783,1,104,2,432.99,0.0
506783,2,114,1,112.99,0.0
506783,3,126,2,63.99,0.0
506783,4,119,3,63.99,0.0
506783,5,118,1,71.99,0.0
506784,1,124,2,58.99,0.0
506785,1,102,1,397.99,0.0
506786,1,104,1,528.99,0.0
506787,1,113,1,208.99,0.0
506788,1,118,1,83.99,0.0
506788,2,119,1,74.99,0.0
506789,1,134,80,226.99,0.0
506790,1,103,1,330.99,0.1
506790,2,115,2,36.99,0.1
506791,1,122,1,78.99,0.0
506792,1,114,1,131.99,0.0
506792,2,121,1,216.99,0.0
506792,3,124,1,55.99,0.0
506792,4,102,1,397.99,0.0
506792,5,103,3,330.99,0.0
506793,1,115,1,38.99,0.0
506793,2,122,1,78.99,0.0
506793,3,116,2,158.99,0.0
506794,1,115,1,38.99,0.0
506794,2,133,1,118.99,0.0
506795,1,102,1,418.99,0.0
506796,1,128,1,28.99,0.2
506797,1,115,1,36.99,0.0
506798,1,125,3,29.99,0.0
506799,1,137,1,34.99,0.0
506799,2,122,1,78.99,0.0
506800,1,101,3,273.99,0.2
506800,2,132,1,45.99,0.2
506800,3,111,1,45.99,0.2
506800,4,115,1,36.99,0.2
506801,1,112,1,178.99,0.0
506802,1,136,1,26.99,0.0
506802,2,103,1,330.99,0.0
506802,3,119,2,74.99,0.0
506802,4,118,1,83.99,0.0
506803,1,119,3,78.99,0.0
506804,1,112,1,178.99,0.3
506804,2,127,2,58.99,0.3
506804,3,121,1,228.99,0.3
506805,1,127,3,47.99,0.0
506805,2,138,3,80.99,0.0
506806,1,117,1,153.99,0.0
506807,1,114,2,131.99,0.2
506807,2,130,3,17.99,0.2
506808,1,113,1,208.99,0.0
506808,2,110,1,98.99,0.0
506809,1,135,1,140.99,0.0
506810,1,122,1,74.99,0.0
506811,1,119,3,78.99,0.1
506811,2,106,1,88.99,0.1
506811,3,117,2,188.99,0.1
506811,4,108,1,278.99,0.1
506812,1,125,2,31.99,0.3
506812,2,118,1,88.99,0.3
506812,3,131,1,24.99,0.3
506812,4,113,2,208.99,0.3
506813,1,133,3,96.99,0.0
506813,2,125,1,25.99,0.0
506813,3,137,2,27.99,0.0
506814,1,109,1,64.99,0.0
506815,1,138,1,93.99,0.0
506815,2,115,1,36.99,0.0
506816,1,122,1,78.99,0.0
506816,2,120,3,248.99,0.0
506817,1,109,1,68.99,0.0
506818,1,106,1,88.99,0.0
506818,2,115,2,38.99,0.0
506818,3,117,1,188.99,0.0
506819,1,119,1,78.99,0.1
506820,1,133,2,118.99,0.0
506820,2,118,2,88.99,0.0
506821,1,119,1,63.99,0.0
506821,2,116,3,129.99,0.0
506821,3,122,1,63.99,0.0
506821,4,107,2,162.99,0.0
506822,1,111,2,39.99,0.0
506822,2,115,1,30.99,0.0
506822,3,131,1,19.99,0.0
506823,1,131,2,19.99,0.0
506823,2,118,2,71.99,0.0
506823,3,134,2,194.99,0.0
506824,1,106,2,88.99,0.0
506825,1,131,1,24.99,0.0
506825,2,119,2,78.99,0.0
506825,3,118,3,88.99,0.0
506825,4,120,2,248.99,0.0
506826,1,138,1,93.99,0.0
506827,1,112,1,178.99,0.0
506827,2,122,1,78.99,0.0
506827,3,125,1,31.99,0.0
506827,4,109,1,68.99,0.0
506828,1,105,1,112.99,0.0
506828,2,107,1,188.99,0.0
506829,1,110,1,98.99,0.0
506830,1,117,1,188.99,0.1
506830,2,129,1,44.99,0.1
506830,3,110,1,98.99,0.1
506830,4,121,3,228.99,0.1
506831,1,107,2,198.99,0.0
506831,2,104,1,528.99,0.0
506832,1,135,1,148.99,0.0
506833,1,107,1,188.99,0.0
506834,1,113,2,197.99,0.0
506834,2,128,2,26.99,0.0
506834,3,104,1,501.99,0.0
506835,1,101,1,273.99,0.0
506835,2,129,2,41.99,0.0
506836,1,116,1,158.99,0.0
506836,2,129,2,44.99,0.0
506836,3,111,2,48.99,0.0
506837,1,113,1,197.99,0.0
506838,1,120,3,235.99,0.0
506839,1,114,1,138.99,0.0
506839,2,124,1,58.99,0.0
506840,1,121,2,216.99,0.0
506840,2,124,1,55.99,0.0
506840,3,106,1,83.99,0.0
506841,1,114,1,138.99,0.1
506842,1,131,1,19.99,0.0
506843,1,128,1,28.99,0.0
506844,1,106,2,71.99,0.0
506844,2,128,2,22.99,0.0
506845,1,105,1,112.99,0.0
506846,1,114,3,138.99,0.0
506847,1,106,1,88.99,0.0
506848,1,135,1,148.99,0.0
506848,2,103,1,348.99,0.0
506849,1,119,1,74.99,0.2
506850,1,129,1,41.99,0.0
506851,1,121,1,228.99,0.0
506852,1,119,2,74.99,0.0
506853,1,112,1,169.99,0.2
506853,2,138,1,93.99,0.2
506853,3,134,1,226.99,0.2
506854,1,130,2,17.99,0.0
506854,2,123,1,79.99,0.0
506854,3,135,2,140.99,0.0
506854,4,118,3,83.99,0.0
506855,1,126,2,74.99,0.0
506855,2,134,1,226.99,0.0
506856,1,127,1,47.99,0.0
506857,1,123,2,84.99,0.1
506858,1,133,2,112.99,0.2
506859,1,124,1,58.99,0.0
506859,2,109,2,68.99,0.0
506859,3,125,1,31.99,0.0
506860,1,117,1,188.99,0.2
506860,2,133,2,118.99,0.2
506861,1,110,1,98.99,0.0
506862,1,120,1,235.99,0.0
506863,1,124,3,58.99,0.0
506863,2,113,1,208.99,0.0
506864,1,105,1,112.99,0.0
506864,2,112,1,169.99,0.0
506864,3,117,2,178.99,0.0
506864,4,110,1,93.99,0.0
506865,1,135,1,140.99,0.0
506866,1,129,1,35.99,0.1
506867,1,121,1,228.99,0.0
506868,1,109,3,68.99,0.0
506869,1,129,1,41.99,0.0
506870,1,121,1,216.99,0.0
506870,2,131,1,22.99,0.0
506870,3,114,1,131.99,0.0
506871,1,112,3,145.99,0.1
506872,1,102,1,418.99,0.0
506872,2,112,3,178.99,0.0
506872,3,125,2,31.99,0.0
506873,1,111,1,39.99,0.0
506874,1,117,1,178.99,0.1
506874,2,101,2,273.99,0.1
506874,3,118,1,83.99,0.1
506875,1,109,2,68.99,0.0
506876,1,114,2,138.99,0.0
506876,2,112,1,178.99,0.0
506877,1,127,3,58.99,0.1
506877,2,120,1,248.99,0.1
506878,1,122,2,78.99,0.0
506878,2,108,1,278.99,0.0
506879,1,106,2,88.99,0.1
506879,2,125,1,31.99,0.1
506879,3,132,2,48.99,0.1
506879,4,123,1,84.99,0.1
506879,5,113,2,208.99,0.1
506880,1,122,3,78.99,0.0
506881,1,109,1,64.99,0.0
506882,1,114,1,131.99,0.1
506883,1,123,1,68.99,0.3
506884,1,110,2,98.99,0.0
506885,1,115,1,38.99,0.0
506885,2,127,2,58.99,0.0
506885,3,120,1,248.99,0.0
506885,4,117,2,188.99,0.0
506886,1,123,2,84.99,0.0
506886,2,113,2,208.99,0.0
506887,1,125,1,31.99,0.2
506888,1,128,1,22.99,0.1
506889,1,110,1,98.99,0.0
506889,2,112,2,178.99,0.0
506889,3,122,1,78.99,0.0
506890,1,112,2,145.99,0.0
506890,2,104,2,432.99,0.0
506890,3,105,1,96.99,0.0
506891,1,114,2,131.99,0.0
506891,2,118,3,83.99,0.0
506892,1,136,2,22.99,0.0
506893,1,106,1,83.99,0.0
506894,1,119,1,78.99,0.0
506895,1,114,1,112.99,0.0
506895,2,128,1,22.99,0.0
506895,3,106,1,71.99,0.0
506896,1,122,1,74.99,0.1
506896,2,119,1,74.99,0.1
506896,3,137,1,32.99,0.1
506896,4,117,1,178.99,0.1
506897,1,116,1,129.99,0.2
506898,1,122,2,78.99,0.0
506898,2,107,2,198.99,0.0
506898,3,138,3,98.99,0.0
506898,4,115,2,38.99,0.0
506899,1,105,1,112.99,0.1
506900,1,120,1,248.99,0.0
506900,2,137,2,34.99,0.0
506901,1,115,3,30.99,0.1
506902,1,112,3,178.99,0.0
506902,2,121,1,228.99,0.0
506902,3,135,1,148.99,0.0
506903,1,103,1,348.99,0.0
506903,2,109,1,68.99,0.0
506903,3,116,1,158.99,0.0
506903,4,117,1,188.99,0.0
506904,1,122,1,63.99,0.2
506904,2,126,1,63.99,0.2
506905,1,127,2,58.99,0.0
506906,1,110,1,93.99,0.0
506906,2,112,2,169.99,0.0
506906,3,123,1,79.99,0.0
506907,1,136,1,26.99,0.0
506907,2,119,1,74.99,0.0
506908,1,122,3,63.99,0.0
506908,2,110,1,80.99,0.0
506908,3,109,3,55.99,0.0
506909,1,136,1,28.99,0.0
506909,2,124,1,58.99,0.0
506910,1,130,3,18.99,0.0
506910,2,108,2,278.99,0.0
506910,3,120,3,248.99,0.0
506911,1,124,2,58.99,0.2
506912,1,136,2,28.99,0.0
506912,2,125,2,31.99,0.0
506912,3,114,1,138.99,0.0
506913,1,119,2,74.99,0.0
506914,1,111,3,45.99,0.0
506915,1,125,1,31.99,0.0
506916,1,118,2,88.99,0.2
506916,2,137,1,34.99,0.2
506916,3,125,2,31.99,0.2
506916,4,104,1,528.99,0.2
506917,1,131,2,19.99,0.0
506917,2,129,3,35.99,0.0
506918,1,127,1,58.99,0.1
506919,1,116,1,129.99,0.0
506919,2,104,3,432.99,0.0
506920,1,122,2,63.99,0.2
506921,1,135,2,121.99,0.0
506921,2,128,2,22.99,0.0
506922,1,122,2,78.99,0.0
506923,1,113,1,197.99,0.2
506924,1,132,1,48.99,0.0
506924,2,107,1,198.99,0.0
506924,3,104,1,528.99,0.0
506925,1,121,3,228.99,0.0
506926,1,116,3,129.99,0.0
506927,1,114,2,131.99,0.2
506927,2,125,1,29.99,0.2
506928,1,117,3,153.99,0.0
506928,2,131,1,19.99,0.0
506929,1,116,3,150.99,0.1
506930,1,134,2,238.99,0.0
506930,2,123,2,84.99,0.0
506930,3,114,1,138.99,0.0
506930,4,118,1,88.99,0.0
506931,1,127,1,58.99,0.0
506931,2,111,2,48.99,0.0
506931,3,120,3,248.99,0.0
506931,4,122,1,78.99,0.0
506931,5,132,1,48.99,0.0
506932,1,117,2,153.99,0.2
506932,2,106,2,71.99,0.2
506933,1,124,1,58.99,0.0
506934,1,116,1,158.99,0.0
506935,1,136,1,28.99,0.1
506935,2,102,2,418.99,0.1
506936,1,101,2,288.99,0.0
506936,2,105,2,118.99,0.0
506936,3,114,1,138.99,0.0
506936,4,135,2,148.99,0.0
506937,1,121,1,228.99,0.1
506937,2,105,2,118.99,0.1
506938,1,115,1,38.99,0.0
506939,1,105,3,96.99,0.2
506939,2,117,2,153.99,0.2
506940,1,132,1,48.99,0.3
506941,1,123,2,84.99,0.0
506942,1,133,1,118.99,0.0
506942,2,132,1,48.99,0.0
506942,3,129,1,44.99,0.0
506942,4,124,1,58.99,0.0
506943,1,124,2,58.99,0.0
506944,1,103,3,330.99,0.0
506945,1,124,1,58.99,0.0
506946,1,123,2,79.99,0.0
506946,2,120,1,235.99,0.0
506947,1,131,1,24.99,0.0
506947,2,132,1,48.99,0.0
506947,3,122,1,78.99,0.0
506947,4,118,1,88.99,0.0
506948,1,123,3,79.99,0.0
506949,1,103,2,348.99,0.0
506949,2,105,3,118.99,0.0
506950,1,120,1,248.99,0.0
506950,2,132,1,48.99,0.0
506950,3,102,1,418.99,0.0
506951,1,123,2,84.99,0.2
506952,1,121,2,186.99,0.0
506953,1,115,1,36.99,0.0
506954,1,122,1,78.99,0.1
506955,1,116,1,158.99,0.3
506955,2,108,2,278.99,0.3
506955,3,135,3,148.99,0.3
506955,4,117,2,188.99,0.3
506955,5,125,1,31.99,0.3
506956,1,116,1,129.99,0.0
506957,1,120,2,248.99,0.1
506957,2,109,3,68.99,0.1
506957,3,121,2,228.99,0.1
506958,1,124,1,58.99,0.0
506958,2,116,1,158.99,0.0
506959,1,109,2,68.99,0.0
506959,2,126,2,78.99,0.0
506959,3,102,1,418.99,0.0
506960,1,109,2,68.99,0.0
506961,1,121,3,228.99,0.0
506962,1,115,3,38.99,0.1
506963,1,119,2,78.99,0.3
506964,1,120,1,248.99,0.1
506965,1,125,1,31.99,0.0
506965,2,121,1,228.99,0.0
506966,1,116,1,129.99,0.1
506967,1,109,2,55.99,0.3
506968,1,110,2,93.99,0.0
506968,2,114,2,131.99,0.0
506969,1,116,2,158.99,0.2
506969,2,113,1,208.99,0.2
506970,1,127,2,47.99,0.0
506971,1,107,3,198.99,0.0
506971,2,112,3,178.99,0.0
506972,1,115,2,38.99,0.0
506973,1,128,3,28.99,0.0
506974,1,102,2,418.99,0.2
506974,2,112,3,178.99,0.2
506975,1,102,1,397.99,0.0
506976,1,101,1,288.99,0.0
506977,1,114,1,131.99,0.2
506977,2,125,2,29.99,0.2
506977,3,112,1,169.99,0.2
506977,4,109,2,64.99,0.2
506977,5,119,3,74.99,0.2
506978,1,112,1,169.99,0.2
506979,1,104,2,432.99,0.0
506980,1,116,2,150.99,0.0
506981,1,138,1,98.99,0.0
506982,1,138,3,98.99,0.0
506983,1,125,1,31.99,0.0
506984,1,127,1,47.99,0.0
506984,2,117,2,153.99,0.0
506984,3,134,1,194.99,0.0
506984,4,118,1,71.99,0.0
506985,1,130,1,18.99,0.2
506986,1,111,1,48.99,0.1
506987,1,102,1,397.99,0.0
506987,2,125,1,29.99,0.0
506987,3,127,2,55.99,0.0
506988,1,114,2,131.99,0.0
506988,2,127,1,55.99,0.0
506988,3,111,1,45.99,0.0
506989,1,127,3,47.99,0.0
506990,1,130,1,17.99,0.0
506991,1,107,2,198.99,0.0
506992,1,136,1,26.99,0.0
506993,1,128,1,26.99,0.0
506993,2,126,2,74.99,0.0
506993,3,104,1,501.99,0.0
506994,1,103,1,330.99,0.0
506995,1,126,1,78.99,0.0
506996,1,111,1,48.99,0.0
506996,2,125,3,31.99,0.0
506996,3,129,3,44.99,0.0
506996,4,131,1,24.99,0.0
506996,5,120,3,248.99,0.0
506997,1,106,1,88.99,0.2
506998,1,121,1,228.99,0.0
506999,1,129,2,44.99,0.0
507000,1,136,1,26.99,0.1
507001,1,111,2,45.99,0.0
507002,1,106,1,83.99,0.0
507003,1,113,1,208.99,0.0
507003,2,122,1,78.99,0.0
507004,1,109,3,55.99,0.0
507005,1,123,2,84.99,0.0
507006,1,130,2,18.99,0.2
507007,1,129,3,44.99,0.0
507007,2,113,1,208.99,0.0
507007,3,116,3,158.99,0.0
507008,1,117,1,188.99,0.2
507008,2,131,1,24.99,0.2
507008,3,105,1,118.99,0.2
507009,1,111,1,48.99,0.1
507009,2,109,2,68.99,0.1
507009,3,115,2,38.99,0.1
507010,1,104,3,528.99,0.0
507011,1,117,3,153.99,0.0
507011,2,137,2,27.99,0.0
507011,3,133,1,96.99,0.0
507011,4,124,1,47.99,0.0
507012,1,108,1,278.99,0.0
507012,2,111,3,48.99,0.0
507013,1,125,1,31.99,0.2
507013,2,136,1,28.99,0.2
507014,1,122,1,78.99,0.0
507015,1,106,1,88.99,0.3
507015,2,117,1,188.99,0.3
507016,1,118,2,88.99,0.0
507016,2,116,1,158.99,0.0
507016,3,117,1,188.99,0.0
507016,4,108,2,278.99,0.0
507017,1,125,3,31.99,0.0
507017,2,122,1,78.99,0.0
507018,1,123,2,79.99,0.2
507018,2,116,1,150.99,0.2
507019,1,119,2,78.99,0.0
507020,1,101,1,273.99,0.2
507020,2,124,3,55.99,0.2
507021,1,114,1,112.99,0.0
507022,1,126,1,78.99,0.0
507023,1,110,2,98.99,0.2
507023,2,102,1,418.99,0.2
507024,1,116,3,129.99,0.0
507025,1,126,3,78.99,0.0
507026,1,134,1,238.99,0.0
507026,2,114,1,138.99,0.0
507027,1,115,1,36.99,0.2
507027,2,104,1,501.99,0.2
507027,3,128,3,26.99,0.2
507028,1,107,1,198.99,0.0
507029,1,110,1,98.99,0.2
507029,2,122,1,78.99,0.2
507029,3,133,2,118.99,0.2
507030,1,125,2,31.99,0.0
507031,1,119,2,63.99,0.0
507032,1,130,1,17.99,0.0
507033,1,120,2,248.99,0.0
507033,2,123,1,84.99,0.0
507033,3,114,2,138.99,0.0
507034,1,115,3,30.99,0.0
507035,1,120,3,248.99,0.2
507036,1,107,1,188.99,0.0
507036,2,105,1,112.99,0.0
507037,1,133,2,112.99,0.0
507037,2,116,1,150.99,0.0
507037,3,134,1,226.99,0.0
507038,1,109,1,64.99,0.0
507038,2,131,2,22.99,0.0
507038,3,114,1,131.99,0.0
507038,4,116,1,150.99,0.0
507039,1,105,1,118.99,0.0
507040,1,118,1,83.99,0.0
507041,1,111,1,48.99,0.0
507042,1,109,1,68.99,0.0
507043,1,136,2,26.99,0.0
507044,1,117,1,188.99,0.0
507045,1,125,1,29.99,0.0
507046,1,102,1,397.99,0.0
507047,1,121,3,228.99,0.0
507048,1,123,3,68.99,0.0
507049,1,123,2,84.99,0.0
507049,2,125,1,31.99,0.0
507050,1,124,1,55.99,0.0
507051,1,122,1,78.99,0.0
507052,1,106,1,88.99,0.0
507052,2,132,1,48.99,0.0
507052,3,121,1,228.99,0.0
507053,1,119,1,74.99,0.0
507054,1,110,2,93.99,0.0
507055,1,120,1,248.99,0.0
507055,2,133,2,118.99,0.0
507056,1,115,1,36.99,0.0
507056,2,126,3,74.99,0.0
507057,1,125,1,25.99,0.1
507058,1,105,2,112.99,0.0
507058,2,136,1,26.99,0.0
507059,1,130,1,17.99,0.0
507059,2,127,1,55.99,0.0
507059,3,132,1,45.99,0.0
507060,1,116,1,158.99,0.0
507060,2,124,3,58.99,0.0
507060,3,114,1,138.99,0.0
507061,1,109,1,68.99,0.0
507062,1,133,1,96.99,0.0
507063,1,109,3,55.99,0.2
507063,2,114,2,112.99,0.2
507063,3,123,1,68.99,0.2
507063,4,121,2,186.99,0.2
507063,5,134,3,194.99,0.2
507064,1,125,1,31.99,0.0
507065,1,114,3,138.99,0.0
507066,1,110,2,93.99,0.0
507067,1,124,1,58.99,0.0
507067,2,107,2,198.99,0.0
507068,1,124,1,58.99,0.0
507069,1,104,1,528.99,0.0
507070,1,133,1,118.99,0.0
507070,2,116,1,158.99,0.0
507071,1,124,2,58.99,0.0
507072,1,122,1,78.99,0.0
507072,2,124,1,58.99,0.0
507072,3,137,1,34.99,0.0
507072,4,107,1,198.99,0.0
507073,1,134,1,226.99,0.2
507074,1,108,2,264.99,0.1
507075,1,132,2,39.99,0.2
507076,1,133,1,118.99,0.0
507077,1,138,2,80.99,0.0
507077,2,126,1,63.99,0.0
507078,1,112,3,178.99,0.0
507079,1,104,2,528.99,0.0
507079,2,134,3,238.99,0.0
507079,3,118,1,88.99,0.0
507080,1,121,2,228.99,0.0
507080,2,125,2,31.99,0.0
507081,1,110,1,93.99,0.1
507082,1,126,1,78.99,0.0
507082,2,117,1,188.99,0.0
507083,1,122,1,78.99,0.0
507084,1,111,2,48.99,0.0
507085,1,123,1,84.99,0.1
507086,1,128,3,26.99,0.2
507086,2,108,3,264.99,0.2
507086,3,114,3,131.99,0.2
507087,1,106,3,83.99,0.0
507088,1,135,1,121.99,0.2
507088,2,105,1,96.99,0.2
507088,3,133,1,96.99,0.2
507089,1,104,3,528.99,0.0
507090,1,129,1,44.99,0.0
507091,1,108,1,264.99,0.1
507092,1,111,1,48.99,0.1
507092,2,112,1,178.99,0.1
507092,3,125,2,31.99,0.1
507092,4,137,1,34.99,0.1
507093,1,125,1,31.99,0.0
507093,2,130,2,18.99,0.0
507094,1,128,1,26.99,0.1
507095,1,118,1,83.99,0.0
507096,1,108,2,278.99,0.0
507096,2,114,3,138.99,0.0
507097,1,120,1,248.99,0.2
507097,2,123,3,84.99,0.2
507097,3,124,2,58.99,0.2
507097,4,118,2,88.99,0.2
507098,1,131,2,24.99,0.1
507098,2,122,1,78.99,0.1
507098,3,121,1,228.99,0.1
507099,1,110,1,98.99,0.0
507099,2,119,2,78.99,0.0
507100,1,109,3,64.99,0.0
507100,2,115,1,36.99,0.0
507101,1,124,2,58.99,0.0
507102,1,131,1,19.99,0.0
507102,2,117,2,153.99,0.0
507103,1,123,2,84.99,0.0
507104,1,114,1,131.99,0.0
507105,1,110,1,93.99,0.1
507106,1,109,1,68.99,0.1
507107,1,128,1,28.99,0.0
507107,2,125,3,31.99,0.0
507108,1,130,1,18.99,0.1
507108,2,124,3,58.99,0.1
507109,1,115,1,36.99,0.0
507110,1,124,1,58.99,0.0
507111,1,120,2,248.99,0.2
507111,2,105,2,118.99,0.2
507112,1,117,1,178.99,0.3
507112,2,124,2,55.99,0.3
507113,1,118,2,83.99,0.2
507114,1,132,1,45.99,0.0
507115,1,137,1,34.99,0.0
507116,1,103,2,348.99,0.3
507116,2,101,1,288.99,0.3
507117,1,111,2,48.99,0.0
507118,1,120,3,248.99,0.0
507119,1,121,2,228.99,0.1
507120,1,136,1,26.99,0.0
507120,2,111,1,45.99,0.0
507121,1,112,1,145.99,0.0
507122,1,112,2,178.99,0.0
507122,2,123,1,84.99,0.0
507122,3,104,1,528.99,0.0
507122,4,117,1,188.99,0.0
507123,1,120,1,203.99,0.0
507124,1,124,1,55.99,0.0
507125,1,120,2,248.99,0.2
507125,2,103,3,348.99,0.2
507126,1,138,1,93.99,0.0
507126,2,101,1,273.99,0.0
507127,1,103,3,348.99,0.3
507127,2,118,1,88.99,0.3
507127,3,116,2,158.99,0.3
507128,1,109,3,68.99,0.0
507128,2,116,2,158.99,0.0
507128,3,107,1,198.99,0.0
507128,4,118,1,88.99,0.0
507129,1,129,1,41.99,0.2
507130,1,102,3,418.99,0.0
507130,2,103,1,348.99,0.0
507131,1,111,2,48.99,0.1
507132,1,107,3,188.99,0.0
507132,2,125,1,29.99,0.0
507133,1,108,1,278.99,0.0
507133,2,125,3,31.99,0.0
507134,1,129,3,41.99,0.0
507134,2,112,1,169.99,0.0
507135,1,116,1,158.99,0.0
507135,2,124,2,58.99,0.0
507136,1,119,1,78.99,0.0
507137,1,107,1,188.99,0.1
507138,1,114,2,131.99,0.0
507139,1,113,1,208.99,0.2
507139,2,102,1,418.99,0.2
507140,1,122,1,74.99,0.0
507140,2,136,2,26.99,0.0
507140,3,115,1,36.99,0.0
507141,1,123,3,84.99,0.1
507141,2,124,1,58.99,0.1
507141,3,112,3,178.99,0.1
507141,4,130,1,18.99,0.1
507142,1,126,2,74.99,0.0
507142,2,107,3,188.99,0.0
507143,1,133,1,112.99,0.1
507144,1,109,1,68.99,0.0
507145,1,125,1,31.99,0.3
507145,2,120,1,248.99,0.3
507146,1,119,1,63.99,0.0
507147,1,118,2,88.99,0.1
507148,1,113,1,208.99,0.0
507148,2,115,1,38.99,0.0
507148,3,117,2,188.99,0.0
507148,4,116,1,158.99,0.0
507148,5,129,2,44.99,0.0
507149,1,114,1,112.99,0.0
507150,1,138,1,93.99,0.2
507150,2,122,1,74.99,0.2
507150,3,120,1,235.99,0.2
507150,4,128,3,26.99,0.2
507151,1,107,2,198.99,0.1
507152,1,126,1,78.99,0.0
507152,2,119,1,78.99,0.0
507153,1,115,3,30.99,0.0
507154,1,133,1,112.99,0.1
507154,2,137,1,32.99,0.1
507155,1,117,2,188.99,0.0
507156,1,123,1,79.99,0.2
507156,2,136,3,26.99,0.2
507156,3,107,2,188.99,0.2
507157,1,115,1,36.99,0.0
507157,2,121,2,216.99,0.0
507158,1,121,2,228.99,0.0
507159,1,107,2,188.99,0.0
507160,1,124,1,47.99,0.0
507160,2,134,1,194.99,0.0
507160,3,119,1,63.99,0.0
507161,1,124,2,58.99,0.0
507161,2,127,1,58.99,0.0
507162,1,116,1,150.99,0.0
507163,1,117,1,188.99,0.0
507163,2,125,2,31.99,0.0
507164,1,107,1,198.99,0.0
507165,1,122,1,78.99,0.2
507165,2,115,1,38.99,0.2
507165,3,121,2,228.99,0.2
507165,4,110,1,98.99,0.2
507166,1,122,2,78.99,0.1
507166,2,112,1,178.99,0.1
507167,1,102,1,342.99,0.0
507167,2,114,1,112.99,0.0
507167,3,108,3,227.99,0.0
507167,4,127,2,47.99,0.0
507168,1,113,3,208.99,0.0
507169,1,118,1,71.99,0.0
507170,1,118,1,88.99,0.0
507170,2,106,3,88.99,0.0
507170,3,129,1,44.99,0.0
507171,1,123,1,84.99,0.0
507172,1,107,1,188.99,0.0
507172,2,111,1,45.99,0.0
507172,3,114,2,131.99,0.0
507172,4,125,1,29.99,0.0
507172,5,127,1,55.99,0.0
507173,1,123,1,84.99,0.1
507174,1,111,3,48.99,0.0
507174,2,128,1,28.99,0.0
507175,1,125,1,31.99,0.0
507175,2,123,2,84.99,0.0
507175,3,111,1,48.99,0.0
507175,4,112,1,178.99,0.0
507176,1,106,3,83.99,0.0
507177,1,129,2,35.99,0.1
507177,2,102,2,342.99,0.1
507177,3,136,1,22.99,0.1
507177,4,117,2,153.99,0.1
507178,1,115,1,36.99,0.0
507179,1,110,1,93.99,0.0
507179,2,105,1,112.99,0.0
507180,1,118,1,88.99,0.0
507180,2,128,1,28.99,0.0
507180,3,130,3,18.99,0.0
507181,1,121,1,228.99,0.0
507181,2,110,2,98.99,0.0
507182,1,109,1,64.99,0.0
507182,2,121,1,216.99,0.0
507182,3,112,2,169.99,0.0
507183,1,106,2,88.99,0.1
507184,1,108,1,278.99,0.1
507184,2,123,1,84.99,0.1
507184,3,122,2,78.99,0.1
507184,4,105,3,118.99,0.1
507184,5,107,3,198.99,0.1
507185,1,112,2,178.99,0.0
507186,1,110,2,98.99,0.2
507187,1,138,2,98.99,0.1
507188,1,117,1,188.99,0.0
507188,2,122,2,78.99,0.0
507188,3,121,1,228.99,0.0
507189,1,121,2,228.99,0.1
507190,1,116,3,158.99,0.1
507190,2,119,1,78.99,0.1
507191,1,113,1,170.99,0.0
507191,2,116,1,129.99,0.0
507191,3,112,2,145.99,0.0
507192,1,119,1,78.99,0.0
507192,2,126,1,78.99,0.0
507192,3,120,1,248.99,0.0
507193,1,111,1,48.99,0.0
507194,1,108,1,264.99,0.0
507195,1,112,1,178.99,0.0
507195,2,107,1,198.99,0.0
507195,3,121,1,228.99,0.0
507195,4,127,2,58.99,0.0
507195,5,125,1,31.99,0.0
507196,1,116,1,150.99,0.0
507197,1,111,1,48.99,0.0
507198,1,119,2,78.99,0.0
507198,2,114,1,138.99,0.0
507199,1,128,2,28.99,0.0
507199,2,130,1,18.99,0.0
507200,1,106,3,88.99,0.0
507201,1,120,2,248.99,0.1
507202,1,130,1,18.99,0.0
507203,1,117,1,153.99,0.0
507204,1,123,1,84.99,0.0
507204,2,116,2,158.99,0.0
507205,1,137,2,34.99,0.0
507206,1,130,1,17.99,0.0
507207,1,129,1,41.99,0.2
507208,1,127,1,58.99,0.2
507208,2,118,1,88.99,0.2
507209,1,121,2,216.99,0.0
507209,2,131,1,22.99,0.0
507209,3,116,2,150.99,0.0
507209,4,101,1,273.99,0.0
507209,5,122,3,74.99,0.0
507210,1,108,1,227.99,0.2
507210,2,105,3,96.99,0.2
507210,3,109,2,55.99,0.2
507211,1,118,2,88.99,0.1
507212,1,104,3,528.99,0.1
507213,1,101,1,235.99,0.2
507213,2,123,1,68.99,0.2
507214,1,114,1,138.99,0.0
507215,1,136,1,28.99,0.0
507215,2,112,3,178.99,0.0
507215,3,137,2,34.99,0.0
507216,1,125,3,29.99,0.0
507217,1,122,2,74.99,0.0
507218,1,109,2,68.99,0.0
507218,2,122,1,78.99,0.0
507218,3,135,3,148.99,0.0
507219,1,107,2,162.99,0.2
507220,1,120,1,203.99,0.0
507221,1,105,1,96.99,0.2
507221,2,136,1,22.99,0.2
507221,3,116,2,129.99,0.2
507221,4,120,1,203.99,0.2
507222,1,123,1,84.99,0.0
507223,1,106,1,83.99,0.0
507223,2,123,1,79.99,0.0
507224,1,119,3,74.99,0.0
507225,1,108,1,227.99,0.0
507225,2,109,1,55.99,0.0
507226,1,110,2,98.99,0.1
507226,2,124,1,58.99,0.1
507227,1,115,1,36.99,0.1
507228,1,130,1,18.99,0.2
507229,1,105,2,118.99,0.2
507229,2,132,1,48.99,0.2
507229,3,115,1,38.99,0.2
507229,4,109,2,68.99,0.2
507229,5,117,1,188.99,0.2
507230,1,113,2,208.99,0.0
507230,2,117,2,188.99,0.0
507230,3,128,3,28.99,0.0
507230,4,123,2,84.99,0.0
507231,1,134,2,226.99,0.0
507232,1,103,1,348.99,0.0
507232,2,132,1,48.99,0.0
507233,1,120,1,235.99,0.0
507234,1,123,1,84.99,0.0
507234,2,107,2,198.99,0.0
507235,1,130,3,14.99,0.0
507236,1,119,3,74.99,0.0
507237,1,135,1,148.99,0.0
507238,1,126,1,74.99,0.0
507238,2,108,1,264.99,0.0
507239,1,112,1,178.99,0.0
507239,2,111,1,48.99,0.0
507240,1,108,1,278.99,0.0
507240,2,122,1,78.99,0.0
507241,1,106,1,88.99,0.0
507241,2,134,1,238.99,0.0
507241,3,121,2,228.99,0.0
507242,1,123,3,84.99,0.0
507243,1,108,2,278.99,0.1
507244,1,122,1,78.99,0.1
507244,2,120,1,248.99,0.1
507244,3,115,1,38.99,0.1
507244,4,108,1,278.99,0.1
507245,1,126,1,74.99,0.0
507245,2,107,1,188.99,0.0
507245,3,127,1,55.99,0.0
507246,1,123,1,84.99,0.0
507246,2,112,1,178.99,0.0
507247,1,138,1,98.99,0.0
507248,1,119,1,78.99,0.0
507249,1,113,1,208.99,0.0
507250,1,125,3,31.99,0.0
507251,1,109,3,68.99,0.3
507252,1,125,1,31.99,0.0
507252,2,131,1,24.99,0.0
507253,1,137,3,34.99,0.0
507254,1,102,1,418.99,0.0
507254,2,133,1,118.99,0.0
507255,1,113,3,208.99,0.0
507255,2,135,3,148.99,0.0
507255,3,118,3,88.99,0.0
507256,1,129,3,44.99,0.1
507257,1,126,1,78.99,0.0
507258,1,119,2,78.99,0.0
507259,1,105,3,118.99,0.1
507260,1,121,1,228.99,0.1
507261,1,111,3,48.99,0.0
507261,2,120,3,248.99,0.0
507262,1,129,1,35.99,0.0
507263,1,123,3,68.99,0.0
507263,2,112,1,145.99,0.0
507264,1,118,1,83.99,0.0
507264,2,117,1,178.99,0.0
507265,1,106,1,88.99,0.0
507265,2,102,1,418.99,0.0
507266,1,119,1,63.99,0.0
507266,2,120,1,203.99,0.0
507267,1,112,1,145.99,0.0
507268,1,121,3,228.99,0.0
507268,2,105,1,118.99,0.0
507269,1,112,1,178.99,0.0
507269,2,124,2,58.99,0.0
507270,1,130,1,18.99,0.0
507271,1,115,1,38.99,0.1
507272,1,109,1,55.99,0.0
507273,1,138,1,98.99,0.1
507274,1,120,1,248.99,0.0
507274,2,105,1,118.99,0.0
507274,3,137,2,34.99,0.0
507274,4,118,1,88.99,0.0
507275,1,113,2,197.99,0.1
507276,1,119,2,78.99,0.0
507276,2,131,1,24.99,0.0
507277,1,118,1,71.99,0.0
507277,2,120,2,203.99,0.0
507278,1,118,2,88.99,0.0
507278,2,108,1,278.99,0.0
507278,3,111,1,48.99,0.0
507278,4,132,3,48.99,0.0
507279,1,115,1,36.99,0.0
507279,2,112,1,169.99,0.0
507279,3,109,1,64.99,0.0
507280,1,128,1,26.99,0.0
507281,1,136,1,28.99,0.3
507282,1,132,2,48.99,0.0
507283,1,104,3,501.99,0.1
507283,2,130,2,17.99,0.1
507284,1,116,1,158.99,0.1
507285,1,116,3,158.99,0.0
507285,2,111,2,48.99,0.0
507286,1,107,1,198.99,0.0
507286,2,123,3,84.99,0.0
507286,3,121,1,228.99,0.0
507287,1,132,2,48.99,0.0
507287,2,121,1,228.99,0.0
507288,1,105,1,96.99,0.0
507288,2,125,1,25.99,0.0
507289,1,127,1,58.99,0.0
507290,1,128,1,28.99,0.0
507290,2,126,2,78.99,0.0
507290,3,109,2,68.99,0.0
507291,1,131,1,24.99,0.0
507292,1,122,1,78.99,0.0
507292,2,133,1,118.99,0.0
507292,3,111,1,48.99,0.0
507292,4,113,1,208.99,0.0
507292,5,107,1,198.99,0.0
507293,1,115,2,36.99,0.0
507294,1,126,1,78.99,0.0
507294,2,124,1,58.99,0.0
507295,1,117,3,178.99,0.0
507295,2,121,1,216.99,0.0
507296,1,107,1,188.99,0.0
507297,1,131,1,24.99,0.0
507297,2,121,1,228.99,0.0
507297,3,119,1,78.99,0.0
507297,4,137,1,34.99,0.0
507298,1,105,1,112.99,0.2
507299,1,102,2,418.99,0.1
507300,1,118,3,88.99,0.1
507301,1,106,2,88.99,0.1
507302,1,112,1,169.99,0.0
507302,2,108,3,264.99,0.0
507302,3,126,2,74.99,0.0
507303,1,113,1,197.99,0.1
507303,2,119,3,74.99,0.1
507304,1,121,2,228.99,0.0
507305,1,130,2,14.99,0.0
507306,1,104,1,501.99,0.0
507306,2,131,3,22.99,0.0
507306,3,126,1,74.99,0.0
507306,4,127,1,55.99,0.0
507307,1,125,2,25.99,0.0
507308,1,116,2,150.99,0.0
507309,1,111,2,39.99,0.3
507310,1,123,1,84.99,0.0
507310,2,115,1,38.99,0.0
507311,1,108,1,278.99,0.0
507311,2,105,2,118.99,0.0
507312,1,110,1,93.99,0.1
507313,1,119,1,74.99,0.0
507314,1,128,1,26.99,0.0
507314,2,119,1,74.99,0.0
507314,3,115,1,36.99,0.0
507315,1,117,3,188.99,0.0
507315,2,120,1,248.99,0.0
507316,1,127,3,58.99,0.0
507316,2,110,2,98.99,0.0
507317,1,117,2,178.99,0.1
507318,1,109,1,68.99,0.0
507319,1,120,1,235.99,0.1
507320,1,122,1,74.99,0.0
507321,1,134,1,194.99,0.0
507322,1,111,1,48.99,0.0
507323,1,104,2,501.99,0.0
507324,1,136,1,26.99,0.0
507325,1,126,3,78.99,0.1
507326,1,115,1,36.99,0.0
507327,1,138,1,98.99,0.2
507328,1,133,2,112.99,0.2
507328,2,113,2,197.99,0.2
507329,1,106,2,83.99,0.0
507330,1,121,1,216.99,0.0
507330,2,105,2,112.99,0.0
507330,3,138,2,93.99,0.0
507331,1,113,3,208.99,0.0
507332,1,133,1,118.99,0.2
507332,2,136,2,28.99,0.2
507333,1,107,1,188.99,0.2
507334,1,124,1,55.99,0.1
507334,2,106,2,83.99,0.1
507335,1,112,3,178.99,0.0
507335,2,121,2,228.99,0.0
507336,1,106,1,83.99,0.0
507337,1,122,1,78.99,0.0
507338,1,137,1,34.99,0.0
507338,2,105,1,118.99,0.0
507338,3,122,1,78.99,0.0
507339,1,111,2,48.99,0.1
507340,1,111,2,48.99,0.2
507341,1,113,1,197.99,0.0
507342,1,104,2,501.99,0.1
507343,1,132,2,48.99,0.0
507344,1,125,1,29.99,0.0
507344,2,119,2,74.99,0.0
507345,1,119,1,63.99,0.0
507345,2,104,1,432.99,0.0
507346,1,127,1,58.99,0.0
507347,1,106,3,83.99,0.0
507348,1,134,3,238.99,0.0
507349,1,129,1,41.99,0.0
507349,2,124,1,55.99,0.0
507350,1,121,1,216.99,0.0
507350,2,126,3,74.99,0.0
507350,3,136,1,26.99,0.0
507351,1,129,2,41.99,0.0
507352,1,111,2,45.99,0.1
507353,1,123,1,84.99,0.0
507354,1,130,1,17.99,0.2
507355,1,123,3,84.99,0.0
507356,1,115,3,38.99,0.0
507356,2,128,3,28.99,0.0
507356,3,112,2,178.99,0.0
507356,4,125,1,31.99,0.0
507356,5,117,2,188.99,0.0
507357,1,124,3,58.99,0.3
507358,1,117,2,178.99,0.0
507358,2,114,1,131.99,0.0
507359,1,135,1,140.99,0.1
507359,2,116,2,150.99,0.1
507360,1,127,2,58.99,0.0
507361,1,133,1,118.99,0.0
507362,1,123,1,68.99,0.0
507362,2,104,3,432.99,0.0
507363,1,135,3,140.99,0.0
507363,2,125,1,29.99,0.0
507363,3,111,3,45.99,0.0
507363,4,113,1,197.99,0.0
507364,1,112,1,178.99,0.0
507365,1,119,1,78.99,0.0
507366,1,106,1,88.99,0.0
507367,1,122,3,74.99,0.0
507367,2,117,3,178.99,0.0
507367,3,130,1,17.99,0.0
507367,4,128,1,26.99,0.0
507368,1,132,3,45.99,0.0
507368,2,116,1,150.99,0.0
507369,1,122,1,78.99,0.0
507370,1,119,1,78.99,0.0
507370,2,124,3,58.99,0.0
507370,3,125,1,31.99,0.0
507371,1,107,3,188.99,0.2
507372,1,111,1,45.99,0.0
507372,2,130,1,17.99,0.0
507372,3,116,1,150.99,0.0
507373,1,125,1,25.99,0.0
507373,2,138,3,80.99,0.0
507373,3,116,2,129.99,0.0
507374,1,109,1,68.99,0.0
507374,2,119,2,78.99,0.0
507374,3,112,1,178.99,0.0
507374,4,104,1,528.99,0.0
507374,5,117,1,188.99,0.0
507375,1,114,1,138.99,0.1
507375,2,136,2,28.99,0.1
507375,3,120,1,248.99,0.1
507376,1,106,1,71.99,0.0
507376,2,120,2,203.99,0.0
507376,3,137,2,27.99,0.0
507376,4,113,2,170.99,0.0
507376,5,115,2,30.99,0.0
507377,1,128,3,28.99,0.3
507378,1,108,1,278.99,0.0
507378,2,135,2,148.99,0.0
507379,1,118,1,83.99,0.0
507380,1,129,3,44.99,0.0
507380,2,113,1,208.99,0.0
507380,3,134,2,238.99,0.0
507381,1,104,2,501.99,0.1
507381,2,101,3,273.99,0.1
507382,1,128,3,22.99,0.0
507382,2,119,3,63.99,0.0
507382,3,131,3,19.99,0.0
507382,4,122,2,63.99,0.0
507382,5,107,1,162.99,0.0
507383,1,118,1,88.99,0.2
507384,1,117,2,188.99,0.2
507385,1,137,1,27.99,0.0
507385,2,125,1,25.99,0.0
507385,3,120,1,203.99,0.0
507386,1,107,1,188.99,0.1
507387,1,111,1,45.99,0.1
507388,1,118,1,88.99,0.0
507389,1,123,3,84.99,0.0
507389,2,118,1,88.99,0.0
507390,1,138,2,80.99,0.0
507390,2,106,1,71.99,0.0
507390,3,115,1,30.99,0.0
507390,4,129,1,35.99,0.0
507391,1,136,1,28.99,0.0
507391,2,127,2,58.99,0.0
507392,1,136,1,22.99,0.0
507392,2,134,3,194.99,0.0
507393,1,125,1,31.99,0.0
507393,2,110,1,98.99,0.0
507393,3,107,1,198.99,0.0
507393,4,124,2,58.99,0.0
507394,1,111,1,45.99,0.0
507395,1,120,3,235.99,0.0
507396,1,111,1,48.99,0.0
507396,2,116,1,158.99,0.0
507397,1,133,2,112.99,0.0
507398,1,131,2,19.99,0.0
507399,1,128,2,26.99,0.0
507399,2,112,1,169.99,0.0
507400,1,131,1,24.99,0.1
507401,1,138,3,98.99,0.0
507402,1,124,3,47.99,0.1
507402,2,105,1,96.99,0.1
507403,1,114,1,138.99,0.0
507404,1,103,1,348.99,0.3
507405,1,114,1,138.99,0.2
507405,2,108,1,278.99,0.2
507406,1,117,2,178.99,0.0
507406,2,122,1,74.99,0.0
507407,1,123,3,79.99,0.0
507407,2,106,3,83.99,0.0
507407,3,111,2,45.99,0.0
507408,1,113,1,208.99,0.0
507409,1,106,1,83.99,0.0
507410,1,117,3,153.99,0.0
507410,2,111,3,39.99,0.0
507410,3,107,2,162.99,0.0
507411,1,125,1,31.99,0.1
507412,1,123,3,79.99,0.0
507412,2,121,1,216.99,0.0
507412,3,108,1,264.99,0.0
507412,4,125,1,29.99,0.0
507412,5,113,1,197.99,0.0
507413,1,125,2,29.99,0.0
507413,2,101,2,273.99,0.0
507413,3,129,1,41.99,0.0
507413,4,134,1,226.99,0.0
507414,1,106,1,88.99,0.0
507414,2,120,1,248.99,0.0
507415,1,132,1,48.99,0.0
507415,2,136,1,28.99,0.0
507415,3,116,1,158.99,0.0
507416,1,111,1,48.99,0.2
507417,1,114,1,131.99,0.1
507417,2,131,1,22.99,0.1
507417,3,125,1,29.99,0.1
507418,1,104,1,501.99,0.1
507419,1,118,3,71.99,0.2
507419,2,112,2,145.99,0.2
507420,1,114,2,131.99,0.1
507421,1,123,1,79.99,0.0
507421,2,133,1,112.99,0.0
507421,3,118,1,83.99,0.0
507422,1,113,3,208.99,0.0
507422,2,122,3,78.99,0.0
507422,3,115,2,38.99,0.0
507422,4,112,3,178.99,0.0
507422,5,133,2,118.99,0.0
507423,1,131,2,19.99,0.0
507423,2,120,1,203.99,0.0
507424,1,118,1,83.99,0.2
507424,2,120,3,235.99,0.2
507425,1,138,3,98.99,0.1
507426,1,114,1,138.99,0.0
507426,2,124,1,58.99,0.0
507426,3,110,2,98.99,0.0
507426,4,125,1,31.99,0.0
507426,5,113,3,208.99,0.0
507427,1,112,3,169.99,0.0
507427,2,115,2,36.99,0.0
507427,3,108,1,264.99,0.0
507428,1,136,1,28.99,0.0
507428,2,125,2,31.99,0.0
507428,3,128,1,28.99,0.0
507428,4,109,3,68.99,0.0
507428,5,135,2,148.99,0.0
507429,1,122,1,78.99,0.0
507429,2,103,1,348.99,0.0
507430,1,113,2,170.99,0.0
507431,1,117,1,153.99,0.1
507431,2,121,1,186.99,0.1
507431,3,129,1,35.99,0.1
507431,4,122,2,63.99,0.1
507431,5,118,1,71.99,0.1
507432,1,110,3,93.99,0.1
507432,2,128,1,26.99,0.1
507433,1,109,2,55.99,0.0
507433,2,108,1,227.99,0.0
507434,1,115,1,36.99,0.0
507435,1,112,1,169.99,0.0
507436,1,112,1,178.99,0.0
507437,1,125,2,31.99,0.0
507437,2,118,1,88.99,0.0
507438,1,125,1,29.99,0.0
507438,2,115,1,36.99,0.0
507438,3,101,1,273.99,0.0
507438,4,124,1,55.99,0.0
507438,5,129,1,41.99,0.0
507439,1,106,1,88.99,0.0
507440,1,119,1,78.99,0.0
507441,1,123,2,68.99,0.0
507441,2,128,1,22.99,0.0
507442,1,108,1,278.99,0.2
507442,2,115,1,38.99,0.2
507443,1,119,3,74.99,0.1
507444,1,112,1,169.99,0.0
507445,1,134,2,194.99,0.0
507445,2,118,1,71.99,0.0
507445,3,110,3,80.99,0.0
507445,4,130,1,14.99,0.0
507446,1,123,2,84.99,0.0
507446,2,115,1,38.99,0.0
507447,1,131,2,22.99,0.1
507448,1,134,2,238.99,0.0
507449,1,138,1,93.99,0.0
507449,2,107,1,188.99,0.0
507450,1,108,3,278.99,0.0
507451,1,122,3,74.99,0.0
507451,2,101,1,273.99,0.0
507451,3,112,1,169.99,0.0
507452,1,126,1,63.99,0.0
507453,1,117,3,188.99,0.0
507454,1,123,1,79.99,0.1
507454,2,108,1,264.99,0.1
507454,3,119,3,74.99,0.1
507455,1,119,2,78.99,0.2
507455,2,134,1,238.99,0.2
507456,1,130,1,18.99,0.0
507457,1,125,1,31.99,0.1
507458,1,120,3,248.99,0.0
507459,1,115,2,36.99,0.0
507460,1,128,1,26.99,0.0
507461,1,126,1,74.99,0.2
507461,2,123,3,79.99,0.2
507462,1,102,1,418.99,0.0
507462,2,133,3,118.99,0.0
507462,3,128,1,28.99,0.0
507463,1,118,1,88.99,0.0
507463,2,102,1,418.99,0.0
507464,1,103,1,348.99,0.0
507464,2,132,1,48.99,0.0
507465,1,106,3,88.99,0.1
507465,2,124,3,58.99,0.1
507466,1,127,3,58.99,0.3
507467,1,111,2,48.99,0.0
507467,2,109,2,68.99,0.0
507468,1,112,2,178.99,0.1
507469,1,137,1,34.99,0.0
507470,1,125,1,31.99,0.0
507471,1,128,1,28.99,0.2
507471,2,114,1,138.99,0.2
507471,3,135,1,148.99,0.2
507471,4,108,1,278.99,0.2
507471,5,112,1,178.99,0.2
507472,1,119,1,74.99,0.0
507472,2,108,1,264.99,0.0
507473,1,124,1,55.99,0.0
507473,2,108,1,264.99,0.0
507474,1,106,1,88.99,0.0
507474,2,104,1,528.99,0.0
507474,3,126,2,78.99,0.0
507474,4,128,1,28.99,0.0
507475,1,108,3,264.99,0.1
507476,1,105,1,118.99,0.0
507476,2,121,3,228.99,0.0
507477,1,118,1,71.99,0.1
507478,1,117,1,153.99,0.0
507479,1,126,1,78.99,0.0
507479,2,124,2,58.99,0.0
507480,1,124,1,47.99,0.0
507480,2,128,3,22.99,0.0
507480,3,113,1,170.99,0.0
507481,1,119,2,78.99,0.0
507481,2,111,1,48.99,0.0
507481,3,128,2,28.99,0.0
507482,1,119,2,63.99,0.0
507483,1,105,3,112.99,0.0
507484,1,128,2,28.99,0.0
507484,2,118,2,88.99,0.0
507484,3,135,3,148.99,0.0
507484,4,119,2,78.99,0.0
507485,1,114,3,138.99,0.0
507486,1,102,2,418.99,0.0
507486,2,132,2,48.99,0.0
507487,1,112,1,145.99,0.0
507487,2,123,1,68.99,0.0
507488,1,132,1,48.99,0.0
507488,2,116,3,158.99,0.0
507488,3,123,1,84.99,0.0
507489,1,113,1,208.99,0.0
507489,2,124,2,58.99,0.0
507489,3,131,1,24.99,0.0
507490,1,125,1,25.99,0.0
507491,1,117,1,178.99,0.2
507492,1,122,2,78.99,0.0
507493,1,118,3,83.99,0.0
507493,2,102,1,397.99,0.0
507494,1,120,3,248.99,0.1
507494,2,135,1,148.99,0.1
507495,1,119,1,78.99,0.0
507495,2,114,1,138.99,0.0
507495,3,116,1,158.99,0.0
507496,1,107,2,188.99,0.0
507497,1,117,3,178.99,0.2
507497,2,111,3,45.99,0.2
507498,1,121,1,216.99,0.0
507499,1,111,2,48.99,0.1
507499,2,103,1,348.99,0.1
507500,1,126,2,78.99,0.0
507500,2,102,1,418.99,0.0
507501,1,134,1,238.99,0.0
507501,2,130,3,18.99,0.0
507502,1,124,1,58.99,0.0
507502,2,101,1,288.99,0.0
507502,3,119,3,78.99,0.0
507502,4,122,1,78.99,0.0
507503,1,116,3,158.99,0.3
507504,1,106,2,83.99,0.0
507504,2,123,3,79.99,0.0
507505,1,102,3,397.99,0.0
507506,1,130,1,17.99,0.1
507507,1,110,2,98.99,0.1
507507,2,115,3,38.99,0.1
507507,3,109,2,68.99,0.1
507507,4,131,3,24.99,0.1
507508,1,137,1,32.99,0.0
507508,2,117,1,178.99,0.0
507508,3,125,1,29.99,0.0
507508,4,138,1,93.99,0.0
507508,5,133,2,112.99,0.0
507509,1,133,3,118.99,0.2
507510,1,130,3,17.99,0.0
507510,2,137,1,32.99,0.0
507511,1,114,1,112.99,0.0
507512,1,118,2,83.99,0.1
507513,1,107,3,198.99,0.0
507513,2,120,1,248.99,0.0
507513,3,126,3,78.99,0.0
507513,4,106,1,88.99,0.0
507514,1,125,2,29.99,0.0
507515,1,109,1,64.99,0.0
507515,2,129,2,41.99,0.0
507515,3,120,2,235.99,0.0
507516,1,137,3,32.99,0.0
507516,2,116,1,150.99,0.0
507517,1,135,1,140.99,0.2
507517,2,110,1,93.99,0.2
507517,3,121,1,216.99,0.2
507518,1,107,2,198.99,0.1
507519,1,117,3,178.99,0.1
507519,2,135,3,140.99,0.1
507520,1,135,1,140.99,0.1
507520,2,121,2,216.99,0.1
507520,3,129,1,41.99,0.1
507520,4,137,1,32.99,0.1
507520,5,102,1,397.99,0.1
507521,1,125,2,31.99,0.2
507522,1,106,2,88.99,0.0
507523,1,120,2,248.99,0.0
507524,1,119,1,63.99,0.0
507524,2,125,3,25.99,0.0
507524,3,113,1,170.99,0.0
507525,1,117,1,188.99,0.0
507526,1,124,1,55.99,0.0
507526,2,132,1,45.99,0.0
507527,1,111,1,45.99,0.1
507528,1,112,3,145.99,0.0
507529,1,115,2,36.99,0.0
507530,1,110,1,98.99,0.1
507530,2,123,1,84.99,0.1
507530,3,109,2,68.99,0.1
507531,1,126,1,78.99,0.1
507531,2,121,1,228.99,0.1
507532,1,119,3,78.99,0.0
507532,2,125,1,31.99,0.0
507533,1,137,3,34.99,0.1
507533,2,101,3,288.99,0.1
507534,1,129,1,35.99,0.0
507534,2,121,1,186.99,0.0
507535,1,108,2,264.99,0.0
507536,1,136,1,26.99,0.0
507536,2,124,3,55.99,0.0
507537,1,125,2,31.99,0.1
507537,2,121,3,228.99,0.1
507538,1,120,1,235.99,0.0
507538,2,131,1,22.99,0.0
507538,3,113,1,197.99,0.0
507538,4,110,1,93.99,0.0
507539,1,124,1,55.99,0.0
507540,1,123,2,79.99,0.0
507541,1,102,1,418.99,0.0
507541,2,105,3,118.99,0.0
507542,1,124,1,55.99,0.0
507542,2,112,1,169.99,0.0
507542,3,114,1,131.99,0.0
507543,1,107,2,188.99,0.0
507544,1,121,1,228.99,0.0
507545,1,135,1,148.99,0.0
507545,2,107,1,198.99,0.0
507545,3,120,3,248.99,0.0
507546,1,122,2,74.99,0.0
507547,1,105,1,112.99,0.1
507548,1,101,2,273.99,0.0
507548,2,131,2,22.99,0.0
507549,1,119,1,74.99,0.0
507549,2,115,2,36.99,0.0
507549,3,129,1,41.99,0.0
507549,4,130,1,17.99,0.0
507550,1,124,2,55.99,0.0
507550,2,127,1,55.99,0.0
507550,3,104,1,501.99,0.0
507551,1,113,1,197.99,0.0
507552,1,130,1,14.99,0.0
507552,2,114,1,112.99,0.0
507552,3,122,2,63.99,0.0
507553,1,123,1,84.99,0.0
507554,1,115,1,36.99,0.1
507554,2,106,3,83.99,0.1
507555,1,136,1,28.99,0.2
507556,1,119,2,63.99,0.0
507557,1,134,2,238.99,0.0
507557,2,113,1,208.99,0.0
507558,1,127,1,58.99,0.2
507558,2,123,1,84.99,0.2
507558,3,118,3,88.99,0.2
507558,4,122,1,78.99,0.2
507559,1,115,1,38.99,0.2
507560,1,103,1,348.99,0.0
507561,1,103,1,330.99,0.0
507562,1,123,1,68.99,0.0
507563,1,125,2,29.99,0.0
507564,1,138,1,98.99,0.0
507564,2,120,1,248.99,0.0
507564,3,136,2,28.99,0.0
507565,1,138,1,98.99,0.2
507565,2,121,2,228.99,0.2
507566,1,120,3,248.99,0.1
507567,1,116,2,158.99,0.1
507568,1,111,1,45.99,0.0
507568,2,113,3,197.99,0.0
507568,3,121,1,216.99,0.0
507569,1,114,1,138.99,0.1
507569,2,133,2,118.99,0.1
507570,1,116,1,158.99,0.0
507570,2,117,1,188.99,0.0
507571,1,120,1,203.99,0.0
507571,2,123,3,68.99,0.0
507571,3,116,1,129.99,0.0
507571,4,114,2,112.99,0.0
507572,1,131,1,24.99,0.0
507572,2,126,1,78.99,0.0
507572,3,102,2,418.99,0.0
507573,1,124,2,58.99,0.0
507574,1,127,2,55.99,0.0
507575,1,106,1,83.99,0.0
507576,1,131,1,24.99,0.2
507576,2,120,1,248.99,0.2
507576,3,133,1,118.99,0.2
507577,1,116,2,150.99,0.0
507578,1,122,1,78.99,0.0
507579,1,129,1,44.99,0.0
507579,2,128,2,28.99,0.0
507580,1,117,2,188.99,0.3
507581,1,119,2,63.99,0.0
507582,1,110,1,93.99,0.0
507583,1,129,3,44.99,0.0
507584,1,123,2,84.99,0.0
507584,2,119,2,78.99,0.0
507584,3,116,1,158.99,0.0
507584,4,107,2,198.99,0.0
507584,5,122,1,78.99,0.0
507585,1,119,3,78.99,0.2
507586,1,120,2,203.99,0.0
507587,1,101,1,288.99,0.0
507588,1,134,1,226.99,0.1
507588,2,112,1,169.99,0.1
507589,1,126,2,74.99,0.2
507590,1,123,1,84.99,0.2
507591,1,105,1,96.99,0.1
507591,2,119,2,63.99,0.1
507592,1,126,1,74.99,0.2
507593,1,101,3,235.99,0.1
507593,2,126,2,63.99,0.1
507593,3,129,1,35.99,0.1
507593,4,137,2,27.99,0.1
507594,1,117,2,178.99,0.2
507595,1,121,3,216.99,0.0
507596,1,127,1,47.99,0.1
507597,1,119,1,74.99,0.0
507597,2,130,1,17.99,0.0
507598,1,117,3,188.99,0.0
507598,2,110,1,98.99,0.0
507599,1,114,1,138.99,0.0
507600,1,126,1,63.99,0.1
507601,1,124,2,58.99,0.1
507602,1,124,1,55.99,0.0
507603,1,136,1,26.99,0.3
507604,1,112,1,178.99,0.0
507605,1,103,1,348.99,0.2
507606,1,128,1,28.99,0.0
507607,1,113,1,197.99,0.1
507608,1,112,1,169.99,0.0
507608,2,122,2,74.99,0.0
507609,1,125,1,25.99,0.0
507610,1,121,1,216.99,0.1
507610,2,135,2,140.99,0.1
507610,3,128,1,26.99,0.1
507611,1,101,1,273.99,0.0
507611,2,107,3,188.99,0.0
507611,3,126,1,74.99,0.0
507612,1,119,1,74.99,0.0
507613,1,130,1,18.99,0.1
507614,1,121,2,228.99,0.0
507614,2,119,1,78.99,0.0
507614,3,112,1,178.99,0.0
507615,1,114,3,138.99,0.0
507616,1,121,2,228.99,0.0
507616,2,120,2,248.99,0.0
507617,1,115,3,38.99,0.0
507618,1,114,3,138.99,0.0
507619,1,106,3,83.99,0.0
507619,2,118,1,83.99,0.0
507619,3,131,2,22.99,0.0
507619,4,121,2,216.99,0.0
507619,5,130,3,17.99,0.0
507620,1,103,3,348.99,0.0
507620,2,119,1,78.99,0.0
507620,3,124,1,58.99,0.0
507621,1,114,1,138.99,0.0
507622,1,115,1,38.99,0.3
507623,1,118,1,88.99,0.3
507624,1,131,1,24.99,0.0
507624,2,124,1,58.99,0.0
507625,1,123,2,84.99,0.0
507626,1,134,2,226.99,0.0
507627,1,122,2,74.99,0.0
507628,1,121,3,228.99,0.0
507629,1,102,2,342.99,0.0
507629,2,108,1,227.99,0.0
507630,1,106,1,71.99,0.0
507631,1,107,3,198.99,0.0
507632,1,115,2,36.99,0.2
507632,2,112,1,169.99,0.2
507633,1,120,2,235.99,0.0
507634,1,118,1,88.99,0.0
507635,1,121,1,216.99,0.0
507636,1,123,1,79.99,0.1
507637,1,134,1,226.99,0.0
507637,2,109,1,64.99,0.0
507638,1,121,3,228.99,0.0
507638,2,119,3,78.99,0.0
507639,1,120,3,235.99,0.0
507640,1,136,2,28.99,0.1
507640,2,104,2,528.99,0.1
507641,1,132,1,45.99,0.0
507642,1,124,1,58.99,0.0
507642,2,103,1,348.99,0.0
507642,3,120,1,248.99,0.0
507642,4,135,1,148.99,0.0
507643,1,136,1,26.99,0.1
507643,2,107,1,188.99,0.1
507644,1,129,1,35.99,0.0
507645,1,102,2,397.99,0.0
507645,2,116,1,150.99,0.0
507646,1,121,1,228.99,0.0
507646,2,116,2,158.99,0.0
507646,3,120,1,248.99,0.0
507647,1,119,2,74.99,0.2
507648,1,129,2,44.99,0.0
507649,1,121,2,228.99,0.1
507650,1,107,2,198.99,0.0
507650,2,116,2,158.99,0.0
507650,3,111,1,48.99,0.0
507651,1,112,2,169.99,0.1
507652,1,131,2,24.99,0.0
507653,1,119,1,78.99,0.0
507654,1,130,1,18.99,0.0
507655,1,135,1,148.99,0.0
507656,1,112,2,178.99,0.0
507657,1,116,1,150.99,0.0
507658,1,136,3,26.99,0.3
507658,2,120,1,235.99,0.3
507659,1,131,2,19.99,0.3
507659,2,120,1,203.99,0.3
507660,1,106,1,71.99,0.0
507661,1,108,2,278.99,0.0
507661,2,111,2,48.99,0.0
507662,1,123,1,79.99,0.0
507662,2,113,3,197.99,0.0
507663,1,104,1,528.99,0.1
507663,2,109,2,68.99,0.1
507663,3,118,2,88.99,0.1
507663,4,129,1,44.99,0.1
507664,1,101,1,273.99,0.0
507665,1,124,1,55.99,0.0
507665,2,126,1,74.99,0.0
507666,1,120,3,203.99,0.1
507667,1,131,1,24.99,0.0
507667,2,123,1,84.99,0.0
507668,1,114,2,138.99,0.0
507668,2,129,3,44.99,0.0
507669,1,114,2,138.99,0.0
507670,1,114,2,112.99,0.0
507671,1,125,1,29.99,0.0
507671,2,128,3,26.99,0.0
507672,1,131,2,22.99,0.0
507673,1,121,2,228.99,0.1
507673,2,115,1,38.99,0.1
507674,1,120,1,235.99,0.0
507675,1,113,1,208.99,0.0
507676,1,115,1,36.99,0.1
507676,2,101,2,273.99,0.1
507677,1,108,1,227.99,0.1
507677,2,122,1,63.99,0.1
507678,1,109,2,64.99,0.0
507679,1,108,1,278.99,0.1
507680,1,130,1,17.99,0.0
507680,2,128,1,26.99,0.0
507680,3,127,1,55.99,0.0
507680,4,133,1,112.99,0.0
507681,1,135,1,140.99,0.0
507681,2,125,1,29.99,0.0
507681,3,133,3,112.99,0.0
507681,4,138,1,93.99,0.0
507681,5,109,1,64.99,0.0
507682,1,125,1,25.99,0.1
507682,2,101,1,235.99,0.1
507683,1,136,1,26.99,0.0
507684,1,126,1,74.99,0.0
507685,1,117,1,188.99,0.1
507685,2,121,3,228.99,0.1
507686,1,131,1,19.99,0.0
507686,2,134,2,194.99,0.0
507686,3,106,1,71.99,0.0
507686,4,121,2,186.99,0.0
507687,1,114,1,131.99,0.0
507688,1,113,2,208.99,0.2
507688,2,120,1,248.99,0.2
507689,1,137,1,32.99,0.1
507689,2,112,1,169.99,0.1
507690,1,122,1,74.99,0.0
507690,2,125,3,29.99,0.0
507691,1,120,2,248.99,0.1
507692,1,125,1,31.99,0.0
507692,2,107,2,198.99,0.0
507693,1,107,2,198.99,0.0
507693,2,120,1,248.99,0.0
507694,1,111,2,48.99,0.0
507694,2,115,1,38.99,0.0
507694,3,113,1,208.99,0.0
507694,4,135,1,148.99,0.0
507694,5,112,1,178.99,0.0
507695,1,112,1,178.99,0.0
507695,2,135,1,148.99,0.0
507696,1,111,1,48.99,0.3
507697,1,133,1,118.99,0.0
507698,1,124,3,47.99,0.0
507698,2,112,3,145.99,0.0
507699,1,128,1,28.99,0.0
507699,2,102,1,418.99,0.0
507700,1,119,2,63.99,0.2
507701,1,134,2,194.99,0.0
507702,1,108,1,264.99,0.0
507703,1,117,2,153.99,0.1
507704,1,112,3,178.99,0.0
507705,1,128,1,28.99,0.2
507706,1,113,2,170.99,0.2
507706,2,123,1,68.99,0.2
507707,1,129,1,44.99,0.0
507707,2,108,2,278.99,0.0
507707,3,126,2,78.99,0.0
507708,1,126,1,78.99,0.0
507708,2,123,1,84.99,0.0
507709,1,111,3,48.99,0.0
507710,1,111,1,48.99,0.0
507710,2,122,1,78.99,0.0
507710,3,130,1,18.99,0.0
507711,1,121,2,216.99,0.0
507711,2,119,3,74.99,0.0
507711,3,135,2,140.99,0.0
507711,4,129,1,41.99,0.0
507711,5,124,2,55.99,0.0
507712,1,122,1,63.99,0.1
507713,1,122,3,74.99,0.0
507714,1,118,2,71.99,0.0
507714,2,127,3,47.99,0.0
507714,3,130,1,14.99,0.0
507715,1,133,1,118.99,0.0
507716,1,124,1,58.99,0.2
507717,1,102,1,418.99,0.0
507717,2,112,1,178.99,0.0
507718,1,131,2,24.99,0.0
507718,2,114,2,138.99,0.0
507719,1,127,2,55.99,0.0
507720,1,103,1,330.99,0.0
507720,2,114,1,131.99,0.0
507720,3,132,1,45.99,0.0
507720,4,125,2,29.99,0.0
507721,1,136,2,22.99,0.0
507721,2,113,1,170.99,0.0
507722,1,133,1,118.99,0.1
507723,1,123,1,84.99,0.0
507724,1,110,3,98.99,0.1
507724,2,119,1,78.99,0.1
507724,3,129,1,44.99,0.1
507725,1,117,1,178.99,0.0
507725,2,122,1,74.99,0.0
507726,1,119,1,78.99,0.0
507726,2,127,2,58.99,0.0
507727,1,119,1,78.99,0.0
507728,1,112,2,169.99,0.0
507729,1,121,1,228.99,0.0
507729,2,128,1,28.99,0.0
507729,3,124,2,58.99,0.0
507730,1,134,2,238.99,0.0
507731,1,134,1,238.99,0.0
507732,1,121,1,216.99,0.0
507732,2,129,1,41.99,0.0
507733,1,119,1,78.99,0.0
507734,1,128,1,28.99,0.0
507734,2,119,2,78.99,0.0
507735,1,120,2,203.99,0.2
507736,1,110,1,93.99,0.0
507736,2,127,1,55.99,0.0
507736,3,115,1,36.99,0.0
507736,4,121,3,216.99,0.0
507737,1,126,1,78.99,0.0
507737,2,121,1,228.99,0.0
507737,3,108,2,278.99,0.0
507738,1,109,2,64.99,0.0
507739,1,112,2,169.99,0.0
507740,1,130,2,17.99,0.0
507741,1,112,2,169.99,0.2
507741,2,109,1,64.99,0.2
507741,3,124,1,55.99,0.2
507742,1,117,2,188.99,0.0
507743,1,123,1,84.99,0.0
507744,1,127,1,58.99,0.0
507744,2,116,1,158.99,0.0
507745,1,115,1,38.99,0.0
507745,2,116,1,158.99,0.0
507745,3,102,3,418.99,0.0
507746,1,124,3,55.99,0.0
507747,1,118,1,83.99,0.0
507747,2,121,3,216.99,0.0
507747,3,112,1,169.99,0.0
507748,1,131,2,22.99,0.0
507748,2,123,1,79.99,0.0
507748,3,127,1,55.99,0.0
507749,1,103,1,330.99,0.0
507750,1,113,2,208.99,0.1
507750,2,115,3,38.99,0.1
507750,3,136,1,28.99,0.1
507751,1,122,1,78.99,0.2
507752,1,115,1,30.99,0.0
507753,1,111,3,48.99,0.0
507753,2,127,1,58.99,0.0
507754,1,103,2,348.99,0.0
507755,1,116,1,129.99,0.0
507756,1,102,1,418.99,0.0
507757,1,118,3,71.99,0.0
507758,1,121,1,186.99,0.0
507759,1,116,1,158.99,0.0
507759,2,136,1,28.99,0.0
507760,1,119,1,78.99,0.2
507760,2,115,2,38.99,0.2
507761,1,136,2,26.99,0.0
507761,2,115,2,36.99,0.0
507762,1,110,1,93.99,0.1
507763,1,128,2,28.99,0.0
507764,1,114,2,138.99,0.0
507764,2,135,1,148.99,0.0
507764,3,112,1,178.99,0.0
507765,1,103,1,330.99,0.0
507766,1,109,2,68.99,0.1
507766,2,122,1,78.99,0.1
507766,3,135,1,148.99,0.1
507767,1,128,2,26.99,0.2
507768,1,125,3,31.99,0.1
507769,1,110,2,98.99,0.0
507769,2,124,2,58.99,0.0
507769,3,135,1,148.99,0.0
507769,4,116,1,158.99,0.0
507770,1,128,1,22.99,0.0
507770,2,111,1,39.99,0.0
507771,1,102,1,418.99,0.0
507772,1,119,1,78.99,0.1
507773,1,118,1,71.99,0.0
507773,2,137,2,27.99,0.0
507773,3,131,1,19.99,0.0
507773,4,119,2,63.99,0.0
507773,5,127,1,47.99,0.0
507774,1,109,1,68.99,0.2
507775,1,117,1,188.99,0.2
507775,2,112,1,178.99,0.2
507775,3,115,1,38.99,0.2
507776,1,136,1,28.99,0.0
507776,2,128,2,28.99,0.0
507776,3,115,1,38.99,0.0
507777,1,118,1,83.99,0.3
507778,1,127,1,58.99,0.3
507779,1,113,1,170.99,0.0
507779,2,116,2,129.99,0.0
507779,3,121,1,186.99,0.0
507779,4,105,2,96.99,0.0
507779,5,114,1,112.99,0.0
507780,1,132,1,39.99,0.0
507781,1,133,1,118.99,0.0
507782,1,122,3,74.99,0.1
507782,2,135,1,140.99,0.1
507782,3,126,1,74.99,0.1
507783,1,109,1,64.99,0.1
507784,1,124,1,55.99,0.0
507784,2,116,2,150.99,0.0
507784,3,122,2,74.99,0.0
507785,1,125,2,31.99,0.0
507786,1,123,1,79.99,0.0
507786,2,137,1,32.99,0.0
507787,1,121,1,228.99,0.3
507787,2,124,2,58.99,0.3
507788,1,123,3,84.99,0.0
507788,2,128,1,28.99,0.0
507789,1,103,2,348.99,0.0
507790,1,115,3,38.99,0.0
507790,2,112,1,178.99,0.0
507790,3,135,1,148.99,0.0
507791,1,118,2,83.99,0.0
507792,1,127,1,55.99,0.0
507793,1,115,2,38.99,0.0
507794,1,127,2,47.99,0.1
507794,2,121,1,186.99,0.1
507795,1,116,1,158.99,0.0
507796,1,132,1,48.99,0.0
507797,1,127,2,47.99,0.0
507797,2,115,2,30.99,0.0
507798,1,109,1,64.99,0.3
507798,2,106,3,83.99,0.3
507798,3,110,2,93.99,0.3
507799,1,112,2,169.99,0.1
507800,1,137,3,34.99,0.1
507801,1,112,3,178.99,0.0
507801,2,113,1,208.99,0.0
507802,1,125,1,31.99,0.0
507802,2,124,3,58.99,0.0
507802,3,128,1,28.99,0.0
507803,1,118,2,88.99,0.0
507804,1,116,2,158.99,0.3
507805,1,112,2,169.99,0.0
507806,1,112,1,169.99,0.0
507807,1,124,1,58.99,0.1
507808,1,123,3,84.99,0.0
507808,2,111,1,48.99,0.0
507809,1,133,3,118.99,0.0
507810,1,124,1,58.99,0.2
507810,2,107,2,198.99,0.2
507811,1,112,1,145.99,0.2
507812,1,123,1,79.99,0.2
507813,1,112,1,169.99,0.1
507813,2,118,1,83.99,0.1
507814,1,116,3,129.99,0.0
507814,2,125,1,25.99,0.0
507815,1,108,1,278.99,0.1
507816,1,107,1,198.99,0.1
507817,1,121,1,228.99,0.0
507817,2,110,2,98.99,0.0
507818,1,117,1,178.99,0.0
507818,2,130,1,17.99,0.0
507818,3,110,2,93.99,0.0
507819,1,103,1,330.99,0.0
507820,1,117,1,188.99,0.2
507821,1,118,2,88.99,0.1
507822,1,124,3,58.99,0.0
507822,2,112,2,178.99,0.0
507823,1,103,1,348.99,0.0
507824,1,107,1,198.99,0.0
507824,2,126,3,78.99,0.0
507825,1,111,1,45.99,0.0
507825,2,125,1,29.99,0.0
507826,1,120,1,235.99,0.0
507826,2,123,3,79.99,0.0
507826,3,111,1,45.99,0.0
507826,4,138,2,93.99,0.0
507826,5,134,1,226.99,0.0
507827,1,128,1,28.99,0.0
507827,2,109,1,68.99,0.0
507827,3,122,3,78.99,0.0
507828,1,122,1,78.99,0.0
507829,1,116,1,150.99,0.0
507829,2,130,2,17.99,0.0
507829,3,102,1,397.99,0.0
507830,1,130,2,18.99,0.0
507831,1,133,1,112.99,0.0
507831,2,131,1,22.99,0.0
507831,3,120,1,235.99,0.0
507832,1,122,3,78.99,0.0
507832,2,131,1,24.99,0.0
507832,3,118,1,88.99,0.0
507832,4,110,2,98.99,0.0
507833,1,125,2,29.99,0.2
507834,1,113,2,197.99,0.0
507835,1,118,2,71.99,0.0
507836,1,124,1,58.99,0.0
507836,2,106,1,88.99,0.0
507837,1,115,2,36.99,0.0
507838,1,119,2,78.99,0.2
507838,2,122,1,78.99,0.2
507839,1,114,3,138.99,0.2
507839,2,124,2,58.99,0.2
507840,1,118,1,88.99,0.0
507840,2,137,2,34.99,0.0
507840,3,112,1,178.99,0.0
507840,4,138,1,98.99,0.0
507841,1,132,1,48.99,0.0
507841,2,124,1,58.99,0.0
507841,3,117,2,188.99,0.0
507842,1,130,1,18.99,0.0
507843,1,122,2,78.99,0.0
507844,1,114,1,131.99,0.0
507845,1,133,1,112.99,0.0
507846,1,111,1,48.99,0.0
507846,2,105,2,118.99,0.0
507847,1,107,2,198.99,0.0
507848,1,118,1,88.99,0.0
507848,2,123,1,84.99,0.0
507848,3,117,1,188.99,0.0
507849,1,111,1,48.99,0.1
507850,1,130,1,14.99,0.0
507851,1,103,2,285.99,0.0
507852,1,102,3,342.99,0.0
507853,1,135,1,148.99,0.0
507854,1,103,1,285.99,0.2
507855,1,130,1,17.99,0.0
507856,1,120,2,248.99,0.1
507856,2,129,1,44.99,0.1
507857,1,134,3,226.99,0.2
507858,1,122,1,78.99,0.0
507858,2,112,2,178.99,0.0
507859,1,118,1,88.99,0.0
507859,2,113,1,208.99,0.0
507859,3,134,1,238.99,0.0
507860,1,128,2,26.99,0.0
507860,2,116,1,150.99,0.0
507861,1,105,1,112.99,0.0
507862,1,106,1,83.99,0.0
507863,1,111,2,45.99,0.0
507864,1,105,1,96.99,0.1
507865,1,123,1,68.99,0.0
507866,1,136,1,26.99,0.0
507866,2,124,3,55.99,0.0
507866,3,112,3,169.99,0.0
507867,1,131,2,24.99,0.0
507868,1,101,1,273.99,0.1
507869,1,109,3,64.99,0.0
507870,1,114,2,138.99,0.0
507870,2,113,2,208.99,0.0
507871,1,121,2,216.99,0.0
507872,1,101,1,288.99,0.0
507873,1,111,1,48.99,0.3
507873,2,131,2,24.99,0.3
507874,1,113,3,170.99,0.0
507875,1,115,1,38.99,0.0
507875,2,117,2,188.99,0.0
507875,3,116,1,158.99,0.0
507876,1,108,2,227.99,0.0
507876,2,102,1,342.99,0.0
507877,1,115,1,38.99,0.0
507877,2,137,1,34.99,0.0
507878,1,118,1,88.99,0.0
507879,1,120,3,235.99,0.0
507880,1,109,1,64.99,0.0
507881,1,107,1,188.99,0.0
507881,2,125,2,29.99,0.0
507882,1,117,1,188.99,0.0
507883,1,132,2,45.99,0.1
507883,2,126,3,74.99,0.1
507883,3,134,1,226.99,0.1
507884,1,111,3,48.99,0.2
507885,1,105,2,112.99,0.0
507885,2,108,3,264.99,0.0
507886,1,137,1,32.99,0.0
507886,2,131,1,22.99,0.0
507887,1,123,2,79.99,0.0
507887,2,125,2,29.99,0.0
507887,3,131,1,22.99,0.0
507887,4,136,2,26.99,0.0
507887,5,119,1,74.99,0.0
507888,1,124,1,58.99,0.3
507888,2,127,1,58.99,0.3
507889,1,108,2,264.99,0.1
507890,1,116,2,129.99,0.0
507891,1,111,1,48.99,0.0
507891,2,119,2,78.99,0.0
507892,1,131,2,19.99,0.0
507893,1,118,3,88.99,0.0
507893,2,101,2,288.99,0.0
507893,3,104,1,528.99,0.0
507893,4,119,1,78.99,0.0
507894,1,135,1,148.99,0.0
507894,2,130,3,18.99,0.0
507895,1,108,1,278.99,0.0
507895,2,127,2,58.99,0.0
507895,3,132,1,48.99,0.0
507896,1,101,2,235.99,0.1
507897,1,133,1,118.99,0.2
507898,1,118,2,88.99,0.0
507899,1,123,2,68.99,0.0
507899,2,101,3,235.99,0.0
507900,1,137,3,27.99,0.0
507901,1,115,1,36.99,0.0
507902,1,121,1,186.99,0.0
507902,2,116,1,129.99,0.0
507903,1,129,2,41.99,0.0
507903,2,118,3,83.99,0.0
507904,1,121,1,228.99,0.0
507905,1,123,1,79.99,0.0
507905,2,119,1,74.99,0.0
507905,3,108,3,264.99,0.0
507906,1,114,2,131.99,0.0
507906,2,131,1,22.99,0.0
507907,1,112,1,169.99,0.0
507908,1,130,1,17.99,0.0
507908,2,104,1,501.99,0.0
507909,1,108,2,278.99,0.0
507910,1,101,2,288.99,0.0
507910,2,107,2,198.99,0.0
507911,1,120,1,248.99,0.0
507912,1,106,1,88.99,0.0
507913,1,115,1,38.99,0.0
507914,1,137,1,32.99,0.0
507914,2,105,2,112.99,0.0
507915,1,120,2,248.99,0.2
507915,2,123,1,84.99,0.2
507916,1,114,3,138.99,0.1
507916,2,136,1,28.99,0.1
507916,3,106,2,88.99,0.1
507917,1,118,2,83.99,0.1
507917,2,112,1,169.99,0.1
507918,1,109,1,68.99,0.0
507918,2,110,1,98.99,0.0
507919,1,123,3,79.99,0.0
507920,1,101,1,273.99,0.0
507920,2,102,1,397.99,0.0
507921,1,123,2,84.99,0.2
507921,2,119,1,78.99,0.2
507922,1,110,2,98.99,0.0
507923,1,112,1,145.99,0.0
507924,1,118,1,83.99,0.2
507925,1,112,1,178.99,0.0
507926,1,118,1,88.99,0.0
507927,1,116,2,129.99,0.0
507928,1,125,1,25.99,0.0
507929,1,137,2,34.99,0.2
507930,1,119,1,74.99,0.0
507930,2,102,3,397.99,0.0
507930,3,118,1,83.99,0.0
507931,1,113,2,208.99,0.1
507931,2,119,1,78.99,0.1
507932,1,129,2,44.99,0.0
507933,1,120,1,203.99,0.0
507934,1,119,1,78.99,0.0
507934,2,125,1,31.99,0.0
507935,1,115,2,36.99,0.1
507935,2,123,1,79.99,0.1
507936,1,122,1,78.99,0.0
507936,2,130,1,18.99,0.0
507937,1,106,1,83.99,0.0
507937,2,128,2,26.99,0.0
507938,1,106,1,88.99,0.0
507939,1,112,1,178.99,0.2
507939,2,120,1,248.99,0.2
507939,3,125,1,31.99,0.2
507939,4,110,1,98.99,0.2
507940,1,113,1,197.99,0.2
507940,2,122,3,74.99,0.2
507940,3,108,3,264.99,0.2
507941,1,112,1,178.99,0.0
507941,2,131,2,24.99,0.0
507942,1,119,3,74.99,0.0
507943,1,113,1,208.99,0.0
507944,1,121,3,228.99,0.1
507945,1,114,1,138.99,0.0
507945,2,138,3,98.99,0.0
507945,3,121,2,228.99,0.0
507945,4,120,1,248.99,0.0
507946,1,125,2,31.99,0.0
507947,1,126,1,78.99,0.0
507948,1,106,1,88.99,0.0
507948,2,123,1,84.99,0.0
507948,3,113,1,208.99,0.0
507948,4,125,1,31.99,0.0
507949,1,131,2,24.99,0.0
507949,2,109,1,68.99,0.0
507949,3,129,1,44.99,0.0
507950,1,125,1,29.99,0.0
507950,2,101,2,273.99,0.0
507951,1,124,2,47.99,0.0
507951,2,137,1,27.99,0.0
507952,1,116,1,158.99,0.1
507952,2,102,1,418.99,0.1
507953,1,123,3,68.99,0.0
507953,2,114,2,112.99,0.0
507954,1,125,1,29.99,0.1
507954,2,102,1,397.99,0.1
507955,1,127,2,58.99,0.0
507956,1,113,1,170.99,0.0
507957,1,115,1,38.99,0.0
507958,1,137,2,34.99,0.0
507959,1,119,1,78.99,0.0
507959,2,133,2,118.99,0.0
507960,1,114,1,131.99,0.0
507961,1,125,2,31.99,0.0
507961,2,135,1,148.99,0.0
507961,3,124,1,58.99,0.0
507962,1,112,1,145.99,0.0
507962,2,105,3,96.99,0.0
507963,1,121,1,228.99,0.0
507963,2,132,1,48.99,0.0
507964,1,124,1,47.99,0.0
507964,2,125,2,25.99,0.0
507965,1,129,1,35.99,0.0
507966,1,124,1,55.99,0.0
507966,2,128,1,26.99,0.0
507967,1,124,1,58.99,0.3
507967,2,109,3,68.99,0.3
507968,1,119,1,78.99,0.0
507968,2,122,3,78.99,0.0
507968,3,128,1,28.99,0.0
507969,1,123,1,84.99,0.0
507969,2,116,1,158.99,0.0
507970,1,118,1,83.99,0.1
507970,2,128,2,26.99,0.1
507970,3,122,1,74.99,0.1
507971,1,124,2,58.99,0.2
507972,1,133,1,118.99,0.1
507972,2,134,2,238.99,0.1
507973,1,121,1,186.99,0.0
507973,2,138,1,80.99,0.0
507974,1,126,1,78.99,0.0
507974,2,120,1,248.99,0.0
507975,1,101,2,288.99,0.0
507976,1,115,1,38.99,0.1
507976,2,101,2,288.99,0.1
507977,1,111,1,48.99,0.1
507977,2,130,3,18.99,0.1
507977,3,120,2,248.99,0.1
507978,1,120,1,235.99,0.0
507979,1,118,1,88.99,0.0
507980,1,124,1,55.99,0.0
507981,1,106,1,88.99,0.0
507982,1,101,1,273.99,0.0
507982,2,102,1,397.99,0.0
507983,1,119,2,74.99,0.0
507984,1,105,1,118.99,0.0
507984,2,126,1,78.99,0.0
507985,1,109,2,64.99,0.0
507986,1,104,1,432.99,0.0
507986,2,112,1,145.99,0.0
507987,1,110,2,98.99,0.2
507988,1,124,1,58.99,0.0
507989,1,103,2,285.99,0.0
507990,1,116,2,158.99,0.0
507990,2,119,1,78.99,0.0
507990,3,114,1,138.99,0.0
507991,1,118,1,83.99,0.1
507992,1,122,1,78.99,0.0
507993,1,120,1,203.99,0.0
507993,2,121,1,186.99,0.0
507993,3,107,3,162.99,0.0
507994,1,112,1,169.99,0.2
507994,2,121,1,216.99,0.2
507995,1,125,3,31.99,0.0
507996,1,123,3,79.99,0.0
507996,2,130,1,17.99,0.0
507997,1,106,1,83.99,0.0
507997,2,133,2,112.99,0.0
507998,1,108,2,278.99,0.1
507999,1,135,1,148.99,0.0
508000,1,119,1,74.99,0.0
508001,1,134,2,194.99,0.0
508002,1,124,1,58.99,0.0
508002,2,127,1,58.99,0.0
508002,3,121,1,228.99,0.0
508002,4,120,1,248.99,0.0
508003,1,129,1,44.99,0.2
508003,2,121,1,228.99,0.2
508003,3,109,2,68.99,0.2
508004,1,106,2,88.99,0.0
508004,2,131,2,24.99,0.0
508005,1,115,2,30.99,0.0
508006,1,123,1,84.99,0.0
508007,1,124,3,58.99,0.0
508008,1,121,3,228.99,0.0
508008,2,112,2,178.99,0.0
508009,1,104,3,528.99,0.0
508009,2,117,1,188.99,0.0
508009,3,120,2,248.99,0.0
508010,1,121,2,228.99,0.0
508011,1,110,1,98.99,0.0
508012,1,138,2,98.99,0.0
508012,2,124,1,58.99,0.0
508012,3,131,1,24.99,0.0
508013,1,117,2,153.99,0.0
508013,2,116,3,129.99,0.0
508013,3,101,2,235.99,0.0
508014,1,126,1,74.99,0.0
508014,2,115,1,36.99,0.0
508015,1,122,3,74.99,0.2
508016,1,114,2,138.99,0.1
508016,2,132,2,48.99,0.1
508016,3,120,2,248.99,0.1
508017,1,120,2,248.99,0.0
508018,1,122,1,63.99,0.0
508019,1,130,3,18.99,0.0
508020,1,111,1,39.99,0.0
508020,2,106,1,71.99,0.0
508021,1,106,1,71.99,0.0
508021,2,112,1,145.99,0.0
508022,1,132,3,48.99,0.0
508022,2,118,2,88.99,0.0
508022,3,136,1,28.99,0.0
508023,1,120,1,248.99,0.0
508023,2,118,2,88.99,0.0
508024,1,114,2,138.99,0.1
508025,1,106,1,83.99,0.0
508026,1,137,1,27.99,0.1
508026,2,123,3,68.99,0.1
508026,3,106,2,71.99,0.1
508027,1,103,1,348.99,0.0
508028,1,115,2,30.99,0.2
508029,1,105,2,96.99,0.1
508029,2,114,1,112.99,0.1
508029,3,113,2,170.99,0.1
508030,1,133,1,118.99,0.0
508030,2,121,1,228.99,0.0
508031,1,120,3,248.99,0.0
508032,1,110,1,98.99,0.2
508033,1,122,1,78.99,0.0
508034,1,102,1,418.99,0.2
508035,1,102,1,418.99,0.0
508036,1,122,1,78.99,0.0
508036,2,116,1,158.99,0.0
508037,1,120,1,248.99,0.0
508038,1,115,2,36.99,0.0
508039,1,112,2,169.99,0.1
508040,1,131,2,24.99,0.0
508040,2,120,1,248.99,0.0
508041,1,106,1,88.99,0.0
508042,1,118,1,83.99,0.0
508042,2,137,1,32.99,0.0
508043,1,113,3,208.99,0.0
508043,2,112,3,178.99,0.0
508044,1,122,1,74.99,0.0
508045,1,129,3,44.99,0.0
508046,1,121,2,216.99,0.0
508047,1,106,3,83.99,0.0
508047,2,112,2,169.99,0.0
508047,3,132,1,45.99,0.0
508047,4,126,1,74.99,0.0
508048,1,117,2,188.99,0.0
508049,1,110,1,98.99,0.0
508050,1,114,3,138.99,0.2
508050,2,118,1,88.99,0.2
508051,1,127,2,55.99,0.0
508052,1,109,1,68.99,0.0
508052,2,134,1,238.99,0.0
508053,1,128,1,28.99,0.0
508053,2,132,1,48.99,0.0
508054,1,105,1,118.99,0.1
508054,2,115,1,38.99,0.1
508055,1,133,2,112.99,0.0
508056,1,129,2,44.99,0.0
508056,2,116,1,158.99,0.0
508056,3,108,3,278.99,0.0
508057,1,115,3,38.99,0.0
508057,2,125,1,31.99,0.0
508058,1,126,1,78.99,0.0
508059,1,123,3,84.99,0.0
508059,2,131,1,24.99,0.0
508060,1,121,1,216.99,0.1
508060,2,120,1,235.99,0.1
508060,3,112,3,169.99,0.1
508061,1,120,2,248.99,0.0
508062,1,133,1,118.99,0.0
508063,1,108,3,278.99,0.0
508064,1,134,1,194.99,0.0
508065,1,115,1,30.99,0.0
508066,1,102,3,418.99,0.3
508067,1,118,2,88.99,0.2
508068,1,107,1,162.99,0.0
508069,1,122,2,78.99,0.0
508069,2,131,1,24.99,0.0
508069,3,120,3,248.99,0.0
508069,4,119,2,78.99,0.0
508069,5,104,2,528.99,0.0
508070,1,108,1,264.99,0.0
508071,1,121,3,228.99,0.1
508071,2,128,3,28.99,0.1
508072,1,101,1,288.99,0.3
508073,1,105,1,118.99,0.0
508073,2,104,3,528.99,0.0
508073,3,121,3,228.99,0.0
508073,4,132,2,48.99,0.0
508073,5,109,2,68.99,0.0
508074,1,119,2,78.99,0.0
508074,2,106,1,88.99,0.0
508074,3,117,1,188.99,0.0
508074,4,125,1,31.99,0.0
508074,5,105,1,118.99,0.0
508075,1,126,1,78.99,0.0
508076,1,124,2,58.99,0.0
508077,1,123,1,79.99,0.0
508078,1,118,1,83.99,0.3
508079,1,134,1,194.99,0.3
508080,1,117,1,178.99,0.0
508081,1,117,2,153.99,0.0
508082,1,136,3,28.99,0.0
508082,2,113,1,208.99,0.0
508082,3,138,2,98.99,0.0
508082,4,119,1,78.99,0.0
508083,1,117,2,178.99,0.2
508084,1,108,1,278.99,0.0
508085,1,122,1,74.99,0.0
508086,1,114,3,138.99,0.0
508087,1,125,1,31.99,0.0
508088,1,120,1,248.99,0.0
508088,2,138,1,98.99,0.0
508088,3,105,3,118.99,0.0
508088,4,103,1,348.99,0.0
508088,5,102,1,418.99,0.0
508089,1,123,1,68.99,0.0
508090,1,130,1,14.99,0.0
508091,1,127,1,47.99,0.0
508091,2,136,2,22.99,0.0
508092,1,125,1,31.99,0.0
508093,1,131,1,24.99,0.2
508094,1,106,1,83.99,0.0
508094,2,112,1,169.99,0.0
508094,3,111,1,45.99,0.0
508095,1,119,1,78.99,0.1
508095,2,125,1,31.99,0.1
508095,3,130,2,18.99,0.1
508096,1,131,1,19.99,0.2
508096,2,122,1,63.99,0.2
508096,3,125,2,25.99,0.2
508096,4,119,3,63.99,0.2
508097,1,127,1,55.99,0.1
508098,1,121,1,216.99,0.0
508099,1,106,1,83.99,0.1
508099,2,125,1,29.99,0.1
508100,1,112,3,169.99,0.2
508100,2,120,2,235.99,0.2
508100,3,123,2,79.99,0.2
508100,4,108,2,264.99,0.2
508101,1,110,3,98.99,0.2
508102,1,135,1,148.99,0.0
508103,1,106,3,83.99,0.3
508103,2,120,1,235.99,0.3
508104,1,131,1,24.99,0.0
508104,2,135,3,148.99,0.0
508104,3,120,1,248.99,0.0
508105,1,114,1,138.99,0.0
508105,2,131,2,24.99,0.0
508106,1,112,3,169.99,0.0
508107,1,108,1,278.99,0.0
508108,1,117,2,188.99,0.0
508109,1,124,1,58.99,0.0
508110,1,136,1,28.99,0.1
508111,1,120,1,235.99,0.1
508112,1,131,2,24.99,0.0
508113,1,108,2,227.99,0.2
508114,1,103,1,330.99,0.0
508114,2,110,1,93.99,0.0
508114,3,113,3,197.99,0.0
508115,1,110,2,98.99,0.2
508115,2,113,1,208.99,0.2
508116,1,102,1,397.99,0.1
508117,1,103,1,330.99,0.0
508118,1,118,1,71.99,0.2
508119,1,111,1,48.99,0.0
508120,1,133,2,112.99,0.1
508121,1,127,3,55.99,0.1
508122,1,125,1,31.99,0.0
508123,1,114,1,112.99,0.0
508124,1,115,1,30.99,0.1
508125,1,123,2,79.99,0.1
508125,2,134,3,226.99,0.1
508126,1,127,1,58.99,0.0
508126,2,101,2,288.99,0.0
508127,1,120,2,248.99,0.0
508127,2,126,1,78.99,0.0
508127,3,108,2,278.99,0.0
508127,4,118,1,88.99,0.0
508128,1,110,2,98.99,0.0
508128,2,118,1,88.99,0.0
508129,1,119,1,78.99,0.0
508130,1,122,1,78.99,0.0
508130,2,113,1,208.99,0.0
508131,1,102,1,397.99,0.0
508132,1,118,2,83.99,0.0
508132,2,125,1,29.99,0.0
508133,1,128,1,22.99,0.2
508133,2,132,1,39.99,0.2
508134,1,128,1,26.99,0.0
508135,1,108,2,278.99,0.0
508136,1,118,2,88.99,0.1
508136,2,136,2,28.99,0.1
508136,3,112,2,178.99,0.1
508136,4,135,1,148.99,0.1
508136,5,134,3,238.99,0.1
508137,1,117,1,188.99,0.1
508138,1,123,1,84.99,0.0
508139,1,110,1,98.99,0.0
508140,1,125,1,31.99,0.0
508140,2,110,2,98.99,0.0
508141,1,104,1,528.99,0.0
508142,1,105,1,118.99,0.0
508142,2,101,1,288.99,0.0
508143,1,117,1,188.99,0.0
508143,2,127,1,58.99,0.0
508143,3,137,2,34.99,0.0
508143,4,113,1,208.99,0.0
508143,5,135,1,148.99,0.0
508144,1,135,1,140.99,0.0
508145,1,132,2,48.99,0.0
508146,1,133,1,118.99,0.1
508146,2,118,1,88.99,0.1
508147,1,133,1,96.99,0.1
508148,1,102,2,418.99,0.0
508149,1,118,1,88.99,0.2
508150,1,109,3,68.99,0.2
508150,2,113,1,208.99,0.2
508151,1,113,2,208.99,0.1
508151,2,129,2,44.99,0.1
508152,1,125,1,25.99,0.0
508153,1,120,1,248.99,0.1
508154,1,125,2,31.99,0.1
508155,1,124,2,55.99,0.0
508155,2,131,1,22.99,0.0
508155,3,120,2,235.99,0.0
508156,1,124,2,47.99,0.0
508157,1,132,1,48.99,0.0
508157,2,134,2,238.99,0.0
508157,3,121,1,228.99,0.0
508158,1,106,1,88.99,0.0
508159,1,124,1,58.99,0.1
508160,1,122,1,74.99,0.3
508161,1,119,2,78.99,0.0
508162,1,112,2,145.99,0.0
508162,2,115,1,30.99,0.0
508162,3,113,2,170.99,0.0
508162,4,105,2,96.99,0.0
508162,5,114,3,112.99,0.0
508163,1,112,2,178.99,0.1
508164,1,118,3,88.99,0.1
508165,1,106,2,88.99,0.1
508165,2,115,1,38.99,0.1
508166,1,122,2,63.99,0.0
508167,1,111,1,39.99,0.0
508167,2,118,3,71.99,0.0
508167,3,121,3,186.99,0.0
508168,1,106,3,88.99,0.0
508169,1,102,3,397.99,0.0
508170,1,131,1,22.99,0.0
508171,1,128,1,28.99,0.3
508172,1,122,1,78.99,0.0
508172,2,128,2,28.99,0.0
508173,1,126,2,78.99,0.0
508174,1,104,1,528.99,0.0
508174,2,123,2,84.99,0.0
508175,1,134,1,238.99,0.0
508176,1,111,1,48.99,0.1
508176,2,110,1,98.99,0.1
508177,1,120,1,203.99,0.0
508177,2,127,1,47.99,0.0
508178,1,134,2,238.99,0.0
508178,2,127,2,58.99,0.0
508179,1,114,1,138.99,0.0
508180,1,120,1,248.99,0.0
508180,2,113,1,208.99,0.0
508180,3,110,2,98.99,0.0
508180,4,102,3,418.99,0.0
508180,5,122,1,78.99,0.0
508181,1,126,1,78.99,0.3
508181,2,134,1,238.99,0.3
508181,3,136,1,28.99,0.3
508182,1,120,2,235.99,0.0
508183,1,121,1,216.99,0.0
508184,1,114,2,138.99,0.0
508185,1,124,2,58.99,0.0
508185,2,130,1,18.99,0.0
508186,1,131,2,22.99,0.2
508187,1,117,2,178.99,0.0
508187,2,101,1,273.99,0.0
508187,3,129,2,41.99,0.0
508187,4,125,3,29.99,0.0
508187,5,114,1,131.99,0.0
508188,1,113,1,208.99,0.2
508188,2,125,2,31.99,0.2
508189,1,118,1,88.99,0.1
508189,2,101,1,288.99,0.1
508189,3,113,3,208.99,0.1
508189,4,122,3,78.99,0.1
508190,1,113,1,208.99,0.0
508191,1,116,1,158.99,0.0
508192,1,132,1,39.99,0.0
508192,2,128,1,22.99,0.0
508192,3,106,2,71.99,0.0
508193,1,127,3,58.99,0.0
508194,1,111,1,39.99,0.0
508194,2,128,1,22.99,0.0
508195,1,113,1,208.99,0.0
508195,2,134,1,238.99,0.0
508196,1,105,1,112.99,0.0
508196,2,115,1,36.99,0.0
508197,1,123,2,79.99,0.1
508198,1,131,1,24.99,0.0
508199,1,120,1,203.99,0.0
508200,1,115,1,38.99,0.0
508200,2,122,1,78.99,0.0
508200,3,112,2,178.99,0.0
508201,1,109,2,64.99,0.0
508201,2,132,2,45.99,0.0
508201,3,115,1,36.99,0.0
508202,1,122,1,78.99,0.0
508202,2,120,3,248.99,0.0
508203,1,113,2,208.99,0.1
508203,2,120,1,248.99,0.1
508203,3,131,1,24.99,0.1
508204,1,108,1,264.99,0.0
508204,2,101,2,273.99,0.0
508205,1,111,1,39.99,0.1
508206,1,138,1,93.99,0.0
508206,2,116,2,150.99,0.0
508207,1,121,1,228.99,0.0
508207,2,124,2,58.99,0.0
508208,1,120,1,235.99,0.0
508209,1,130,1,17.99,0.0
508210,1,103,1,285.99,0.0
508211,1,125,3,29.99,0.1
508211,2,108,1,264.99,0.1
508211,3,114,1,131.99,0.1
508212,1,128,1,22.99,0.1
508213,1,126,3,74.99,0.0
508214,1,135,1,148.99,0.1
508214,2,107,1,198.99,0.1
508215,1,120,1,248.99,0.1
508215,2,133,1,118.99,0.1
508215,3,123,2,84.99,0.1
508215,4,132,1,48.99,0.1
508216,1,126,1,78.99,0.0
508217,1,106,1,71.99,0.0
508217,2,121,3,186.99,0.0
508217,3,122,1,63.99,0.0
508218,1,135,2,121.99,0.0
508219,1,113,2,208.99,0.1
508220,1,114,1,138.99,0.1
508221,1,137,1,34.99,0.0
508221,2,112,2,178.99,0.0
508221,3,115,2,38.99,0.0
508222,1,126,2,78.99,0.0
508223,1,113,1,197.99,0.2
508223,2,104,1,501.99,0.2
508223,3,118,1,83.99,0.2
508223,4,103,2,330.99,0.2
508224,1,113,2,170.99,0.0
508225,1,121,1,228.99,0.0
508226,1,110,2,98.99,0.0
508227,1,133,3,96.99,0.1
508227,2,102,1,342.99,0.1
508228,1,129,3,35.99,0.0
508229,1,108,1,278.99,0.0
508230,1,109,1,68.99,0.1
508230,2,112,1,178.99,0.1
508231,1,130,1,14.99,0.0
508232,1,116,1,158.99,0.0
508233,1,112,2,178.99,0.0
508234,1,114,1,138.99,0.1
508235,1,122,3,78.99,0.0
508235,2,101,1,288.99,0.0
508235,3,124,2,58.99,0.0
508236,1,120,2,203.99,0.2
508237,1,106,1,88.99,0.1
508237,2,121,1,228.99,0.1
508237,3,122,1,78.99,0.1
508238,1,101,1,288.99,0.0
508239,1,123,2,84.99,0.0
508240,1,133,2,118.99,0.0
508240,2,132,2,48.99,0.0
508240,3,128,3,28.99,0.0
508241,1,101,1,288.99,0.1
508242,1,115,1,38.99,0.2
508242,2,118,3,88.99,0.2
508242,3,121,2,228.99,0.2
508243,1,136,1,22.99,0.2
508244,1,117,1,188.99,0.0
508245,1,115,1,38.99,0.0
508245,2,114,2,138.99,0.0
508245,3,109,1,68.99,0.0
508245,4,107,1,198.99,0.0
508246,1,123,1,68.99,0.1
508247,1,125,1,31.99,0.0
508247,2,117,1,188.99,0.0
508248,1,121,2,228.99,0.1
508248,2,122,1,78.99,0.1
508249,1,127,2,58.99,0.0
508250,1,135,1,148.99,0.0
508251,1,117,1,188.99,0.0
508252,1,124,1,47.99,0.0
508252,2,136,3,22.99,0.0
508252,3,131,2,19.99,0.0
508253,1,114,2,131.99,0.2
508253,2,117,3,178.99,0.2
508253,3,111,2,45.99,0.2
508254,1,129,2,41.99,0.0
508255,1,134,1,238.99,0.0
508255,2,124,3,58.99,0.0
508256,1,135,2,148.99,0.0
508257,1,132,1,48.99,0.0
508258,1,101,2,235.99,0.0
508258,2,102,1,342.99,0.0
508258,3,121,1,186.99,0.0
508259,1,119,1,78.99,0.0
508259,2,115,1,38.99,0.0
508259,3,125,2,31.99,0.0
508260,1,111,2,48.99,0.1
508261,1,111,1,45.99,0.0
508262,1,106,1,88.99,0.0
508262,2,138,1,98.99,0.0
508262,3,107,1,198.99,0.0
508263,1,117,2,178.99,0.0
508264,1,102,2,418.99,0.0
508264,2,123,1,84.99,0.0
508265,1,103,3,330.99,0.0
508265,2,123,1,79.99,0.0
508265,3,116,1,150.99,0.0
508266,1,135,1,148.99,0.2
508266,2,136,2,28.99,0.2
508267,1,109,1,64.99,0.0
508268,1,123,2,68.99,0.0
508269,1,112,2,169.99,0.0
508269,2,108,3,264.99,0.0
508270,1,102,2,418.99,0.0
508271,1,122,1,74.99,0.0
508272,1,121,2,216.99,0.0
508273,1,137,1,34.99,0.0
508274,1,136,1,26.99,0.0
508274,2,118,2,83.99,0.0
508275,1,129,2,44.99,0.1
508275,2,119,3,78.99,0.1
508275,3,117,1,188.99,0.1
508275,4,115,3,38.99,0.1
508275,5,108,3,278.99,0.1
508276,1,135,2,148.99,0.0
508276,2,137,3,34.99,0.0
508277,1,115,1,38.99,0.0
508278,1,111,3,48.99,0.0
508278,2,120,2,248.99,0.0
508278,3,118,1,88.99,0.0
508278,4,128,3,28.99,0.0
508279,1,138,2,80.99,0.0
508279,2,119,2,63.99,0.0
508279,3,116,2,129.99,0.0
508279,4,124,1,47.99,0.0
508279,5,112,1,145.99,0.0
508280,1,120,1,248.99,0.0
508281,1,106,2,71.99,0.0
508281,2,132,1,39.99,0.0
508282,1,113,1,197.99,0.0
508283,1,114,1,138.99,0.0
508284,1,107,1,162.99,0.0
508285,1,121,2,216.99,0.0
508285,2,118,1,83.99,0.0
508286,1,118,1,83.99,0.0
508287,1,131,2,22.99,0.0
508287,2,120,1,235.99,0.0
508287,3,124,1,55.99,0.0
508288,1,127,2,47.99,0.2
508289,1,116,2,158.99,0.0
508290,1,115,2,38.99,0.0
508290,2,130,1,18.99,0.0
508291,1,122,1,78.99,0.0
508292,1,117,1,178.99,0.0
508292,2,129,1,41.99,0.0
508292,3,138,2,93.99,0.0
508292,4,123,3,79.99,0.0
508293,1,114,2,138.99,0.0
508294,1,115,3,36.99,0.0
508294,2,113,1,197.99,0.0
508295,1,109,1,64.99,0.0
508295,2,120,3,235.99,0.0
508296,1,138,1,93.99,0.0
508297,1,113,1,197.99,0.0
508297,2,132,1,45.99,0.0
508298,1,128,1,28.99,0.0
508298,2,116,1,158.99,0.0
508299,1,129,3,44.99,0.0
508299,2,117,1,188.99,0.0
508299,3,120,2,248.99,0.0
508300,1,126,1,78.99,0.0
508301,1,110,2,98.99,0.0
508302,1,122,2,74.99,0.1
508303,1,107,1,188.99,0.0
508304,1,128,1,28.99,0.0
508305,1,122,1,78.99,0.0
508306,1,137,1,34.99,0.2
508307,1,122,2,78.99,0.0
508308,1,119,3,78.99,0.1
508309,1,114,1,131.99,0.0
508309,2,120,2,235.99,0.0
508310,1,118,3,88.99,0.1
508310,2,121,1,228.99,0.1
508310,3,125,1,31.99,0.1
508311,1,102,1,397.99,0.1
508311,2,103,1,330.99,0.1
508312,1,102,2,397.99,0.1
508313,1,119,1,78.99,0.1
508314,1,115,2,36.99,0.1
508315,1,137,1,32.99,0.0
508315,2,128,1,26.99,0.0
508316,1,107,1,188.99,0.0
508316,2,125,3,29.99,0.0
508317,1,123,1,84.99,0.3
508318,1,106,1,71.99,0.0
508318,2,115,3,30.99,0.0
508319,1,110,1,93.99,0.1
508319,2,124,2,55.99,0.1
508319,3,125,1,29.99,0.1
508320,1,135,2,148.99,0.0
508320,2,138,1,98.99,0.0
508321,1,116,3,158.99,0.0
508322,1,121,1,228.99,0.1
508322,2,109,1,68.99,0.1
508323,1,121,1,216.99,0.0
508323,2,129,1,41.99,0.0
508323,3,103,3,330.99,0.0
508324,1,114,1,138.99,0.0
508325,1,134,1,194.99,0.0
508325,2,137,1,27.99,0.0
508325,3,118,2,71.99,0.0
508325,4,131,1,19.99,0.0
508326,1,123,1,84.99,0.0
508327,1,124,1,58.99,0.0
508327,2,109,1,68.99,0.0
508328,1,121,2,228.99,0.1
508328,2,131,1,24.99,0.1
508329,1,121,2,186.99,0.0
508330,1,123,1,68.99,0.1
508330,2,120,1,203.99,0.1
508331,1,123,1,84.99,0.0
508331,2,110,2,98.99,0.0
508332,1,138,1,93.99,0.0
508332,2,134,1,226.99,0.0
508333,1,133,1,118.99,0.0
508333,2,137,1,34.99,0.0
508334,1,135,1,148.99,0.0
508334,2,128,2,28.99,0.0
508334,3,115,2,38.99,0.0
508334,4,103,2,348.99,0.0
508335,1,114,2,138.99,0.0
508336,1,110,2,80.99,0.0
508336,2,117,3,153.99,0.0
508336,3,123,1,68.99,0.0
508336,4,136,1,22.99,0.0
508337,1,121,1,228.99,0.3
508338,1,112,1,178.99,0.0
508339,1,115,3,38.99,0.0
508340,1,116,1,158.99,0.0
508340,2,101,1,288.99,0.0
508341,1,113,3,197.99,0.0
508341,2,104,2,501.99,0.0
508342,1,109,1,68.99,0.2
508343,1,129,1,41.99,0.2
508343,2,111,2,45.99,0.2
508343,3,128,1,26.99,0.2
508343,4,113,2,197.99,0.2
508344,1,126,2,78.99,0.0
508345,1,105,2,118.99,0.1
508346,1,119,1,63.99,0.0
508347,1,134,2,226.99,0.0
508348,1,126,1,74.99,0.1
508349,1,106,1,83.99,0.1
508349,2,124,1,55.99,0.1
508350,1,111,2,45.99,0.0
508351,1,112,1,178.99,0.0
508352,1,101,2,288.99,0.0
508352,2,104,1,528.99,0.0
508353,1,115,2,38.99,0.0
508353,2,121,1,228.99,0.0
508353,3,117,1,188.99,0.0
508353,4,138,2,98.99,0.0
508354,1,114,3,138.99,0.0
508355,1,106,1,88.99,0.0
508356,1,114,1,131.99,0.0
508356,2,116,1,150.99,0.0
508356,3,111,1,45.99,0.0
508357,1,108,1,264.99,0.0
508358,1,121,2,186.99,0.0
508358,2,114,1,112.99,0.0
508359,1,114,1,112.99,0.2
508360,1,117,1,178.99,0.1
508360,2,115,2,36.99,0.1
508361,1,119,3,74.99,0.2
508362,1,114,1,138.99,0.1
508363,1,136,2,28.99,0.0
508364,1,116,3,158.99,0.0
508365,1,118,1,88.99,0.0
508365,2,132,1,48.99,0.0
508366,1,114,2,131.99,0.0
508367,1,118,3,88.99,0.3
508367,2,112,1,178.99,0.3
508368,1,108,3,278.99,0.0
508368,2,119,1,78.99,0.0
508369,1,130,1,14.99,0.0
508369,2,120,1,203.99,0.0
508369,3,124,3,47.99,0.0
508369,4,110,1,80.99,0.0
508370,1,110,1,80.99,0.0
508370,2,115,1,30.99,0.0
508371,1,105,1,118.99,0.0
508372,1,119,1,74.99,0.0
508373,1,131,2,22.99,0.3
508373,2,110,2,93.99,0.3
508373,3,120,1,235.99,0.3
508374,1,116,2,150.99,0.0
508374,2,110,1,93.99,0.0
508375,1,115,2,36.99,0.0
508375,2,123,1,79.99,0.0
508376,1,112,1,178.99,0.0
508377,1,117,3,178.99,0.0
508377,2,108,1,264.99,0.0
508378,1,114,1,131.99,0.0
508379,1,109,2,55.99,0.0
508379,2,128,3,22.99,0.0
508380,1,130,3,18.99,0.0
508381,1,121,3,228.99,0.0
508382,1,108,2,278.99,0.0
508383,1,120,2,203.99,0.0
508383,2,125,3,25.99,0.0
508383,3,126,1,63.99,0.0
508384,1,124,3,55.99,0.1
508385,1,136,1,22.99,0.1
508385,2,122,3,63.99,0.1
508385,3,104,1,432.99,0.1
508385,4,113,1,170.99,0.1
508386,1,107,1,198.99,0.0
508386,2,127,1,58.99,0.0
508387,1,121,3,186.99,0.0
508387,2,114,2,112.99,0.0
508387,3,118,2,71.99,0.0
508388,1,120,1,203.99,0.1
508388,2,126,2,63.99,0.1
508389,1,111,2,39.99,0.0
508390,1,129,2,44.99,0.1
508391,1,127,3,58.99,0.2
508392,1,109,1,68.99,0.2
508392,2,132,1,48.99,0.2
508392,3,114,1,138.99,0.2
508393,1,109,1,64.99,0.2
508394,1,107,1,188.99,0.0
508395,1,123,1,84.99,0.0
508396,1,118,1,71.99,0.3
508397,1,123,2,68.99,0.2
508398,1,121,1,216.99,0.0
508399,1,133,2,118.99,0.0
508400,1,107,1,198.99,0.0
508401,1,136,1,22.99,0.1
508402,1,115,2,36.99,0.0
508403,1,128,2,28.99,0.0
508403,2,102,3,418.99,0.0
508403,3,122,3,78.99,0.0
508404,1,122,1,78.99,0.0
508405,1,106,2,88.99,0.3
508405,2,110,2,98.99,0.3
508406,1,119,1,63.99,0.0
508406,2,117,2,153.99,0.0
508407,1,133,1,96.99,0.3
508408,1,118,1,71.99,0.1
508408,2,131,1,19.99,0.1
508409,1,117,1,188.99,0.0
508409,2,119,1,78.99,0.0
508409,3,115,3,38.99,0.0
508410,1,112,3,178.99,0.0
508411,1,118,2,71.99,0.1
508411,2,128,1,22.99,0.1
508412,1,112,2,178.99,0.1
508413,1,101,3,273.99,0.0
508414,1,122,1,78.99,0.0
508414,2,111,2,48.99,0.0
508415,1,115,1,36.99,0.0
508415,2,137,1,32.99,0.0
508416,1,101,1,288.99,0.3
508417,1,108,1,278.99,0.0
508417,2,118,2,88.99,0.0
508417,3,127,2,58.99,0.0
508418,1,134,1,238.99,0.2
508419,1,119,1,78.99,0.0
508420,1,113,1,208.99,0.0
508420,2,136,1,28.99,0.0
508421,1,121,2,216.99,0.0
508421,2,122,3,74.99,0.0
508421,3,113,1,197.99,0.0
508421,4,123,1,79.99,0.0
508422,1,124,1,58.99,0.0
508423,1,112,1,169.99,0.0
508423,2,105,1,112.99,0.0
508424,1,111,1,48.99,0.1
508425,1,122,1,74.99,0.2
508426,1,101,1,235.99,0.0
508427,1,106,2,88.99,0.0
508428,1,107,1,198.99,0.2
508429,1,138,2,98.99,0.1
508429,2,112,2,178.99,0.1
508430,1,124,1,55.99,0.2
508431,1,101,1,288.99,0.0
508432,1,128,1,28.99,0.0
508432,2,116,1,158.99,0.0
508433,1,122,1,63.99,0.1
508434,1,119,1,78.99,0.0
508434,2,113,1,208.99,0.0
508435,1,107,2,198.99,0.2
508436,1,114,3,131.99,0.0
508437,1,137,1,34.99,0.0
508438,1,135,2,148.99,0.2
508439,1,106,1,88.99,0.0
508440,1,124,2,58.99,0.1
508441,1,125,3,29.99,0.0
508441,2,112,2,169.99,0.0
508442,1,116,2,150.99,0.0
508442,2,102,1,397.99,0.0
508443,1,118,3,83.99,0.0
508443,2,102,2,397.99,0.0
508443,3,117,2,178.99,0.0
508443,4,128,1,26.99,0.0
508443,5,101,3,273.99,0.0
508444,1,111,2,45.99,0.1
508444,2,106,2,83.99,0.1
508445,1,124,2,58.99,0.0
508446,1,110,1,93.99,0.0
508446,2,130,1,17.99,0.0
508446,3,113,1,197.99,0.0
508446,4,108,3,264.99,0.0
508447,1,131,2,19.99,0.1
508447,2,127,1,47.99,0.1
508448,1,126,2,78.99,0.0
508448,2,124,1,58.99,0.0
508449,1,111,3,39.99,0.0
508450,1,133,1,118.99,0.1
508451,1,112,2,145.99,0.0
508451,2,109,1,55.99,0.0
508452,1,119,1,74.99,0.0
508452,2,126,1,74.99,0.0
508453,1,125,1,29.99,0.2
508454,1,113,1,197.99,0.0
508455,1,109,2,64.99,0.0
508456,1,134,2,226.99,0.0
508457,1,117,3,188.99,0.2
508458,1,102,3,418.99,0.1
508459,1,113,2,197.99,0.0
508459,2,104,1,501.99,0.0
508460,1,117,1,188.99,0.2
508460,2,112,3,178.99,0.2
508460,3,110,1,98.99,0.2
508460,4,118,2,88.99,0.2
508461,1,115,2,38.99,0.1
508461,2,106,1,88.99,0.1
508462,1,117,1,188.99,0.0
508463,1,128,1,26.99,0.0
508464,1,117,2,178.99,0.1
508465,1,132,1,45.99,0.0
508465,2,128,3,26.99,0.0
508466,1,120,2,248.99,0.0
508466,2,114,2,138.99,0.0
508466,3,121,2,228.99,0.0
508466,4,124,2,58.99,0.0
508467,1,114,1,131.99,0.0
508468,1,103,1,348.99,0.1
508468,2,110,1,98.99,0.1
508469,1,125,2,29.99,0.1
508469,2,117,1,178.99,0.1
508470,1,125,1,25.99,0.0
508471,1,132,2,48.99,0.0
508471,2,115,1,38.99,0.0
508471,3,112,2,178.99,0.0
508472,1,106,1,71.99,0.0
508472,2,135,1,121.99,0.0
508473,1,112,1,145.99,0.1
508474,1,129,2,41.99,0.0
508475,1,129,2,44.99,0.0
508475,2,130,2,18.99,0.0
508475,3,115,1,38.99,0.0
508476,1,119,1,78.99,0.0
508477,1,135,3,140.99,0.0
508478,1,109,1,64.99,0.0
508478,2,110,3,93.99,0.0
508479,1,116,1,150.99,0.2
508479,2,115,1,36.99,0.2
508480,1,109,2,68.99,0.0
508480,2,120,1,248.99,0.0
508481,1,138,1,98.99,0.3
508481,2,117,2,188.99,0.3
508481,3,124,2,58.99,0.3
508481,4,115,2,38.99,0.3
508482,1,117,1,188.99,0.0
508483,1,119,1,63.99,0.0
508484,1,124,1,58.99,0.2
508485,1,118,1,88.99,0.0
508486,1,116,1,150.99,0.0
508486,2,107,3,188.99,0.0
508487,1,105,3,118.99,0.2
508487,2,127,1,58.99,0.2
508487,3,104,2,528.99,0.2
508488,1,119,2,63.99,0.0
508488,2,101,3,235.99,0.0
508489,1,105,2,118.99,0.0
508489,2,111,2,48.99,0.0
508489,3,122,1,78.99,0.0
508490,1,118,1,88.99,0.0
508491,1,124,2,55.99,0.0
508492,1,105,1,118.99,0.0
508493,1,135,1,140.99,0.0
508493,2,125,3,29.99,0.0
508493,3,133,1,112.99,0.0
508494,1,114,3,138.99,0.0
508494,2,108,2,278.99,0.0
508495,1,108,2,278.99,0.1
508496,1,104,1,528.99,0.0
508497,1,126,1,78.99,0.0
508498,1,118,2,88.99,0.0
508499,1,117,1,188.99,0.0
508499,2,125,1,31.99,0.0
508499,3,113,1,208.99,0.0
508499,4,131,2,24.99,0.0
508500,1,118,1,83.99,0.1
508501,1,120,2,248.99,0.0
508502,1,116,1,150.99,0.0
508503,1,132,1,48.99,0.0
508503,2,101,3,288.99,0.0
508503,3,102,2,418.99,0.0
508504,1,121,1,216.99,0.1
508505,1,110,1,93.99,0.0
508505,2,112,1,169.99,0.0
508506,1,119,2,74.99,0.0
508506,2,115,1,36.99,0.0
508506,3,112,1,169.99,0.0
508506,4,121,2,216.99,0.0
508507,1,107,1,198.99,0.0
508507,2,104,2,528.99,0.0
508507,3,129,1,44.99,0.0
508507,4,113,1,208.99,0.0
508508,1,108,1,278.99,0.0
508508,2,113,1,208.99,0.0
508509,1,121,1,228.99,0.0
508510,1,111,3,48.99,0.0
508511,1,128,1,26.99,0.1
508511,2,125,1,29.99,0.1
508511,3,111,1,45.99,0.1
508512,1,129,1,35.99,0.0
508512,2,124,2,47.99,0.0
508512,3,115,2,30.99,0.0
508513,1,121,1,228.99,0.0
508514,1,133,1,112.99,0.1
508515,1,116,2,150.99,0.0
508516,1,109,1,55.99,0.0
508517,1,113,3,197.99,0.0
508518,1,118,1,71.99,0.0
508519,1,121,3,228.99,0.0
508519,2,120,1,248.99,0.0
508520,1,122,2,63.99,0.2
508521,1,127,2,55.99,0.0
508522,1,118,1,83.99,0.0
508522,2,130,2,17.99,0.0
508522,3,131,2,22.99,0.0
508523,1,135,1,148.99,0.1
508524,1,121,1,228.99,0.0
508525,1,127,1,58.99,0.0
508525,2,128,1,28.99,0.0
508526,1,137,2,32.99,0.1
508527,1,112,2,178.99,0.0
508528,1,113,1,170.99,0.0
508529,1,113,1,208.99,0.2
508530,1,115,1,38.99,0.0
508530,2,108,1,278.99,0.0
508531,1,115,1,30.99,0.0
508531,2,121,2,186.99,0.0
508531,3,106,1,71.99,0.0
508531,4,126,2,63.99,0.0
508532,1,116,1,129.99,0.1
508533,1,135,2,148.99,0.0
508533,2,115,1,38.99,0.0
508534,1,107,1,162.99,0.0
508535,1,132,1,45.99,0.1
508536,1,126,2,78.99,0.0
508536,2,129,1,44.99,0.0
508537,1,121,1,228.99,0.0
508537,2,123,2,84.99,0.0
508538,1,126,1,63.99,0.0
508539,1,124,1,58.99,0.1
508539,2,106,2,88.99,0.1
508540,1,133,2,96.99,0.1
508541,1,131,1,22.99,0.2
508542,1,119,1,78.99,0.0
508542,2,103,2,348.99,0.0
508543,1,123,1,84.99,0.0
508544,1,109,1,68.99,0.0
508544,2,133,1,118.99,0.0
508544,3,110,1,98.99,0.0
508545,1,129,2,41.99,0.0
508545,2,127,1,55.99,0.0
508546,1,132,2,48.99,0.0
508547,1,127,2,58.99,0.0
508548,1,127,1,47.99,0.0
508549,1,113,1,197.99,0.1
508550,1,127,1,55.99,0.3
508550,2,105,2,112.99,0.3
508551,1,113,1,208.99,0.0
508551,2,128,1,28.99,0.0
508552,1,109,1,68.99,0.0
508552,2,112,3,178.99,0.0
508553,1,113,2,208.99,0.0
508554,1,105,1,118.99,0.0
508555,1,121,2,228.99,0.1
508555,2,122,1,78.99,0.1
508556,1,130,1,14.99,0.3
508556,2,126,2,63.99,0.3
508556,3,138,2,80.99,0.3
508557,1,128,1,22.99,0.0
508557,2,130,2,14.99,0.0
508558,1,136,1,26.99,0.0
508558,2,124,1,55.99,0.0
508558,3,102,2,397.99,0.0
508559,1,115,1,38.99,0.0
508559,2,136,3,28.99,0.0
508560,1,121,2,228.99,0.1
508561,1,130,1,17.99,0.0
508561,2,125,2,29.99,0.0
508562,1,133,1,112.99,0.0
508562,2,110,1,93.99,0.0
508562,3,122,1,74.99,0.0
508562,4,138,1,93.99,0.0
508562,5,116,1,150.99,0.0
508563,1,106,1,71.99,0.0
508563,2,122,1,63.99,0.0
508563,3,114,2,112.99,0.0
508563,4,121,1,186.99,0.0
508564,1,127,1,55.99,0.1
508565,1,107,1,188.99,0.0
508566,1,107,1,198.99,0.0
508566,2,129,3,44.99,0.0
508566,3,130,1,18.99,0.0
508566,4,108,2,278.99,0.0
508566,5,121,3,228.99,0.0
508567,1,122,1,74.99,0.0
508567,2,115,2,36.99,0.0
508567,3,133,3,112.99,0.0
508567,4,116,3,150.99,0.0
508568,1,135,2,148.99,0.2
508569,1,121,1,216.99,0.0
508570,1,108,1,264.99,0.3
508571,1,114,2,131.99,0.0
508572,1,121,1,186.99,0.1
508572,2,111,3,39.99,0.1
508573,1,125,1,29.99,0.0
508573,2,120,1,235.99,0.0
508574,1,134,1,226.99,0.0
508575,1,120,1,235.99,0.0
508576,1,106,1,88.99,0.0
508577,1,132,2,48.99,0.0
508578,1,124,1,55.99,0.0
508579,1,106,3,71.99,0.2
508579,2,125,2,25.99,0.2
508580,1,123,2,79.99,0.0
508580,2,124,1,55.99,0.0
508580,3,101,1,273.99,0.0
508581,1,135,1,140.99,0.0
508581,2,127,3,55.99,0.0
508582,1,108,2,278.99,0.0
508582,2,116,2,158.99,0.0
508582,3,111,1,48.99,0.0
508582,4,102,1,418.99,0.0
508583,1,109,1,64.99,0.0
508584,1,123,1,84.99,0.1
508584,2,125,2,31.99,0.1
508585,1,122,1,74.99,0.2
508586,1,137,2,32.99,0.0
508587,1,129,2,41.99,0.0
508588,1,115,3,30.99,0.0
508589,1,124,1,47.99,0.0
508590,1,113,1,170.99,0.0
508590,2,114,3,112.99,0.0
508591,1,116,1,150.99,0.1
508592,1,101,1,273.99,0.0
508593,1,119,1,78.99,0.0
508593,2,121,1,228.99,0.0
508593,3,116,3,158.99,0.0
508594,1,115,1,38.99,0.0
508595,1,136,3,26.99,0.0
508596,1,123,1,84.99,0.1
508597,1,123,3,79.99,0.0
508597,2,101,2,273.99,0.0
508597,3,122,2,74.99,0.0
508598,1,127,1,55.99,0.0
508599,1,128,3,28.99,0.0
508599,2,113,3,208.99,0.0
508600,1,109,2,64.99,0.0
508600,2,127,1,55.99,0.0
508601,1,134,1,238.99,0.0
508601,2,135,2,148.99,0.0
508601,3,121,1,228.99,0.0
508601,4,122,1,78.99,0.0
508602,1,116,1,158.99,0.0
508603,1,123,2,68.99,0.0
508603,2,132,1,39.99,0.0
508604,1,134,1,238.99,0.0
508604,2,118,1,88.99,0.0
508605,1,117,3,188.99,0.1
508605,2,123,1,84.99,0.1
508606,1,107,1,162.99,0.0
508607,1,127,1,47.99,0.0
508608,1,130,3,18.99,0.0
508608,2,111,2,48.99,0.0
508609,1,121,1,228.99,0.0
508610,1,136,1,22.99,0.0
508610,2,122,1,63.99,0.0
508611,1,111,2,48.99,0.0
508612,1,114,3,131.99,0.0
508612,2,107,1,188.99,0.0
508613,1,117,2,178.99,0.0
508614,1,123,2,84.99,0.0
508614,2,106,1,88.99,0.0
508615,1,103,2,285.99,0.0
508616,1,109,1,64.99,0.0
508617,1,130,2,14.99,0.0
508618,1,113,1,197.99,0.0
508619,1,124,3,58.99,0.0
508619,2,129,2,44.99,0.0
508620,1,115,2,36.99,0.0
508620,2,132,1,45.99,0.0
508621,1,108,2,264.99,0.0
508622,1,113,3,208.99,0.0
508623,1,112,1,145.99,0.0
508623,2,127,1,47.99,0.0
508624,1,114,2,131.99,0.0
508625,1,107,3,198.99,0.0
508626,1,122,3,74.99,0.1
508626,2,119,1,74.99,0.1
508626,3,107,1,188.99,0.1
508627,1,133,2,118.99,0.0
508627,2,110,3,98.99,0.0
508628,1,116,1,150.99,0.0
508628,2,112,1,169.99,0.0
508629,1,112,1,145.99,0.3
508629,2,106,2,71.99,0.3
508630,1,119,1,74.99,0.0
508630,2,103,2,330.99,0.0
508631,1,136,1,28.99,0.1
508632,1,132,1,39.99,0.0
508633,1,122,1,74.99,0.1
508634,1,108,2,278.99,0.0
508635,1,105,1,112.99,0.0
508635,2,112,1,169.99,0.0
508636,1,123,3,84.99,0.0
508636,2,128,1,28.99,0.0
508637,1,121,1,186.99,0.0
508637,2,133,1,96.99,0.0
508637,3,120,1,203.99,0.0
508638,1,111,1,48.99,0.2
508638,2,117,1,188.99,0.2
508639,1,129,3,41.99,0.0
508640,1,118,2,83.99,0.0
508640,2,112,2,169.99,0.0
508641,1,113,1,170.99,0.2
508642,1,130,1,18.99,0.1
508643,1,109,1,68.99,0.1
508643,2,130,1,18.99,0.1
508644,1,118,2,71.99,0.0
508645,1,112,2,145.99,0.1
508646,1,118,1,88.99,0.0
508646,2,109,1,68.99,0.0
508647,1,120,2,235.99,0.0
508647,2,123,1,79.99,0.0
508647,3,112,1,169.99,0.0
508647,4,125,1,29.99,0.0
508648,1,106,1,88.99,0.0
508649,1,128,1,26.99,0.0
508649,2,127,1,55.99,0.0
508650,1,116,1,129.99,0.2
508650,2,112,2,145.99,0.2
508651,1,121,2,228.99,0.0
508652,1,117,3,188.99,0.2
508652,2,107,2,198.99,0.2
508652,3,136,3,28.99,0.2
508653,1,125,2,25.99,0.0
508654,1,111,1,48.99,0.0
508655,1,108,1,278.99,0.0
508656,1,137,1,34.99,0.0
508656,2,118,1,88.99,0.0
508657,1,129,1,44.99,0.0
508657,2,135,2,148.99,0.0
508657,3,106,2,88.99,0.0
508657,4,125,2,31.99,0.0
508658,1,119,1,78.99,0.0
508658,2,123,1,84.99,0.0
508658,3,138,3,98.99,0.0
508659,1,106,2,83.99,0.1
508660,1,129,1,44.99,0.1
508661,1,126,2,74.99,0.0
508661,2,118,3,83.99,0.0
508661,3,135,1,140.99,0.0
508662,1,122,3,63.99,0.0
508663,1,125,2,31.99,0.0
508663,2,133,1,118.99,0.0
508664,1,113,1,208.99,0.0
508665,1,118,1,83.99,0.0
508665,2,117,2,178.99,0.0
508666,1,130,2,18.99,0.2
508667,1,109,1,64.99,0.1
508668,1,123,1,84.99,0.0
508668,2,137,1,34.99,0.0
508669,1,126,2,74.99,0.0
508670,1,119,1,74.99,0.0
508670,2,104,3,501.99,0.0
508671,1,108,1,264.99,0.1
508672,1,115,2,38.99,0.0
508673,1,123,2,68.99,0.0
508673,2,107,1,162.99,0.0
508673,3,108,1,227.99,0.0
508674,1,127,1,58.99,0.0
508675,1,126,2,74.99,0.0
508675,2,116,2,150.99,0.0
508676,1,112,1,169.99,0.0
508677,1,135,1,148.99,0.1
508678,1,110,2,98.99,0.0
508679,1,129,3,44.99,0.0
508679,2,102,2,418.99,0.0
508679,3,109,1,68.99,0.0
508679,4,119,1,78.99,0.0
508679,5,117,2,188.99,0.0
508680,1,102,2,397.99,0.0
508681,1,119,1,78.99,0.0
508681,2,126,1,78.99,0.0
508681,3,129,3,44.99,0.0
508682,1,119,3,78.99,0.0
508682,2,103,1,348.99,0.0
508682,3,102,1,418.99,0.0
508683,1,127,1,55.99,0.0
508683,2,122,3,74.99,0.0
508683,3,105,2,112.99,0.0
508684,1,117,1,188.99,0.0
508684,2,118,2,88.99,0.0
508684,3,120,2,248.99,0.0
508685,1,117,1,188.99,0.0
508685,2,131,1,24.99,0.0
508686,1,125,2,29.99,0.3
508687,1,110,1,93.99,0.2
508688,1,110,1,93.99,0.0
508688,2,113,1,197.99,0.0
508688,3,117,3,178.99,0.0
508688,4,118,1,83.99,0.0
508689,1,126,1,74.99,0.0
508689,2,115,1,36.99,0.0
508690,1,117,2,188.99,0.0
508690,2,122,3,78.99,0.0
508691,1,136,1,28.99,0.0
508692,1,105,3,118.99,0.0
508692,2,126,2,78.99,0.0
508692,3,137,2,34.99,0.0
508692,4,129,1,44.99,0.0
508693,1,121,1,228.99,0.0
508694,1,120,1,235.99,0.0
508694,2,127,2,55.99,0.0
508695,1,138,2,93.99,0.0
508696,1,103,1,348.99,0.0
508696,2,136,1,28.99,0.0
508697,1,118,2,83.99,0.2
508697,2,123,1,79.99,0.2
508698,1,107,1,188.99,0.1
508699,1,103,3,330.99,0.0
508699,2,108,2,264.99,0.0
508700,1,119,1,63.99,0.1
508701,1,112,1,145.99,0.2
508701,2,135,2,121.99,0.2
508702,1,118,2,88.99,0.0
508702,2,107,1,198.99,0.0
508702,3,106,1,88.99,0.0
508702,4,122,3,78.99,0.0
508703,1,122,2,74.99,0.0
508704,1,121,2,216.99,0.1
508704,2,127,3,55.99,0.1
508705,1,119,3,78.99,0.0
508706,1,125,2,29.99,0.0
508706,2,115,1,36.99,0.0
508706,3,127,3,55.99,0.0
508707,1,124,1,55.99,0.0
508707,2,114,1,131.99,0.0
508708,1,138,2,93.99,0.0
508709,1,114,2,131.99,0.0
508709,2,108,1,264.99,0.0
508709,3,104,1,501.99,0.0
508710,1,110,1,80.99,0.2
508711,1,116,2,150.99,0.1
508712,1,108,1,264.99,0.0
508712,2,111,2,45.99,0.0
508712,3,116,1,150.99,0.0
508713,1,134,1,238.99,0.0
508713,2,114,3,138.99,0.0
508713,3,124,1,58.99,0.0
508713,4,101,1,288.99,0.0
508713,5,115,1,38.99,0.0
508714,1,107,1,198.99,0.0
508714,2,131,2,24.99,0.0
508714,3,112,1,178.99,0.0
508715,1,124,1,58.99,0.1
508716,1,111,2,48.99,0.0
508716,2,124,1,58.99,0.0
508717,1,137,1,34.99,0.0
508717,2,133,1,118.99,0.0
508718,1,114,1,112.99,0.2
508719,1,131,1,19.99,0.2
508719,2,107,1,162.99,0.2
508720,1,137,1,32.99,0.2
508721,1,118,1,88.99,0.0
508722,1,138,3,98.99,0.0
508723,1,115,3,36.99,0.2
508723,2,122,1,74.99,0.2
508723,3,107,3,188.99,0.2
508724,1,105,1,96.99,0.3
508725,1,114,1,138.99,0.0
508725,2,115,1,38.99,0.0
508725,3,126,1,78.99,0.0
508726,1,115,1,36.99,0.0
508727,1,119,1,78.99,0.0
508728,1,130,1,17.99,0.0
508729,1,123,1,84.99,0.2
508730,1,115,3,38.99,0.0
508731,1,128,3,26.99,0.0
508731,2,112,1,169.99,0.0
508732,1,123,1,79.99,0.0
508732,2,120,2,235.99,0.0
508733,1,132,1,48.99,0.2
508733,2,102,1,418.99,0.2
508733,3,123,1,84.99,0.2
508733,4,109,1,68.99,0.2
508734,1,130,2,17.99,0.0
508735,1,124,1,58.99,0.0
508735,2,135,2,148.99,0.0
508736,1,111,3,48.99,0.2
508736,2,114,1,138.99,0.2
508736,3,133,1,118.99,0.2
508737,1,122,1,78.99,0.0
508737,2,134,1,238.99,0.0
508738,1,106,2,88.99,0.2
508738,2,114,2,138.99,0.2
508739,1,134,1,226.99,0.0
508740,1,111,1,48.99,0.0
508741,1,116,1,158.99,0.0
508741,2,120,2,248.99,0.0
508742,1,115,3,38.99,0.1
508743,1,105,1,112.99,0.2
508743,2,125,1,29.99,0.2
508743,3,131,1,22.99,0.2
508743,4,107,2,188.99,0.2
508744,1,126,2,74.99,0.0
508744,2,108,1,264.99,0.0
508744,3,125,2,29.99,0.0
508744,4,110,1,93.99,0.0
508745,1,115,1,36.99,0.0
508746,1,105,3,118.99,0.0
508747,1,125,1,31.99,0.0
508747,2,103,1,348.99,0.0
508748,1,113,2,197.99,0.0
508748,2,119,1,74.99,0.0
508748,3,137,2,32.99,0.0
508749,1,119,1,74.99,0.1
508750,1,128,1,26.99,0.0
508751,1,124,1,47.99,0.0
508751,2,112,3,145.99,0.0
508751,3,134,2,194.99,0.0
508751,4,105,1,96.99,0.0
508752,1,120,1,248.99,0.0
508752,2,112,3,178.99,0.0
508752,3,117,1,188.99,0.0
508753,1,112,1,178.99,0.0
508754,1,114,1,138.99,0.2
508755,1,138,2,98.99,0.0
508756,1,106,1,83.99,0.0
508757,1,129,1,44.99,0.0
508757,2,118,1,88.99,0.0
508758,1,130,1,18.99,0.0
508758,2,124,1,58.99,0.0
508759,1,124,3,55.99,0.0
508759,2,119,3,74.99,0.0
508759,3,134,1,226.99,0.0
508760,1,102,2,397.99,0.0
508761,1,121,1,216.99,0.0
508762,1,124,3,58.99,0.0
508762,2,106,2,88.99,0.0
508762,3,109,1,68.99,0.0
508763,1,114,2,131.99,0.0
508763,2,124,3,55.99,0.0
508763,3,117,2,178.99,0.0
508764,1,107,1,198.99,0.0
508764,2,136,1,28.99,0.0
508765,1,129,1,44.99,0.0
508766,1,101,1,273.99,0.0
508766,2,104,2,501.99,0.0
508766,3,105,1,112.99,0.0
508767,1,126,1,63.99,0.0
508767,2,121,1,186.99,0.0
508767,3,131,3,19.99,0.0
508768,1,119,1,74.99,0.0
508769,1,126,1,78.99,0.0
508770,1,104,1,528.99,0.0
508770,2,125,3,31.99,0.0
508771,1,122,1,78.99,0.0
508771,2,121,3,228.99,0.0
508771,3,133,1,118.99,0.0
508772,1,115,1,38.99,0.2
508773,1,127,1,47.99,0.0
508773,2,122,2,63.99,0.0
508773,3,124,1,47.99,0.0
508773,4,120,3,203.99,0.0
508774,1,124,2,47.99,0.0
508774,2,104,1,432.99,0.0
508774,3,116,1,129.99,0.0
508774,4,123,3,68.99,0.0
508775,1,116,3,150.99,0.0
508775,2,112,1,169.99,0.0
508775,3,109,2,64.99,0.0
508775,4,124,2,55.99,0.0
508775,5,117,1,178.99,0.0
508776,1,109,1,68.99,0.1
508776,2,124,2,58.99,0.1
508777,1,110,2,93.99,0.0
508777,2,102,2,397.99,0.0
508777,3,127,1,55.99,0.0
508778,1,113,1,208.99,0.0
508779,1,125,1,31.99,0.0
508779,2,136,1,28.99,0.0
508780,1,128,1,28.99,0.2
508780,2,115,2,38.99,0.2
508781,1,122,2,78.99,0.0
508781,2,105,1,118.99,0.0
508781,3,113,2,208.99,0.0
508782,1,109,2,68.99,0.0
508782,2,130,1,18.99,0.0
508783,1,102,1,418.99,0.0
508783,2,113,3,208.99,0.0
508784,1,138,2,98.99,0.0
508785,1,101,1,235.99,0.0
508786,1,125,1,25.99,0.0
508786,2,137,2,27.99,0.0
508787,1,112,1,178.99,0.0
508788,1,135,1,121.99,0.0
508789,1,117,1,188.99,0.1
508789,2,110,1,98.99,0.1
508790,1,107,1,188.99,0.0
508790,2,105,3,112.99,0.0
508791,1,111,3,39.99,0.2
508792,1,120,2,203.99,0.0
508792,2,114,1,112.99,0.0
508793,1,106,2,88.99,0.0
508793,2,114,1,138.99,0.0
508794,1,118,1,88.99,0.2
508794,2,120,1,248.99,0.2
508795,1,116,1,150.99,0.1
508796,1,116,1,150.99,0.2
508797,1,104,3,528.99,0.0
508798,1,116,1,158.99,0.0
508798,2,132,1,48.99,0.0
508798,3,122,1,78.99,0.0
508798,4,136,1,28.99,0.0
508799,1,122,1,78.99,0.0
508799,2,103,1,348.99,0.0
508799,3,116,1,158.99,0.0
508800,1,108,2,278.99,0.1
508800,2,134,1,238.99,0.1
508801,1,104,1,501.99,0.0
508801,2,138,1,93.99,0.0
508801,3,105,1,112.99,0.0
508801,4,108,3,264.99,0.0
508802,1,107,2,198.99,0.1
508803,1,123,2,84.99,0.3
508803,2,111,2,48.99,0.3
508803,3,121,3,228.99,0.3
508803,4,137,1,34.99,0.3
508804,1,132,3,48.99,0.0
508804,2,102,1,418.99,0.0
508804,3,126,1,78.99,0.0
508804,4,110,2,98.99,0.0
508805,1,128,1,28.99,0.0
508805,2,105,1,118.99,0.0
508806,1,131,2,19.99,0.0
508806,2,101,1,235.99,0.0
508806,3,120,2,203.99,0.0
508807,1,123,1,84.99,0.1
508808,1,135,2,148.99,0.0
508809,1,119,1,63.99,0.2
508809,2,113,1,170.99,0.2
508810,1,124,1,55.99,0.0
508811,1,134,1,238.99,0.0
508812,1,119,2,78.99,0.0
508813,1,114,2,138.99,0.0
508814,1,113,1,208.99,0.0
508814,2,122,1,78.99,0.0
508815,1,136,2,26.99,0.0
508816,1,122,2,78.99,0.2
508817,1,134,2,238.99,0.0
508818,1,112,2,145.99,0.0
508819,1,134,3,238.99,0.0
508820,1,112,1,178.99,0.0
508821,1,104,1,528.99,0.0
508822,1,101,2,288.99,0.0
508823,1,110,1,80.99,0.0
508824,1,104,1,528.99,0.1
508825,1,101,1,288.99,0.0
508826,1,121,1,228.99,0.0
508827,1,118,3,88.99,0.1
508828,1,101,1,288.99,0.1
508828,2,114,2,138.99,0.1
508829,1,135,3,148.99,0.0
508829,2,130,1,18.99,0.0
508830,1,137,1,32.99,0.2
508831,1,122,1,63.99,0.0
508831,2,124,3,47.99,0.0
508832,1,103,1,348.99,0.0
508833,1,123,1,84.99,0.0
508833,2,101,3,288.99,0.0
508834,1,111,1,39.99,0.0
508835,1,121,1,228.99,0.1
508836,1,115,1,38.99,0.2
508836,2,113,1,208.99,0.2
508836,3,119,1,78.99,0.2
508837,1,121,1,228.99,0.0
508837,2,123,1,84.99,0.0
508838,1,121,3,228.99,0.2
508838,2,120,1,248.99,0.2
508839,1,133,2,112.99,0.0
508839,2,125,1,29.99,0.0
508839,3,136,3,26.99,0.0
508840,1,113,1,208.99,0.2
508840,2,124,2,58.99,0.2
508840,3,122,2,78.99,0.2
508841,1,108,1,278.99,0.1
508841,2,103,1,348.99,0.1
508842,1,122,1,63.99,0.0
508842,2,133,2,96.99,0.0
508843,1,138,2,93.99,0.1
508844,1,131,1,24.99,0.1
508845,1,111,2,39.99,0.0
508846,1,122,1,78.99,0.0
508847,1,112,2,145.99,0.0
508848,1,122,1,63.99,0.1
508849,1,132,2,45.99,0.0
508849,2,114,2,131.99,0.0
508850,1,117,1,178.99,0.0
508851,1,120,2,235.99,0.0
508852,1,130,1,18.99,0.0
508853,1,111,1,45.99,0.0
508853,2,132,1,45.99,0.0
508854,1,105,2,96.99,0.0
508855,1,106,2,88.99,0.2
508855,2,114,2,138.99,0.2
508856,1,117,1,188.99,0.0
508857,1,128,2,28.99,0.0
508858,1,131,2,24.99,0.2
508858,2,130,3,18.99,0.2
508858,3,117,2,188.99,0.2
508859,1,131,1,22.99,0.1
508860,1,114,2,138.99,0.0
508861,1,119,1,74.99,0.0
508861,2,122,1,74.99,0.0
508861,3,124,3,55.99,0.0
508862,1,115,1,36.99,0.1
508862,2,113,2,197.99,0.1
508862,3,128,2,26.99,0.1
508862,4,125,1,29.99,0.1
508862,5,119,1,74.99,0.1
508863,1,102,1,418.99,0.0
508864,1,117,1,178.99,0.1
508865,1,111,3,48.99,0.2
508865,2,112,1,178.99,0.2
508865,3,120,1,248.99,0.2
508866,1,136,2,26.99,0.1
508866,2,108,1,264.99,0.1
508866,3,130,1,17.99,0.1
508867,1,110,1,98.99,0.0
508867,2,113,1,208.99,0.0
508868,1,135,2,148.99,0.0
508869,1,122,1,74.99,0.0
508869,2,109,1,64.99,0.0
508869,3,134,1,226.99,0.0
508869,4,112,1,169.99,0.0
508869,5,116,1,150.99,0.0
508870,1,110,1,98.99,0.0
508870,2,119,2,78.99,0.0
508870,3,117,2,188.99,0.0
508870,4,124,1,58.99,0.0
508871,1,123,2,68.99,0.0
508871,2,112,1,145.99,0.0
508872,1,110,3,93.99,0.0
508873,1,137,3,32.99,0.2
508874,1,116,1,150.99,0.0
508875,1,124,1,55.99,0.0
508875,2,106,3,83.99,0.0
508876,1,103,1,285.99,0.2
508876,2,125,3,25.99,0.2
508877,1,137,1,34.99,0.0
508878,1,107,2,162.99,0.0
508878,2,122,2,63.99,0.0
508878,3,110,1,80.99,0.0
508878,4,135,1,121.99,0.0
508879,1,123,2,84.99,0.2
508879,2,118,1,88.99,0.2
508879,3,107,3,198.99,0.2
508879,4,110,1,98.99,0.2
508880,1,104,2,501.99,0.0
508881,1,138,1,98.99,0.2
508881,2,120,1,248.99,0.2
508881,3,113,2,208.99,0.2
508882,1,107,1,188.99,0.0
508883,1,102,1,397.99,0.0
508883,2,124,3,55.99,0.0
508883,3,114,2,131.99,0.0
508884,1,136,1,22.99,0.1
508885,1,123,1,84.99,0.0
508885,2,111,2,48.99,0.0
508886,1,119,2,78.99,0.0
508886,2,130,3,18.99,0.0
508887,1,107,1,162.99,0.2
508887,2,125,1,25.99,0.2
508888,1,117,2,153.99,0.0
508888,2,115,1,30.99,0.0
508889,1,113,1,208.99,0.2
508890,1,121,1,228.99,0.2
508891,1,117,2,188.99,0.0
508892,1,108,3,278.99,0.0
508892,2,107,1,198.99,0.0
508892,3,136,1,28.99,0.0
508892,4,124,1,58.99,0.0
508893,1,120,1,248.99,0.1
508893,2,102,2,418.99,0.1
508893,3,104,1,528.99,0.1
508894,1,133,1,96.99,0.0
508894,2,120,2,203.99,0.0
508894,3,123,1,68.99,0.0
508895,1,121,1,228.99,0.0
508895,2,122,2,78.99,0.0
508896,1,118,3,88.99,0.0
508897,1,126,1,63.99,0.2
508897,2,131,1,19.99,0.2
508898,1,125,1,31.99,0.1
508899,1,114,1,138.99,0.0
508900,1,131,3,24.99,0.0
508900,2,123,1,84.99,0.0
508901,1,130,1,18.99,0.2
508901,2,135,1,148.99,0.2
508902,1,134,2,226.99,0.0
508903,1,125,2,31.99,0.2
508903,2,118,1,88.99,0.2
508903,3,110,1,98.99,0.2
508904,1,119,1,63.99,0.0
508904,2,129,1,35.99,0.0
508905,1,114,3,112.99,0.0
508906,1,111,1,45.99,0.0
508906,2,127,1,55.99,0.0
508907,1,136,2,26.99,0.2
508907,2,132,2,45.99,0.2
508908,1,118,2,88.99,0.0
508909,1,107,3,188.99,0.2
508910,1,115,2,38.99,0.0
508910,2,136,1,28.99,0.0
508911,1,135,1,148.99,0.2
508912,1,118,3,88.99,0.2
508913,1,122,1,74.99,0.2
508913,2,121,2,216.99,0.2
508914,1,120,2,248.99,0.1
508915,1,101,1,288.99,0.0
508915,2,138,1,98.99,0.0
508915,3,118,1,88.99,0.0
508916,1,131,1,24.99,0.2
508916,2,106,3,88.99,0.2
508916,3,124,2,58.99,0.2
508917,1,124,1,55.99,0.0
508918,1,118,1,71.99,0.0
508918,2,114,3,112.99,0.0
508919,1,135,1,140.99,0.1
508919,2,102,1,397.99,0.1
508919,3,118,1,83.99,0.1
508920,1,113,1,208.99,0.0
508921,1,103,1,285.99,0.1
508922,1,128,1,26.99,0.0
508922,2,102,2,397.99,0.0
508922,3,134,1,226.99,0.0
508923,1,123,1,84.99,0.2
508924,1,103,1,348.99,0.2
508925,1,110,1,98.99,0.0
508926,1,132,3,45.99,0.0
508927,1,116,1,158.99,0.0
508927,2,126,1,78.99,0.0
508927,3,136,1,28.99,0.0
508928,1,125,2,31.99,0.2
508929,1,118,1,88.99,0.0
508929,2,114,1,138.99,0.0
508929,3,128,1,28.99,0.0
508930,1,111,2,45.99,0.2
508931,1,113,1,208.99,0.0
508932,1,132,1,48.99,0.0
508932,2,137,1,34.99,0.0
508932,3,104,3,528.99,0.0
508932,4,106,3,88.99,0.0
508932,5,121,3,228.99,0.0
508933,1,136,1,26.99,0.2
508934,1,115,3,30.99,0.2
508935,1,110,3,93.99,0.0
508936,1,137,3,27.99,0.0
508937,1,120,2,248.99,0.0
508937,2,110,2,98.99,0.0
508938,1,125,1,31.99,0.2
508938,2,109,2,68.99,0.2
508939,1,114,1,131.99,0.2
508940,1,128,2,26.99,0.2
508940,2,117,2,178.99,0.2
508940,3,124,2,55.99,0.2
508941,1,101,1,288.99,0.2
508941,2,128,2,28.99,0.2
508942,1,110,1,98.99,0.2
508942,2,121,1,228.99,0.2
508942,3,114,1,138.99,0.2
508942,4,115,1,38.99,0.2
508943,1,134,1,194.99,0.2
508943,2,129,1,35.99,0.2
508943,3,109,1,55.99,0.2
508943,4,138,2,80.99,0.2
508944,1,131,1,24.99,0.0
508945,1,112,2,178.99,0.2
508945,2,111,1,48.99,0.2
508946,1,135,2,140.99,0.2
508947,1,114,2,138.99,0.0
508948,1,120,1,203.99,0.0
508948,2,116,1,129.99,0.0
508948,3,102,3,342.99,0.0
508948,4,131,1,19.99,0.0
508949,1,113,3,197.99,0.2
508949,2,118,1,83.99,0.2
508949,3,112,1,169.99,0.2
508949,4,133,2,112.99,0.2
508950,1,122,2,74.99,0.2
508951,1,127,1,55.99,0.2
508952,1,117,3,188.99,0.0
508952,2,101,1,288.99,0.0
508953,1,120,1,203.99,0.1
508953,2,115,1,30.99,0.1
508953,3,119,1,63.99,0.1
508954,1,118,1,88.99,0.2
508954,2,123,2,84.99,0.2
508954,3,127,1,58.99,0.2
508954,4,109,2,68.99,0.2
508955,1,103,2,330.99,0.2
508955,2,137,3,32.99,0.2
508956,1,136,1,22.99,0.0
508956,2,121,1,186.99,0.0
508957,1,120,1,235.99,0.2
508958,1,106,3,88.99,0.2
508959,1,108,2,264.99,0.2
508960,1,130,1,17.99,0.2
508961,1,103,1,330.99,0.2
508961,2,138,2,93.99,0.2
508962,1,111,1,48.99,0.2
508963,1,124,2,47.99,0.0
508964,1,126,1,63.99,0.0
508964,2,119,2,63.99,0.0
508964,3,111,1,39.99,0.0
508965,1,135,2,148.99,0.0
508965,2,120,3,248.99,0.0
508966,1,137,1,32.99,0.2
508967,1,117,1,188.99,0.0
508968,1,135,3,148.99,0.1
508968,2,115,1,38.99,0.1
508968,3,121,2,228.99,0.1
508969,1,107,2,188.99,0.0
508969,2,108,1,264.99,0.0
508970,1,112,1,178.99,0.1
508971,1,122,1,78.99,0.0
508972,1,114,1,112.99,0.1
508973,1,113,1,208.99,0.2
508973,2,131,1,24.99,0.2
508973,3,105,2,118.99,0.2
508974,1,120,1,235.99,0.0
508974,2,119,2,74.99,0.0
508975,1,128,2,28.99,0.1
508975,2,123,1,84.99,0.1
508976,1,110,1,98.99,0.2
508977,1,121,2,216.99,0.2
508978,1,138,2,98.99,0.2
508979,1,116,2,158.99,0.2
508979,2,128,1,28.99,0.2
508979,3,107,1,198.99,0.2
508980,1,106,2,83.99,0.0
508981,1,111,1,48.99,0.0
508981,2,138,2,98.99,0.0
508981,3,117,3,188.99,0.0
508982,1,124,2,58.99,0.0
508983,1,119,1,74.99,0.0
508984,1,125,2,25.99,0.2
508985,1,117,1,188.99,0.1
508985,2,129,2,44.99,0.1
508986,1,107,2,198.99,0.0
508987,1,118,1,88.99,0.0
508987,2,121,1,228.99,0.0
508988,1,133,1,118.99,0.0
508988,2,112,3,178.99,0.0
508989,1,128,2,26.99,0.0
508990,1,136,1,28.99,0.0
508990,2,131,1,24.99,0.0
508991,1,131,1,24.99,0.2
508991,2,119,1,78.99,0.2
508991,3,128,1,28.99,0.2
508992,1,117,1,188.99,0.2
508993,1,126,2,78.99,0.2
508993,2,124,1,58.99,0.2
508994,1,105,2,118.99,0.2
508994,2,114,1,138.99,0.2
508995,1,109,1,68.99,0.2
508996,1,108,1,264.99,0.0
508996,2,120,1,235.99,0.0
508996,3,112,1,169.99,0.0
508997,1,131,1,24.99,0.1
508997,2,125,2,31.99,0.1
508997,3,118,2,88.99,0.1
508998,1,118,1,88.99,0.0
508998,2,115,1,38.99,0.0
508999,1,125,2,31.99,0.2
509000,1,122,2,74.99,0.0
509001,1,121,2,228.99,0.0
509001,2,128,1,28.99,0.0
509002,1,130,2,17.99,0.2
509003,1,138,1,93.99,0.1
509004,1,123,1,79.99,0.2
509005,1,133,2,118.99,0.2
509005,2,117,1,188.99,0.2
509005,3,119,1,78.99,0.2
509006,1,124,2,55.99,0.2
509007,1,123,1,84.99,0.0
509008,1,120,2,248.99,0.1
509008,2,134,1,238.99,0.1
509009,1,138,2,98.99,0.0
509009,2,117,1,188.99,0.0
509010,1,136,1,28.99,0.3
509010,2,118,1,88.99,0.3
509011,1,124,2,58.99,0.2
509012,1,107,2,198.99,0.0
509012,2,117,1,188.99,0.0
509013,1,109,1,68.99,0.2
509013,2,126,2,78.99,0.2
509014,1,135,1,148.99,0.2
509015,1,109,2,68.99,0.2
509016,1,133,2,118.99,0.0
509017,1,118,2,83.99,0.0
509018,1,138,3,80.99,0.2
509019,1,107,1,198.99,0.2
509019,2,125,3,31.99,0.2
509020,1,116,2,158.99,0.2
509020,2,122,3,78.99,0.2
509021,1,117,1,153.99,0.0
509021,2,105,3,96.99,0.0
509021,3,111,2,39.99,0.0
509022,1,107,1,198.99,0.2
509022,2,138,2,98.99,0.2
509022,3,123,2,84.99,0.2
509023,1,105,1,96.99,0.0
509023,2,136,1,22.99,0.0
509024,1,120,1,248.99,0.2
509025,1,106,1,88.99,0.0
509025,2,113,2,208.99,0.0
509026,1,108,3,278.99,0.2
509026,2,104,2,528.99,0.2
509026,3,113,2,208.99,0.2
509026,4,114,2,138.99,0.2
509026,5,119,1,78.99,0.2
509027,1,134,3,238.99,0.0
509028,1,104,1,528.99,0.0
509029,1,116,2,158.99,0.1
509029,2,122,1,78.99,0.1
509029,3,102,3,418.99,0.1
509030,1,126,1,74.99,0.0
509031,1,123,2,79.99,0.0
509032,1,121,1,228.99,0.0
509032,2,103,1,348.99,0.0
509033,1,122,1,63.99,0.0
509033,2,137,1,27.99,0.0
509034,1,120,2,248.99,0.2
509034,2,135,1,148.99,0.2
509034,3,112,1,178.99,0.2
509035,1,106,1,88.99,0.2
509035,2,119,1,78.99,0.2
509036,1,126,2,78.99,0.2
509037,1,107,3,198.99,0.0
509037,2,110,3,98.99,0.0
509038,1,120,2,203.99,0.2
509038,2,138,2,80.99,0.2
509038,3,119,1,63.99,0.2
509039,1,125,1,31.99,0.2
509040,1,104,1,528.99,0.1
509040,2,131,1,24.99,0.1
509040,3,130,2,18.99,0.1
509040,4,129,2,44.99,0.1
509041,1,108,2,264.99,0.0
509042,1,122,1,74.99,0.2
509043,1,121,1,216.99,0.1
509043,2,109,1,64.99,0.1
509044,1,115,3,38.99,0.2
509045,1,124,1,47.99,0.0
509046,1,108,1,278.99,0.2
509046,2,112,1,178.99,0.2
509047,1,115,3,36.99,0.0
509047,2,128,2,26.99,0.0
509048,1,109,2,68.99,0.0
509048,2,101,1,288.99,0.0
509048,3,119,3,78.99,0.0
509049,1,111,1,48.99,0.2
509050,1,123,1,79.99,0.0
509050,2,124,3,55.99,0.0
509051,1,130,2,18.99,0.2
509051,2,108,1,278.99,0.2
509052,1,129,1,35.99,0.2
509052,2,136,1,22.99,0.2
509053,1,126,2,63.99,0.2
509053,2,114,2,112.99,0.2
509053,3,138,1,80.99,0.2
509053,4,130,2,14.99,0.2
509053,5,118,1,71.99,0.2
509054,1,133,3,118.99,0.0
509055,1,131,1,24.99,0.2
509055,2,121,1,228.99,0.2
509056,1,120,1,235.99,0.1
509057,1,120,2,248.99,0.2
509057,2,103,3,348.99,0.2
509058,1,118,1,83.99,0.0
509058,2,125,1,29.99,0.0
509058,3,124,1,55.99,0.0
509059,1,129,3,44.99,0.0
509059,2,133,2,118.99,0.0
509060,1,134,2,238.99,0.0
509061,1,128,1,22.99,0.3
509062,1,128,2,28.99,0.0
509063,1,136,3,28.99,0.1
509063,2,134,1,238.99,0.1
509063,3,125,1,31.99,0.1
509063,4,114,2,138.99,0.1
509063,5,120,1,248.99,0.1
509064,1,105,2,112.99,0.2
509065,1,123,2,84.99,0.0
509065,2,128,2,28.99,0.0
509066,1,135,3,148.99,0.0
509066,2,121,3,228.99,0.0
509067,1,114,3,131.99,0.0
509067,2,116,2,150.99,0.0
509068,1,129,1,44.99,0.0
509068,2,137,1,34.99,0.0
509068,3,123,1,84.99,0.0
509069,1,114,1,131.99,0.2
509070,1,125,2,29.99,0.0
509071,1,126,2,78.99,0.2
509072,1,122,3,78.99,0.0
509072,2,105,2,118.99,0.0
509073,1,125,2,31.99,0.0
509073,2,123,3,84.99,0.0
509074,1,113,3,170.99,0.0
509075,1,111,1,48.99,0.0
509075,2,101,1,288.99,0.0
509076,1,122,1,74.99,0.0
509077,1,103,1,330.99,0.0
509077,2,118,1,83.99,0.0
509077,3,112,1,169.99,0.0
509077,4,107,1,188.99,0.0
509077,5,131,1,22.99,0.0
509078,1,112,1,169.99,0.2
509079,1,104,2,501.99,0.2
509080,1,138,1,80.99,0.0
509080,2,103,3,285.99,0.0
509081,1,103,1,348.99,0.0
509081,2,121,2,228.99,0.0
509082,1,121,1,216.99,0.2
509082,2,107,1,188.99,0.2
509082,3,123,3,79.99,0.2
509082,4,129,3,41.99,0.2
509083,1,113,1,208.99,0.0
509084,1,133,2,118.99,0.0
509085,1,132,1,39.99,0.0
509086,1,127,1,47.99,0.2
509086,2,106,2,71.99,0.2
509087,1,124,3,55.99,0.2
509088,1,136,1,28.99,0.2
509089,1,117,1,178.99,0.2
509090,1,119,1,74.99,0.0
509091,1,126,1,78.99,0.3
509092,1,115,1,38.99,0.0
509092,2,118,2,88.99,0.0
509093,1,129,1,41.99,0.2
509094,1,111,3,48.99,0.2
509094,2,127,3,58.99,0.2
509095,1,118,2,83.99,0.1
509096,1,115,1,36.99,0.0
509096,2,119,3,74.99,0.0
509096,3,136,3,26.99,0.0
509096,4,126,1,74.99,0.0
509097,1,115,2,38.99,0.2
509098,1,119,1,78.99,0.0
509098,2,102,2,418.99,0.0
509099,1,108,1,278.99,0.3
509099,2,128,2,28.99,0.3
509099,3,116,2,158.99,0.3
509099,4,125,3,31.99,0.3
509100,1,111,1,48.99,0.2
509100,2,118,3,88.99,0.2
509101,1,117,2,188.99,0.0
509102,1,116,1,150.99,0.2
509103,1,125,1,29.99,0.0
509103,2,127,2,55.99,0.0
509103,3,123,1,79.99,0.0
509104,1,127,2,47.99,0.0
509105,1,117,1,178.99,0.1
509105,2,121,1,216.99,0.1
509106,1,115,1,36.99,0.0
509106,2,109,1,64.99,0.0
509107,1,121,2,228.99,0.3
509108,1,117,3,178.99,0.0
509109,1,106,1,83.99,0.1
509109,2,117,1,178.99,0.1
509110,1,116,2,158.99,0.2
509110,2,119,3,78.99,0.2
509110,3,118,1,88.99,0.2
509110,4,110,2,98.99,0.2
509111,1,124,1,58.99,0.2
509112,1,122,1,78.99,0.1
509112,2,119,1,78.99,0.1
509113,1,133,1,118.99,0.1
509113,2,117,2,188.99,0.1
509114,1,102,1,418.99,0.0
509114,2,133,2,118.99,0.0
509115,1,133,3,96.99,0.2
509116,1,122,2,63.99,0.2
509116,2,108,1,227.99,0.2
509117,1,121,2,228.99,0.2
509117,2,117,2,188.99,0.2
509117,3,118,1,88.99,0.2
509118,1,129,1,44.99,0.2
509118,2,108,2,278.99,0.2
509118,3,118,1,88.99,0.2
509119,1,117,1,188.99,0.0
509120,1,116,1,158.99,0.0
509121,1,120,2,248.99,0.0
509122,1,124,2,58.99,0.2
509123,1,128,1,26.99,0.0
509123,2,125,3,29.99,0.0
509124,1,112,2,178.99,0.0
509125,1,113,1,208.99,0.1
509125,2,111,2,48.99,0.1
509126,1,114,1,112.99,0.2
509126,2,130,3,14.99,0.2
509126,3,119,3,63.99,0.2
509126,4,107,1,162.99,0.2
509127,1,125,1,25.99,0.3
509128,1,130,3,18.99,0.2
509129,1,113,2,208.99,0.0
509130,1,131,2,22.99,0.2
509131,1,120,1,248.99,0.2
509132,1,129,1,44.99,0.2
509132,2,109,2,68.99,0.2
509133,1,120,1,235.99,0.2
509134,1,119,3,74.99,0.0
509135,1,103,2,285.99,0.0
509136,1,104,1,528.99,0.1
509136,2,136,2,28.99,0.1
509137,1,120,1,248.99,0.0
509137,2,103,1,348.99,0.0
509138,1,115,2,30.99,0.1
509139,1,109,2,64.99,0.0
509139,2,108,1,264.99,0.0
509139,3,117,1,178.99,0.0
509140,1,125,1,25.99,0.0
509141,1,132,2,48.99,0.2
509142,1,119,2,74.99,0.0
509143,1,118,3,71.99,0.0
509144,1,121,1,228.99,0.0
509144,2,113,1,208.99,0.0
509145,1,114,2,112.99,0.0
509145,2,112,2,145.99,0.0
509145,3,108,1,227.99,0.0
509145,4,121,2,186.99,0.0
509146,1,113,1,197.99,0.1
509147,1,130,1,18.99,0.0
509147,2,114,1,138.99,0.0
509148,1,108,1,264.99,0.0
509148,2,114,1,131.99,0.0
509148,3,116,2,150.99,0.0
509148,4,122,2,74.99,0.0
509148,5,106,2,83.99,0.0
509149,1,117,2,178.99,0.1
509149,2,136,2,26.99,0.1
509150,1,132,1,48.99,0.2
509151,1,125,1,31.99,0.0
509151,2,105,2,118.99,0.0
509152,1,121,1,186.99,0.0
509153,1,124,1,55.99,0.2
509153,2,117,2,178.99,0.2
509154,1,119,1,74.99,0.0
509154,2,115,1,36.99,0.0
509154,3,105,1,112.99,0.0
509155,1,132,1,45.99,0.0
509155,2,133,2,112.99,0.0
509156,1,124,1,58.99,0.2
509157,1,124,1,58.99,0.2
509157,2,122,2,78.99,0.2
509158,1,127,1,55.99,0.0
509158,2,112,2,169.99,0.0
509158,3,123,1,79.99,0.0
509159,1,121,2,186.99,0.2
509160,1,110,3,93.99,0.0
509161,1,108,3,278.99,0.0
509161,2,137,1,34.99,0.0
509162,1,123,1,84.99,0.2
509163,1,121,1,228.99,0.2
509163,2,101,1,288.99,0.2
509163,3,116,1,158.99,0.2
509164,1,125,2,31.99,0.0
509165,1,111,1,39.99,0.1
509166,1,112,3,169.99,0.3
509166,2,122,3,74.99,0.3
509166,3,124,1,55.99,0.3
509167,1,108,1,227.99,0.0
509168,1,118,1,88.99,0.0
509168,2,116,3,158.99,0.0
509169,1,112,1,178.99,0.1
509170,1,133,3,112.99,0.0
509171,1,108,2,278.99,0.0
509171,2,116,1,158.99,0.0
509171,3,135,3,148.99,0.0
509172,1,120,1,235.99,0.0
509172,2,132,1,45.99,0.0
509172,3,110,2,93.99,0.0
509172,4,122,2,74.99,0.0
509173,1,137,1,34.99,0.2
509174,1,132,2,48.99,0.2
509175,1,125,3,29.99,0.0
509175,2,131,1,22.99,0.0
509175,3,107,1,188.99,0.0
509176,1,109,1,64.99,0.0
509176,2,121,2,216.99,0.0
509177,1,112,3,145.99,0.2
509177,2,125,1,25.99,0.2
509177,3,133,2,96.99,0.2
509178,1,113,2,208.99,0.2
509179,1,121,3,228.99,0.2
509180,1,120,2,248.99,0.0
509181,1,128,3,28.99,0.2
509182,1,104,2,528.99,0.0
509182,2,119,2,78.99,0.0
509183,1,123,1,84.99,0.0
509184,1,136,1,28.99,0.0
509184,2,125,1,31.99,0.0
509184,3,123,2,84.99,0.0
509184,4,114,1,138.99,0.0
509185,1,101,3,273.99,0.0
509185,2,116,2,150.99,0.0
509185,3,125,2,29.99,0.0
509186,1,122,2,74.99,0.0
509186,2,135,2,140.99,0.0
509187,1,104,1,432.99,0.0
509187,2,119,3,63.99,0.0
509188,1,124,1,58.99,0.3
509189,1,136,1,22.99,0.0
509190,1,121,1,216.99,0.0
509191,1,122,1,78.99,0.2
509191,2,119,1,78.99,0.2
509191,3,123,1,84.99,0.2
509191,4,104,2,528.99,0.2
509192,1,121,1,216.99,0.0
509192,2,109,2,64.99,0.0
509192,3,119,1,74.99,0.0
509193,1,110,1,98.99,0.0
509194,1,103,2,330.99,0.0
509194,2,137,1,32.99,0.0
509195,1,118,1,88.99,0.2
509195,2,109,3,68.99,0.2
509196,1,125,3,31.99,0.0
509196,2,128,2,28.99,0.0
509196,3,114,3,138.99,0.0
509196,4,117,1,188.99,0.0
509197,1,109,1,64.99,0.3
509198,1,124,3,58.99,0.0
509198,2,130,1,18.99,0.0
509199,1,108,1,264.99,0.0
509200,1,125,1,31.99,0.0
509201,1,124,1,58.99,0.0
509202,1,112,2,178.99,0.0
509203,1,123,2,84.99,0.2
509203,2,125,2,31.99,0.2
509204,1,137,3,32.99,0.0
509204,2,134,3,226.99,0.0
509204,3,121,1,216.99,0.0
509205,1,113,1,208.99,0.0
509205,2,109,1,68.99,0.0
509206,1,115,1,36.99,0.2
509207,1,124,2,58.99,0.0
509208,1,124,3,58.99,0.0
509209,1,125,1,31.99,0.0
509210,1,136,3,22.99,0.2
509211,1,116,2,150.99,0.0
509212,1,107,1,198.99,0.0
509213,1,136,1,28.99,0.1
509213,2,108,2,278.99,0.1
509213,3,123,1,84.99,0.1
509213,4,121,2,228.99,0.1
509214,1,105,1,118.99,0.2
509214,2,120,1,248.99,0.2
509214,3,117,1,188.99,0.2
509214,4,122,1,78.99,0.2
509215,1,104,1,501.99,0.2
509216,1,127,3,55.99,0.0
509216,2,123,1,79.99,0.0
509217,1,109,2,68.99,0.2
509218,1,124,1,58.99,0.0
509218,2,138,1,98.99,0.0
509218,3,116,2,158.99,0.0
509218,4,115,1,38.99,0.0
509219,1,110,1,93.99,0.0
509219,2,123,1,79.99,0.0
509219,3,116,3,150.99,0.0
509220,1,120,1,248.99,0.2
509221,1,109,2,64.99,0.0
509222,1,137,2,32.99,0.2
509223,1,122,2,63.99,0.1
509224,1,111,3,48.99,0.1
509224,2,119,2,78.99,0.1
509225,1,116,3,158.99,0.2
509225,2,133,2,118.99,0.2
509226,1,125,2,29.99,0.3
509227,1,133,1,96.99,0.2
509227,2,135,2,121.99,0.2
509228,1,107,1,188.99,0.0
509229,1,102,1,397.99,0.3
509229,2,138,3,93.99,0.3
509230,1,118,1,88.99,0.0
509230,2,110,2,98.99,0.0
509230,3,120,1,248.99,0.0
509231,1,129,2,44.99,0.0
509232,1,105,1,118.99,0.2
509232,2,120,2,248.99,0.2
509232,3,113,1,208.99,0.2
509232,4,104,2,528.99,0.2
509233,1,125,3,29.99,0.0
509234,1,125,2,25.99,0.0
509234,2,109,1,55.99,0.0
509235,1,115,2,36.99,0.0
509235,2,116,1,150.99,0.0
509236,1,126,1,78.99,0.0
509236,2,110,2,98.99,0.0
509237,1,122,2,78.99,0.1
509237,2,120,1,248.99,0.1
509238,1,129,2,41.99,0.2
509238,2,106,2,83.99,0.2
509239,1,122,1,78.99,0.0
509239,2,118,2,88.99,0.0
509239,3,103,1,348.99,0.0
509240,1,118,3,88.99,0.0
509241,1,135,1,140.99,0.1
509242,1,125,1,31.99,0.1
509243,1,117,2,178.99,0.0
509244,1,131,2,24.99,0.2
509244,2,110,2,98.99,0.2
509244,3,114,1,138.99,0.2
509245,1,121,1,186.99,0.2
509245,2,124,1,47.99,0.2
509245,3,114,2,112.99,0.2
509245,4,137,1,27.99,0.2
509246,1,110,3,98.99,0.0
509247,1,108,2,264.99,0.2
509248,1,103,2,348.99,0.2
509248,2,114,1,138.99,0.2
509249,1,104,3,528.99,0.0
509249,2,113,1,208.99,0.0
509249,3,137,2,34.99,0.0
509249,4,116,1,158.99,0.0
509250,1,112,1,145.99,0.0
509250,2,105,1,96.99,0.0
509250,3,125,1,25.99,0.0
509250,4,133,2,96.99,0.0
509250,5,122,3,63.99,0.0
509251,1,125,2,29.99,0.0
509251,2,118,2,83.99,0.0
509252,1,123,1,79.99,0.2
509252,2,109,1,64.99,0.2
509253,1,123,1,84.99,0.2
509253,2,119,1,78.99,0.2
509254,1,125,1,31.99,0.0
509255,1,116,1,129.99,0.1
509256,1,126,2,78.99,0.2
509256,2,106,1,88.99,0.2
509257,1,123,3,79.99,0.0
509257,2,120,1,235.99,0.0
509258,1,125,1,29.99,0.2
509259,1,126,1,74.99,0.0
509259,2,137,2,32.99,0.0
509260,1,118,1,88.99,0.2
509260,2,108,1,278.99,0.2
509260,3,122,1,78.99,0.2
509260,4,129,3,44.99,0.2
509260,5,125,1,31.99,0.2
509261,1,107,1,188.99,0.2
509261,2,130,1,17.99,0.2
509261,3,119,1,74.99,0.2
509261,4,121,1,216.99,0.2
509262,1,104,2,528.99,0.2
509263,1,102,3,418.99,0.0
509264,1,111,3,39.99,0.2
509265,1,138,1,93.99,0.0
509265,2,114,1,131.99,0.0
509266,1,120,2,248.99,0.2
509267,1,108,1,227.99,0.0
509267,2,128,3,22.99,0.0
509267,3,126,1,63.99,0.0
509267,4,113,2,170.99,0.0
509268,1,136,1,28.99,0.2
509269,1,116,2,158.99,0.2
509269,2,137,3,34.99,0.2
509269,3,120,2,248.99,0.2
509269,4,114,1,138.99,0.2
509270,1,113,1,208.99,0.0
509270,2,107,3,198.99,0.0
509271,1,122,1,78.99,0.2
509272,1,115,1,38.99,0.0
509272,2,129,3,44.99,0.0
509272,3,116,1,158.99,0.0
509273,1,115,3,38.99,0.2
509274,1,112,2,178.99,0.2
509275,1,125,1,29.99,0.0
509275,2,130,3,17.99,0.0
509275,3,119,2,74.99,0.0
509275,4,116,1,150.99,0.0
509276,1,124,2,58.99,0.2
509277,1,126,3,78.99,0.0
509278,1,132,1,48.99,0.0
509278,2,109,1,68.99,0.0
509278,3,121,3,228.99,0.0
509278,4,126,1,78.99,0.0
509279,1,117,3,153.99,0.0
509280,1,101,1,288.99,0.0
509280,2,109,2,68.99,0.0
509280,3,121,3,228.99,0.0
509281,1,128,3,28.99,0.2
509281,2,135,1,148.99,0.2
509282,1,114,1,131.99,0.1
509282,2,125,3,29.99,0.1
509282,3,123,2,79.99,0.1
509282,4,107,1,188.99,0.1
509283,1,122,1,74.99,0.2
509283,2,123,1,79.99,0.2
509283,3,120,1,235.99,0.2
509283,4,119,1,74.99,0.2
509284,1,119,1,74.99,0.2
509284,2,108,2,264.99,0.2
509284,3,137,1,32.99,0.2
509285,1,120,1,248.99,0.2
509286,1,128,2,28.99,0.2
509287,1,104,2,501.99,0.2
509287,2,129,1,41.99,0.2
509288,1,130,1,18.99,0.0
509288,2,116,2,158.99,0.0
509288,3,103,1,348.99,0.0
509289,1,134,1,238.99,0.0
509289,2,122,1,78.99,0.0
509290,1,118,1,83.99,0.0
509290,2,121,1,216.99,0.0
509290,3,119,1,74.99,0.0
509290,4,131,2,22.99,0.0
509291,1,135,1,148.99,0.3
509292,1,101,2,288.99,0.2
509293,1,121,1,186.99,0.0
509294,1,130,2,18.99,0.0
509294,2,112,1,178.99,0.0
509295,1,131,1,24.99,0.0
509296,1,133,2,112.99,0.0
509297,1,117,1,188.99,0.2
509298,1,122,1,63.99,0.1
509299,1,113,2,208.99,0.0
509300,1,124,2,55.99,0.0
509300,2,118,3,83.99,0.0
509300,3,138,1,93.99,0.0
509301,1,118,3,83.99,0.0
509302,1,135,1,148.99,0.0
509303,1,128,1,28.99,0.0
509304,1,110,1,98.99,0.0
509305,1,116,1,150.99,0.0
509305,2,131,2,22.99,0.0
509305,3,120,1,235.99,0.0
509305,4,103,2,330.99,0.0
509306,1,135,2,140.99,0.0
509307,1,129,3,44.99,0.2
509308,1,129,1,44.99,0.2
509308,2,134,1,238.99,0.2
509309,1,132,1,45.99,0.2
509309,2,113,2,197.99,0.2
509309,3,109,3,64.99,0.2
509310,1,114,1,138.99,0.2
509310,2,115,2,38.99,0.2
509311,1,125,3,29.99,0.3
509312,1,105,2,118.99,0.0
509313,1,133,1,118.99,0.0
509314,1,106,2,88.99,0.0
509314,2,108,1,278.99,0.0
509315,1,138,1,98.99,0.0
509315,2,120,1,248.99,0.0
509315,3,127,1,58.99,0.0
509315,4,123,2,84.99,0.0
509316,1,127,3,58.99,0.2
509316,2,102,1,418.99,0.2
509317,1,114,2,138.99,0.1
509318,1,121,2,186.99,0.0
509318,2,104,2,432.99,0.0
509319,1,110,2,98.99,0.0
509319,2,118,1,88.99,0.0
509319,3,116,1,158.99,0.0
509319,4,115,2,38.99,0.0
509320,1,112,2,178.99,0.1
509321,1,133,1,96.99,0.0
509322,1,118,1,88.99,0.0
509322,2,125,2,31.99,0.0
509322,3,133,2,118.99,0.0
509323,1,132,1,48.99,0.1
509324,1,124,1,47.99,0.2
509325,1,106,3,88.99,0.2
509326,1,132,1,48.99,0.2
509327,1,104,2,528.99,0.0
509328,1,138,2,98.99,0.0
509329,1,134,3,238.99,0.2
509330,1,107,2,162.99,0.1
509330,2,121,2,186.99,0.1
509331,1,128,1,26.99,0.3
509331,2,124,1,55.99,0.3
509331,3,116,1,150.99,0.3
509332,1,109,1,68.99,0.2
509333,1,119,1,78.99,0.0
509334,1,107,2,188.99,0.2
509335,1,115,1,30.99,0.2
509336,1,124,3,58.99,0.0
509336,2,118,1,88.99,0.0
509337,1,123,3,79.99,0.0
509338,1,104,1,528.99,0.2
509338,2,119,2,78.99,0.2
509338,3,123,1,84.99,0.2
509339,1,107,1,188.99,0.0
509340,1,121,1,216.99,0.0
509340,2,126,1,74.99,0.0
509341,1,129,1,44.99,0.0
509341,2,132,3,48.99,0.0
509342,1,128,1,28.99,0.1
509342,2,120,3,248.99,0.1
509343,1,119,1,74.99,0.1
509343,2,136,1,26.99,0.1
509343,3,123,1,79.99,0.1
509343,4,111,1,45.99,0.1
509343,5,131,2,22.99,0.1
509344,1,110,1,80.99,0.2
509345,1,121,1,228.99,0.1
509346,1,114,1,138.99,0.0
509346,2,123,1,84.99,0.0
509347,1,131,3,24.99,0.2
509347,2,121,3,228.99,0.2
509348,1,114,3,131.99,0.0
509349,1,131,3,24.99,0.3
509349,2,129,1,44.99,0.3
509349,3,105,2,118.99,0.3
509350,1,102,2,397.99,0.0
509350,2,104,2,501.99,0.0
509350,3,114,1,131.99,0.0
509351,1,128,1,26.99,0.2
509352,1,114,2,138.99,0.1
509352,2,117,1,188.99,0.1
509353,1,119,1,78.99,0.0
509353,2,118,2,88.99,0.0
509353,3,110,3,98.99,0.0
509354,1,135,2,140.99,0.1
509354,2,129,2,41.99,0.1
509355,1,129,3,41.99,0.0
509355,2,134,1,226.99,0.0
509356,1,102,3,397.99,0.0
509356,2,135,2,140.99,0.0
509356,3,134,1,226.99,0.0
509357,1,105,1,118.99,0.0
509357,2,119,1,78.99,0.0
509358,1,135,1,148.99,0.2
509359,1,130,1,14.99,0.0
509360,1,108,3,264.99,0.2
509360,2,113,3,197.99,0.2
509361,1,104,2,432.99,0.0
509362,1,121,3,228.99,0.0
509362,2,130,1,18.99,0.0
509363,1,119,1,78.99,0.1
509364,1,105,3,118.99,0.0
509365,1,116,1,129.99,0.1
509366,1,122,2,78.99,0.0
509366,2,131,2,24.99,0.0
509366,3,120,1,248.99,0.0
509367,1,104,1,528.99,0.0
509367,2,115,1,38.99,0.0
509368,1,114,3,138.99,0.0
509368,2,102,1,418.99,0.0
509369,1,124,1,55.99,0.2
509369,2,138,1,93.99,0.2
509370,1,134,2,194.99,0.0
509370,2,116,1,129.99,0.0
509370,3,133,1,96.99,0.0
509370,4,108,1,227.99,0.0
509371,1,118,1,88.99,0.0
509371,2,130,1,18.99,0.0
509372,1,109,1,68.99,0.3
509372,2,131,2,24.99,0.3
509373,1,120,1,235.99,0.2
509373,2,107,1,188.99,0.2
509373,3,123,1,79.99,0.2
509374,1,115,1,36.99,0.0
509374,2,106,1,83.99,0.0
509375,1,124,1,55.99,0.2
509376,1,114,1,112.99,0.0
509377,1,123,2,84.99,0.0
509378,1,121,1,228.99,0.0
509378,2,114,1,138.99,0.0
509378,3,113,2,208.99,0.0
509378,4,126,1,78.99,0.0
509379,1,106,1,88.99,0.3
509380,1,128,1,26.99,0.2
509380,2,130,1,17.99,0.2
509381,1,125,3,31.99,0.2
509382,1,111,3,45.99,0.0
509382,2,105,3,112.99,0.0
509383,1,137,1,34.99,0.2
509384,1,123,1,84.99,0.2
509385,1,102,1,418.99,0.2
509385,2,137,1,34.99,0.2
509385,3,110,1,98.99,0.2
509386,1,120,1,248.99,0.0
509387,1,117,2,153.99,0.2
509388,1,121,2,228.99,0.0
509389,1,137,1,32.99,0.2
509389,2,125,1,29.99,0.2
509390,1,121,1,228.99,0.2
509391,1,106,1,88.99,0.0
509391,2,126,1,78.99,0.0
509392,1,121,2,216.99,0.0
509392,2,118,2,83.99,0.0
509393,1,118,3,71.99,0.3
509394,1,124,1,55.99,0.2
509395,1,134,1,194.99,0.0
509396,1,110,3,80.99,0.0
509397,1,131,1,24.99,0.0
509398,1,103,2,348.99,0.2
509398,2,138,1,98.99,0.2
509399,1,113,1,170.99,0.0
509400,1,117,1,178.99,0.0
509400,2,110,2,93.99,0.0
509401,1,106,3,88.99,0.0
509401,2,103,1,348.99,0.0
509401,3,136,1,28.99,0.0
509402,1,120,2,248.99,0.0
509402,2,118,1,88.99,0.0
509402,3,134,2,238.99,0.0
509402,4,135,1,148.99,0.0
509402,5,102,1,418.99,0.0
509403,1,112,1,169.99,0.2
509404,1,129,1,44.99,0.0
509404,2,107,1,198.99,0.0
509405,1,122,2,74.99,0.2
509405,2,134,2,226.99,0.2
509406,1,115,1,38.99,0.0
509407,1,135,2,121.99,0.1
509408,1,107,2,198.99,0.0
509408,2,129,1,44.99,0.0
509408,3,120,1,248.99,0.0
509409,1,136,2,28.99,0.0
509410,1,129,1,44.99,0.0
509411,1,108,1,278.99,0.3
509411,2,134,1,238.99,0.3
509412,1,101,1,235.99,0.2
509412,2,137,1,27.99,0.2
509413,1,121,3,228.99,0.2
509414,1,115,1,38.99,0.2
509415,1,112,2,145.99,0.2
509416,1,129,3,44.99,0.2
509416,2,122,1,78.99,0.2
509417,1,110,1,80.99,0.2
509417,2,108,1,227.99,0.2
509417,3,125,3,25.99,0.2
509418,1,135,1,121.99,0.2
509419,1,108,1,278.99,0.1
509419,2,110,3,98.99,0.1
509419,3,125,1,31.99,0.1
509419,4,123,1,84.99,0.1
509420,1,102,1,397.99,0.0
509420,2,103,3,330.99,0.0
509421,1,112,1,169.99,0.2
509421,2,116,3,150.99,0.2
509422,1,123,2,84.99,0.0
509422,2,118,3,88.99,0.0
509423,1,126,1,63.99,0.0
509423,2,118,1,71.99,0.0
509424,1,133,3,118.99,0.2
509425,1,109,1,68.99,0.0
509426,1,117,3,178.99,0.0
509427,1,114,1,138.99,0.3
509427,2,125,1,31.99,0.3
509427,3,117,1,188.99,0.3
509428,1,118,1,83.99,0.1
509428,2,137,1,32.99,0.1
509428,3,113,1,197.99,0.1
509429,1,103,1,330.99,0.1
509430,1,132,1,48.99,0.0
509430,2,115,1,38.99,0.0
509430,3,106,2,88.99,0.0
509430,4,121,2,228.99,0.0
509431,1,116,2,150.99,0.2
509432,1,124,3,58.99,0.0
509432,2,129,2,44.99,0.0
509433,1,121,1,228.99,0.2
509433,2,115,1,38.99,0.2
509434,1,121,1,228.99,0.2
509435,1,131,1,24.99,0.0
509435,2,115,1,38.99,0.0
509436,1,113,1,208.99,0.0
509436,2,116,1,158.99,0.0
509436,3,135,2,148.99,0.0
509436,4,112,1,178.99,0.0
509437,1,128,1,26.99,0.2
509437,2,104,3,501.99,0.2
509438,1,111,1,48.99,0.0
509439,1,120,1,235.99,0.0
509440,1,126,1,63.99,0.2
509441,1,118,2,83.99,0.1
509441,2,116,2,150.99,0.1
509442,1,102,2,418.99,0.2
509442,2,101,2,288.99,0.2
509443,1,102,2,418.99,0.3
509444,1,120,1,235.99,0.0
509444,2,122,2,74.99,0.0
509445,1,116,1,158.99,0.2
509445,2,130,3,18.99,0.2
509446,1,117,1,188.99,0.2
509446,2,109,1,68.99,0.2
509446,3,137,2,34.99,0.2
509447,1,132,1,48.99,0.3
509447,2,119,1,78.99,0.3
509447,3,108,1,278.99,0.3
509448,1,133,1,112.99,0.0
509449,1,103,1,348.99,0.0
509449,2,102,1,418.99,0.0
509450,1,124,3,58.99,0.0
509450,2,102,1,418.99,0.0
509450,3,115,1,38.99,0.0
509450,4,116,1,158.99,0.0
509451,1,127,2,58.99,0.2
509452,1,121,1,228.99,0.2
509452,2,110,3,98.99,0.2
509453,1,127,1,58.99,0.1
509453,2,129,2,44.99,0.1
509454,1,110,1,93.99,0.0
509454,2,130,1,17.99,0.0
509454,3,123,1,79.99,0.0
509455,1,120,1,248.99,0.2
509456,1,120,1,235.99,0.2
509456,2,105,1,112.99,0.2
509457,1,123,1,84.99,0.1
509458,1,121,1,216.99,0.0
509458,2,105,1,112.99,0.0
509458,3,113,1,197.99,0.0
509459,1,110,1,98.99,0.0
509459,2,138,1,98.99,0.0
509459,3,117,2,188.99,0.0
509459,4,125,3,31.99,0.0
509460,1,130,2,14.99,0.0
509460,2,129,1,35.99,0.0
509460,3,111,2,39.99,0.0
509461,1,120,2,248.99,0.2
509462,1,114,1,138.99,0.0
509462,2,115,2,38.99,0.0
509463,1,108,1,278.99,0.0
509464,1,109,2,68.99,0.0
509464,2,133,1,118.99,0.0
509464,3,138,1,98.99,0.0
509464,4,116,2,158.99,0.0
509465,1,112,1,178.99,0.0
509466,1,104,3,528.99,0.1
509466,2,123,1,84.99,0.1
509466,3,117,2,188.99,0.1
509466,4,125,1,31.99,0.1
509466,5,114,2,138.99,0.1
509467,1,114,3,131.99,0.3
509467,2,122,3,74.99,0.3
509467,3,118,1,83.99,0.3
509467,4,116,2,150.99,0.3
509468,1,113,1,208.99,0.2
509469,1,138,2,98.99,0.2
509469,2,132,1,48.99,0.2
509470,1,112,1,178.99,0.0
509471,1,131,1,24.99,0.1
509472,1,118,2,83.99,0.3
509472,2,115,2,36.99,0.3
509472,3,122,1,74.99,0.3
509473,1,103,1,348.99,0.0
509474,1,122,1,78.99,0.2
509474,2,131,1,24.99,0.2
509474,3,138,3,98.99,0.2
509475,1,126,1,78.99,0.2
509476,1,126,1,78.99,0.2
509477,1,125,1,31.99,0.1
509477,2,126,2,78.99,0.1
509477,3,103,1,348.99,0.1
509478,1,103,2,348.99,0.0
509479,1,109,1,68.99,0.2
509479,2,137,3,34.99,0.2
509479,3,126,3,78.99,0.2
509479,4,117,1,188.99,0.2
509479,5,102,1,418.99,0.2
509480,1,120,1,203.99,0.2
509481,1,104,3,501.99,0.3
509481,2,132,2,45.99,0.3
509481,3,123,2,79.99,0.3
509482,1,125,2,31.99,0.0
509482,2,111,2,48.99,0.0
509482,3,105,1,118.99,0.0
509482,4,126,2,78.99,0.0
509482,5,109,2,68.99,0.0
509483,1,138,1,98.99,0.2
509484,1,129,1,44.99,0.1
509485,1,124,1,58.99,0.2
509485,2,132,1,48.99,0.2
509486,1,124,2,58.99,0.0
509487,1,116,1,158.99,0.0
509488,1,138,1,98.99,0.1
509488,2,121,1,228.99,0.1
509488,3,108,1,278.99,0.1
509489,1,134,1,238.99,0.2
509490,1,119,1,78.99,0.0
509491,1,123,1,79.99,0.1
509492,1,129,1,41.99,0.0
509493,1,131,3,19.99,0.2
509493,2,122,2,63.99,0.2
509494,1,109,1,68.99,0.0
509495,1,103,3,348.99,0.2
509495,2,107,2,198.99,0.2
509495,3,113,2,208.99,0.2
509495,4,119,1,78.99,0.2
509495,5,124,3,58.99,0.2
509496,1,117,2,188.99,0.0
509497,1,119,2,63.99,0.0
509497,2,131,1,19.99,0.0
509497,3,114,2,112.99,0.0
509497,4,109,1,55.99,0.0
509498,1,126,1,74.99,0.2
509499,1,137,1,32.99,0.0
509500,1,130,2,17.99,0.2
509501,1,108,1,278.99,0.2
509502,1,132,1,39.99,0.0
509502,2,128,1,22.99,0.0
509503,1,132,3,45.99,0.3
509503,2,128,1,26.99,0.3
509503,3,112,2,169.99,0.3
509504,1,122,1,78.99,0.0
509504,2,120,1,248.99,0.0
509505,1,120,2,248.99,0.2
509506,1,119,1,63.99,0.2
509507,1,115,2,38.99,0.0
509507,2,108,3,278.99,0.0
509508,1,116,1,150.99,0.2
509508,2,101,2,273.99,0.2
509509,1,119,3,74.99,0.0
509509,2,132,2,45.99,0.0
509509,3,117,3,178.99,0.0
509510,1,122,1,74.99,0.2
509510,2,114,1,131.99,0.2
509510,3,117,1,178.99,0.2
509511,1,106,2,88.99,0.2
509512,1,113,2,208.99,0.0
509512,2,127,2,58.99,0.0
509513,1,121,2,216.99,0.2
509513,2,125,1,29.99,0.2
509514,1,105,3,112.99,0.0
509515,1,129,1,41.99,0.0
509515,2,120,3,235.99,0.0
509516,1,122,2,78.99,0.2
509517,1,103,1,330.99,0.0
509517,2,123,1,79.99,0.0
509518,1,119,1,74.99,0.0
509518,2,106,1,83.99,0.0
509519,1,125,1,29.99,0.0
509520,1,126,2,74.99,0.1
509520,2,118,1,83.99,0.1
509521,1,112,1,178.99,0.2
509521,2,120,1,248.99,0.2
509522,1,114,1,138.99,0.0
509523,1,126,3,78.99,0.2
509524,1,112,1,169.99,0.1
509524,2,116,2,150.99,0.1
509525,1,119,2,63.99,0.3
509526,1,113,3,208.99,0.2
509527,1,115,1,38.99,0.2
509527,2,137,2,34.99,0.2
509527,3,107,2,198.99,0.2
509528,1,118,1,71.99,0.2
509529,1,137,1,34.99,0.2
509530,1,116,3,158.99,0.0
509530,2,115,1,38.99,0.0
509531,1,134,2,238.99,0.0
509531,2,133,3,118.99,0.0
509531,3,119,1,78.99,0.0
509532,1,116,1,158.99,0.0
509533,1,115,2,36.99,0.2
509533,2,131,1,22.99,0.2
509534,1,118,1,71.99,0.2
509534,2,111,2,39.99,0.2
509535,1,105,1,118.99,0.2
509536,1,121,2,228.99,0.0
509537,1,124,3,47.99,0.2
509538,1,124,1,58.99,0.1
509539,1,119,1,78.99,0.0
509539,2,130,1,18.99,0.0
509540,1,109,1,55.99,0.2
509540,2,116,1,129.99,0.2
509540,3,118,3,71.99,0.2
509540,4,122,1,63.99,0.2
509541,1,107,3,162.99,0.2
509542,1,122,1,74.99,0.2
509542,2,110,1,93.99,0.2
509542,3,136,2,26.99,0.2
509543,1,124,3,58.99,0.2
509544,1,137,1,32.99,0.2
509545,1,111,2,48.99,0.0
509546,1,121,2,228.99,0.0
509546,2,122,1,78.99,0.0
509546,3,135,2,148.99,0.0
509547,1,113,1,170.99,0.2
509548,1,124,1,58.99,0.0
509548,2,122,3,78.99,0.0
509548,3,127,1,58.99,0.0
509549,1,118,1,88.99,0.2
509550,1,125,1,29.99,0.1
509550,2,124,2,55.99,0.1
509551,1,138,2,98.99,0.0
509552,1,116,2,158.99,0.0
509553,1,138,1,80.99,0.2
509553,2,122,2,63.99,0.2
509553,3,136,1,22.99,0.2
509553,4,110,1,80.99,0.2
509553,5,120,1,203.99,0.2
509554,1,117,2,188.99,0.1
509555,1,118,3,83.99,0.0
509555,2,120,3,235.99,0.0
509555,3,113,1,197.99,0.0
509555,4,109,1,64.99,0.0
509555,5,108,1,264.99,0.0
509556,1,101,1,288.99,0.2
509556,2,113,3,208.99,0.2
509556,3,108,1,278.99,0.2
509557,1,123,2,84.99,0.0
509557,2,113,2,208.99,0.0
509558,1,110,2,98.99,0.0
509559,1,102,1,397.99,0.0
509559,2,113,3,197.99,0.0
509560,1,124,1,55.99,0.1
509560,2,116,1,150.99,0.1
509561,1,119,1,74.99,0.0
509562,1,112,1,178.99,0.2
509562,2,108,1,278.99,0.2
509563,1,120,2,248.99,0.0
509564,1,136,1,26.99,0.0
509564,2,105,1,112.99,0.0
509565,1,133,3,112.99,0.0
509565,2,125,1,29.99,0.0
509566,1,109,2,55.99,0.1
509567,1,124,2,58.99,0.0
509567,2,109,1,68.99,0.0
509568,1,122,1,74.99,0.0
509569,1,101,2,288.99,0.2
509570,1,134,2,226.99,0.0
509570,2,113,3,197.99,0.0
509570,3,138,2,93.99,0.0
509571,1,105,1,118.99,0.0
509572,1,108,1,278.99,0.0
509573,1,113,1,170.99,0.2
509573,2,108,2,227.99,0.2
509574,1,126,1,74.99,0.1
509574,2,119,1,74.99,0.1
509574,3,136,3,26.99,0.1
509575,1,114,2,131.99,0.0
509575,2,137,2,32.99,0.0
509576,1,117,1,188.99,0.0
509577,1,120,1,203.99,0.2
509577,2,105,1,96.99,0.2
509577,3,136,2,22.99,0.2
509577,4,129,1,35.99,0.2
509578,1,117,2,188.99,0.0
509579,1,101,1,273.99,0.0
509580,1,102,1,418.99,0.0
509581,1,103,1,348.99,0.0
509581,2,136,2,28.99,0.0
509581,3,133,2,118.99,0.0
509581,4,117,2,188.99,0.0
509582,1,136,2,28.99,0.0
509582,2,125,1,31.99,0.0
509583,1,119,1,78.99,0.0
509583,2,125,3,31.99,0.0
509584,1,110,1,98.99,0.1
509584,2,122,1,78.99,0.1
509585,1,101,3,288.99,0.2
509585,2,112,1,178.99,0.2
509586,1,121,1,216.99,0.2
509587,1,126,1,63.99,0.0
509588,1,113,1,170.99,0.0
509589,1,136,1,28.99,0.2
509589,2,112,3,178.99,0.2
509590,1,116,1,150.99,0.2
509591,1,118,1,71.99,0.0
509591,2,117,1,153.99,0.0
509592,1,124,2,47.99,0.1
509592,2,128,1,22.99,0.1
509593,1,112,1,178.99,0.2
509593,2,127,3,58.99,0.2
509594,1,123,2,84.99,0.1
509595,1,123,3,84.99,0.2
509596,1,117,1,178.99,0.0
509596,2,122,2,74.99,0.0
509596,3,120,1,235.99,0.0
509597,1,112,1,178.99,0.1
509598,1,127,1,58.99,0.0
509598,2,119,2,78.99,0.0
509599,1,104,1,528.99,0.0
509599,2,119,1,78.99,0.0
509600,1,113,1,170.99,0.2
509601,1,109,1,55.99,0.0
509602,1,126,1,78.99,0.0
509602,2,124,2,58.99,0.0
509603,1,129,1,44.99,0.2
509604,1,134,1,226.99,0.2
509605,1,118,2,71.99,0.2
509606,1,102,1,418.99,0.2
509607,1,135,3,148.99,0.2
509608,1,134,1,238.99,0.2
509608,2,136,1,28.99,0.2
509608,3,125,2,31.99,0.2
509609,1,111,3,48.99,0.0
509610,1,134,2,238.99,0.0
509610,2,131,1,24.99,0.0
509610,3,116,1,158.99,0.0
509611,1,127,1,58.99,0.1
509611,2,108,1,278.99,0.1
509611,3,109,3,68.99,0.1
509612,1,109,1,55.99,0.0
509612,2,114,1,112.99,0.0
509613,1,108,1,278.99,0.0
509613,2,102,2,418.99,0.0
509613,3,122,1,78.99,0.0
509613,4,116,2,158.99,0.0
509614,1,111,1,39.99,0.2
509614,2,109,1,55.99,0.2
509614,3,119,1,63.99,0.2
509615,1,113,3,197.99,0.2
509616,1,118,1,88.99,0.2
509616,2,105,3,118.99,0.2
509616,3,109,1,68.99,0.2
509617,1,128,2,28.99,0.0
509618,1,116,3,150.99,0.0
509619,1,123,3,79.99,0.0
509619,2,103,3,330.99,0.0
509620,1,119,1,74.99,0.0
509620,2,129,2,41.99,0.0
509621,1,101,3,288.99,0.2
509622,1,121,2,228.99,0.0
509622,2,126,2,78.99,0.0
509623,1,125,3,31.99,0.1
509624,1,130,1,17.99,0.0
509624,2,105,3,112.99,0.0
509624,3,118,1,83.99,0.0
509624,4,124,1,55.99,0.0
509624,5,135,1,140.99,0.0
509625,1,128,1,26.99,0.0
509626,1,121,3,228.99,0.2
509627,1,103,1,285.99,0.0
509628,1,130,205,14.99,0.0
509629,1,133,2,118.99,0.0
509629,2,106,1,88.99,0.0
509630,1,131,1,22.99,0.0
509631,1,120,1,248.99,0.2
509632,1,113,1,208.99,0.0
509633,1,122,1,78.99,0.0
509633,2,115,1,38.99,0.0
509633,3,134,1,238.99,0.0
509634,1,124,1,58.99,0.0
509634,2,135,1,148.99,0.0
509634,3,105,2,118.99,0.0
509635,1,120,1,235.99,0.0
509635,2,102,3,397.99,0.0
509636,1,134,1,194.99,0.0
509637,1,121,1,228.99,0.1
509637,2,118,1,88.99,0.1
509638,1,119,2,63.99,0.0
509639,1,138,3,93.99,0.0
509640,1,135,3,148.99,0.0
509641,1,124,2,58.99,0.2
509642,1,102,1,418.99,0.2
509642,2,107,2,198.99,0.2
509642,3,110,1,98.99,0.2
509643,1,111,2,45.99,0.2
509643,2,122,2,74.99,0.2
509643,3,118,3,83.99,0.2
509644,1,115,3,38.99,0.2
509645,1,111,1,48.99,0.1
509645,2,107,2,198.99,0.1
509645,3,125,2,31.99,0.1
509645,4,122,1,78.99,0.1
509645,5,136,2,28.99,0.1
509646,1,123,2,79.99,0.2
509646,2,121,2,216.99,0.2
509646,3,127,1,55.99,0.2
509647,1,105,2,96.99,0.0
509647,2,116,2,129.99,0.0
509648,1,109,1,64.99,0.0
509648,2,119,1,74.99,0.0
509649,1,138,3,98.99,0.0
509650,1,121,1,186.99,0.0
509651,1,130,3,17.99,0.0
509652,1,114,2,138.99,0.2
509652,2,110,3,98.99,0.2
509653,1,103,1,348.99,0.0
509654,1,127,1,58.99,0.0
509655,1,127,1,58.99,0.0
509656,1,131,2,19.99,0.0
509656,2,114,1,112.99,0.0
509657,1,126,2,63.99,0.0
509657,2,135,2,121.99,0.0
509658,1,133,1,96.99,0.0
509659,1,135,1,121.99,0.0
509660,1,131,1,22.99,0.2
509661,1,114,2,138.99,0.2
509661,2,115,2,38.99,0.2
509661,3,103,2,348.99,0.2
509662,1,124,1,58.99,0.2
509662,2,108,1,278.99,0.2
509663,1,127,2,58.99,0.0
509663,2,131,3,24.99,0.0
509663,3,112,1,178.99,0.0
509664,1,138,1,93.99,0.2
509664,2,111,3,45.99,0.2
509664,3,117,1,178.99,0.2
509665,1,115,1,36.99,0.0
509665,2,125,1,29.99,0.0
509665,3,132,2,45.99,0.0
509666,1,130,1,17.99,0.0
509667,1,120,1,248.99,0.0
509668,1,124,3,47.99,0.2
509668,2,115,2,30.99,0.2
509669,1,121,1,216.99,0.2
509669,2,116,3,150.99,0.2
509670,1,125,1,29.99,0.2
509670,2,130,1,17.99,0.2
509670,3,122,1,74.99,0.2
509670,4,114,1,131.99,0.2
509671,1,124,2,55.99,0.2
509671,2,117,2,178.99,0.2
509672,1,117,2,188.99,0.3
509673,1,123,1,68.99,0.2
509673,2,130,1,14.99,0.2
509674,1,109,3,68.99,0.1
509675,1,134,1,238.99,0.0
509676,1,114,2,138.99,0.2
509677,1,137,1,32.99,0.0
509677,2,105,2,112.99,0.0
509677,3,128,3,26.99,0.0
509677,4,112,1,169.99,0.0
509677,5,116,1,150.99,0.0
509678,1,136,2,26.99,0.0
509678,2,107,1,188.99,0.0
509679,1,105,3,96.99,0.0
509679,2,114,2,112.99,0.0
509680,1,129,2,35.99,0.0
509680,2,125,1,25.99,0.0
509680,3,127,2,47.99,0.0
509681,1,125,3,25.99,0.0
509682,1,109,2,68.99,0.0
509683,1,115,2,38.99,0.2
509683,2,123,1,84.99,0.2
509684,1,116,1,158.99,0.2
509684,2,130,1,18.99,0.2
509685,1,131,1,24.99,0.0
509686,1,118,2,88.99,0.2
509687,1,110,1,93.99,0.1
509687,2,102,2,397.99,0.1
509688,1,123,2,79.99,0.2
509689,1,128,1,28.99,0.2
509690,1,119,1,78.99,0.2
509690,2,121,1,228.99,0.2
509691,1,120,1,235.99,0.0
509691,2,117,1,178.99,0.0
509692,1,119,1,63.99,0.0
509693,1,124,1,58.99,0.2
509694,1,125,3,29.99,0.1
509695,1,119,1,78.99,0.2
509695,2,133,1,118.99,0.2
509695,3,115,1,38.99,0.2
509696,1,110,1,98.99,0.2
509696,2,120,1,248.99,0.2
509696,3,118,1,88.99,0.2
509696,4,113,1,208.99,0.2
509697,1,134,1,194.99,0.1
509698,1,118,1,83.99,0.0
509698,2,105,1,112.99,0.0
509699,1,115,1,36.99,0.3
509699,2,131,2,22.99,0.3
509700,1,125,1,29.99,0.2
509701,1,112,2,169.99,0.2
509702,1,129,1,41.99,0.2
509703,1,129,3,44.99,0.0
509704,1,125,1,31.99,0.0
509705,1,120,2,203.99,0.0
509705,2,106,2,71.99,0.0
509706,1,114,1,131.99,0.2
509706,2,123,2,79.99,0.2
509707,1,108,2,278.99,0.1
509707,2,138,1,98.99,0.1
509708,1,114,2,131.99,0.2
509708,2,120,1,235.99,0.2
509708,3,136,1,26.99,0.2
509709,1,132,1,45.99,0.3
509710,1,127,2,47.99,0.0
509710,2,106,3,71.99,0.0
509711,1,105,2,118.99,0.1
509711,2,112,1,178.99,0.1
509711,3,116,1,158.99,0.1
509712,1,112,1,145.99,0.2
509713,1,125,2,31.99,0.0
509714,1,124,3,58.99,0.2
509714,2,116,3,158.99,0.2
509715,1,123,1,84.99,0.0
509716,1,105,3,112.99,0.0
509717,1,124,1,55.99,0.0
509717,2,105,1,112.99,0.0
509718,1,108,1,278.99,0.2
509719,1,103,2,330.99,0.0
509719,2,107,1,188.99,0.0
509719,3,119,1,74.99,0.0
509719,4,118,1,83.99,0.0
509720,1,132,2,48.99,0.0
509720,2,123,1,84.99,0.0
509721,1,123,1,79.99,0.0
509721,2,114,1,131.99,0.0
509722,1,111,3,48.99,0.2
509722,2,121,3,228.99,0.2
509722,3,134,1,238.99,0.2
509723,1,113,1,208.99,0.2
509724,1,109,1,68.99,0.2
509724,2,118,1,88.99,0.2
509725,1,137,2,32.99,0.0
509725,2,130,1,17.99,0.0
509726,1,112,1,178.99,0.3
509726,2,125,2,31.99,0.3
509727,1,104,2,432.99,0.0
509728,1,110,1,80.99,0.1
509729,1,101,2,273.99,0.0
509730,1,109,3,64.99,0.0
509731,1,118,2,88.99,0.2
509731,2,123,1,84.99,0.2
509732,1,109,2,64.99,0.0
509733,1,130,2,18.99,0.2
509734,1,124,2,58.99,0.0
509734,2,116,1,158.99,0.0
509734,3,129,3,44.99,0.0
509734,4,117,2,188.99,0.0
509735,1,108,2,278.99,0.0
509735,2,119,1,78.99,0.0
509735,3,120,2,248.99,0.0
509736,1,118,1,88.99,0.2
509737,1,121,2,216.99,0.2
509737,2,110,1,93.99,0.2
509737,3,124,2,55.99,0.2
509738,1,110,1,80.99,0.2
509738,2,107,1,162.99,0.2
509738,3,120,2,203.99,0.2
509739,1,111,1,48.99,0.0
509739,2,137,1,34.99,0.0
509740,1,119,1,78.99,0.1
509741,1,125,1,31.99,0.3
509742,1,137,1,34.99,0.2
509742,2,125,1,31.99,0.2
509742,3,132,1,48.99,0.2
509742,4,112,3,178.99,0.2
509742,5,118,3,88.99,0.2
509743,1,126,2,78.99,0.2
509743,2,102,1,418.99,0.2
509743,3,133,3,118.99,0.2
509743,4,115,1,38.99,0.2
509744,1,121,1,216.99,0.1
509744,2,110,3,93.99,0.1
509745,1,126,1,78.99,0.0
509746,1,135,1,148.99,0.2
509746,2,124,1,58.99,0.2
509747,1,128,1,26.99,0.2
509748,1,111,1,48.99,0.0
509748,2,134,1,238.99,0.0
509749,1,123,1,84.99,0.0
509750,1,108,1,227.99,0.2
509750,2,102,1,342.99,0.2
509751,1,104,2,528.99,0.0
509752,1,121,1,228.99,0.0
509753,1,116,2,158.99,0.0
509753,2,124,1,58.99,0.0
509754,1,123,2,84.99,0.0
509755,1,127,1,58.99,0.0
509756,1,108,3,278.99,0.2
509757,1,117,2,153.99,0.2
509758,1,129,2,44.99,0.0
509759,1,110,2,93.99,0.2
509759,2,103,2,330.99,0.2
509760,1,125,1,29.99,0.0
509761,1,133,1,112.99,0.0
509761,2,135,1,140.99,0.0
509762,1,113,1,197.99,0.2
509762,2,118,1,83.99,0.2
509762,3,117,1,178.99,0.2
509763,1,107,2,188.99,0.2
509764,1,106,3,88.99,0.2
509764,2,117,1,188.99,0.2
509764,3,123,1,84.99,0.2
509764,4,131,2,24.99,0.2
509765,1,111,1,45.99,0.3
509765,2,133,1,112.99,0.3
509766,1,105,3,112.99,0.0
509767,1,105,1,118.99,0.0
509768,1,129,1,41.99,0.1
509768,2,126,1,74.99,0.1
509768,3,111,1,45.99,0.1
509768,4,112,2,169.99,0.1
509768,5,131,2,22.99,0.1
509769,1,118,1,83.99,0.1
509770,1,124,3,58.99,0.1
509770,2,103,1,348.99,0.1
509771,1,122,3,74.99,0.2
509772,1,106,1,71.99,0.2
509773,1,120,1,248.99,0.0
509773,2,121,3,228.99,0.0
509774,1,129,1,35.99,0.2
509774,2,123,1,68.99,0.2
509775,1,128,1,26.99,0.0
509775,2,136,1,26.99,0.0
509776,1,103,1,285.99,0.2
509776,2,135,1,121.99,0.2
509776,3,105,1,96.99,0.2
509777,1,123,1,84.99,0.2
509777,2,120,2,248.99,0.2
509777,3,134,3,238.99,0.2
509778,1,121,1,186.99,0.2
509779,1,118,1,88.99,0.2
509779,2,137,3,34.99,0.2
509779,3,113,1,208.99,0.2
509780,1,119,1,74.99,0.0
509780,2,120,3,235.99,0.0
509780,3,103,3,330.99,0.0
509781,1,120,1,248.99,0.3
509781,2,115,1,38.99,0.3
509782,1,122,1,74.99,0.2
509783,1,125,1,31.99,0.0
509784,1,120,1,203.99,0.0
509785,1,110,1,80.99,0.0
509786,1,134,3,226.99,0.1
509787,1,124,1,58.99,0.0
509787,2,118,2,88.99,0.0
509788,1,117,2,153.99,0.0
509789,1,111,2,48.99,0.2
509790,1,125,1,31.99,0.2
509791,1,120,1,248.99,0.1
509791,2,123,1,84.99,0.1
509791,3,111,2,48.99,0.1
509792,1,103,1,330.99,0.2
509792,2,108,2,264.99,0.2
509793,1,103,1,330.99,0.2
509793,2,137,3,32.99,0.2
509794,1,135,2,148.99,0.0
509795,1,116,2,158.99,0.0
509795,2,125,3,31.99,0.0
509796,1,106,1,83.99,0.0
509796,2,101,1,273.99,0.0
509797,1,105,1,118.99,0.0
509797,2,135,1,148.99,0.0
509797,3,125,1,31.99,0.0
509797,4,133,2,118.99,0.0
509798,1,111,3,45.99,0.0
509799,1,113,1,197.99,0.2
509800,1,136,1,26.99,0.0
509801,1,106,1,88.99,0.2
509801,2,119,3,78.99,0.2
509802,1,133,3,112.99,0.2
509803,1,114,3,131.99,0.1
509804,1,125,1,31.99,0.1
509805,1,137,1,32.99,0.0
509806,1,128,2,28.99,0.3
509807,1,112,1,178.99,0.0
509808,1,124,2,58.99,0.2
509808,2,114,1,138.99,0.2
509808,3,126,1,78.99,0.2
509809,1,127,1,58.99,0.0
509810,1,103,1,330.99,0.2
509811,1,117,3,178.99,0.0
509812,1,106,1,83.99,0.3
509813,1,122,2,78.99,0.3
509814,1,125,2,29.99,0.3
509815,1,115,1,36.99,0.2
509816,1,131,3,24.99,0.3
509817,1,116,3,129.99,0.0
509817,2,114,3,112.99,0.0
509818,1,133,2,112.99,0.2
509819,1,136,1,22.99,0.2
509820,1,107,1,188.99,0.2
509820,2,127,1,55.99,0.2
509821,1,107,1,198.99,0.3
509822,1,117,1,188.99,0.2
509822,2,105,2,118.99,0.2
509823,1,131,1,22.99,0.1
509823,2,137,1,32.99,0.1
509824,1,118,2,83.99,0.0
509825,1,134,1,226.99,0.0
509825,2,116,1,150.99,0.0
509825,3,126,3,74.99,0.0
509825,4,136,1,26.99,0.0
509826,1,128,1,22.99,0.0
509827,1,113,1,170.99,0.2
509828,1,124,2,55.99,0.0
509829,1,138,1,98.99,0.3
509829,2,125,2,31.99,0.3
509830,1,134,1,238.99,0.2
509830,2,105,1,118.99,0.2
509831,1,103,1,348.99,0.2
509832,1,112,1,178.99,0.2
509833,1,118,2,83.99,0.2
509834,1,122,3,78.99,0.0
509835,1,112,1,178.99,0.2
509836,1,130,3,18.99,0.2
509837,1,119,2,78.99,0.0
509838,1,124,1,58.99,0.0
509839,1,119,2,78.99,0.0
509839,2,103,1,348.99,0.0
509839,3,111,2,48.99,0.0
509840,1,109,1,68.99,0.2
509841,1,130,3,14.99,0.0
509842,1,101,1,235.99,0.0
509843,1,126,2,78.99,0.2
509844,1,135,1,148.99,0.0
509844,2,124,1,58.99,0.0
509844,3,130,3,18.99,0.0
509844,4,125,3,31.99,0.0
509844,5,127,2,58.99,0.0
509845,1,118,2,88.99,0.1
509845,2,126,2,78.99,0.1
509846,1,131,3,22.99,0.0
509846,2,120,1,235.99,0.0
509847,1,134,3,238.99,0.0
509847,2,116,1,158.99,0.0
509848,1,114,1,138.99,0.0
509848,2,111,1,48.99,0.0
509849,1,107,2,198.99,0.0
509850,1,132,2,48.99,0.0
509850,2,108,1,278.99,0.0
509851,1,112,1,145.99,0.0
509851,2,109,2,55.99,0.0
509852,1,134,1,194.99,0.2
509853,1,125,2,31.99,0.0
509854,1,106,2,88.99,0.2
509854,2,122,3,78.99,0.2
509855,1,123,1,84.99,0.0
509856,1,111,3,48.99,0.0
509857,1,116,2,150.99,0.1
509858,1,106,3,88.99,0.2
509858,2,131,1,24.99,0.2
509858,3,122,2,78.99,0.2
509858,4,137,1,34.99,0.2
509859,1,111,1,48.99,0.0
509859,2,123,1,84.99,0.0
509860,1,110,3,80.99,0.2
509861,1,110,1,93.99,0.3
509861,2,117,3,178.99,0.3
509862,1,138,1,93.99,0.2
509863,1,126,1,78.99,0.2
509864,1,114,1,131.99,0.2
509865,1,127,2,58.99,0.0
509865,2,120,1,248.99,0.0
509865,3,112,2,178.99,0.0
509866,1,106,1,83.99,0.2
509866,2,130,1,17.99,0.2
509866,3,131,1,22.99,0.2
509867,1,118,1,83.99,0.2
509867,2,110,2,93.99,0.2
509867,3,115,1,36.99,0.2
509867,4,134,2,226.99,0.2
509867,5,138,1,93.99,0.2
509868,1,125,1,31.99,0.0
509868,2,131,1,24.99,0.0
509868,3,126,1,78.99,0.0
509868,4,138,1,98.99,0.0
509868,5,111,2,48.99,0.0
509869,1,118,1,88.99,0.0
509870,1,135,2,148.99,0.2
509870,2,107,3,198.99,0.2
509871,1,108,2,278.99,0.2
509871,2,117,3,188.99,0.2
509872,1,125,1,31.99,0.1
509872,2,114,3,138.99,0.1
509872,3,122,3,78.99,0.1
509872,4,101,3,288.99,0.1
509873,1,136,3,28.99,0.0
509874,1,136,1,26.99,0.2
509875,1,122,3,78.99,0.2
509875,2,114,2,138.99,0.2
509875,3,115,1,38.99,0.2
509876,1,121,2,228.99,0.2
509877,1,111,1,39.99,0.1
509877,2,115,1,30.99,0.1
509878,1,123,2,68.99,0.1
509879,1,102,1,418.99,0.2
509879,2,129,3,44.99,0.2
509880,1,112,2,178.99,0.0
509880,2,106,3,88.99,0.0
509880,3,129,2,44.99,0.0
509880,4,104,1,528.99,0.0
509880,5,103,2,348.99,0.0
509881,1,121,2,228.99,0.0
509882,1,119,2,74.99,0.0
509883,1,111,3,48.99,0.0
509883,2,132,1,48.99,0.0
509884,1,112,2,178.99,0.2
509884,2,132,1,48.99,0.2
509885,1,133,1,118.99,0.2
509886,1,121,2,228.99,0.0
509886,2,129,2,44.99,0.0
509886,3,108,1,278.99,0.0
509886,4,113,1,208.99,0.0
509887,1,122,1,78.99,0.0
509887,2,116,1,158.99,0.0
509888,1,134,3,194.99,0.0
509888,2,126,2,63.99,0.0
509888,3,136,1,22.99,0.0
509888,4,119,3,63.99,0.0
509889,1,124,1,55.99,0.2
509890,1,132,1,45.99,0.0
509891,1,135,2,148.99,0.2
509892,1,138,1,98.99,0.2
509893,1,136,1,28.99,0.2
509893,2,110,2,98.99,0.2
509894,1,136,3,22.99,0.0
509895,1,114,2,138.99,0.0
509896,1,121,1,216.99,0.0
509897,1,117,1,178.99,0.2
509897,2,133,2,112.99,0.2
509897,3,134,1,226.99,0.2
509898,1,109,1,64.99,0.1
509898,2,106,2,83.99,0.1
509899,1,114,1,138.99,0.2
509899,2,102,1,418.99,0.2
509900,1,125,1,29.99,0.0
509901,1,137,2,34.99,0.0
509902,1,123,2,79.99,0.0
509903,1,108,1,278.99,0.0
509904,1,111,1,45.99,0.0
509905,1,123,3,79.99,0.0
509906,1,122,2,74.99,0.2
509906,2,116,2,150.99,0.2
509907,1,124,2,47.99,0.0
509908,1,106,1,83.99,0.2
509908,2,101,3,273.99,0.2
509909,1,109,1,68.99,0.0
509909,2,117,1,188.99,0.0
509910,1,134,1,226.99,0.1
509911,1,122,3,78.99,0.0
509912,1,103,1,348.99,0.0
509912,2,107,3,198.99,0.0
509912,3,137,1,34.99,0.0
509912,4,126,1,78.99,0.0
509913,1,115,1,30.99,0.0
509913,2,122,2,63.99,0.0
509914,1,123,1,84.99,0.2
509915,1,121,2,186.99,0.0
509916,1,117,3,178.99,0.1
509916,2,119,2,74.99,0.1
509916,3,125,1,29.99,0.1
509916,4,124,2,55.99,0.1
509916,5,105,2,112.99,0.1
509917,1,103,1,348.99,0.2
509918,1,121,1,216.99,0.0
509919,1,103,1,330.99,0.0
509920,1,105,1,112.99,0.2
509920,2,124,2,55.99,0.2
509921,1,115,1,36.99,0.2
509922,1,131,1,24.99,0.2
509923,1,107,2,198.99,0.2
509924,1,114,1,138.99,0.0
509924,2,123,2,84.99,0.0
509925,1,113,2,197.99,0.2
509926,1,124,1,55.99,0.2
509927,1,113,1,197.99,0.1
509928,1,106,2,88.99,0.2
509928,2,112,1,178.99,0.2
509928,3,119,2,78.99,0.2
509928,4,122,1,78.99,0.2
509928,5,129,1,44.99,0.2
509929,1,121,1,228.99,0.3
509929,2,106,1,88.99,0.3
509929,3,111,2,48.99,0.3
509929,4,105,1,118.99,0.3
509930,1,128,1,26.99,0.0
509930,2,132,1,45.99,0.0
509931,1,127,3,58.99,0.2
509931,2,110,1,98.99,0.2
509931,3,136,2,28.99,0.2
509932,1,127,1,55.99,0.0
509933,1,115,1,36.99,0.2
509934,1,137,1,34.99,0.0
509935,1,115,2,38.99,0.0
509935,2,123,3,84.99,0.0
509935,3,118,3,88.99,0.0
509936,1,116,1,158.99,0.0
509936,2,132,1,48.99,0.0
509937,1,119,1,78.99,0.0
509938,1,126,1,78.99,0.2
509939,1,106,2,71.99,0.0
509940,1,115,1,30.99,0.2
509941,1,115,1,38.99,0.0
509941,2,107,1,198.99,0.0
509941,3,101,1,288.99,0.0
509942,1,112,1,178.99,0.0
509942,2,110,3,98.99,0.0
509943,1,126,2,78.99,0.0
509943,2,131,1,24.99,0.0
509944,1,133,1,118.99,0.2
509944,2,128,1,28.99,0.2
509945,1,107,3,198.99,0.2
509945,2,121,2,228.99,0.2
509945,3,115,1,38.99,0.2
509946,1,114,2,138.99,0.1
509946,2,121,1,228.99,0.1
509946,3,102,1,418.99,0.1
509946,4,125,2,31.99,0.1
509947,1,126,1,78.99,0.0
509948,1,107,1,198.99,0.2
509949,1,120,1,248.99,0.0
509949,2,110,3,98.99,0.0
509950,1,112,3,169.99,0.2
509950,2,114,1,131.99,0.2
509951,1,106,2,83.99,0.2
509951,2,128,1,26.99,0.2
509952,1,105,2,118.99,0.0
509952,2,113,3,208.99,0.0
509953,1,122,3,78.99,0.2
509953,2,127,1,58.99,0.2
509954,1,117,1,178.99,0.2
509954,2,133,1,112.99,0.2
509954,3,102,3,397.99,0.2
509955,1,129,2,44.99,0.2
509956,1,123,1,84.99,0.0
509956,2,122,1,78.99,0.0
509957,1,132,3,48.99,0.1
509957,2,112,1,178.99,0.1
509958,1,106,1,83.99,0.0
509958,2,109,1,64.99,0.0
509959,1,125,1,31.99,0.2
509960,1,137,2,27.99,0.2
509961,1,123,1,84.99,0.2
509961,2,135,2,148.99,0.2
509962,1,123,2,68.99,0.0
509963,1,113,1,208.99,0.0
509964,1,132,2,39.99,0.0
509964,2,109,3,55.99,0.0
509965,1,115,1,38.99,0.0
509965,2,107,2,198.99,0.0
509965,3,121,1,228.99,0.0
509966,1,132,1,45.99,0.0
509966,2,116,1,150.99,0.0
509966,3,129,1,41.99,0.0
509967,1,119,1,78.99,0.2
509968,1,122,2,78.99,0.0
509969,1,124,1,58.99,0.0
509969,2,103,1,348.99,0.0
509969,3,116,1,158.99,0.0
509969,4,120,1,248.99,0.0
509970,1,121,2,228.99,0.2
509971,1,121,3,228.99,0.2
509971,2,135,3,148.99,0.2
509972,1,118,3,83.99,0.2
509973,1,120,1,235.99,0.0
509974,1,107,1,188.99,0.3
509974,2,118,1,83.99,0.3
509974,3,123,1,79.99,0.3
509975,1,102,2,418.99,0.2
509976,1,135,1,140.99,0.2
509976,2,117,1,178.99,0.2
509976,3,134,2,226.99,0.2
509977,1,109,2,68.99,0.0
509978,1,109,2,68.99,0.3
509979,1,118,1,88.99,0.2
509980,1,107,1,188.99,0.2
509981,1,130,1,18.99,0.2
509982,1,109,3,68.99,0.0
509983,1,131,2,24.99,0.2
509984,1,137,2,34.99,0.2
509985,1,115,2,38.99,0.2
509986,1,135,1,121.99,0.0
509986,2,130,2,14.99,0.0
509987,1,115,3,38.99,0.2
509987,2,118,3,88.99,0.2
509988,1,111,2,48.99,0.0
509988,2,124,2,58.99,0.0
509988,3,102,1,418.99,0.0
509988,4,122,1,78.99,0.0
509989,1,102,1,342.99,0.0
509989,2,109,1,55.99,0.0
509989,3,123,2,68.99,0.0
509990,1,132,3,48.99,0.2
509991,1,136,2,26.99,0.2
509991,2,115,2,36.99,0.2
509992,1,117,1,188.99,0.0
509992,2,122,1,78.99,0.0
509992,3,137,1,34.99,0.0
509992,4,115,1,38.99,0.0
509993,1,133,2,118.99,0.2
509994,1,120,1,248.99,0.2
509995,1,131,1,19.99,0.0
509995,2,102,1,342.99,0.0
509995,3,112,2,145.99,0.0
509996,1,118,1,88.99,0.0
509996,2,133,1,118.99,0.0
509997,1,117,1,178.99,0.1
509998,1,113,2,170.99,0.0
509999,1,124,1,58.99,0.2
509999,2,120,1,248.99,0.2
510000,1,137,2,32.99,0.2
510001,1,124,2,58.99,0.1
510001,2,120,1,248.99,0.1
510001,3,116,3,158.99,0.1
510002,1,118,1,88.99,0.2
510003,1,131,1,24.99,0.2
510004,1,132,1,45.99,0.2
510005,1,131,1,24.99,0.2
510006,1,115,1,38.99,0.0
510007,1,127,3,58.99,0.2
510008,1,117,1,188.99,0.2
510008,2,122,1,78.99,0.2
510008,3,130,2,18.99,0.2
510009,1,123,1,84.99,0.0
510010,1,119,1,74.99,0.2
510010,2,116,1,150.99,0.2
510011,1,113,1,197.99,0.2
510011,2,109,1,64.99,0.2
510012,1,127,2,58.99,0.0
510012,2,126,3,78.99,0.0
510013,1,115,1,30.99,0.0
510014,1,130,1,18.99,0.3
510014,2,106,1,88.99,0.3
510014,3,132,1,48.99,0.3
510015,1,121,2,186.99,0.0
510015,2,109,1,55.99,0.0
510015,3,123,3,68.99,0.0
510016,1,124,1,47.99,0.2
510017,1,113,2,170.99,0.2
510018,1,119,1,63.99,0.2
510018,2,121,2,186.99,0.2
510019,1,127,1,47.99,0.2
510019,2,122,1,63.99,0.2
510019,3,125,2,25.99,0.2
510019,4,111,2,39.99,0.2
510019,5,118,1,71.99,0.2
510020,1,125,1,25.99,0.2
510021,1,108,2,278.99,0.0
510021,2,116,1,158.99,0.0
510022,1,123,1,84.99,0.2
510023,1,103,1,348.99,0.0
510024,1,109,1,68.99,0.0
510025,1,118,1,71.99,0.2
510025,2,120,1,203.99,0.2
510026,1,105,1,118.99,0.0
510026,2,108,2,278.99,0.0
510026,3,137,1,34.99,0.0
510026,4,120,2,248.99,0.0
510026,5,133,1,118.99,0.0
510027,1,101,1,288.99,0.0
510028,1,110,1,93.99,0.2
510029,1,123,1,84.99,0.0
510030,1,134,1,226.99,0.0
510030,2,123,1,79.99,0.0
510031,1,110,1,93.99,0.0
510032,1,114,1,138.99,0.0
510032,2,110,1,98.99,0.0
510032,3,118,1,88.99,0.0
510033,1,134,3,238.99,0.0
510033,2,130,2,18.99,0.0
510034,1,120,2,248.99,0.2
510035,1,118,1,71.99,0.0
510035,2,116,1,129.99,0.0
510036,1,119,1,78.99,0.2
510037,1,107,1,188.99,0.0
510037,2,138,1,93.99,0.0
510037,3,106,1,83.99,0.0
510038,1,110,3,93.99,0.0
510039,1,127,3,55.99,0.0
510040,1,130,2,18.99,0.0
510041,1,118,2,83.99,0.0
510041,2,119,1,74.99,0.0
510042,1,118,3,83.99,0.2
510042,2,106,2,83.99,0.2
510042,3,132,1,45.99,0.2
510043,1,103,1,348.99,0.2
510043,2,106,3,88.99,0.2
510043,3,114,1,138.99,0.2
510044,1,118,1,88.99,0.1
510045,1,120,3,235.99,0.2
510045,2,121,3,216.99,0.2
510046,1,125,3,31.99,0.0
510047,1,129,2,44.99,0.0
510048,1,115,1,38.99,0.0
510048,2,135,3,148.99,0.0
510049,1,137,3,34.99,0.2
510050,1,109,3,68.99,0.0
510051,1,111,1,39.99,0.2
510051,2,108,1,227.99,0.2
510051,3,138,2,80.99,0.2
510052,1,122,1,63.99,0.0
510053,1,119,1,78.99,0.1
510054,1,120,2,235.99,0.2
510054,2,116,1,150.99,0.2
510055,1,104,1,528.99,0.0
510056,1,128,3,28.99,0.0
510057,1,123,1,84.99,0.2
510058,1,126,3,78.99,0.2
510059,1,120,1,235.99,0.3
510059,2,125,1,29.99,0.3
510060,1,101,3,288.99,0.2
510060,2,125,1,31.99,0.2
510061,1,112,1,178.99,0.0
510061,2,115,1,38.99,0.0
510061,3,111,2,48.99,0.0
510062,1,117,1,188.99,0.2
510063,1,138,1,98.99,0.2
510063,2,116,1,158.99,0.2
510064,1,128,1,28.99,0.0
510065,1,101,1,288.99,0.0
510066,1,115,2,38.99,0.0
510067,1,119,1,74.99,0.0
510067,2,115,1,36.99,0.0
510067,3,102,1,397.99,0.0
510068,1,125,1,31.99,0.2
510069,1,125,3,31.99,0.2
510070,1,121,1,228.99,0.0
510070,2,103,1,348.99,0.0
510071,1,126,1,63.99,0.0
510071,2,123,1,68.99,0.0
510071,3,120,1,203.99,0.0
510071,4,108,1,227.99,0.0
510072,1,103,1,330.99,0.0
510072,2,120,1,235.99,0.0
510072,3,133,1,112.99,0.0
510073,1,132,1,48.99,0.0
510074,1,112,1,178.99,0.0
510075,1,119,1,74.99,0.0
510076,1,103,1,330.99,0.2
510077,1,132,3,48.99,0.0
510078,1,115,1,38.99,0.2
510078,2,109,1,68.99,0.2
510079,1,104,3,528.99,0.0
510080,1,104,3,528.99,0.0
510080,2,137,2,34.99,0.0
510081,1,115,3,36.99,0.0
510082,1,121,1,216.99,0.0
510083,1,126,2,63.99,0.2
510084,1,133,1,118.99,0.1
510084,2,110,1,98.99,0.1
510084,3,130,1,18.99,0.1
510085,1,123,2,84.99,0.0
510085,2,137,1,34.99,0.0
510086,1,108,1,264.99,0.0
510087,1,108,3,264.99,0.3
510088,1,124,3,58.99,0.0
510089,1,124,2,58.99,0.0
510089,2,106,1,88.99,0.0
510089,3,127,3,58.99,0.0
510089,4,105,1,118.99,0.0
510090,1,106,2,83.99,0.2
510091,1,121,3,228.99,0.0
510092,1,109,1,64.99,0.0
510093,1,122,1,74.99,0.2
510093,2,118,1,83.99,0.2
510093,3,130,1,17.99,0.2
510093,4,124,2,55.99,0.2
510094,1,137,1,27.99,0.2
510095,1,104,2,528.99,0.2
510096,1,109,1,68.99,0.2
510097,1,135,1,140.99,0.3
510098,1,118,1,88.99,0.0
510099,1,121,2,228.99,0.0
510100,1,138,3,80.99,0.2
510100,2,124,1,47.99,0.2
510101,1,124,1,47.99,0.2
510101,2,121,1,186.99,0.2
510101,3,133,2,96.99,0.2
510102,1,134,1,194.99,0.0
510102,2,118,1,71.99,0.0
510102,3,121,1,186.99,0.0
510103,1,124,3,47.99,0.0
510104,1,114,1,112.99,0.0
510105,1,114,1,131.99,0.0
510105,2,130,1,17.99,0.0
510105,3,131,2,22.99,0.0
510105,4,121,2,216.99,0.0
510106,1,131,1,24.99,0.0
510107,1,120,1,235.99,0.0
510108,1,120,1,248.99,0.3
510108,2,121,1,228.99,0.3
510108,3,123,2,84.99,0.3
510109,1,124,1,55.99,0.2
510109,2,135,1,140.99,0.2
510110,1,104,2,501.99,0.2
510110,2,111,2,45.99,0.2
510111,1,110,3,80.99,0.0
510112,1,104,1,528.99,0.2
510112,2,126,2,78.99,0.2
510112,3,124,2,58.99,0.2
510113,1,109,3,68.99,0.1
510114,1,118,1,83.99,0.0
510114,2,126,2,74.99,0.0
510115,1,112,1,178.99,0.1
510115,2,111,1,48.99,0.1
510115,3,137,2,34.99,0.1
510116,1,129,1,44.99,0.2
510117,1,126,1,78.99,0.1
510118,1,125,1,25.99,0.0
510118,2,121,2,186.99,0.0
510118,3,119,2,63.99,0.0
510119,1,136,1,26.99,0.2
510120,1,116,1,158.99,0.0
510121,1,128,2,26.99,0.1
510122,1,122,1,78.99,0.0
510123,1,114,1,138.99,0.0
510124,1,121,1,186.99,0.0
510125,1,114,2,138.99,0.2
510125,2,130,1,18.99,0.2
510125,3,126,3,78.99,0.2
510126,1,118,2,83.99,0.2
510126,2,111,2,45.99,0.2
510127,1,125,3,29.99,0.0
510128,1,119,2,74.99,0.2
510129,1,119,1,78.99,0.2
510129,2,103,1,348.99,0.2
510130,1,117,1,153.99,0.1
510131,1,123,2,84.99,0.1
510131,2,117,1,188.99,0.1
510132,1,114,3,112.99,0.2
510132,2,121,1,186.99,0.2
510132,3,107,3,162.99,0.2
510132,4,118,1,71.99,0.2
510133,1,129,3,44.99,0.2
510133,2,130,3,18.99,0.2
510134,1,113,2,208.99,0.1
510134,2,107,1,198.99,0.1
510135,1,134,1,238.99,0.1
510135,2,123,1,84.99,0.1
510135,3,101,1,288.99,0.1
510135,4,110,2,98.99,0.1
510136,1,131,3,22.99,0.0
510137,1,110,2,98.99,0.3
510138,1,126,2,74.99,0.2
510139,1,119,1,78.99,0.3
510140,1,112,1,178.99,0.0
510140,2,136,1,28.99,0.0
510140,3,120,1,248.99,0.0
510141,1,127,1,58.99,0.2
510142,1,117,2,188.99,0.2
510142,2,119,1,78.99,0.2
510142,3,134,1,238.99,0.2
510143,1,124,2,47.99,0.0
510143,2,114,1,112.99,0.0
510144,1,108,2,227.99,0.1
510144,2,110,2,80.99,0.1
510145,1,132,1,39.99,0.2
510146,1,122,2,74.99,0.0
510147,1,111,2,39.99,0.1
510148,1,129,2,44.99,0.2
510149,1,128,1,28.99,0.2
510150,1,128,1,28.99,0.0
510150,2,115,2,38.99,0.0
510151,1,123,1,84.99,0.2
510151,2,111,2,48.99,0.2
510152,1,113,1,170.99,0.0
510152,2,125,1,25.99,0.0
510153,1,109,2,68.99,0.0
510154,1,133,1,118.99,0.2
510154,2,131,1,24.99,0.2
510154,3,127,1,58.99,0.2
510155,1,107,1,198.99,0.1
510156,1,112,2,169.99,0.0
510156,2,138,1,93.99,0.0
510156,3,113,1,197.99,0.0
510157,1,132,1,48.99,0.2
510157,2,121,1,228.99,0.2
510157,3,109,2,68.99,0.2
510158,1,122,2,63.99,0.2
510158,2,120,3,203.99,0.2
510159,1,115,1,38.99,0.0
510160,1,112,1,169.99,0.2
510160,2,126,1,74.99,0.2
510161,1,123,1,79.99,0.0
510162,1,107,1,198.99,0.0
510162,2,112,1,178.99,0.0
510162,3,137,1,34.99,0.0
510163,1,118,1,88.99,0.0
510164,1,134,2,238.99,0.0
510165,1,103,2,348.99,0.2
510165,2,123,1,84.99,0.2
510165,3,128,3,28.99,0.2
510166,1,126,1,78.99,0.2
510166,2,122,2,78.99,0.2
510167,1,134,2,238.99,0.0
510167,2,123,1,84.99,0.0
510167,3,132,3,48.99,0.0
510167,4,138,1,98.99,0.0
510168,1,122,2,78.99,0.1
510168,2,119,1,78.99,0.1
510169,1,104,1,528.99,0.0
510169,2,117,2,188.99,0.0
510170,1,120,1,235.99,0.1
510171,1,112,1,145.99,0.2
510172,1,110,2,93.99,0.2
510172,2,134,1,226.99,0.2
510173,1,127,3,58.99,0.1
510173,2,120,2,248.99,0.1
510173,3,115,2,38.99,0.1
510173,4,117,3,188.99,0.1
510173,5,135,3,148.99,0.1
510174,1,115,1,30.99,0.0
510175,1,109,2,68.99,0.2
510176,1,111,1,48.99,0.3
510176,2,122,2,78.99,0.3
510177,1,121,3,228.99,0.0
510177,2,113,1,208.99,0.0
510178,1,111,1,39.99,0.2
510179,1,119,2,63.99,0.0
510180,1,104,1,528.99,0.2
510181,1,138,2,98.99,0.0
510181,2,106,1,88.99,0.0
510182,1,123,2,84.99,0.2
510183,1,112,2,178.99,0.0
510183,2,137,1,34.99,0.0
510183,3,115,1,38.99,0.0
510184,1,137,1,32.99,0.2
510185,1,132,1,45.99,0.2
510186,1,123,1,84.99,0.0
510186,2,112,1,178.99,0.0
510187,1,137,2,32.99,0.2
510187,2,105,1,112.99,0.2
510188,1,108,2,264.99,0.0
510189,1,118,2,88.99,0.0
510190,1,112,1,169.99,0.0
510191,1,124,3,58.99,0.2
510191,2,125,3,31.99,0.2
510191,3,130,2,18.99,0.2
510192,1,103,2,330.99,0.2
510192,2,119,2,74.99,0.2
510192,3,120,1,235.99,0.2
510192,4,138,1,93.99,0.2
510193,1,111,2,48.99,0.3
510193,2,106,3,88.99,0.3
510193,3,128,3,28.99,0.3
510193,4,138,1,98.99,0.3
510194,1,116,3,158.99,0.1
510195,1,108,3,264.99,0.0
510196,1,112,3,178.99,0.2
510197,1,116,1,158.99,0.2
510198,1,111,1,45.99,0.2
510198,2,101,1,273.99,0.2
510199,1,118,2,88.99,0.0
510200,1,117,1,188.99,0.2
510201,1,120,3,248.99,0.0
510202,1,134,2,226.99,0.2
510203,1,129,1,41.99,0.2
510204,1,119,1,78.99,0.2
510204,2,120,2,248.99,0.2
510204,3,124,2,58.99,0.2
510205,1,132,1,39.99,0.2
510206,1,106,1,88.99,0.2
510206,2,131,1,24.99,0.2
510206,3,110,2,98.99,0.2
510207,1,118,1,88.99,0.2
510208,1,101,1,288.99,0.0
510209,1,129,2,44.99,0.0
510210,1,133,1,112.99,0.0
510211,1,137,1,32.99,0.0
510212,1,136,2,28.99,0.2
510213,1,138,1,98.99,0.2
510214,1,129,1,44.99,0.3
510215,1,104,1,501.99,0.0
510215,2,130,1,17.99,0.0
510216,1,123,1,84.99,0.1
510216,2,112,2,178.99,0.1
510217,1,121,1,216.99,0.2
510217,2,104,2,501.99,0.2
510218,1,114,1,131.99,0.2
510219,1,107,2,188.99,0.3
510220,1,137,2,27.99,0.3
510220,2,110,3,80.99,0.3
510220,3,112,1,145.99,0.3
510221,1,121,2,228.99,0.0
510221,2,133,1,118.99,0.0
510221,3,123,1,84.99,0.0
510222,1,135,3,148.99,0.0
510223,1,119,1,78.99,0.2
510223,2,106,3,88.99,0.2
510224,1,137,1,32.99,0.0
510225,1,133,1,112.99,0.2
510226,1,124,1,47.99,0.0
510226,2,138,1,80.99,0.0
510226,3,126,1,63.99,0.0
510226,4,125,1,25.99,0.0
510226,5,103,2,285.99,0.0
510227,1,109,1,68.99,0.2
510228,1,134,2,226.99,0.0
510228,2,113,1,197.99,0.0
510229,1,137,1,34.99,0.0
510229,2,107,2,198.99,0.0
510229,3,134,3,238.99,0.0
510230,1,123,1,84.99,0.1
510230,2,130,3,18.99,0.1
510231,1,106,1,83.99,0.0
510231,2,123,3,79.99,0.0
510231,3,124,1,55.99,0.0
510231,4,105,2,112.99,0.0
510232,1,126,1,74.99,0.1
510232,2,137,3,32.99,0.1
510233,1,116,1,158.99,0.0
510234,1,136,3,22.99,0.1
510235,1,122,2,78.99,0.0
510236,1,110,1,98.99,0.2
510237,1,124,2,47.99,0.2
510237,2,127,1,47.99,0.2
510238,1,127,1,58.99,0.2
510239,1,110,3,98.99,0.3
510240,1,137,2,32.99,0.2
510241,1,123,1,84.99,0.3
510242,1,122,1,63.99,0.2
510242,2,102,3,342.99,0.2
510243,1,120,3,248.99,0.0
510243,2,101,3,288.99,0.0
510243,3,118,2,88.99,0.0
510244,1,132,1,45.99,0.2
510244,2,134,1,226.99,0.2
510245,1,128,3,28.99,0.0
510245,2,118,2,88.99,0.0
510245,3,111,3,48.99,0.0
510246,1,125,2,29.99,0.0
510246,2,138,1,93.99,0.0
510247,1,107,1,162.99,0.2
510247,2,120,2,203.99,0.2
510247,3,135,1,121.99,0.2
510247,4,114,3,112.99,0.2
510248,1,134,1,238.99,0.2
510249,1,124,1,58.99,0.0
510250,1,122,2,74.99,0.0
510250,2,126,1,74.99,0.0
510251,1,123,2,84.99,0.2
510251,2,103,1,348.99,0.2
510251,3,109,1,68.99,0.2
510252,1,111,1,45.99,0.0
510252,2,133,1,112.99,0.0
510253,1,121,2,228.99,0.1
510254,1,128,2,28.99,0.2
510254,2,103,3,348.99,0.2
510255,1,114,3,138.99,0.0
510256,1,122,1,63.99,0.1
510256,2,112,3,145.99,0.1
510256,3,113,3,170.99,0.1
510257,1,118,2,88.99,0.0
510257,2,114,1,138.99,0.0
510257,3,133,1,118.99,0.0
510258,1,135,1,121.99,0.0
510258,2,121,1,186.99,0.0
510258,3,117,1,153.99,0.0
510259,1,125,2,31.99,0.0
510260,1,131,3,24.99,0.0
510260,2,113,1,208.99,0.0
510261,1,124,2,55.99,0.2
510262,1,120,1,248.99,0.2
510263,1,114,2,131.99,0.0
510264,1,135,2,148.99,0.0
510264,2,122,1,78.99,0.0
510264,3,120,2,248.99,0.0
510265,1,131,1,22.99,0.2
510266,1,106,1,88.99,0.2
510266,2,127,1,58.99,0.2
510266,3,129,1,44.99,0.2
510266,4,122,1,78.99,0.2
510266,5,114,1,138.99,0.2
510267,1,111,2,39.99,0.2
510268,1,130,1,17.99,0.0
510268,2,114,2,131.99,0.0
510269,1,113,3,208.99,0.0
510269,2,126,2,78.99,0.0
510269,3,106,2,88.99,0.0
510270,1,127,2,58.99,0.0
510270,2,107,1,198.99,0.0
510271,1,118,1,88.99,0.0
510271,2,102,2,418.99,0.0
510272,1,112,1,178.99,0.0
510273,1,123,1,84.99,0.2
510273,2,130,2,18.99,0.2
510274,1,135,1,148.99,0.2
510275,1,124,1,55.99,0.2
510275,2,101,1,273.99,0.2
510276,1,115,1,38.99,0.2
510276,2,123,1,84.99,0.2
510276,3,110,1,98.99,0.2
510277,1,109,2,68.99,0.3
510277,2,113,2,208.99,0.3
510278,1,104,2,528.99,0.0
510279,1,112,1,145.99,0.2
510280,1,135,2,148.99,0.2
510280,2,126,2,78.99,0.2
510280,3,111,1,48.99,0.2
510280,4,120,1,248.99,0.2
510281,1,117,2,188.99,0.0
510281,2,120,3,248.99,0.0
510281,3,137,1,34.99,0.0
510282,1,127,1,55.99,0.2
510283,1,132,3,45.99,0.2
510283,2,112,1,169.99,0.2
510284,1,114,2,131.99,0.2
510285,1,109,1,64.99,0.0
510286,1,110,1,98.99,0.0
510286,2,112,1,178.99,0.0
510286,3,138,2,98.99,0.0
510287,1,135,1,148.99,0.0
510287,2,118,1,88.99,0.0
510288,1,126,1,78.99,0.0
510289,1,134,1,226.99,0.2
510289,2,123,1,79.99,0.2
510289,3,101,3,273.99,0.2
510290,1,125,1,31.99,0.2
510290,2,118,1,88.99,0.2
510291,1,119,1,78.99,0.2
510292,1,127,2,47.99,0.0
510292,2,116,1,129.99,0.0
510292,3,106,1,71.99,0.0
510292,4,135,1,121.99,0.0
510293,1,109,3,64.99,0.0
510294,1,129,2,44.99,0.2
510294,2,103,1,348.99,0.2
510295,1,137,1,34.99,0.0
510295,2,129,1,44.99,0.0
510296,1,120,1,248.99,0.0
510297,1,126,1,78.99,0.0
510298,1,110,1,98.99,0.0
510299,1,104,3,528.99,0.0
510300,1,125,2,25.99,0.0
510300,2,117,1,153.99,0.0
510301,1,120,2,203.99,0.0
510302,1,123,1,84.99,0.0
510302,2,118,1,88.99,0.0
510302,3,106,2,88.99,0.0
510303,1,117,1,178.99,0.0
510304,1,104,2,528.99,0.0
510304,2,113,2,208.99,0.0
510305,1,115,2,38.99,0.2
510305,2,120,1,248.99,0.2
510306,1,116,2,158.99,0.0
510306,2,123,2,84.99,0.0
510307,1,138,2,93.99,0.2
510307,2,115,3,36.99,0.2
510307,3,116,3,150.99,0.2
510308,1,132,1,45.99,0.1
510308,2,123,2,79.99,0.1
510309,1,118,2,83.99,0.2
510310,1,120,1,248.99,0.0
510310,2,123,2,84.99,0.0
510310,3,119,1,78.99,0.0
510310,4,121,1,228.99,0.0
510310,5,110,3,98.99,0.0
510311,1,102,1,418.99,0.2
510312,1,117,2,188.99,0.2
510313,1,118,2,88.99,0.0
510313,2,136,2,28.99,0.0
510314,1,124,1,55.99,0.2
510314,2,106,1,83.99,0.2
510314,3,112,2,169.99,0.2
510315,1,115,2,36.99,0.2
510316,1,112,3,145.99,0.0
510316,2,129,3,35.99,0.0
510317,1,124,1,58.99,0.2
510318,1,120,1,248.99,0.2
510319,1,112,1,145.99,0.2
510320,1,132,1,45.99,0.1
510320,2,124,1,55.99,0.1
510321,1,125,1,31.99,0.0
510322,1,104,1,528.99,0.0
510323,1,114,2,112.99,0.0
510323,2,115,1,30.99,0.0
510324,1,135,1,148.99,0.0
510324,2,114,3,138.99,0.0
510324,3,137,1,34.99,0.0
510324,4,119,2,78.99,0.0
510324,5,105,1,118.99,0.0
510325,1,133,1,118.99,0.2
510326,1,117,1,153.99,0.2
510326,2,133,3,96.99,0.2
510327,1,112,1,178.99,0.2
510327,2,121,2,228.99,0.2
510328,1,124,1,47.99,0.1
510329,1,110,2,98.99,0.2
510330,1,116,2,158.99,0.0
510330,2,132,1,48.99,0.0
510331,1,119,2,74.99,0.2
510331,2,124,3,55.99,0.2
510331,3,113,1,197.99,0.2
510331,4,118,1,83.99,0.2
510332,1,117,2,188.99,0.2
510333,1,113,1,208.99,0.0
510333,2,104,2,528.99,0.0
510334,1,121,2,216.99,0.0
510334,2,133,3,112.99,0.0
510334,3,116,3,150.99,0.0
510334,4,112,1,169.99,0.0
510334,5,107,1,188.99,0.0
510335,1,116,2,158.99,0.0
510336,1,118,2,88.99,0.2
510337,1,114,3,131.99,0.2
510338,1,135,2,148.99,0.0
510338,2,120,2,248.99,0.0
510339,1,115,2,38.99,0.0
510339,2,136,1,28.99,0.0
510340,1,116,2,158.99,0.2
510340,2,128,1,28.99,0.2
510341,1,126,3,63.99,0.2
510342,1,128,2,28.99,0.2
510342,2,133,2,118.99,0.2
510343,1,109,1,68.99,0.2
510343,2,117,1,188.99,0.2
510344,1,110,2,98.99,0.0
510344,2,121,1,228.99,0.0
510345,1,103,2,348.99,0.0
510346,1,134,1,226.99,0.0
510347,1,130,1,18.99,0.0
510348,1,123,2,79.99,0.2
510349,1,102,2,397.99,0.1
510349,2,119,1,74.99,0.1
510350,1,115,1,36.99,0.2
510351,1,111,1,48.99,0.0
510352,1,119,1,78.99,0.0
510353,1,117,2,188.99,0.2
510353,2,137,2,34.99,0.2
510354,1,122,2,78.99,0.2
510355,1,111,1,48.99,0.1
510356,1,135,2,121.99,0.3
510357,1,136,2,26.99,0.2
510357,2,121,1,216.99,0.2
510358,1,127,1,47.99,0.0
510358,2,119,3,63.99,0.0
510358,3,109,1,55.99,0.0
510359,1,111,1,45.99,0.2
510360,1,125,2,29.99,0.1
510361,1,110,1,80.99,0.2
510362,1,121,3,216.99,0.2
510363,1,133,1,112.99,0.0
510363,2,114,2,131.99,0.0
510364,1,119,1,78.99,0.0
510365,1,121,1,228.99,0.2
510366,1,137,2,34.99,0.2
510367,1,105,1,96.99,0.3
510368,1,136,1,22.99,0.0
510369,1,127,1,58.99,0.0
510369,2,111,1,48.99,0.0
510370,1,138,1,98.99,0.1
510371,1,109,1,64.99,0.3
510371,2,108,2,264.99,0.3
510371,3,121,3,216.99,0.3
510371,4,112,3,169.99,0.3
510371,5,113,1,197.99,0.3
510372,1,118,1,88.99,0.1
510372,2,112,1,178.99,0.1
510372,3,123,1,84.99,0.1
510373,1,116,3,158.99,0.0
510373,2,124,1,58.99,0.0
510374,1,111,1,48.99,0.1
510375,1,104,1,501.99,0.0
510376,1,117,1,188.99,0.0
510376,2,108,2,278.99,0.0
510377,1,106,2,88.99,0.0
510377,2,121,2,228.99,0.0
510377,3,115,1,38.99,0.0
510378,1,118,1,88.99,0.1
510378,2,124,2,58.99,0.1
510379,1,124,1,58.99,0.0
510380,1,119,2,78.99,0.0
510380,2,116,2,158.99,0.0
510380,3,110,1,98.99,0.0
510381,1,117,1,188.99,0.2
510381,2,122,3,78.99,0.2
510381,3,101,2,288.99,0.2
510381,4,102,3,418.99,0.2
510381,5,135,2,148.99,0.2
510382,1,127,1,55.99,0.2
510383,1,125,2,31.99,0.0
510383,2,124,1,58.99,0.0
510383,3,122,1,78.99,0.0
510383,4,114,1,138.99,0.0
510383,5,132,1,48.99,0.0
510384,1,136,1,28.99,0.0
510384,2,134,2,238.99,0.0
510385,1,114,1,131.99,0.2
510385,2,106,1,83.99,0.2
510386,1,135,2,148.99,0.2
510386,2,138,1,98.99,0.2
510387,1,117,2,178.99,0.0
510388,1,108,3,264.99,0.0
510389,1,117,3,178.99,0.0
510390,1,123,1,79.99,0.0
510390,2,120,1,235.99,0.0
510391,1,128,1,28.99,0.0
510392,1,130,2,14.99,0.0
510393,1,119,2,78.99,0.2
510393,2,120,1,248.99,0.2
510394,1,101,2,288.99,0.2
510395,1,110,1,98.99,0.0
510395,2,126,1,78.99,0.0
510395,3,116,3,158.99,0.0
510396,1,125,1,29.99,0.0
510397,1,123,1,84.99,0.0
510398,1,129,2,44.99,0.2
510399,1,101,2,288.99,0.2
510400,1,121,1,216.99,0.0
510400,2,120,1,235.99,0.0
510400,3,117,2,178.99,0.0
510400,4,118,2,83.99,0.0
510400,5,111,3,45.99,0.0
510401,1,120,2,248.99,0.0
510401,2,106,3,88.99,0.0
510401,3,118,2,88.99,0.0
510401,4,108,1,278.99,0.0
510402,1,119,1,78.99,0.0
510403,1,128,1,26.99,0.0
510403,2,126,2,74.99,0.0
510403,3,130,2,17.99,0.0
510403,4,104,2,501.99,0.0
510404,1,103,2,348.99,0.0
510404,2,133,2,118.99,0.0
510404,3,116,2,158.99,0.0
510404,4,107,2,198.99,0.0
510405,1,125,2,31.99,0.0
510406,1,110,1,80.99,0.2
510406,2,102,2,342.99,0.2
510406,3,116,1,129.99,0.2
510406,4,111,1,39.99,0.2
510407,1,123,3,68.99,0.1
510408,1,130,1,18.99,0.0
510409,1,122,1,78.99,0.1
510410,1,125,1,31.99,0.2
510410,2,101,1,288.99,0.2
510411,1,129,1,41.99,0.0
510412,1,125,2,31.99,0.3
510413,1,122,2,63.99,0.2
510413,2,115,1,30.99,0.2
510413,3,119,1,63.99,0.2
510414,1,122,1,74.99,0.2
510414,2,133,1,112.99,0.2
510415,1,115,2,36.99,0.0
510415,2,108,3,264.99,0.0
510415,3,119,1,74.99,0.0
510416,1,118,1,88.99,0.2
510416,2,105,2,118.99,0.2
510416,3,101,1,288.99,0.2
510416,4,124,3,58.99,0.2
510417,1,104,1,501.99,0.0
510417,2,117,1,178.99,0.0
510418,1,122,2,78.99,0.2
510418,2,106,1,88.99,0.2
510419,1,122,1,78.99,0.2
510419,2,132,2,48.99,0.2
510420,1,102,1,418.99,0.0
510420,2,113,1,208.99,0.0
510420,3,129,1,44.99,0.0
510421,1,103,1,348.99,0.2
510422,1,121,2,186.99,0.0
510423,1,104,1,528.99,0.2
510424,1,124,1,47.99,0.0
510424,2,128,1,22.99,0.0
510424,3,123,1,68.99,0.0
510424,4,121,1,186.99,0.0
510425,1,132,3,45.99,0.1
510426,1,118,1,83.99,0.2
510426,2,131,1,22.99,0.2
510427,1,129,1,44.99,0.0
510427,2,131,1,24.99,0.0
510427,3,121,2,228.99,0.0
510427,4,112,2,178.99,0.0
510427,5,127,1,58.99,0.0
510428,1,114,2,138.99,0.2
510428,2,127,1,58.99,0.2
510429,1,123,2,79.99,0.2
510429,2,131,1,22.99,0.2
510430,1,115,1,38.99,0.2
510430,2,119,2,78.99,0.2
510430,3,129,3,44.99,0.2
510431,1,125,3,31.99,0.0
510431,2,120,2,248.99,0.0
510432,1,123,3,84.99,0.1
510432,2,126,3,78.99,0.1
510433,1,112,1,169.99,0.0
510433,2,119,1,74.99,0.0
510434,1,105,1,118.99,0.2
510434,2,113,1,208.99,0.2
510435,1,111,2,48.99,0.3
510435,2,130,1,18.99,0.3
510436,1,115,1,36.99,0.1
510436,2,114,1,131.99,0.1
510436,3,116,2,150.99,0.1
510437,1,138,1,93.99,0.2
510438,1,121,1,228.99,0.0
510438,2,101,1,288.99,0.0
510439,1,123,1,84.99,0.1
510439,2,128,1,28.99,0.1
510439,3,131,1,24.99,0.1
510440,1,112,1,178.99,0.0
510441,1,106,1,88.99,0.1
510442,1,122,1,78.99,0.0
510443,1,122,1,63.99,0.2
510443,2,131,1,19.99,0.2
510444,1,120,1,248.99,0.0
510445,1,116,1,158.99,0.0
510445,2,103,3,348.99,0.0
510446,1,121,1,228.99,0.0
510446,2,110,1,98.99,0.0
510447,1,134,1,238.99,0.2
510448,1,120,3,248.99,0.0
510448,2,122,1,78.99,0.0
510449,1,123,1,84.99,0.2
510449,2,105,2,118.99,0.2
510449,3,136,3,28.99,0.2
510449,4,128,2,28.99,0.2
510450,1,134,1,238.99,0.0
510450,2,119,1,78.99,0.0
510451,1,113,2,170.99,0.2
510451,2,133,1,96.99,0.2
510451,3,117,1,153.99,0.2
510452,1,112,1,169.99,0.0
510453,1,136,1,26.99,0.0
510454,1,122,3,78.99,0.0
510455,1,117,3,178.99,0.2
510455,2,118,3,83.99,0.2
510456,1,118,1,83.99,0.2
510456,2,130,1,17.99,0.2
510456,3,122,1,74.99,0.2
510457,1,102,1,418.99,0.2
510457,2,118,1,88.99,0.2
510457,3,131,1,24.99,0.2
510458,1,115,2,38.99,0.0
510459,1,123,1,84.99,0.0
510460,1,111,1,48.99,0.1
510461,1,103,2,348.99,0.0
510461,2,111,1,48.99,0.0
510462,1,122,2,78.99,0.2
510462,2,113,2,208.99,0.2
510462,3,107,2,198.99,0.2
510463,1,133,2,112.99,0.2
510464,1,123,1,79.99,0.0
510465,1,127,1,58.99,0.2
510465,2,135,1,148.99,0.2
510466,1,128,1,22.99,0.0
510467,1,106,3,83.99,0.2
510468,1,124,1,55.99,0.2
510468,2,107,2,188.99,0.2
510468,3,114,1,131.99,0.2
510468,4,123,2,79.99,0.2
510469,1,125,1,31.99,0.0
510469,2,103,1,348.99,0.0
510469,3,114,1,138.99,0.0
510470,1,129,3,44.99,0.2
510471,1,117,3,178.99,0.1
510472,1,122,2,78.99,0.1
510472,2,107,2,198.99,0.1
510473,1,112,1,169.99,0.0
510473,2,108,2,264.99,0.0
510474,1,128,1,28.99,0.2
510475,1,131,2,24.99,0.0
510475,2,122,2,78.99,0.0
510475,3,134,1,238.99,0.0
510476,1,112,1,145.99,0.0
510477,1,114,2,138.99,0.2
510478,1,113,2,208.99,0.0
510479,1,112,1,169.99,0.0
510480,1,112,1,145.99,0.2
510480,2,105,1,96.99,0.2
510480,3,108,1,227.99,0.2
510480,4,138,2,80.99,0.2
510481,1,109,1,64.99,0.2
510481,2,133,3,112.99,0.2
510481,3,127,1,55.99,0.2
510482,1,109,3,68.99,0.3
510483,1,132,1,48.99,0.0
510484,1,117,1,178.99,0.2
510484,2,123,1,79.99,0.2
510485,1,124,1,58.99,0.0
510485,2,107,2,198.99,0.0
510486,1,129,3,44.99,0.0
510487,1,116,1,158.99,0.1
510488,1,123,2,84.99,0.0
510489,1,111,1,45.99,0.2
510490,1,123,3,84.99,0.0
510491,1,121,1,216.99,0.2
510492,1,107,1,198.99,0.0
510492,2,103,1,348.99,0.0
510492,3,106,1,88.99,0.0
510493,1,119,1,63.99,0.2
510493,2,105,2,96.99,0.2
510493,3,138,3,80.99,0.2
510494,1,105,1,96.99,0.2
510494,2,125,3,25.99,0.2
510494,3,116,2,129.99,0.2
510495,1,102,1,397.99,0.0
510496,1,112,2,169.99,0.2
510496,2,120,1,235.99,0.2
510497,1,134,2,226.99,0.0
510498,1,135,2,148.99,0.0
510498,2,133,3,118.99,0.0
510499,1,110,3,98.99,0.2
510499,2,123,1,84.99,0.2
510500,1,123,3,79.99,0.0
510501,1,113,2,208.99,0.0
510501,2,116,1,158.99,0.0
510501,3,137,2,34.99,0.0
510502,1,110,1,93.99,0.3
510503,1,122,2,63.99,0.0
510503,2,120,1,203.99,0.0
510504,1,113,2,208.99,0.2
510504,2,125,2,31.99,0.2
510504,3,120,2,248.99,0.2
510505,1,104,1,528.99,0.2
510506,1,136,1,22.99,0.0
510506,2,130,2,14.99,0.0
510506,3,103,1,285.99,0.0
510507,1,132,1,48.99,0.2
510507,2,114,1,138.99,0.2
510507,3,104,1,528.99,0.2
510507,4,131,2,24.99,0.2
510508,1,106,2,88.99,0.0
510509,1,127,2,55.99,0.0
510509,2,119,3,74.99,0.0
510510,1,107,1,162.99,0.2
510511,1,116,1,150.99,0.2
510512,1,102,1,418.99,0.0
510512,2,118,2,88.99,0.0
510513,1,111,1,45.99,0.0
510513,2,134,3,226.99,0.0
510514,1,110,1,98.99,0.2
510514,2,119,1,78.99,0.2
510515,1,122,2,74.99,0.0
510515,2,138,1,93.99,0.0
510516,1,126,1,78.99,0.2
510516,2,116,1,158.99,0.2
510517,1,109,1,68.99,0.0
510517,2,120,1,248.99,0.0
510517,3,121,3,228.99,0.0
510517,4,118,1,88.99,0.0
510518,1,135,2,140.99,0.1
510519,1,110,1,80.99,0.0
510519,2,136,2,22.99,0.0
510520,1,117,1,188.99,0.0
510521,1,123,1,79.99,0.2
510521,2,134,2,226.99,0.2
510522,1,124,3,47.99,0.0
510523,1,115,1,38.99,0.2
510523,2,131,1,24.99,0.2
510524,1,113,3,170.99,0.0
510525,1,121,1,228.99,0.2
510526,1,123,1,79.99,0.0
510526,2,122,1,74.99,0.0
510527,1,118,1,83.99,0.0
510528,1,124,2,55.99,0.2
510528,2,102,1,397.99,0.2
510528,3,108,1,264.99,0.2
510529,1,135,1,121.99,0.1
510529,2,113,1,170.99,0.1
510530,1,110,1,98.99,0.0
510531,1,106,3,88.99,0.2
510532,1,123,1,84.99,0.2
510532,2,121,1,228.99,0.2
510532,3,138,1,98.99,0.2
510532,4,127,1,58.99,0.2
510533,1,133,1,96.99,0.0
510533,2,130,1,14.99,0.0
510533,3,137,1,27.99,0.0
510534,1,119,2,78.99,0.3
510535,1,121,1,228.99,0.0
510536,1,105,1,118.99,0.2
510536,2,109,1,68.99,0.2
510537,1,114,2,138.99,0.3
510538,1,110,2,98.99,0.0
510538,2,136,3,28.99,0.0
510539,1,106,1,83.99,0.2
510540,1,125,2,31.99,0.2
510540,2,121,2,228.99,0.2
510540,3,106,2,88.99,0.2
510540,4,118,2,88.99,0.2
510541,1,138,2,98.99,0.0
510542,1,121,3,216.99,0.2
510543,1,133,1,112.99,0.2
510544,1,118,1,88.99,0.0
510544,2,122,3,78.99,0.0
510545,1,117,3,178.99,0.0
510546,1,101,1,273.99,0.0
510547,1,134,3,194.99,0.1
510547,2,123,2,68.99,0.1
510547,3,124,1,47.99,0.1
510548,1,118,2,71.99,0.1
510549,1,110,1,80.99,0.0
510550,1,106,3,83.99,0.2
510550,2,113,1,197.99,0.2
510551,1,113,1,208.99,0.1
510551,2,108,1,278.99,0.1
510552,1,113,1,208.99,0.2
510553,1,106,1,83.99,0.1
510553,2,119,1,74.99,0.1
510554,1,122,1,63.99,0.3
510555,1,133,1,118.99,0.0
510555,2,104,1,528.99,0.0
510555,3,112,3,178.99,0.0
510556,1,107,1,198.99,0.1
510557,1,106,1,71.99,0.2
510557,2,123,3,68.99,0.2
510558,1,112,1,178.99,0.0
510559,1,119,3,78.99,0.2
510560,1,123,1,84.99,0.0
510560,2,115,1,38.99,0.0
510561,1,123,1,79.99,0.0
510561,2,111,1,45.99,0.0
510561,3,126,2,74.99,0.0
510561,4,124,2,55.99,0.0
510561,5,120,2,235.99,0.0
510562,1,102,1,418.99,0.2
510562,2,125,2,31.99,0.2
510563,1,110,1,93.99,0.3
510564,1,121,1,186.99,0.2
510564,2,117,3,153.99,0.2
510565,1,118,2,88.99,0.0
510565,2,130,1,18.99,0.0
510566,1,124,1,47.99,0.0
510567,1,127,2,58.99,0.0
510567,2,115,1,38.99,0.0
510567,3,124,1,58.99,0.0
510568,1,126,1,74.99,0.2
510569,1,128,1,22.99,0.0
510569,2,123,2,68.99,0.0
510569,3,120,2,203.99,0.0
510570,1,109,1,68.99,0.2
510570,2,129,1,44.99,0.2
510571,1,107,2,188.99,0.0
510571,2,114,2,131.99,0.0
510571,3,118,2,83.99,0.0
510571,4,111,1,45.99,0.0
510572,1,119,2,74.99,0.2
510573,1,102,2,418.99,0.0
510573,2,128,1,28.99,0.0
510573,3,106,1,88.99,0.0
510573,4,133,3,118.99,0.0
510574,1,111,2,48.99,0.0
510575,1,124,1,58.99,0.2
510576,1,103,1,330.99,0.2
510577,1,130,3,18.99,0.0
510577,2,135,1,148.99,0.0
510577,3,114,1,138.99,0.0
510577,4,125,1,31.99,0.0
510578,1,125,1,29.99,0.1
510579,1,138,3,93.99,0.2
510579,2,120,2,235.99,0.2
510579,3,112,3,169.99,0.2
510580,1,117,1,153.99,0.0
510581,1,115,2,38.99,0.2
510582,1,117,1,178.99,0.2
510583,1,118,1,83.99,0.0
510584,1,119,1,78.99,0.2
510584,2,102,1,418.99,0.2
510585,1,120,1,248.99,0.1
510586,1,112,1,169.99,0.0
510586,2,123,1,79.99,0.0
510586,3,114,2,131.99,0.0
510586,4,118,1,83.99,0.0
510587,1,109,2,68.99,0.2
510587,2,123,3,84.99,0.2
510588,1,111,2,48.99,0.0
510588,2,130,2,18.99,0.0
510588,3,137,1,34.99,0.0
510588,4,113,1,208.99,0.0
510589,1,134,2,238.99,0.1
510590,1,136,3,22.99,0.2
510591,1,105,1,112.99,0.0
510591,2,115,1,36.99,0.0
510592,1,113,2,208.99,0.2
510592,2,118,3,88.99,0.2
510592,3,124,3,58.99,0.2
510593,1,129,1,41.99,0.0
510594,1,114,1,138.99,0.2
510595,1,110,3,93.99,0.0
510595,2,116,2,150.99,0.0
510596,1,133,2,112.99,0.2
510596,2,122,1,74.99,0.2
510597,1,136,2,28.99,0.2
510597,2,101,2,288.99,0.2
510598,1,114,3,131.99,0.1
510598,2,136,3,26.99,0.1
510599,1,117,1,188.99,0.2
510599,2,122,2,78.99,0.2
510599,3,106,3,88.99,0.2
510600,1,107,1,162.99,0.2
510600,2,128,1,22.99,0.2
510601,1,114,3,131.99,0.0
510602,1,120,1,235.99,0.0
510602,2,116,2,150.99,0.0
510603,1,112,2,178.99,0.0
510604,1,119,1,78.99,0.2
510604,2,107,3,198.99,0.2
510605,1,123,3,68.99,0.0
510605,2,115,3,30.99,0.0
510605,3,130,2,14.99,0.0
510605,4,107,3,162.99,0.0
510606,1,122,3,63.99,0.2
510606,2,123,1,68.99,0.2
510607,1,133,1,118.99,0.0
510608,1,126,3,63.99,0.2
510609,1,122,1,74.99,0.0
510610,1,112,1,169.99,0.0
510611,1,118,1,83.99,0.2
510611,2,105,1,112.99,0.2
510612,1,131,2,24.99,0.0
510613,1,117,1,178.99,0.2
510613,2,127,2,55.99,0.2
510613,3,116,2,150.99,0.2
510614,1,122,1,74.99,0.0
510614,2,136,1,26.99,0.0
510614,3,115,2,36.99,0.0
510614,4,132,1,45.99,0.0
510615,1,108,2,264.99,0.0
510615,2,104,2,501.99,0.0
510616,1,116,1,158.99,0.2
510616,2,120,1,248.99,0.2
510616,3,113,1,208.99,0.2
510617,1,116,1,158.99,0.2
510617,2,127,2,58.99,0.2
510618,1,112,2,178.99,0.0
510619,1,128,1,28.99,0.1
510620,1,122,3,63.99,0.2
510621,1,129,3,44.99,0.0
510621,2,105,1,118.99,0.0
510622,1,128,1,28.99,0.0
510622,2,125,2,31.99,0.0
510623,1,124,1,58.99,0.2
510623,2,120,1,248.99,0.2
510623,3,136,2,28.99,0.2
510624,1,105,2,112.99,0.2
510624,2,112,2,169.99,0.2
510625,1,132,1,48.99,0.2
510625,2,130,1,18.99,0.2
510626,1,132,1,48.99,0.0
510626,2,116,2,158.99,0.0
510626,3,117,1,188.99,0.0
510626,4,121,1,228.99,0.0
510626,5,120,1,248.99,0.0
510627,1,123,1,84.99,0.0
510628,1,126,1,74.99,0.2
510629,1,104,1,528.99,0.2
510629,2,121,2,228.99,0.2
510630,1,113,2,170.99,0.2
510630,2,107,1,162.99,0.2
510631,1,124,1,58.99,0.1
510632,1,120,1,248.99,0.2
510632,2,126,1,78.99,0.2
510633,1,134,1,226.99,0.0
510634,1,116,1,158.99,0.2
510635,1,118,2,83.99,0.0
510636,1,116,1,150.99,0.2
510637,1,108,2,278.99,0.3
510637,2,119,2,78.99,0.3
510638,1,119,1,78.99,0.0
510639,1,132,3,48.99,0.0
510640,1,138,1,98.99,0.0
510640,2,112,2,178.99,0.0
510641,1,136,1,22.99,0.0
510642,1,128,2,22.99,0.2
510642,2,122,2,63.99,0.2
510643,1,115,3,38.99,0.0
510644,1,107,2,198.99,0.2
510644,2,131,1,24.99,0.2
510645,1,108,2,264.99,0.0
510646,1,119,2,74.99,0.2
510647,1,106,1,88.99,0.0
510648,1,119,3,78.99,0.0
510649,1,120,1,235.99,0.2
510649,2,119,2,74.99,0.2
510650,1,125,3,31.99,0.0
510650,2,124,1,58.99,0.0
510651,1,110,1,93.99,0.0
510651,2,120,1,235.99,0.0
510651,3,124,2,55.99,0.0
510652,1,120,1,248.99,0.2
510653,1,124,1,58.99,0.0
510654,1,131,3,24.99,0.1
510654,2,127,1,58.99,0.1
510655,1,113,2,208.99,0.3
510655,2,119,2,78.99,0.3
510655,3,131,2,24.99,0.3
510655,4,120,1,248.99,0.3
510655,5,125,1,31.99,0.3
510656,1,117,1,188.99,0.2
510657,1,117,2,178.99,0.2
510657,2,102,1,397.99,0.2
510657,3,101,1,273.99,0.2
510658,1,106,2,88.99,0.0
510658,2,119,1,78.99,0.0
510659,1,118,1,83.99,0.2
510660,1,136,1,28.99,0.2
510661,1,107,3,198.99,0.2
510662,1,119,2,78.99,0.1
510663,1,112,1,178.99,0.0
510664,1,110,3,93.99,0.0
510665,1,124,1,58.99,0.2
510665,2,122,1,78.99,0.2
510665,3,128,2,28.99,0.2
510666,1,129,1,44.99,0.2
510667,1,120,1,248.99,0.0
510667,2,119,1,78.99,0.0
510667,3,121,3,228.99,0.0
510668,1,135,1,121.99,0.2
510669,1,102,1,397.99,0.0
510669,2,108,1,264.99,0.0
510670,1,107,1,198.99,0.0
510670,2,124,1,58.99,0.0
510671,1,117,1,153.99,0.2
510672,1,132,1,39.99,0.2
510673,1,128,1,28.99,0.2
510674,1,113,2,197.99,0.2
510675,1,123,1,68.99,0.2
510676,1,119,1,63.99,0.2
510676,2,133,3,96.99,0.2
510677,1,128,1,28.99,0.2
510677,2,115,3,38.99,0.2
510677,3,109,2,68.99,0.2
510678,1,119,1,78.99,0.2
510679,1,114,1,138.99,0.0
510680,1,131,3,24.99,0.0
510681,1,128,1,26.99,0.2
510682,1,119,3,78.99,0.0
510682,2,118,2,88.99,0.0
510683,1,126,2,78.99,0.2
510683,2,117,1,188.99,0.2
510684,1,128,1,28.99,0.2
510685,1,125,2,29.99,0.0
510685,2,102,1,397.99,0.0
510686,1,116,3,158.99,0.2
510686,2,108,3,278.99,0.2
510686,3,105,1,118.99,0.2
510686,4,124,2,58.99,0.2
510687,1,131,2,24.99,0.2
510688,1,121,2,216.99,0.0
510688,2,117,3,178.99,0.0
510688,3,118,3,83.99,0.0
510688,4,108,2,264.99,0.0
510689,1,132,1,48.99,0.2
510690,1,130,1,18.99,0.0
510691,1,102,1,418.99,0.1
510691,2,134,1,238.99,0.1
510691,3,120,2,248.99,0.1
510691,4,112,2,178.99,0.1
510692,1,123,1,84.99,0.0
510692,2,133,1,118.99,0.0
510693,1,103,2,285.99,0.0
510693,2,122,1,63.99,0.0
510693,3,128,2,22.99,0.0
510693,4,111,2,39.99,0.0
510694,1,128,1,28.99,0.0
510695,1,113,1,208.99,0.2
510696,1,102,3,397.99,0.0
510697,1,110,3,93.99,0.2
510697,2,121,2,216.99,0.2
510698,1,124,2,55.99,0.2
510698,2,115,3,36.99,0.2
510699,1,108,1,264.99,0.2
510699,2,123,1,79.99,0.2
510700,1,137,2,34.99,0.0
510700,2,111,1,48.99,0.0
510701,1,123,1,84.99,0.0
510702,1,132,1,48.99,0.2
510702,2,117,1,188.99,0.2
510703,1,107,1,188.99,0.0
510704,1,128,1,28.99,0.0
510704,2,127,1,58.99,0.0
510704,3,131,1,24.99,0.0
510705,1,125,1,31.99,0.0
510705,2,130,1,18.99,0.0
510706,1,122,1,74.99,0.2
510706,2,104,2,501.99,0.2
510707,1,118,1,88.99,0.1
510708,1,118,1,88.99,0.1
510708,2,121,1,228.99,0.1
510709,1,119,1,74.99,0.2
510710,1,129,2,41.99,0.2
510710,2,125,1,29.99,0.2
510711,1,131,1,24.99,0.0
510711,2,117,2,188.99,0.0
510712,1,119,1,78.99,0.1
510713,1,127,3,58.99,0.2
510713,2,126,2,78.99,0.2
510714,1,116,1,158.99,0.0
510714,2,121,1,228.99,0.0
510714,3,123,1,84.99,0.0
510714,4,120,2,248.99,0.0
510715,1,128,1,22.99,0.0
510715,2,133,1,96.99,0.0
510716,1,110,1,80.99,0.0
510717,1,101,1,273.99,0.2
510718,1,134,3,226.99,0.0
510718,2,107,2,188.99,0.0
510718,3,101,3,273.99,0.0
510718,4,115,1,36.99,0.0
510718,5,111,1,45.99,0.0
510719,1,112,1,178.99,0.2
510719,2,133,1,118.99,0.2
510719,3,121,1,228.99,0.2
510719,4,135,1,148.99,0.2
510720,1,123,2,84.99,0.0
510721,1,117,3,188.99,0.0
510721,2,113,2,208.99,0.0
510722,1,130,2,18.99,0.0
510722,2,120,1,248.99,0.0
510723,1,116,3,158.99,0.2
510723,2,136,1,28.99,0.2
510723,3,103,2,348.99,0.2
510724,1,132,2,48.99,0.0
510725,1,121,3,228.99,0.0
510726,1,133,2,118.99,0.1
510727,1,110,1,98.99,0.0
510727,2,115,1,38.99,0.0
510727,3,119,1,78.99,0.0
510727,4,128,3,28.99,0.0
510728,1,112,3,169.99,0.2
510728,2,119,2,74.99,0.2
510728,3,105,3,112.99,0.2
510729,1,129,2,41.99,0.0
510730,1,104,1,528.99,0.1
510731,1,122,1,78.99,0.2
510732,1,102,2,397.99,0.3
510732,2,134,2,226.99,0.3
510732,3,125,2,29.99,0.3
510732,4,106,1,83.99,0.3
510733,1,107,1,198.99,0.0
510734,1,117,1,188.99,0.0
510735,1,120,2,248.99,0.2
510736,1,119,1,74.99,0.2
510737,1,111,1,39.99,0.2
510738,1,128,1,28.99,0.0
510738,2,109,1,68.99,0.0
510739,1,122,1,74.99,0.2
510740,1,132,1,48.99,0.1
510741,1,102,3,397.99,0.2
510741,2,106,1,83.99,0.2
510742,1,108,2,278.99,0.2
510742,2,135,1,148.99,0.2
510743,1,120,2,248.99,0.2
510744,1,115,2,38.99,0.2
510745,1,120,1,248.99,0.2
510746,1,135,2,148.99,0.2
510747,1,122,2,78.99,0.0
510747,2,103,1,348.99,0.0
510747,3,118,3,88.99,0.0
510747,4,110,1,98.99,0.0
510748,1,108,1,264.99,0.2
510749,1,132,1,48.99,0.1
510750,1,117,1,188.99,0.0
510751,1,102,2,397.99,0.0
510751,2,129,1,41.99,0.0
510752,1,129,3,41.99,0.2
510753,1,133,3,118.99,0.1
510753,2,117,1,188.99,0.1
510754,1,104,1,501.99,0.2
510755,1,117,3,188.99,0.2
510755,2,121,3,228.99,0.2
510756,1,113,2,197.99,0.0
510757,1,101,2,288.99,0.0
510757,2,134,2,238.99,0.0
510757,3,117,1,188.99,0.0
510758,1,111,3,48.99,0.0
510758,2,105,2,118.99,0.0
510758,3,110,1,98.99,0.0
510758,4,109,1,68.99,0.0
510758,5,120,3,248.99,0.0
510759,1,113,1,197.99,0.0
510760,1,112,2,169.99,0.1
510760,2,119,3,74.99,0.1
510761,1,115,2,38.99,0.1
510762,1,115,1,30.99,0.0
510763,1,136,2,28.99,0.2
510764,1,137,1,34.99,0.2
510765,1,112,1,145.99,0.0
510765,2,132,3,39.99,0.0
510766,1,121,2,186.99,0.2
510766,2,127,3,47.99,0.2
510767,1,131,1,24.99,0.2
510767,2,114,2,138.99,0.2
510767,3,113,1,208.99,0.2
510768,1,124,1,55.99,0.0
510768,2,117,1,178.99,0.0
510769,1,120,1,235.99,0.0
510769,2,129,1,41.99,0.0
510770,1,120,1,235.99,0.2
510771,1,125,3,31.99,0.2
510771,2,110,3,98.99,0.2
510772,1,118,1,83.99,0.1
510773,1,104,2,528.99,0.0
510774,1,112,1,178.99,0.0
510774,2,102,1,418.99,0.0
510775,1,120,1,248.99,0.0
510776,1,123,1,79.99,0.0
510777,1,114,2,138.99,0.2
510777,2,123,3,84.99,0.2
510777,3,105,1,118.99,0.2
510778,1,104,1,432.99,0.2
510779,1,123,2,79.99,0.2
510779,2,138,1,93.99,0.2
510779,3,131,2,22.99,0.2
510779,4,136,1,26.99,0.2
510779,5,115,1,36.99,0.2
510780,1,122,2,63.99,0.0
510780,2,110,3,80.99,0.0
510780,3,107,2,162.99,0.0
510780,4,137,1,27.99,0.0
510780,5,121,2,186.99,0.0
510781,1,133,3,118.99,0.0
510782,1,138,2,98.99,0.0
510783,1,111,2,39.99,0.2
510783,2,125,1,25.99,0.2
510783,3,136,1,22.99,0.2
510783,4,102,1,342.99,0.2
510784,1,123,1,84.99,0.0
510784,2,117,3,188.99,0.0
510785,1,108,2,278.99,0.2
510786,1,118,2,83.99,0.1
510787,1,114,1,138.99,0.2
510787,2,115,3,38.99,0.2
510788,1,116,1,150.99,0.2
510789,1,101,2,235.99,0.1
510790,1,125,2,25.99,0.0
510791,1,104,1,432.99,0.0
510792,1,123,1,79.99,0.0
510793,1,117,1,153.99,0.0
510793,2,112,1,145.99,0.0
510794,1,127,1,55.99,0.0
510794,2,114,2,131.99,0.0
510795,1,136,1,28.99,0.2
510795,2,130,1,18.99,0.2
510796,1,116,3,150.99,0.0
510796,2,112,1,169.99,0.0
510796,3,128,2,26.99,0.0
510797,1,130,2,18.99,0.3
510797,2,120,1,248.99,0.3
510798,1,107,3,188.99,0.2
510799,1,128,1,22.99,0.2
510799,2,133,1,96.99,0.2
510799,3,112,1,145.99,0.2
510800,1,134,2,238.99,0.2
510800,2,119,2,78.99,0.2
510801,1,117,2,153.99,0.0
510802,1,114,1,138.99,0.0
510802,2,118,1,88.99,0.0
510803,1,125,3,31.99,0.0
510804,1,116,1,158.99,0.0
510805,1,107,1,162.99,0.2
510806,1,123,2,84.99,0.2
510807,1,118,1,88.99,0.0
510807,2,119,2,78.99,0.0
510808,1,120,1,203.99,0.2
510809,1,121,1,216.99,0.2
510809,2,137,1,32.99,0.2
510810,1,124,2,55.99,0.0
510811,1,113,1,170.99,0.0
510812,1,105,3,112.99,0.0
510813,1,125,1,31.99,0.2
510814,1,131,1,24.99,0.0
510815,1,115,1,38.99,0.2
510815,2,114,2,138.99,0.2
510815,3,113,3,208.99,0.2
510815,4,123,3,84.99,0.2
510815,5,137,1,34.99,0.2
510816,1,109,2,55.99,0.2
510816,2,107,1,162.99,0.2
510817,1,121,1,216.99,0.2
510817,2,101,1,273.99,0.2
510818,1,111,1,48.99,0.0
510818,2,118,1,88.99,0.0
510818,3,121,1,228.99,0.0
510819,1,133,1,118.99,0.2
510820,1,129,1,44.99,0.0
510820,2,113,3,208.99,0.0
510821,1,132,3,39.99,0.2
510821,2,115,1,30.99,0.2
510822,1,114,1,138.99,0.2
510823,1,112,3,178.99,0.2
510824,1,113,1,170.99,0.2
510824,2,101,2,235.99,0.2
510825,1,109,2,68.99,0.2
510826,1,136,1,26.99,0.0
510826,2,125,1,29.99,0.0
510827,1,115,3,36.99,0.2
510827,2,132,2,45.99,0.2
510827,3,126,1,74.99,0.2
510827,4,105,1,112.99,0.2
510828,1,135,1,148.99,0.2
510829,1,132,1,48.99,0.0
510830,1,128,2,22.99,0.0
510831,1,107,1,198.99,0.0
510831,2,119,2,78.99,0.0
510831,3,125,2,31.99,0.0
510831,4,118,3,88.99,0.0
510831,5,121,1,228.99,0.0
510832,1,113,2,197.99,0.0
510832,2,124,3,55.99,0.0
510833,1,124,1,47.99,0.0
510834,1,111,1,45.99,0.0
510834,2,117,1,178.99,0.0
510834,3,114,2,131.99,0.0
510834,4,120,1,235.99,0.0
510835,1,126,1,78.99,0.2
510836,1,120,2,203.99,0.2
510837,1,114,2,131.99,0.0
510837,2,101,1,273.99,0.0
510838,1,117,1,178.99,0.0
510839,1,124,1,47.99,0.0
510839,2,113,1,170.99,0.0
510840,1,122,1,74.99,0.2
510841,1,113,1,208.99,0.2
510841,2,117,3,188.99,0.2
510842,1,113,1,208.99,0.0
510843,1,124,1,58.99,0.0
510843,2,134,1,238.99,0.0
510844,1,111,1,48.99,0.0
510845,1,113,2,208.99,0.2
510845,2,122,1,78.99,0.2
510846,1,112,1,178.99,0.2
510846,2,123,2,84.99,0.2
510847,1,113,1,197.99,0.2
510847,2,125,1,29.99,0.2
510848,1,117,2,188.99,0.2
510848,2,132,1,48.99,0.2
510848,3,121,2,228.99,0.2
510848,4,124,3,58.99,0.2
510848,5,129,2,44.99,0.2
510849,1,104,3,432.99,0.2
510850,1,119,2,63.99,0.2
510850,2,137,2,27.99,0.2
510850,3,136,1,22.99,0.2
510851,1,134,2,226.99,0.2
510852,1,109,1,64.99,0.2
510853,1,113,1,208.99,0.0
510854,1,102,1,418.99,0.0
510854,2,137,1,34.99,0.0
510854,3,122,1,78.99,0.0
510855,1,119,1,63.99,0.2
510855,2,128,2,22.99,0.2
510856,1,133,1,118.99,0.2
510857,1,122,2,78.99,0.0
510857,2,127,1,58.99,0.0
510857,3,120,1,248.99,0.0
510857,4,118,1,88.99,0.0
510857,5,112,1,178.99,0.0
510858,1,112,3,178.99,0.0
510858,2,121,1,228.99,0.0
510859,1,135,1,121.99,0.1
510859,2,120,1,203.99,0.1
510859,3,123,1,68.99,0.1
510859,4,114,2,112.99,0.1
510860,1,125,1,31.99,0.2
510860,2,121,1,228.99,0.2
510861,1,128,1,26.99,0.2
510861,2,137,1,32.99,0.2
510861,3,125,2,29.99,0.2
510861,4,127,2,55.99,0.2
510861,5,117,2,178.99,0.2
510862,1,121,1,216.99,0.2
510863,1,119,1,78.99,0.2
510863,2,116,1,158.99,0.2
510864,1,137,1,34.99,0.0
510864,2,123,3,84.99,0.0
510864,3,132,1,48.99,0.0
510865,1,113,1,208.99,0.0
510866,1,116,3,158.99,0.3
510866,2,112,1,178.99,0.3
510867,1,118,1,88.99,0.1
510868,1,122,3,74.99,0.2
510868,2,123,1,79.99,0.2
510869,1,106,1,83.99,0.0
510870,1,119,2,63.99,0.2
510871,1,105,3,96.99,0.0
510871,2,135,2,121.99,0.0
510872,1,117,1,178.99,0.0
510873,1,124,3,58.99,0.2
510873,2,109,1,68.99,0.2
510873,3,106,2,88.99,0.2
510873,4,122,1,78.99,0.2
510874,1,126,2,78.99,0.0
510875,1,107,1,198.99,0.1
510875,2,104,1,528.99,0.1
510875,3,129,1,44.99,0.1
510876,1,125,2,31.99,0.1
510876,2,134,1,238.99,0.1
510877,1,115,2,36.99,0.2
510878,1,112,2,169.99,0.1
510879,1,119,1,78.99,0.0
510880,1,116,2,150.99,0.0
510881,1,111,2,48.99,0.0
510882,1,136,3,26.99,0.2
510882,2,114,1,131.99,0.2
510883,1,113,2,208.99,0.0
510884,1,120,1,203.99,0.0
510884,2,130,1,14.99,0.0
510884,3,126,1,63.99,0.0
510884,4,111,3,39.99,0.0
510885,1,105,3,112.99,0.2
510886,1,138,1,98.99,0.1
510887,1,114,3,138.99,0.2
510887,2,122,1,78.99,0.2
510887,3,124,1,58.99,0.2
510887,4,134,1,238.99,0.2
510888,1,121,1,228.99,0.0
510888,2,116,2,158.99,0.0
510889,1,131,3,24.99,0.2
510890,1,102,2,418.99,0.0
510891,1,116,1,158.99,0.2
510892,1,119,1,78.99,0.2
510893,1,103,2,348.99,0.0
510893,2,107,1,198.99,0.0
510893,3,110,1,98.99,0.0
510893,4,122,1,78.99,0.0
510894,1,114,1,112.99,0.2
510894,2,118,1,71.99,0.2
510895,1,102,1,397.99,0.0
510896,1,108,1,264.99,0.2
510897,1,127,1,55.99,0.0
510897,2,128,1,26.99,0.0
510897,3,109,1,64.99,0.0
510898,1,112,3,145.99,0.1
510899,1,108,1,278.99,0.0
510899,2,118,2,88.99,0.0
510899,3,124,1,58.99,0.0
510900,1,119,1,74.99,0.2
510901,1,133,1,118.99,0.2
510902,1,101,1,288.99,0.2
510902,2,121,3,228.99,0.2
510902,3,106,3,88.99,0.2
510903,1,125,1,29.99,0.0
510903,2,131,2,22.99,0.0
510903,3,105,1,112.99,0.0
510904,1,111,1,48.99,0.0
510905,1,111,3,45.99,0.0
510906,1,136,1,22.99,0.2
510907,1,114,2,138.99,0.2
510908,1,132,1,45.99,0.2
510908,2,117,1,178.99,0.2
510909,1,107,1,162.99,0.0
510910,1,109,1,68.99,0.2
510911,1,126,3,78.99,0.0
510912,1,112,2,178.99,0.2
510912,2,106,2,88.99,0.2
510913,1,133,3,96.99,0.2
510914,1,121,1,228.99,0.0
510915,1,128,3,28.99,0.0
510916,1,130,2,18.99,0.2
510916,2,135,1,148.99,0.2
510917,1,124,1,47.99,0.2
510918,1,112,2,169.99,0.0
510918,2,119,1,74.99,0.0
510919,1,134,2,226.99,0.0
510919,2,118,1,83.99,0.0
510920,1,130,1,14.99,0.2
510921,1,113,3,208.99,0.2
510921,2,132,1,48.99,0.2
510921,3,125,2,31.99,0.2
510921,4,108,2,278.99,0.2
510922,1,101,1,288.99,0.2
510922,2,124,2,58.99,0.2
510923,1,124,2,55.99,0.1
510924,1,122,1,78.99,0.2
510924,2,102,1,418.99,0.2
510925,1,119,2,63.99,0.2
510926,1,135,1,148.99,0.2
510926,2,127,1,58.99,0.2
510926,3,109,3,68.99,0.2
510926,4,118,3,88.99,0.2
510926,5,116,1,158.99,0.2
510927,1,133,1,118.99,0.0
510928,1,133,1,96.99,0.0
510928,2,124,1,47.99,0.0
510928,3,130,1,14.99,0.0
510929,1,119,1,78.99,0.0
510929,2,122,3,78.99,0.0
510930,1,138,1,98.99,0.0
510930,2,122,1,78.99,0.0
510931,1,136,1,28.99,0.0
510931,2,108,1,278.99,0.0
510931,3,118,1,88.99,0.0
510931,4,117,3,188.99,0.0
510931,5,103,1,348.99,0.0
510932,1,133,1,112.99,0.0
510932,2,112,1,169.99,0.0
510932,3,123,2,79.99,0.0
510933,1,122,1,74.99,0.0
510933,2,112,1,169.99,0.0
510933,3,121,2,216.99,0.0
510934,1,133,2,96.99,0.0
510935,1,113,1,170.99,0.1
510936,1,121,1,228.99,0.0
510936,2,116,2,158.99,0.0
510937,1,119,3,78.99,0.0
510937,2,123,1,84.99,0.0
510937,3,112,1,178.99,0.0
510938,1,123,1,84.99,0.2
510939,1,111,1,45.99,0.2
510940,1,110,1,80.99,0.2
510941,1,122,2,78.99,0.0
510941,2,104,2,528.99,0.0
510942,1,131,3,22.99,0.0
510942,2,132,2,45.99,0.0
510942,3,110,1,93.99,0.0
510942,4,124,3,55.99,0.0
510943,1,123,2,68.99,0.2
510944,1,125,2,31.99,0.2
510944,2,107,1,198.99,0.2
510945,1,112,1,178.99,0.1
510946,1,101,1,235.99,0.2
510946,2,118,2,71.99,0.2
510946,3,135,1,121.99,0.2
510947,1,114,2,138.99,0.2
510947,2,117,1,188.99,0.2
510948,1,122,1,63.99,0.0
510948,2,129,1,35.99,0.0
510949,1,114,1,138.99,0.0
510949,2,122,1,78.99,0.0
510950,1,114,1,138.99,0.0
510951,1,138,2,80.99,0.2
510952,1,119,1,74.99,0.2
510953,1,113,2,208.99,0.0
510954,1,112,1,178.99,0.3
510954,2,120,2,248.99,0.3
510954,3,116,1,158.99,0.3
510955,1,118,1,88.99,0.0
510956,1,124,2,47.99,0.0
510957,1,125,1,31.99,0.2
510958,1,134,1,238.99,0.0
510959,1,124,1,58.99,0.2
510959,2,118,1,88.99,0.2
510960,1,112,1,178.99,0.2
510960,2,121,2,228.99,0.2
510960,3,118,1,88.99,0.2
510961,1,113,2,208.99,0.0
510961,2,129,2,44.99,0.0
510962,1,137,1,32.99,0.0
510962,2,113,1,197.99,0.0
510963,1,101,1,288.99,0.0
510963,2,106,3,88.99,0.0
510963,3,118,2,88.99,0.0
510963,4,111,2,48.99,0.0
510963,5,130,1,18.99,0.0
510964,1,121,1,228.99,0.0
510964,2,109,2,68.99,0.0
510965,1,103,1,348.99,0.2
510966,1,125,1,31.99,0.2
510966,2,136,1,28.99,0.2
510967,1,128,1,26.99,0.3
510968,1,122,1,63.99,0.2
510969,1,117,1,153.99,0.0
510970,1,109,2,68.99,0.2
510970,2,127,1,58.99,0.2
510971,1,121,1,216.99,0.0
510971,2,110,1,93.99,0.0
510971,3,119,2,74.99,0.0
510972,1,117,1,153.99,0.2
510973,1,136,1,28.99,0.2
510974,1,129,2,44.99,0.0
510975,1,101,3,288.99,0.2
510975,2,104,1,528.99,0.2
510975,3,119,1,78.99,0.2
510976,1,110,1,80.99,0.3
510976,2,103,3,285.99,0.3
510977,1,138,1,93.99,0.0
510977,2,128,1,26.99,0.0
510978,1,115,1,38.99,0.3
510979,1,124,3,55.99,0.0
510979,2,127,1,55.99,0.0
510980,1,120,1,203.99,0.0
510980,2,123,1,68.99,0.0
510981,1,126,1,74.99,0.2
510982,1,125,1,31.99,0.0
510983,1,125,2,31.99,0.0
510984,1,121,2,228.99,0.0
510984,2,111,1,48.99,0.0
510985,1,111,1,48.99,0.0
510985,2,121,2,228.99,0.0
510985,3,106,2,88.99,0.0
510985,4,114,2,138.99,0.0
510985,5,127,2,58.99,0.0
510986,1,109,1,68.99,0.2
510986,2,123,1,84.99,0.2
510986,3,113,1,208.99,0.2
510987,1,118,3,88.99,0.0
510988,1,113,1,208.99,0.2
510989,1,135,1,140.99,0.1
510990,1,112,1,178.99,0.0
510991,1,123,1,84.99,0.1
510991,2,110,1,98.99,0.1
510991,3,124,2,58.99,0.1
510992,1,128,1,26.99,0.2
510992,2,114,1,131.99,0.2
510992,3,130,2,17.99,0.2
510992,4,126,1,74.99,0.2
510993,1,104,3,528.99,0.0
510993,2,133,3,118.99,0.0
510993,3,124,2,58.99,0.0
510994,1,120,2,248.99,0.2
510995,1,120,1,248.99,0.0
510996,1,109,1,64.99,0.2
510997,1,117,1,188.99,0.0
510998,1,101,3,273.99,0.2
510998,2,128,1,26.99,0.2
510999,1,121,1,228.99,0.2
510999,2,109,2,68.99,0.2
511000,1,114,1,112.99,0.0
511000,2,131,2,19.99,0.0
511001,1,129,2,41.99,0.2
511001,2,111,3,45.99,0.2
511001,3,118,3,83.99,0.2
511002,1,124,1,55.99,0.2
511002,2,113,2,197.99,0.2
511003,1,130,1,17.99,0.0
511003,2,127,1,55.99,0.0
511004,1,129,1,41.99,0.2
511004,2,118,1,83.99,0.2
511005,1,116,1,150.99,0.2
511005,2,104,1,501.99,0.2
511005,3,115,1,36.99,0.2
511005,4,111,1,45.99,0.2
511006,1,138,1,98.99,0.2
511007,1,122,2,74.99,0.2
511007,2,134,1,226.99,0.2
511008,1,118,1,88.99,0.0
511009,1,123,2,79.99,0.2
511009,2,133,1,112.99,0.2
511009,3,127,1,55.99,0.2
511009,4,115,1,36.99,0.2
511010,1,117,1,188.99,0.2
511011,1,106,1,88.99,0.0
511012,1,119,3,63.99,0.2
511012,2,133,1,96.99,0.2
511012,3,128,1,22.99,0.2
511013,1,125,3,29.99,0.2
511013,2,101,3,273.99,0.2
511014,1,135,1,140.99,0.2
511015,1,103,1,348.99,0.2
511016,1,113,3,208.99,0.2
511017,1,107,1,198.99,0.2
511018,1,118,1,83.99,0.0
511018,2,112,2,169.99,0.0
511018,3,107,1,188.99,0.0
511019,1,117,1,188.99,0.2
511020,1,130,1,18.99,0.2
511020,2,110,1,98.99,0.2
511020,3,125,1,31.99,0.2
511021,1,115,1,38.99,0.1
511022,1,126,3,74.99,0.0
511022,2,111,2,45.99,0.0
511022,3,137,1,32.99,0.0
511023,1,107,3,198.99,0.2
511023,2,111,1,48.99,0.2
511024,1,122,1,78.99,0.2
511024,2,121,3,228.99,0.2
511025,1,113,3,208.99,0.2
511025,2,106,2,88.99,0.2
511026,1,123,1,84.99,0.0
511027,1,133,2,96.99,0.0
511028,1,123,1,79.99,0.2
511029,1,131,2,24.99,0.2
511029,2,137,2,34.99,0.2
511030,1,109,2,55.99,0.2
511030,2,112,1,145.99,0.2
511030,3,120,3,203.99,0.2
511031,1,123,2,84.99,0.0
511031,2,125,2,31.99,0.0
511031,3,112,1,178.99,0.0
511031,4,118,2,88.99,0.0
511032,1,137,1,27.99,0.2
511032,2,115,1,30.99,0.2
511033,1,119,1,63.99,0.2
511033,2,104,1,432.99,0.2
511034,1,125,1,31.99,0.0
511035,1,122,1,74.99,0.1
511036,1,126,1,74.99,0.1
511036,2,107,1,188.99,0.1
511037,1,120,2,248.99,0.0
511038,1,138,2,98.99,0.2
511039,1,124,1,55.99,0.0
511040,1,110,1,98.99,0.0
511040,2,124,2,58.99,0.0
511040,3,138,1,98.99,0.0
511041,1,131,1,24.99,0.2
511041,2,109,1,68.99,0.2
511041,3,113,3,208.99,0.2
511042,1,123,2,79.99,0.0
511042,2,116,1,150.99,0.0
511043,1,133,1,112.99,0.2
511043,2,128,1,26.99,0.2
511043,3,101,2,273.99,0.2
511043,4,110,1,93.99,0.2
511044,1,131,1,22.99,0.0
511045,1,115,1,38.99,0.1
511045,2,101,1,288.99,0.1
511046,1,101,2,273.99,0.0
511046,2,110,1,93.99,0.0
511047,1,120,1,203.99,0.2
511047,2,121,1,186.99,0.2
511047,3,114,1,112.99,0.2
511047,4,101,1,235.99,0.2
511048,1,105,1,112.99,0.2
511048,2,120,1,235.99,0.2
511049,1,107,1,198.99,0.2
511049,2,105,3,118.99,0.2
511050,1,127,1,58.99,0.0
511051,1,135,2,140.99,0.2
511052,1,123,1,84.99,0.0
511052,2,104,1,528.99,0.0
511052,3,111,2,48.99,0.0
511053,1,125,1,31.99,0.0
511054,1,109,2,68.99,0.0
511055,1,120,1,248.99,0.2
511056,1,123,1,79.99,0.2
511057,1,126,1,63.99,0.0
511058,1,122,1,78.99,0.0
511058,2,118,1,88.99,0.0
511059,1,118,1,83.99,0.0
511059,2,115,1,36.99,0.0
511060,1,127,2,58.99,0.0
511060,2,121,2,228.99,0.0
511061,1,115,1,30.99,0.0
511062,1,121,1,228.99,0.0
511063,1,123,1,84.99,0.1
511064,1,123,2,68.99,0.2
511064,2,130,1,14.99,0.2
511065,1,112,1,178.99,0.3
511066,1,118,1,83.99,0.0
511066,2,136,1,26.99,0.0
511066,3,106,1,83.99,0.0
511067,1,117,1,178.99,0.2
511068,1,120,1,248.99,0.0
511068,2,116,1,158.99,0.0
511069,1,113,2,197.99,0.1
511069,2,133,1,112.99,0.1
511070,1,137,1,34.99,0.2
511071,1,133,1,118.99,0.2
511072,1,115,1,30.99,0.3
511072,2,103,1,285.99,0.3
511073,1,124,3,58.99,0.1
511074,1,116,3,158.99,0.2
511074,2,127,1,58.99,0.2
511075,1,110,3,93.99,0.2
511076,1,111,1,39.99,0.0
511076,2,138,1,80.99,0.0
511077,1,124,1,58.99,0.1
511078,1,112,2,178.99,0.2
511079,1,121,2,228.99,0.2
511080,1,120,1,248.99,0.0
511081,1,114,2,131.99,0.0
511082,1,128,1,28.99,0.2
511083,1,123,2,84.99,0.0
511083,2,105,2,118.99,0.0
511083,3,113,1,208.99,0.0
511083,4,111,1,48.99,0.0
511084,1,130,1,18.99,0.2
511084,2,115,1,38.99,0.2
511084,3,119,1,78.99,0.2
511085,1,124,2,55.99,0.2
511086,1,135,1,140.99,0.0
511087,1,120,1,235.99,0.2
511087,2,109,1,64.99,0.2
511088,1,133,2,112.99,0.0
511088,2,123,1,79.99,0.0
511089,1,106,1,83.99,0.0
511090,1,114,1,112.99,0.0
511091,1,115,3,30.99,0.0
511091,2,117,1,153.99,0.0
511091,3,132,1,39.99,0.0
511092,1,116,3,158.99,0.0
511093,1,121,2,228.99,0.2
511093,2,123,1,84.99,0.2
511094,1,136,1,28.99,0.0
511095,1,114,3,138.99,0.2
511095,2,131,1,24.99,0.2
511096,1,123,1,84.99,0.3
511097,1,111,3,45.99,0.2
511098,1,121,1,228.99,0.0
511099,1,136,1,28.99,0.1
511100,1,127,3,58.99,0.2
511100,2,131,2,24.99,0.2
511100,3,115,2,38.99,0.2
511101,1,123,2,68.99,0.2
511101,2,112,1,145.99,0.2
511101,3,101,3,235.99,0.2
511101,4,118,3,71.99,0.2
511101,5,124,2,47.99,0.2
511102,1,122,1,63.99,0.2
511102,2,125,1,25.99,0.2
511103,1,113,1,208.99,0.0
511104,1,134,2,238.99,0.2
511105,1,108,1,264.99,0.0
511105,2,104,1,501.99,0.0
511105,3,123,3,79.99,0.0
511106,1,110,1,98.99,0.3
511107,1,109,1,64.99,0.0
511108,1,109,1,68.99,0.0
511109,1,123,2,84.99,0.2
511109,2,125,3,31.99,0.2
511110,1,132,3,48.99,0.3
511110,2,127,1,58.99,0.3
511111,1,130,1,17.99,0.0
511112,1,130,2,18.99,0.0
511113,1,115,1,38.99,0.2
511113,2,130,3,18.99,0.2
511114,1,117,1,153.99,0.0
511114,2,129,3,35.99,0.0
511115,1,129,1,41.99,0.1
511115,2,137,1,32.99,0.1
511115,3,113,2,197.99,0.1
511115,4,133,2,112.99,0.1
511116,1,106,1,83.99,0.2
511117,1,134,1,238.99,0.0
511118,1,118,1,83.99,0.2
511118,2,105,1,112.99,0.2
511119,1,115,1,38.99,0.1
511119,2,117,1,188.99,0.1
511119,3,110,1,98.99,0.1
511119,4,125,2,31.99,0.1
511119,5,120,1,248.99,0.1
511120,1,125,1,31.99,0.1
511120,2,117,1,188.99,0.1
511121,1,135,3,148.99,0.0
511122,1,111,1,39.99,0.2
511122,2,125,2,25.99,0.2
511122,3,123,1,68.99,0.2
511123,1,131,1,24.99,0.2
511123,2,129,3,44.99,0.2
511123,3,104,2,528.99,0.2
511124,1,124,1,58.99,0.2
511125,1,126,2,78.99,0.2
511125,2,116,1,158.99,0.2
511125,3,101,2,288.99,0.2
511125,4,125,1,31.99,0.2
511126,1,104,2,528.99,0.2
511127,1,104,1,528.99,0.2
511128,1,105,2,118.99,0.0
511129,1,135,1,140.99,0.0
511129,2,117,2,178.99,0.0
511130,1,102,3,418.99,0.1
511130,2,123,1,84.99,0.1
511130,3,134,1,238.99,0.1
511131,1,129,1,35.99,0.0
511131,2,116,1,129.99,0.0
511132,1,117,1,178.99,0.0
511133,1,137,1,34.99,0.2
511134,1,128,1,26.99,0.0
511135,1,138,1,93.99,0.2
511136,1,137,1,34.99,0.2
511136,2,125,2,31.99,0.2
511136,3,136,3,28.99,0.2
511137,1,114,1,138.99,0.1
511137,2,104,2,528.99,0.1
511137,3,110,1,98.99,0.1
511138,1,106,3,83.99,0.0
511139,1,137,1,32.99,0.0
511140,1,113,3,197.99,0.2
511140,2,111,2,45.99,0.2
511141,1,109,3,64.99,0.2
511142,1,122,3,78.99,0.0
511143,1,114,3,138.99,0.2
511143,2,135,2,148.99,0.2
511144,1,138,2,93.99,0.0
511144,2,110,2,93.99,0.0
511145,1,135,1,140.99,0.2
511146,1,118,2,83.99,0.2
511147,1,127,1,58.99,0.2
511148,1,121,2,216.99,0.0
511149,1,124,3,58.99,0.0
511150,1,120,1,248.99,0.0
511150,2,137,1,34.99,0.0
511151,1,111,2,48.99,0.0
511152,1,116,3,158.99,0.0
511152,2,121,2,228.99,0.0
511152,3,118,2,88.99,0.0
511153,1,101,1,273.99,0.0
511153,2,124,2,55.99,0.0
511153,3,129,2,41.99,0.0
511154,1,106,3,88.99,0.0
511154,2,126,3,78.99,0.0
511155,1,117,2,188.99,0.2
511156,1,111,1,45.99,0.2
511156,2,112,1,169.99,0.2
511156,3,110,1,93.99,0.2
511157,1,137,3,34.99,0.0
511157,2,127,1,58.99,0.0
511157,3,112,2,178.99,0.0
511157,4,125,1,31.99,0.0
511158,1,123,1,84.99,0.0
511159,1,134,1,238.99,0.0
511159,2,126,1,78.99,0.0
511160,1,101,1,288.99,0.1
511161,1,105,2,112.99,0.2
511161,2,125,2,29.99,0.2
511162,1,115,1,38.99,0.0
511163,1,117,2,178.99,0.2
511163,2,120,2,235.99,0.2
511163,3,116,1,150.99,0.2
511163,4,115,1,36.99,0.2
511164,1,119,1,78.99,0.2
511165,1,103,1,348.99,0.2
511166,1,114,1,138.99,0.0
511166,2,108,1,278.99,0.0
511167,1,115,1,38.99,0.0
511167,2,119,1,78.99,0.0
511168,1,130,1,18.99,0.0
511168,2,111,1,48.99,0.0
511169,1,137,1,34.99,0.2
511170,1,118,2,71.99,0.0
511171,1,137,3,27.99,0.1
511171,2,110,1,80.99,0.1
511172,1,125,1,31.99,0.2
511172,2,112,2,178.99,0.2
511172,3,103,1,348.99,0.2
511173,1,132,1,48.99,0.2
511174,1,123,2,79.99,0.0
511175,1,106,1,71.99,0.0
511175,2,113,1,170.99,0.0
511175,3,120,2,203.99,0.0
511176,1,116,1,150.99,0.2
511176,2,122,1,74.99,0.2
511177,1,113,1,208.99,0.0
511178,1,121,1,228.99,0.0
511179,1,135,1,148.99,0.1
511180,1,104,1,528.99,0.0
511180,2,106,3,88.99,0.0
511180,3,111,1,48.99,0.0
511181,1,121,2,228.99,0.0
511182,1,106,1,71.99,0.1
511182,2,119,1,63.99,0.1
511183,1,133,1,118.99,0.2
511184,1,122,2,78.99,0.0
511185,1,106,2,88.99,0.3
511186,1,131,1,19.99,0.0
511187,1,134,1,226.99,0.2
511188,1,104,3,528.99,0.0
511189,1,118,1,83.99,0.2
511190,1,111,3,39.99,0.0
511191,1,103,1,330.99,0.2
511191,2,132,3,45.99,0.2
511191,3,106,1,83.99,0.2
511191,4,134,1,226.99,0.2
511192,1,112,3,169.99,0.0
511193,1,113,3,197.99,0.2
511194,1,133,1,118.99,0.2
511194,2,125,2,31.99,0.2
511195,1,110,3,80.99,0.2
511195,2,112,1,145.99,0.2
511195,3,124,1,47.99,0.2
511195,4,101,3,235.99,0.2
511195,5,132,1,39.99,0.2
511196,1,138,1,98.99,0.2
511196,2,103,1,348.99,0.2
511197,1,136,2,26.99,0.0
511198,1,119,2,74.99,0.0
511199,1,101,3,288.99,0.0
511199,2,108,1,278.99,0.0
511200,1,134,1,238.99,0.0
511200,2,120,1,248.99,0.0
511200,3,112,2,178.99,0.0
511200,4,136,1,28.99,0.0
511201,1,118,1,88.99,0.0
511202,1,134,2,226.99,0.0
511202,2,116,1,150.99,0.0
511202,3,130,2,17.99,0.0
511202,4,106,2,83.99,0.0
511203,1,121,3,228.99,0.0
511204,1,115,1,36.99,0.2
511205,1,137,1,34.99,0.0
511205,2,118,1,88.99,0.0
511206,1,125,2,29.99,0.0
511206,2,110,1,93.99,0.0
511207,1,124,2,58.99,0.0
511208,1,127,1,55.99,0.2
511208,2,123,1,79.99,0.2
511209,1,114,1,138.99,0.0
511209,2,117,1,188.99,0.0
511210,1,108,1,264.99,0.0
511211,1,118,1,88.99,0.0
511212,1,127,3,58.99,0.2
511213,1,104,1,528.99,0.2
511213,2,128,1,28.99,0.2
511214,1,108,1,278.99,0.0
511214,2,138,1,98.99,0.0
511214,3,110,1,98.99,0.0
511214,4,125,2,31.99,0.0
511215,1,136,1,28.99,0.0
511216,1,129,3,44.99,0.2
511216,2,110,1,98.99,0.2
511217,1,133,2,112.99,0.2
511218,1,107,2,162.99,0.2
511219,1,119,2,78.99,0.0
511220,1,106,1,88.99,0.0
511220,2,134,1,238.99,0.0
511221,1,118,2,71.99,0.2
511222,1,136,2,22.99,0.2
511222,2,113,3,170.99,0.2
511222,3,129,3,35.99,0.2
511222,4,109,3,55.99,0.2
511222,5,124,2,47.99,0.2
511223,1,137,1,32.99,0.0
511224,1,122,1,74.99,0.0
511225,1,114,1,112.99,0.0
511226,1,133,3,118.99,0.2
511227,1,134,1,238.99,0.2
511228,1,127,2,55.99,0.2
511229,1,126,2,74.99,0.2
511230,1,129,2,44.99,0.0
511231,1,113,1,170.99,0.0
511232,1,133,1,118.99,0.2
511233,1,119,3,74.99,0.2
511234,1,102,1,418.99,0.2
511234,2,118,1,88.99,0.2
511235,1,135,1,140.99,0.2
511235,2,129,1,41.99,0.2
511236,1,119,1,63.99,0.2
511236,2,135,1,121.99,0.2
511237,1,103,3,330.99,0.0
511238,1,120,2,248.99,0.0
511238,2,108,1,278.99,0.0
511239,1,117,2,153.99,0.1
511239,2,108,2,227.99,0.1
511240,1,129,3,35.99,0.0
511241,1,135,1,148.99,0.0
511241,2,124,1,58.99,0.0
511242,1,113,1,170.99,0.0
511242,2,111,2,39.99,0.0
511242,3,138,3,80.99,0.0
511243,1,134,3,238.99,0.2
511244,1,131,1,24.99,0.2
511245,1,112,2,145.99,0.0
511245,2,124,1,47.99,0.0
511246,1,113,1,197.99,0.0
511246,2,117,1,178.99,0.0
511247,1,132,1,45.99,0.2
511248,1,138,2,98.99,0.3
511248,2,119,3,78.99,0.3
511248,3,136,1,28.99,0.3
511249,1,105,1,112.99,0.2
511250,1,120,3,248.99,0.3
511250,2,122,2,78.99,0.3
511251,1,114,1,138.99,0.0
511252,1,109,1,55.99,0.2
511252,2,114,1,112.99,0.2
511253,1,120,1,248.99,0.2
511254,1,130,2,18.99,0.0
511255,1,112,3,169.99,0.0
511256,1,104,1,528.99,0.2
511256,2,129,1,44.99,0.2
511257,1,126,2,78.99,0.2
511257,2,117,1,188.99,0.2
511257,3,107,1,198.99,0.2
511257,4,109,1,68.99,0.2
511257,5,103,1,348.99,0.2
511258,1,116,2,129.99,0.2
511259,1,118,3,88.99,0.0
511259,2,114,1,138.99,0.0
511259,3,121,2,228.99,0.0
511259,4,112,3,178.99,0.0
511260,1,127,1,55.99,0.0
511261,1,125,3,31.99,0.0
511262,1,104,1,501.99,0.2
511262,2,135,1,140.99,0.2
511263,1,103,2,348.99,0.0
511263,2,126,1,78.99,0.0
511264,1,118,1,88.99,0.1
511264,2,123,1,84.99,0.1
511265,1,114,1,138.99,0.0
511266,1,110,1,98.99,0.0
511267,1,138,1,98.99,0.2
511267,2,126,3,78.99,0.2
511268,1,113,2,170.99,0.2
511268,2,131,2,19.99,0.2
511269,1,128,2,28.99,0.1
511270,1,101,1,288.99,0.0
511271,1,116,1,158.99,0.1
511272,1,112,2,178.99,0.0
511272,2,121,1,228.99,0.0
511273,1,118,1,88.99,0.0
511274,1,119,1,78.99,0.2
511274,2,118,3,88.99,0.2
511275,1,119,1,74.99,0.1
511276,1,135,2,140.99,0.0
511277,1,120,1,248.99,0.1
511277,2,106,2,88.99,0.1
511277,3,110,3,98.99,0.1
511278,1,106,1,88.99,0.0
511279,1,115,1,36.99,0.2
511280,1,124,2,47.99,0.2
511281,1,127,2,58.99,0.1
511281,2,135,1,148.99,0.1
511282,1,108,1,278.99,0.2
511282,2,128,3,28.99,0.2
511283,1,111,2,39.99,0.2
511283,2,120,1,203.99,0.2
511284,1,129,1,44.99,0.0
511285,1,105,1,112.99,0.3
511286,1,122,1,74.99,0.2
511286,2,105,1,112.99,0.2
511287,1,113,2,208.99,0.2
511288,1,138,1,98.99,0.2
511289,1,107,1,198.99,0.2
511290,1,113,1,208.99,0.2
511290,2,110,1,98.99,0.2
511290,3,122,1,78.99,0.2
511291,1,124,2,58.99,0.0
511291,2,120,1,248.99,0.0
511292,1,123,1,84.99,0.3
511292,2,137,1,34.99,0.3
511293,1,122,1,74.99,0.1
511294,1,101,2,273.99,0.0
511295,1,119,1,78.99,0.0
511296,1,105,2,96.99,0.0
511296,2,131,1,19.99,0.0
511297,1,131,1,24.99,0.0
511298,1,104,1,528.99,0.1
511299,1,125,1,25.99,0.0
511300,1,136,2,28.99,0.1
511301,1,116,2,158.99,0.2
511301,2,118,1,88.99,0.2
511302,1,133,1,118.99,0.0
511302,2,126,3,78.99,0.0
511302,3,124,2,58.99,0.0
511303,1,126,2,78.99,0.2
511304,1,127,1,58.99,0.0
511305,1,130,3,18.99,0.2
511306,1,109,2,64.99,0.0
511306,2,119,1,74.99,0.0
511307,1,108,2,264.99,0.3
511308,1,105,1,112.99,0.2
511309,1,120,1,203.99,0.2
511310,1,136,2,28.99,0.0
511311,1,102,1,397.99,0.2
511312,1,107,2,162.99,0.0
511312,2,122,1,63.99,0.0
511312,3,103,1,285.99,0.0
511312,4,130,2,14.99,0.0
511313,1,110,2,93.99,0.0
511314,1,107,2,188.99,0.0
511315,1,120,1,248.99,0.0
511315,2,111,1,48.99,0.0
511315,3,123,3,84.99,0.0
511315,4,104,1,528.99,0.0
511316,1,122,1,63.99,0.2
511316,2,117,1,153.99,0.2
511317,1,128,2,28.99,0.0
511318,1,122,1,74.99,0.0
511318,2,120,1,235.99,0.0
511319,1,133,2,118.99,0.0
511320,1,132,3,48.99,0.0
511321,1,133,1,118.99,0.0
511322,1,123,1,84.99,0.2
511322,2,131,3,24.99,0.2
511322,3,113,1,208.99,0.2
511323,1,123,1,84.99,0.0
511323,2,134,2,238.99,0.0
511323,3,114,2,138.99,0.0
511323,4,116,1,158.99,0.0
511324,1,117,2,178.99,0.0
511324,2,101,1,273.99,0.0
511324,3,109,3,64.99,0.0
511324,4,120,2,235.99,0.0
511325,1,125,2,29.99,0.0
511325,2,115,1,36.99,0.0
511326,1,113,1,197.99,0.0
511327,1,136,3,26.99,0.0
511328,1,111,1,48.99,0.3
511329,1,103,2,285.99,0.2
511330,1,117,2,188.99,0.0
511331,1,121,1,216.99,0.2
511331,2,123,1,79.99,0.2
511331,3,118,1,83.99,0.2
511332,1,119,1,63.99,0.2
511333,1,112,3,178.99,0.2
511333,2,130,1,18.99,0.2
511333,3,123,2,84.99,0.2
511334,1,101,1,288.99,0.2
511334,2,136,2,28.99,0.2
511335,1,129,3,44.99,0.0
511335,2,128,1,28.99,0.0
511335,3,116,1,158.99,0.0
511335,4,120,3,248.99,0.0
511336,1,101,3,288.99,0.2
511336,2,121,2,228.99,0.2
511337,1,109,1,68.99,0.1
511338,1,137,1,32.99,0.0
511339,1,121,1,228.99,0.2
511339,2,112,1,178.99,0.2
511340,1,102,1,397.99,0.1
511340,2,108,2,264.99,0.1
511340,3,134,1,226.99,0.1
511340,4,106,2,83.99,0.1
511340,5,131,1,22.99,0.1
511341,1,127,2,58.99,0.0
511342,1,116,1,129.99,0.2
511343,1,113,1,208.99,0.0
511343,2,104,1,528.99,0.0
511343,3,116,1,158.99,0.0
511344,1,120,3,248.99,0.0
511345,1,121,1,216.99,0.0
511346,1,103,1,348.99,0.2
511347,1,116,1,150.99,0.0
511347,2,130,2,17.99,0.0
511348,1,125,1,31.99,0.1
511348,2,115,3,38.99,0.1
511349,1,119,1,74.99,0.2
511349,2,112,1,169.99,0.2
511349,3,132,1,45.99,0.2
511350,1,121,1,186.99,0.0
511350,2,129,1,35.99,0.0
511351,1,128,1,28.99,0.0
511352,1,117,1,188.99,0.1
511353,1,136,1,28.99,0.0
511353,2,131,2,24.99,0.0
511354,1,114,1,112.99,0.1
511355,1,122,3,74.99,0.2
511355,2,125,1,29.99,0.2
511355,3,121,2,216.99,0.2
511356,1,102,1,418.99,0.0
511357,1,123,1,79.99,0.2
511358,1,108,1,278.99,0.2
511359,1,108,1,278.99,0.0
511360,1,117,1,178.99,0.0
511360,2,131,1,22.99,0.0
511360,3,114,2,131.99,0.0
511360,4,115,1,36.99,0.0
511361,1,106,3,71.99,0.0
511361,2,110,1,80.99,0.0
511362,1,117,2,188.99,0.2
511362,2,118,1,88.99,0.2
511362,3,115,3,38.99,0.2
511362,4,129,1,44.99,0.2
511363,1,108,1,227.99,0.0
511363,2,111,2,39.99,0.0
511363,3,101,1,235.99,0.0
511364,1,119,2,78.99,0.2
511364,2,122,1,78.99,0.2
511364,3,137,1,34.99,0.2
511365,1,133,3,118.99,0.2
511366,1,138,2,93.99,0.1
511367,1,132,1,39.99,0.2
511367,2,107,1,162.99,0.2
511367,3,109,1,55.99,0.2
511368,1,122,3,74.99,0.2
511369,1,119,2,78.99,0.0
511370,1,114,1,138.99,0.2
511370,2,117,2,188.99,0.2
511370,3,124,2,58.99,0.2
511371,1,115,1,38.99,0.1
511372,1,106,2,88.99,0.0
511372,2,124,2,58.99,0.0
511373,1,137,1,34.99,0.0
511374,1,118,1,88.99,0.2
511375,1,114,3,138.99,0.0
511375,2,119,2,78.99,0.0
511376,1,122,1,78.99,0.0
511377,1,101,1,288.99,0.0
511378,1,115,1,36.99,0.0
511378,2,124,2,55.99,0.0
511378,3,119,1,74.99,0.0
511379,1,118,1,71.99,0.0
511380,1,125,1,31.99,0.1
511381,1,138,2,93.99,0.2
511381,2,113,2,197.99,0.2
511382,1,102,2,418.99,0.0
511383,1,127,2,58.99,0.2
511383,2,119,3,78.99,0.2
511384,1,113,1,197.99,0.2
511385,1,104,3,528.99,0.0
511385,2,127,1,58.99,0.0
511386,1,118,1,88.99,0.1
511386,2,131,3,24.99,0.1
511386,3,135,2,148.99,0.1
511387,1,124,2,55.99,0.2
511387,2,102,1,397.99,0.2
511388,1,126,2,78.99,0.0
511389,1,110,3,98.99,0.0
511389,2,123,1,84.99,0.0
511390,1,113,1,208.99,0.2
511390,2,122,1,78.99,0.2
511391,1,118,3,88.99,0.2
511391,2,125,1,31.99,0.2
511392,1,127,2,58.99,0.2
511392,2,108,1,278.99,0.2
511393,1,118,1,83.99,0.0
511393,2,122,1,74.99,0.0
511393,3,114,1,131.99,0.0
511394,1,122,1,74.99,0.0
511394,2,128,2,26.99,0.0
511395,1,132,3,48.99,0.2
511396,1,125,3,29.99,0.2
511397,1,124,3,58.99,0.0
511398,1,117,1,153.99,0.2
511399,1,117,1,188.99,0.2
511400,1,109,3,68.99,0.2
511401,1,122,1,78.99,0.0
511402,1,119,1,74.99,0.0
511402,2,120,2,235.99,0.0
511402,3,115,3,36.99,0.0
511403,1,117,1,178.99,0.2
511403,2,122,3,74.99,0.2
511404,1,121,1,228.99,0.2
511404,2,117,2,188.99,0.2
511404,3,125,1,31.99,0.2
511405,1,103,1,348.99,0.0
511405,2,138,1,98.99,0.0
511405,3,133,2,118.99,0.0
511406,1,116,1,129.99,0.2
511406,2,114,1,112.99,0.2
511407,1,110,1,98.99,0.0
511408,1,129,2,44.99,0.3
511409,1,121,1,186.99,0.2
511410,1,134,1,238.99,0.2
511410,2,110,1,98.99,0.2
511411,1,115,2,38.99,0.2
511411,2,136,1,28.99,0.2
511412,1,116,1,158.99,0.2
511412,2,120,1,248.99,0.2
511412,3,118,1,88.99,0.2
511412,4,123,1,84.99,0.2
511413,1,124,1,58.99,0.2
511413,2,119,2,78.99,0.2
511414,1,118,1,83.99,0.0
511414,2,124,3,55.99,0.0
511415,1,110,1,98.99,0.2
511415,2,112,1,178.99,0.2
511415,3,120,1,248.99,0.2
511416,1,122,1,78.99,0.2
511417,1,132,1,45.99,0.0
511417,2,106,2,83.99,0.0
511418,1,115,2,38.99,0.0
511418,2,124,1,58.99,0.0
511418,3,113,3,208.99,0.0
511418,4,104,3,528.99,0.0
511418,5,122,1,78.99,0.0
511419,1,122,1,74.99,0.2
511420,1,110,1,93.99,0.2
511421,1,123,3,84.99,0.2
511421,2,111,2,48.99,0.2
511422,1,131,1,24.99,0.0
511423,1,107,1,162.99,0.0
511423,2,123,1,68.99,0.0
511424,1,123,2,68.99,0.2
511424,2,114,1,112.99,0.2
511424,3,127,1,47.99,0.2
511424,4,122,2,63.99,0.2
511425,1,108,1,227.99,0.0
511425,2,112,1,145.99,0.0
511426,1,136,3,28.99,0.2
511427,1,138,1,93.99,0.2
511428,1,107,1,188.99,0.0
511428,2,138,1,93.99,0.0
511428,3,119,1,74.99,0.0
511429,1,105,2,112.99,0.0
511430,1,105,2,118.99,0.0
511431,1,115,1,30.99,0.2
511432,1,123,1,79.99,0.0
511433,1,138,2,93.99,0.1
511434,1,131,3,22.99,0.0
511435,1,120,1,248.99,0.2
511436,1,104,1,501.99,0.2
511437,1,124,2,58.99,0.2
511438,1,135,1,140.99,0.0
511438,2,111,3,45.99,0.0
511439,1,128,2,28.99,0.0
511439,2,135,1,148.99,0.0
511439,3,110,1,98.99,0.0
511439,4,125,1,31.99,0.0
511439,5,116,1,158.99,0.0
511440,1,121,1,186.99,0.2
511440,2,112,1,145.99,0.2
511441,1,128,1,22.99,0.2
511442,1,115,2,36.99,0.0
511443,1,122,3,78.99,0.2
511443,2,120,1,248.99,0.2
511443,3,118,1,88.99,0.2
511444,1,111,1,48.99,0.2
511444,2,110,1,98.99,0.2
511445,1,128,1,28.99,0.0
511445,2,124,1,58.99,0.0
511446,1,122,2,74.99,0.2
511446,2,129,1,41.99,0.2
511447,1,114,2,138.99,0.0
511448,1,122,3,63.99,0.0
511448,2,121,1,186.99,0.0
511448,3,120,2,203.99,0.0
511448,4,125,1,25.99,0.0
511449,1,106,1,83.99,0.0
511450,1,130,1,18.99,0.0
511450,2,101,1,288.99,0.0
511451,1,110,1,98.99,0.2
511451,2,124,1,58.99,0.2
511452,1,133,1,112.99,0.0
511453,1,129,1,35.99,0.2
511453,2,138,1,80.99,0.2
511454,1,111,2,39.99,0.2
511454,2,121,1,186.99,0.2
511455,1,129,1,44.99,0.2
511455,2,111,3,48.99,0.2
511455,3,130,1,18.99,0.2
511456,1,129,1,44.99,0.0
511456,2,116,1,158.99,0.0
511457,1,115,1,38.99,0.0
511457,2,106,1,88.99,0.0
511457,3,136,3,28.99,0.0
511457,4,121,2,228.99,0.0
511458,1,134,1,226.99,0.2
511458,2,130,1,17.99,0.2
511459,1,111,1,45.99,0.1
511459,2,108,1,264.99,0.1
511459,3,130,1,17.99,0.1
511459,4,115,1,36.99,0.1
511460,1,132,2,48.99,0.2
511461,1,127,2,58.99,0.0
511462,1,115,1,36.99,0.0
511463,1,121,2,186.99,0.2
511463,2,118,1,71.99,0.2
511464,1,107,3,198.99,0.2
511465,1,116,2,150.99,0.0
511466,1,133,1,96.99,0.2
511467,1,135,1,140.99,0.2
511467,2,114,1,131.99,0.2
511467,3,123,3,79.99,0.2
511468,1,121,1,228.99,0.0
511469,1,117,1,188.99,0.1
511470,1,101,1,288.99,0.2
511471,1,122,1,74.99,0.0
511472,1,133,3,112.99,0.3
511472,2,114,2,131.99,0.3
511473,1,109,1,68.99,0.2
511473,2,108,1,278.99,0.2
511474,1,105,1,118.99,0.2
511475,1,126,1,63.99,0.0
511476,1,121,2,228.99,0.2
511476,2,123,2,84.99,0.2
511477,1,138,2,98.99,0.2
511478,1,113,2,197.99,0.2
511478,2,136,1,26.99,0.2
511478,3,122,1,74.99,0.2
511478,4,121,2,216.99,0.2
511479,1,118,1,83.99,0.2
511479,2,114,1,131.99,0.2
511479,3,123,1,79.99,0.2
511480,1,108,3,278.99,0.2
511481,1,120,3,248.99,0.2
511481,2,104,2,528.99,0.2
511482,1,113,1,170.99,0.2
511483,1,121,2,216.99,0.2
511484,1,132,2,48.99,0.3
511484,2,122,1,78.99,0.3
511485,1,125,1,25.99,0.0
511485,2,124,1,47.99,0.0
511486,1,125,3,31.99,0.0
511487,1,116,1,150.99,0.2
511487,2,102,1,397.99,0.2
511488,1,113,2,170.99,0.2
511489,1,124,2,55.99,0.0
511489,2,116,2,150.99,0.0
511489,3,121,1,216.99,0.0
511489,4,122,1,74.99,0.0
511490,1,135,1,140.99,0.2
511491,1,125,1,25.99,0.2
511492,1,121,1,228.99,0.0
511493,1,114,1,138.99,0.2
511493,2,126,2,78.99,0.2
511494,1,105,1,118.99,0.2
511495,1,125,1,31.99,0.2
511495,2,112,1,178.99,0.2
511496,1,122,2,74.99,0.2
511497,1,112,1,169.99,0.0
511498,1,126,1,74.99,0.0
511499,1,119,1,63.99,0.1
511499,2,108,1,227.99,0.1
511500,1,123,1,68.99,0.2
511501,1,116,1,150.99,0.2
511502,1,111,2,48.99,0.0
511503,1,118,1,83.99,0.0
511503,2,109,1,64.99,0.0
511503,3,103,2,330.99,0.0
511504,1,136,2,22.99,0.0
511505,1,130,3,18.99,0.2
511506,1,131,2,24.99,0.0
511507,1,129,1,44.99,0.0
511507,2,105,1,118.99,0.0
511507,3,107,1,198.99,0.0
511507,4,125,1,31.99,0.0
511508,1,120,1,203.99,0.0
511509,1,117,2,153.99,0.1
511510,1,118,1,83.99,0.0
511510,2,128,1,26.99,0.0
511511,1,124,1,58.99,0.2
511512,1,115,1,30.99,0.0
511513,1,130,2,18.99,0.1
511514,1,128,1,28.99,0.0
511514,2,102,1,418.99,0.0
511515,1,107,2,188.99,0.1
511516,1,113,3,208.99,0.0
511517,1,118,2,88.99,0.0
511518,1,134,1,238.99,0.0
511519,1,128,2,26.99,0.0
511520,1,112,2,178.99,0.1
511521,1,104,1,528.99,0.0
511522,1,119,1,78.99,0.0
511522,2,114,1,138.99,0.0
511522,3,123,3,84.99,0.0
511522,4,122,1,78.99,0.0
511523,1,124,1,58.99,0.3
511523,2,118,3,88.99,0.3
511523,3,138,1,98.99,0.3
511523,4,117,1,188.99,0.3
511523,5,116,1,158.99,0.3
511524,1,110,2,93.99,0.0
511524,2,125,1,29.99,0.0
511525,1,127,2,47.99,0.0
511525,2,128,1,22.99,0.0
511526,1,106,1,88.99,0.0
511527,1,106,1,71.99,0.0
511528,1,121,2,216.99,0.2
511528,2,134,1,226.99,0.2
511528,3,115,1,36.99,0.2
511529,1,130,1,17.99,0.2
511530,1,125,1,31.99,0.0
511530,2,123,1,84.99,0.0
511531,1,107,1,198.99,0.1
511532,1,103,1,330.99,0.2
511533,1,116,1,129.99,0.0
511533,2,138,2,80.99,0.0
511534,1,134,2,238.99,0.2
511534,2,121,2,228.99,0.2
511534,3,138,1,98.99,0.2
511534,4,108,2,278.99,0.2
511535,1,128,2,28.99,0.0
511536,1,137,1,34.99,0.2
511536,2,112,1,178.99,0.2
511536,3,123,2,84.99,0.2
511536,4,118,1,88.99,0.2
511536,5,119,1,78.99,0.2
511537,1,113,2,197.99,0.0
511538,1,129,1,44.99,0.2
511538,2,125,1,31.99,0.2
511539,1,114,1,131.99,0.2
511540,1,130,1,18.99,0.0
511541,1,123,1,79.99,0.2
511541,2,118,1,83.99,0.2
511541,3,126,1,74.99,0.2
511542,1,130,2,18.99,0.2
511542,2,123,1,84.99,0.2
511543,1,116,2,158.99,0.0
511543,2,102,1,418.99,0.0
511544,1,108,1,278.99,0.2
511544,2,111,2,48.99,0.2
511545,1,121,1,186.99,0.1
511546,1,113,1,197.99,0.2
511547,1,134,3,238.99,0.1
511548,1,114,2,138.99,0.2
511548,2,103,2,348.99,0.2
511548,3,131,1,24.99,0.2
511549,1,121,1,228.99,0.2
511550,1,111,2,48.99,0.2
511551,1,113,2,208.99,0.0
511552,1,138,3,98.99,0.0
511553,1,116,1,150.99,0.2
511554,1,121,1,228.99,0.0
511555,1,123,1,84.99,0.2
511556,1,124,3,58.99,0.0
511556,2,123,3,84.99,0.0
511556,3,112,2,178.99,0.0
511556,4,136,2,28.99,0.0
511557,1,114,1,138.99,0.0
511558,1,114,1,138.99,0.0
511558,2,129,1,44.99,0.0
511558,3,123,2,84.99,0.0
511558,4,107,1,198.99,0.0
511559,1,136,1,26.99,0.2
511559,2,137,2,32.99,0.2
511559,3,131,1,22.99,0.2
511560,1,107,2,188.99,0.0
511560,2,124,2,55.99,0.0
511560,3,109,2,64.99,0.0
511560,4,119,1,74.99,0.0
511561,1,123,1,84.99,0.0
511562,1,107,1,198.99,0.0
511563,1,115,1,38.99,0.0
511563,2,116,2,158.99,0.0
511564,1,125,1,29.99,0.2
511564,2,135,1,140.99,0.2
511565,1,118,1,83.99,0.0
511566,1,103,1,348.99,0.0
511566,2,130,1,18.99,0.0
511566,3,117,1,188.99,0.0
511566,4,136,1,28.99,0.0
511566,5,114,1,138.99,0.0
511567,1,101,1,288.99,0.1
511567,2,128,1,28.99,0.1
511568,1,122,1,74.99,0.0
511568,2,118,2,83.99,0.0
511569,1,106,3,88.99,0.2
511570,1,113,2,208.99,0.0
511571,1,128,2,26.99,0.0
511572,1,122,1,74.99,0.2
511573,1,124,1,55.99,0.0
511574,1,116,2,150.99,0.3
511575,1,121,1,186.99,0.2
511575,2,117,1,153.99,0.2
511576,1,107,2,162.99,0.0
511577,1,135,2,148.99,0.1
511577,2,123,1,84.99,0.1
511577,3,119,1,78.99,0.1
511577,4,125,2,31.99,0.1
511578,1,134,2,238.99,0.3
511578,2,114,3,138.99,0.3
511579,1,108,1,264.99,0.2
511580,1,118,2,71.99,0.0
511580,2,113,1,170.99,0.0
511580,3,115,1,30.99,0.0
511581,1,107,1,188.99,0.0
511582,1,133,2,118.99,0.2
511583,1,110,1,98.99,0.0
511584,1,115,2,30.99,0.2
511584,2,105,1,96.99,0.2
511585,1,130,1,14.99,0.2
511586,1,119,1,74.99,0.2
511587,1,126,3,74.99,0.0
511587,2,130,1,17.99,0.0
511588,1,119,1,78.99,0.0
511589,1,129,1,41.99,0.2
511590,1,133,2,118.99,0.0
511591,1,112,1,169.99,0.2
511591,2,133,2,112.99,0.2
511591,3,118,1,83.99,0.2
511591,4,123,1,79.99,0.2
511591,5,131,2,22.99,0.2
511592,1,133,1,96.99,0.0
511593,1,125,1,25.99,0.2
511593,2,102,3,342.99,0.2
511594,1,121,1,228.99,0.2
511595,1,106,2,88.99,0.2
511595,2,124,3,58.99,0.2
511596,1,120,3,248.99,0.2
511597,1,133,1,118.99,0.2
511598,1,116,2,150.99,0.0
511598,2,120,1,235.99,0.0
511599,1,102,2,342.99,0.2
511599,2,117,2,153.99,0.2
511600,1,110,2,98.99,0.2
511601,1,128,1,26.99,0.0
511602,1,130,3,18.99,0.1
511603,1,121,1,228.99,0.2
511603,2,112,1,178.99,0.2
511603,3,106,2,88.99,0.2
511604,1,114,1,138.99,0.0
511605,1,138,1,98.99,0.0
511606,1,124,1,55.99,0.2
511607,1,107,1,188.99,0.2
511608,1,119,2,78.99,0.0
511608,2,104,1,528.99,0.0
511609,1,118,1,83.99,0.0
511609,2,123,2,79.99,0.0
511609,3,129,1,41.99,0.0
511609,4,138,2,93.99,0.0
511609,5,126,1,74.99,0.0
511610,1,114,3,138.99,0.0
511611,1,133,2,118.99,0.0
511611,2,135,1,148.99,0.0
511611,3,122,2,78.99,0.0
511612,1,127,1,55.99,0.2
511613,1,105,2,112.99,0.2
511613,2,107,1,188.99,0.2
511613,3,120,2,235.99,0.2
511614,1,123,1,84.99,0.0
511615,1,113,1,197.99,0.2
511616,1,122,1,78.99,0.2
511616,2,106,1,88.99,0.2
511616,3,111,3,48.99,0.2
511616,4,124,1,58.99,0.2
511617,1,105,1,118.99,0.2
511617,2,124,2,58.99,0.2
511618,1,118,2,83.99,0.0
511619,1,122,2,78.99,0.2
511620,1,111,1,48.99,0.0
511621,1,121,1,216.99,0.2
511621,2,113,3,197.99,0.2
511621,3,117,3,178.99,0.2
511621,4,130,3,17.99,0.2
511622,1,118,1,88.99,0.0
511623,1,137,1,34.99,0.1
511623,2,135,1,148.99,0.1
511623,3,125,1,31.99,0.1
511623,4,113,1,208.99,0.1
511624,1,123,1,84.99,0.0
511625,1,129,1,44.99,0.0
511626,1,131,1,24.99,0.3
511627,1,121,2,228.99,0.2
511628,1,106,2,71.99,0.2
511628,2,118,1,71.99,0.2
511629,1,102,2,342.99,0.2
511630,1,119,1,78.99,0.2
511630,2,117,1,188.99,0.2
511631,1,133,2,118.99,0.0
511631,2,122,2,78.99,0.0
511631,3,137,1,34.99,0.0
511632,1,123,1,84.99,0.0
511632,2,103,1,348.99,0.0
511632,3,131,1,24.99,0.0
511633,1,113,3,208.99,0.2
511634,1,108,1,264.99,0.0
511634,2,134,1,226.99,0.0
511635,1,103,3,348.99,0.2
511635,2,121,3,228.99,0.2
511636,1,121,3,228.99,0.2
511636,2,132,1,48.99,0.2
511637,1,128,1,28.99,0.2
511637,2,117,3,188.99,0.2
511637,3,125,1,31.99,0.2
511638,1,124,1,55.99,0.2
511638,2,115,1,36.99,0.2
511639,1,112,2,178.99,0.0
511639,2,122,1,78.99,0.0
511639,3,121,3,228.99,0.0
511640,1,107,2,198.99,0.2
511640,2,104,3,528.99,0.2
511641,1,114,1,112.99,0.0
511642,1,121,1,228.99,0.0
511642,2,123,3,84.99,0.0
511642,3,102,1,418.99,0.0
511643,1,124,1,58.99,0.2
511643,2,130,1,18.99,0.2
511644,1,128,2,26.99,0.1
511644,2,133,1,112.99,0.1
511645,1,138,1,98.99,0.0
511645,2,110,1,98.99,0.0
511646,1,125,2,31.99,0.0
511646,2,116,3,158.99,0.0
511646,3,132,1,48.99,0.0
511647,1,127,1,58.99,0.1
511647,2,103,1,348.99,0.1
511647,3,117,1,188.99,0.1
511647,4,122,2,78.99,0.1
511647,5,102,1,418.99,0.1
511648,1,112,1,178.99,0.0
511649,1,131,1,24.99,0.0
511650,1,121,1,228.99,0.0
511651,1,112,1,178.99,0.1
511651,2,137,2,34.99,0.1
511651,3,115,1,38.99,0.1
511651,4,118,1,88.99,0.1
511651,5,135,2,148.99,0.1
511652,1,126,3,78.99,0.0
511653,1,122,1,78.99,0.1
511653,2,114,1,138.99,0.1
511653,3,120,2,248.99,0.1
511653,4,134,2,238.99,0.1
511654,1,138,1,98.99,0.0
511655,1,107,2,198.99,0.0
511656,1,123,1,68.99,0.2
511657,1,121,3,216.99,0.1
511657,2,127,1,55.99,0.1
511657,3,103,2,330.99,0.1
511658,1,136,2,28.99,0.2
511658,2,120,2,248.99,0.2
511658,3,133,2,118.99,0.2
511659,1,130,1,14.99,0.0
511660,1,125,1,29.99,0.2
511660,2,119,1,74.99,0.2
511660,3,112,1,169.99,0.2
511660,4,135,3,140.99,0.2
511660,5,128,1,26.99,0.2
511661,1,110,2,98.99,0.2
511662,1,118,2,71.99,0.0
511663,1,117,1,178.99,0.0
511664,1,109,1,68.99,0.2
511665,1,128,1,28.99,0.0
511666,1,121,1,186.99,0.2
511667,1,122,1,78.99,0.2
511667,2,111,1,48.99,0.2
511667,3,136,1,28.99,0.2
511667,4,121,1,228.99,0.2
511668,1,138,3,98.99,0.2
511668,2,115,2,38.99,0.2
511669,1,116,1,129.99,0.2
511670,1,114,1,138.99,0.0
511670,2,108,1,278.99,0.0
511670,3,113,3,208.99,0.0
511671,1,124,1,55.99,0.0
511672,1,121,1,228.99,0.2
511672,2,117,3,188.99,0.2
511672,3,113,3,208.99,0.2
511673,1,119,1,74.99,0.0
511674,1,126,2,78.99,0.0
511674,2,131,1,24.99,0.0
511674,3,125,2,31.99,0.0
511675,1,105,1,118.99,0.2
511675,2,131,1,24.99,0.2
511676,1,119,1,78.99,0.0
511676,2,125,3,31.99,0.0
511676,3,111,1,48.99,0.0
511676,4,109,2,68.99,0.0
511676,5,123,1,84.99,0.0
511677,1,120,1,235.99,0.0
511678,1,115,3,38.99,0.1
511678,2,124,1,58.99,0.1
511678,3,127,1,58.99,0.1
511679,1,122,2,63.99,0.0
511680,1,102,2,397.99,0.0
511681,1,124,1,58.99,0.0
511682,1,112,3,169.99,0.2
511683,1,107,3,188.99,0.2
511684,1,120,2,248.99,0.1
511685,1,130,1,18.99,0.0
511685,2,128,1,28.99,0.0
511686,1,125,1,31.99,0.0
511686,2,124,1,58.99,0.0
511687,1,107,1,162.99,0.0
511687,2,121,1,186.99,0.0
511688,1,122,3,78.99,0.2
511688,2,123,2,84.99,0.2
511688,3,137,1,34.99,0.2
511688,4,113,2,208.99,0.2
511689,1,101,1,288.99,0.0
511690,1,121,2,228.99,0.0
511690,2,127,2,58.99,0.0
511690,3,115,1,38.99,0.0
511691,1,118,3,88.99,0.0
511692,1,121,1,216.99,0.0
511693,1,123,1,79.99,0.2
511694,1,106,1,88.99,0.2
511694,2,135,1,148.99,0.2
511694,3,131,1,24.99,0.2
511694,4,105,1,118.99,0.2
511694,5,121,3,228.99,0.2
511695,1,134,3,194.99,0.0
511696,1,110,2,93.99,0.0
511697,1,136,2,28.99,0.0
511697,2,133,1,118.99,0.0
511697,3,103,2,348.99,0.0
511698,1,106,1,83.99,0.1
511699,1,106,1,88.99,0.0
511700,1,133,3,112.99,0.0
511700,2,113,3,197.99,0.0
511700,3,119,1,74.99,0.0
511701,1,112,1,169.99,0.0
511701,2,136,1,26.99,0.0
511702,1,110,1,98.99,0.0
511702,2,118,2,88.99,0.0
511702,3,137,2,34.99,0.0
511703,1,114,1,138.99,0.0
511704,1,102,2,397.99,0.0
511704,2,114,3,131.99,0.0
511705,1,101,2,288.99,0.2
511706,1,124,3,58.99,0.0
511707,1,120,1,235.99,0.0
511708,1,116,2,158.99,0.1
511709,1,113,1,208.99,0.2
511709,2,115,1,38.99,0.2
511709,3,135,1,148.99,0.2
511710,1,115,2,36.99,0.2
511711,1,126,2,78.99,0.0
511712,1,119,1,74.99,0.3
511713,1,104,3,528.99,0.0
511713,2,117,1,188.99,0.0
511714,1,106,1,83.99,0.1
511715,1,121,1,228.99,0.0
511716,1,115,1,38.99,0.2
511717,1,126,1,78.99,0.0
511717,2,130,1,18.99,0.0
511717,3,129,1,44.99,0.0
511717,4,117,1,188.99,0.0
511717,5,124,3,58.99,0.0
511718,1,128,2,28.99,0.0
511719,1,117,3,188.99,0.1
511719,2,137,1,34.99,0.1
511720,1,117,3,188.99,0.2
511721,1,115,1,36.99,0.0
511721,2,117,1,178.99,0.0
511721,3,129,3,41.99,0.0
511721,4,137,1,32.99,0.0
511721,5,112,2,169.99,0.0
511722,1,104,2,528.99,0.1
511723,1,106,1,88.99,0.2
511724,1,106,1,83.99,0.2
511725,1,116,1,129.99,0.0
511725,2,121,1,186.99,0.0
511725,3,122,1,63.99,0.0
511726,1,110,1,98.99,0.2
511726,2,123,3,84.99,0.2
511727,1,111,1,45.99,0.2
511728,1,107,2,198.99,0.0
511729,1,115,1,38.99,0.2
511730,1,135,1,148.99,0.0
511731,1,113,3,208.99,0.0
511732,1,117,1,188.99,0.0
511732,2,120,1,248.99,0.0
511733,1,117,1,188.99,0.0
511733,2,135,3,148.99,0.0
511733,3,120,1,248.99,0.0
511734,1,123,1,84.99,0.0
511734,2,127,1,58.99,0.0
511735,1,125,1,31.99,0.2
511735,2,107,1,198.99,0.2
511736,1,124,2,47.99,0.0
511737,1,118,2,71.99,0.0
511738,1,102,3,418.99,0.0
511739,1,115,1,38.99,0.1
511739,2,135,1,148.99,0.1
511740,1,103,1,348.99,0.2
511740,2,118,1,88.99,0.2
511741,1,127,2,55.99,0.0
511741,2,124,1,55.99,0.0
511742,1,118,2,88.99,0.0
511743,1,117,3,178.99,0.0
511743,2,133,3,112.99,0.0
511743,3,102,1,397.99,0.0
511744,1,116,2,158.99,0.0
511744,2,128,1,28.99,0.0
511745,1,132,2,48.99,0.3
511746,1,129,1,44.99,0.2
511746,2,118,1,88.99,0.2
511746,3,111,1,48.99,0.2
511747,1,136,1,22.99,0.2
511747,2,118,1,71.99,0.2
511747,3,135,1,121.99,0.2
511748,1,109,3,68.99,0.2
511749,1,121,1,228.99,0.0
511750,1,102,1,397.99,0.2
511750,2,118,1,83.99,0.2
511751,1,115,1,36.99,0.2
511751,2,125,1,29.99,0.2
511752,1,115,3,30.99,0.0
511752,2,116,1,129.99,0.0
511752,3,109,1,55.99,0.0
511752,4,134,1,194.99,0.0
511753,1,126,1,78.99,0.2
511754,1,116,1,158.99,0.0
511754,2,135,2,148.99,0.0
511754,3,109,3,68.99,0.0
511755,1,108,1,278.99,0.2
511755,2,102,1,418.99,0.2
511755,3,119,1,78.99,0.2
511756,1,111,1,48.99,0.0
511756,2,138,2,98.99,0.0
511757,1,127,3,58.99,0.0
511757,2,122,2,78.99,0.0
511757,3,121,3,228.99,0.0
511758,1,110,2,93.99,0.0
511758,2,124,1,55.99,0.0
511758,3,122,1,74.99,0.0
511758,4,123,1,79.99,0.0
511759,1,114,1,138.99,0.0
511759,2,112,1,178.99,0.0
511760,1,106,1,88.99,0.0
511760,2,122,3,78.99,0.0
511760,3,119,1,78.99,0.0
511760,4,118,2,88.99,0.0
511761,1,138,1,98.99,0.2
511762,1,131,1,24.99,0.2
511763,1,137,1,32.99,0.2
511763,2,126,2,74.99,0.2
511764,1,118,1,83.99,0.2
511765,1,109,1,68.99,0.0
511765,2,115,2,38.99,0.0
511765,3,105,3,118.99,0.0
511766,1,115,1,38.99,0.2
511766,2,111,1,48.99,0.2
511767,1,110,1,93.99,0.1
511768,1,124,1,47.99,0.0
511769,1,101,3,288.99,0.2
511769,2,120,1,248.99,0.2
511770,1,130,2,17.99,0.0
511771,1,119,1,63.99,0.0
511772,1,116,2,158.99,0.0
511773,1,114,2,131.99,0.0
511774,1,122,3,63.99,0.2
511774,2,136,2,22.99,0.2
511774,3,107,1,162.99,0.2
511775,1,117,1,153.99,0.0
511776,1,108,2,278.99,0.1
511777,1,112,2,178.99,0.2
511778,1,120,1,235.99,0.2
511779,1,107,1,198.99,0.0
511779,2,125,3,31.99,0.0
511780,1,122,1,78.99,0.1
511780,2,138,2,98.99,0.1
511781,1,121,3,228.99,0.2
511782,1,112,2,178.99,0.0
511782,2,126,1,78.99,0.0
511783,1,121,1,216.99,0.2
511783,2,118,1,83.99,0.2
511783,3,137,1,32.99,0.2
511784,1,110,1,98.99,0.2
511785,1,101,2,273.99,0.2
511785,2,133,2,112.99,0.2
511785,3,109,1,64.99,0.2
511786,1,111,1,48.99,0.0
511787,1,113,1,208.99,0.2
511787,2,103,1,348.99,0.2
511788,1,117,1,188.99,0.2
511789,1,125,1,29.99,0.0
511789,2,120,1,235.99,0.0
511790,1,129,1,44.99,0.2
511791,1,110,1,80.99,0.0
511791,2,107,2,162.99,0.0
511791,3,103,1,285.99,0.0
511792,1,108,1,264.99,0.0
511793,1,122,2,78.99,0.2
511793,2,123,1,84.99,0.2
511793,3,113,3,208.99,0.2
511794,1,138,1,80.99,0.2
511794,2,119,2,63.99,0.2
511794,3,117,2,153.99,0.2
511795,1,113,1,197.99,0.0
511795,2,126,3,74.99,0.0
511796,1,127,1,47.99,0.0
511796,2,123,1,68.99,0.0
511797,1,106,2,83.99,0.0
511798,1,108,1,227.99,0.1
511798,2,134,1,194.99,0.1
511799,1,107,2,198.99,0.1
511799,2,109,1,68.99,0.1
511799,3,126,1,78.99,0.1
511800,1,115,1,36.99,0.0
511801,1,110,1,93.99,0.2
511802,1,119,2,78.99,0.1
511803,1,112,1,178.99,0.0
511804,1,117,1,153.99,0.0
511804,2,118,1,71.99,0.0
511805,1,124,2,55.99,0.0
511806,1,126,3,78.99,0.1
511806,2,127,1,58.99,0.1
511806,3,131,2,24.99,0.1
511807,1,115,1,38.99,0.2
511808,1,124,1,47.99,0.3
511809,1,120,1,248.99,0.0
511810,1,110,2,80.99,0.2
511811,1,121,1,228.99,0.0
511812,1,117,1,178.99,0.2
511812,2,114,1,131.99,0.2
511813,1,104,1,501.99,0.0
511813,2,111,3,45.99,0.0
511814,1,118,1,88.99,0.2
511814,2,110,2,98.99,0.2
511814,3,119,3,78.99,0.2
511814,4,123,1,84.99,0.2
511815,1,110,1,93.99,0.0
511815,2,105,2,112.99,0.0
511816,1,123,2,84.99,0.0
511817,1,131,1,22.99,0.3
511817,2,137,2,32.99,0.3
511818,1,117,2,188.99,0.0
511818,2,118,3,88.99,0.0
511819,1,113,1,208.99,0.0
511820,1,118,1,88.99,0.2
511820,2,125,1,31.99,0.2
511820,3,103,3,348.99,0.2
511821,1,128,2,28.99,0.2
511822,1,126,3,63.99,0.2
511822,2,114,2,112.99,0.2
511823,1,110,2,93.99,0.0
511823,2,131,1,22.99,0.0
511823,3,115,1,36.99,0.0
511824,1,118,1,83.99,0.1
511825,1,138,2,98.99,0.2
511826,1,115,3,30.99,0.0
511827,1,109,1,68.99,0.1
511828,1,116,3,158.99,0.0
511829,1,104,1,501.99,0.0
511829,2,114,2,131.99,0.0
511829,3,129,3,41.99,0.0
511830,1,105,1,118.99,0.2
511831,1,120,1,248.99,0.2
511832,1,122,2,78.99,0.0
511832,2,106,1,88.99,0.0
511832,3,134,1,238.99,0.0
511832,4,109,2,68.99,0.0
511832,5,114,1,138.99,0.0
511833,1,125,1,31.99,0.0
511834,1,113,1,197.99,0.2
511834,2,122,3,74.99,0.2
511834,3,107,1,188.99,0.2
511835,1,124,1,55.99,0.0
511836,1,134,1,194.99,0.2
511837,1,119,2,78.99,0.2
511837,2,125,3,31.99,0.2
511838,1,130,3,17.99,0.0
511838,2,111,1,45.99,0.0
511839,1,123,2,68.99,0.2
511839,2,111,1,39.99,0.2
511839,3,115,1,30.99,0.2
511839,4,110,1,80.99,0.2
511840,1,124,3,58.99,0.0
511841,1,125,1,29.99,0.0
511841,2,122,1,74.99,0.0
511842,1,130,1,18.99,0.2
511842,2,104,1,528.99,0.2
511843,1,124,2,58.99,0.2
511843,2,132,1,48.99,0.2
511843,3,127,2,58.99,0.2
511843,4,117,2,188.99,0.2
511843,5,115,1,38.99,0.2
511844,1,121,2,228.99,0.0
511844,2,132,1,48.99,0.0
511844,3,112,2,178.99,0.0
511845,1,121,1,186.99,0.2
511845,2,102,1,342.99,0.2
511846,1,125,1,31.99,0.0
511847,1,113,1,197.99,0.2
511848,1,136,1,22.99,0.2
511848,2,127,2,47.99,0.2
511848,3,123,3,68.99,0.2
511849,1,119,1,63.99,0.0
511850,1,112,1,169.99,0.0
511851,1,134,2,238.99,0.2
511851,2,106,1,88.99,0.2
511851,3,137,1,34.99,0.2
511852,1,122,1,78.99,0.0
511853,1,104,1,528.99,0.2
511854,1,127,3,47.99,0.2
511854,2,125,3,25.99,0.2
511855,1,109,1,64.99,0.2
511855,2,128,2,26.99,0.2
511855,3,137,1,32.99,0.2
511855,4,123,1,79.99,0.2
511855,5,136,3,26.99,0.2
511856,1,122,2,74.99,0.0
511857,1,116,1,158.99,0.2
511858,1,108,2,278.99,0.2
511858,2,124,1,58.99,0.2
511859,1,127,2,58.99,0.2
511860,1,134,3,238.99,0.0
511861,1,135,2,148.99,0.0
511862,1,111,2,45.99,0.0
511862,2,104,1,501.99,0.0
511862,3,129,1,41.99,0.0
511863,1,138,2,98.99,0.2
511863,2,116,1,158.99,0.2
511863,3,121,3,228.99,0.2
511864,1,117,1,153.99,0.0
511864,2,110,2,80.99,0.0
511864,3,116,1,129.99,0.0
511865,1,112,2,178.99,0.1
511866,1,111,1,48.99,0.2
511867,1,122,1,78.99,0.2
511867,2,130,1,18.99,0.2
511867,3,107,2,198.99,0.2
511868,1,137,1,32.99,0.1
511868,2,122,1,74.99,0.1
511869,1,119,1,78.99,0.0
511869,2,130,2,18.99,0.0
511869,3,115,1,38.99,0.0
511869,4,131,1,24.99,0.0
511870,1,118,1,83.99,0.2
511871,1,110,1,98.99,0.2
511871,2,124,1,58.99,0.2
511871,3,104,3,528.99,0.2
511872,1,122,1,78.99,0.0
511873,1,110,1,80.99,0.0
511874,1,111,1,45.99,0.0
511874,2,117,2,178.99,0.0
511874,3,126,1,74.99,0.0
511874,4,120,2,235.99,0.0
511875,1,119,2,78.99,0.2
511875,2,138,3,98.99,0.2
511876,1,124,1,55.99,0.0
511877,1,113,2,208.99,0.0
511878,1,121,1,216.99,0.1
511878,2,109,3,64.99,0.1
511879,1,108,1,227.99,0.2
511879,2,124,1,47.99,0.2
511880,1,122,214,63.99,0.0
511880,2,118,119,71.99,0.0
511880,3,133,59,96.99,0.0
511880,4,103,186,285.99,0.0
511881,1,125,1,29.99,0.2
511882,1,111,2,39.99,0.0
511883,1,121,1,228.99,0.2
511883,2,132,3,48.99,0.2
511884,1,124,1,47.99,0.2
511884,2,103,2,285.99,0.2
511884,3,116,2,129.99,0.2
511885,1,132,2,45.99,0.1
511885,2,108,1,264.99,0.1
511885,3,138,1,93.99,0.1
511886,1,122,1,78.99,0.0
511887,1,111,2,48.99,0.0
511888,1,107,3,188.99,0.2
511889,1,125,1,31.99,0.2
511889,2,120,1,248.99,0.2
511889,3,127,1,58.99,0.2
511889,4,124,1,58.99,0.2
511890,1,130,1,18.99,0.0
511891,1,125,2,29.99,0.2
511891,2,122,1,74.99,0.2
511891,3,101,1,273.99,0.2
511892,1,134,2,194.99,0.0
511892,2,132,1,39.99,0.0
511893,1,117,2,178.99,0.1
511894,1,108,1,264.99,0.0
511895,1,131,1,22.99,0.2
511895,2,119,3,74.99,0.2
511896,1,122,1,78.99,0.2
511896,2,115,2,38.99,0.2
511897,1,104,2,528.99,0.2
511897,2,136,2,28.99,0.2
511897,3,117,2,188.99,0.2
511898,1,138,1,98.99,0.2
511899,1,132,1,45.99,0.2
511900,1,119,1,78.99,0.2
511900,2,116,1,158.99,0.2
511901,1,126,1,78.99,0.0
511902,1,138,1,93.99,0.2
511902,2,118,1,83.99,0.2
511903,1,126,1,63.99,0.2
511904,1,124,1,47.99,0.2
511905,1,112,2,178.99,0.2
511906,1,118,1,71.99,0.1
511906,2,134,3,194.99,0.1
511907,1,107,3,188.99,0.0
511907,2,121,2,216.99,0.0
511907,3,118,2,83.99,0.0
511907,4,101,1,273.99,0.0
511908,1,113,3,208.99,0.0
511909,1,137,2,32.99,0.2
511909,2,132,1,45.99,0.2
511909,3,119,1,74.99,0.2
511910,1,120,1,235.99,0.0
511910,2,116,1,150.99,0.0
511911,1,102,1,397.99,0.0
511912,1,135,3,148.99,0.2
511913,1,134,1,194.99,0.2
511913,2,122,1,63.99,0.2
511913,3,119,2,63.99,0.2
511914,1,113,1,197.99,0.0
511915,1,119,2,78.99,0.2
511916,1,113,1,197.99,0.2
511917,1,130,1,17.99,0.1
511918,1,107,3,188.99,0.1
511919,1,102,1,418.99,0.0
511920,1,131,1,24.99,0.0
511921,1,107,1,198.99,0.2
511921,2,117,2,188.99,0.2
511921,3,124,2,58.99,0.2
511921,4,121,1,228.99,0.2
511921,5,108,1,278.99,0.2
511922,1,138,2,93.99,0.2
511923,1,105,1,118.99,0.2
511923,2,133,1,118.99,0.2
511923,3,129,2,44.99,0.2
511923,4,124,3,58.99,0.2
511923,5,118,1,88.99,0.2
511924,1,115,3,38.99,0.0
511924,2,120,1,248.99,0.0
511925,1,108,1,278.99,0.1
511925,2,113,1,208.99,0.1
511926,1,125,1,25.99,0.1
511926,2,110,1,80.99,0.1
511927,1,136,1,28.99,0.0
511928,1,122,1,78.99,0.2
511928,2,131,1,24.99,0.2
511929,1,130,1,17.99,0.2
511930,1,137,1,32.99,0.0
511930,2,125,1,29.99,0.0
511930,3,116,1,150.99,0.0
511930,4,118,2,83.99,0.0
511930,5,112,3,169.99,0.0
511931,1,113,2,197.99,0.2
511931,2,109,3,64.99,0.2
511932,1,116,1,129.99,0.2
511932,2,134,2,194.99,0.2
511932,3,118,2,71.99,0.2
511932,4,110,3,80.99,0.2
511933,1,115,1,38.99,0.2
511933,2,118,3,88.99,0.2
511934,1,116,2,158.99,0.0
511934,2,121,1,228.99,0.0
511935,1,107,2,198.99,0.2
511936,1,135,2,148.99,0.2
511936,2,111,1,48.99,0.2
511937,1,130,1,18.99,0.2
511937,2,127,1,58.99,0.2
511938,1,110,1,98.99,0.2
511939,1,138,1,98.99,0.0
511940,1,121,1,216.99,0.2
511941,1,134,1,238.99,0.0
511941,2,116,3,158.99,0.0
511942,1,135,1,148.99,0.2
511943,1,125,2,31.99,0.0
511943,2,122,1,78.99,0.0
511944,1,114,1,138.99,0.0
511944,2,122,1,78.99,0.0
511944,3,119,1,78.99,0.0
511944,4,120,1,248.99,0.0
511944,5,123,2,84.99,0.0
511945,1,105,1,112.99,0.2
511945,2,121,1,216.99,0.2
511945,3,116,3,150.99,0.2
511945,4,104,2,501.99,0.2
511946,1,118,1,88.99,0.0
511946,2,124,1,58.99,0.0
511946,3,115,1,38.99,0.0
511947,1,128,1,22.99,0.2
511948,1,105,1,118.99,0.1
511949,1,103,1,285.99,0.0
511949,2,122,1,63.99,0.0
511949,3,112,1,145.99,0.0
511950,1,108,2,278.99,0.0
511951,1,120,2,203.99,0.0
511952,1,115,2,30.99,0.0
511952,2,134,3,194.99,0.0
511953,1,116,1,158.99,0.2
511953,2,120,1,248.99,0.2
511954,1,128,1,26.99,0.0
511954,2,108,1,264.99,0.0
511955,1,128,1,26.99,0.0
511956,1,122,1,74.99,0.2
511957,1,123,1,68.99,0.0
511957,2,121,1,186.99,0.0
511958,1,128,2,28.99,0.0
511958,2,120,1,248.99,0.0
511958,3,124,2,58.99,0.0
511959,1,122,3,78.99,0.2
511960,1,106,1,88.99,0.3
511961,1,127,1,58.99,0.2
511962,1,123,3,79.99,0.2
511963,1,124,2,58.99,0.0
511964,1,117,2,188.99,0.2
511965,1,125,2,29.99,0.2
511965,2,118,2,83.99,0.2
511966,1,109,2,68.99,0.0
511966,2,136,1,28.99,0.0
511966,3,128,2,28.99,0.0
511967,1,122,1,78.99,0.2
511967,2,119,3,78.99,0.2
511967,3,121,1,228.99,0.2
511968,1,132,1,48.99,0.0
511968,2,125,2,31.99,0.0
511968,3,104,1,528.99,0.0
511969,1,126,1,74.99,0.2
511969,2,121,1,216.99,0.2
511970,1,131,2,24.99,0.2
511970,2,125,3,31.99,0.2
511970,3,121,1,228.99,0.2
511970,4,113,1,208.99,0.2
511971,1,126,1,74.99,0.2
511971,2,113,2,197.99,0.2
511972,1,109,2,64.99,0.2
511972,2,118,2,83.99,0.2
511973,1,124,1,58.99,0.0
511974,1,108,1,227.99,0.3
511975,1,111,1,39.99,0.0
511975,2,114,2,112.99,0.0
511976,1,122,1,74.99,0.0
511976,2,123,2,79.99,0.0
511976,3,138,1,93.99,0.0
511977,1,118,2,71.99,0.2
511978,1,108,1,227.99,0.0
511978,2,109,1,55.99,0.0
511979,1,103,1,330.99,0.3
511980,1,120,1,235.99,0.0
511980,2,110,1,93.99,0.0
511981,1,109,2,68.99,0.0
511982,1,128,1,22.99,0.1
511983,1,107,1,198.99,0.0
511983,2,103,2,348.99,0.0
511983,3,126,1,78.99,0.0
511984,1,115,2,36.99,0.2
511985,1,102,1,342.99,0.1
511985,2,128,1,22.99,0.1
511985,3,130,1,14.99,0.1
511985,4,120,1,203.99,0.1
511985,5,119,1,63.99,0.1
511986,1,138,1,98.99,0.0
511987,1,118,1,88.99,0.0
511988,1,132,1,45.99,0.0
511989,1,136,3,28.99,0.0
511989,2,107,1,198.99,0.0
511990,1,121,2,228.99,0.0
511991,1,132,3,39.99,0.0
511991,2,118,2,71.99,0.0
511992,1,112,1,178.99,0.1
511993,1,123,1,79.99,0.0
511993,2,127,1,55.99,0.0
511994,1,121,1,228.99,0.2
511995,1,138,1,80.99,0.0
511996,1,127,2,58.99,0.0
511996,2,122,1,78.99,0.0
511996,3,123,1,84.99,0.0
511997,1,118,1,83.99,0.0
511997,2,106,1,83.99,0.0
511998,1,122,1,74.99,0.0
511998,2,132,3,45.99,0.0
511998,3,130,1,17.99,0.0
511998,4,102,1,397.99,0.0
511999,1,129,1,44.99,0.1
511999,2,109,1,68.99,0.1
512000,1,117,1,188.99,0.0
512000,2,121,2,228.99,0.0
512000,3,129,1,44.99,0.0
512000,4,101,1,288.99,0.0
512000,5,123,2,84.99,0.0
512001,1,117,1,188.99,0.0
512001,2,138,1,98.99,0.0
512002,1,129,1,44.99,0.0
512003,1,110,1,93.99,0.0
512003,2,124,3,55.99,0.0
512004,1,107,1,188.99,0.3
512005,1,124,1,58.99,0.0
512005,2,102,1,418.99,0.0
512006,1,123,2,79.99,0.0
512007,1,101,1,288.99,0.0
512008,1,132,2,48.99,0.0
512009,1,133,2,118.99,0.3
512010,1,118,1,88.99,0.0
512011,1,120,3,203.99,0.1
512012,1,113,2,170.99,0.0
512012,2,119,1,63.99,0.0
512013,1,132,1,48.99,0.0
512014,1,101,1,288.99,0.0
512015,1,122,1,78.99,0.0
512016,1,122,2,78.99,0.0
512017,1,108,3,278.99,0.1
512017,2,134,1,238.99,0.1
512018,1,110,2,98.99,0.0
512019,1,122,1,74.99,0.0
512020,1,104,1,501.99,0.0
512021,1,108,1,278.99,0.0
512021,2,123,2,84.99,0.0
512021,3,138,2,98.99,0.0
512022,1,124,1,58.99,0.0
512023,1,130,1,18.99,0.0
512024,1,119,2,78.99,0.0
512024,2,123,2,84.99,0.0
512024,3,103,3,348.99,0.0
512025,1,107,2,188.99,0.0
512025,2,108,1,264.99,0.0
512026,1,112,1,169.99,0.0
512026,2,129,3,41.99,0.0
512027,1,124,1,58.99,0.0
512028,1,107,1,198.99,0.0
512029,1,137,2,34.99,0.0
512029,2,117,1,188.99,0.0
512029,3,118,1,88.99,0.0
512029,4,121,2,228.99,0.0
512029,5,112,1,178.99,0.0
512030,1,115,1,30.99,0.2
512031,1,101,2,288.99,0.2
512032,1,102,1,418.99,0.2
512033,1,106,2,83.99,0.2
512034,1,136,1,22.99,0.0
512034,2,121,1,186.99,0.0
512034,3,124,1,47.99,0.0
512034,4,109,1,55.99,0.0
512034,5,110,2,80.99,0.0
512035,1,104,2,528.99,0.2
512035,2,121,2,228.99,0.2
512036,1,115,2,36.99,0.0
512036,2,114,2,131.99,0.0
512036,3,137,3,32.99,0.0
512037,1,102,1,397.99,0.0
512037,2,133,1,112.99,0.0
512037,3,104,1,501.99,0.0
512038,1,119,2,78.99,0.0
512038,2,114,3,138.99,0.0
512039,1,113,3,208.99,0.0
512040,1,122,2,74.99,0.1
512041,1,119,1,78.99,0.3
512041,2,138,1,98.99,0.3
512041,3,123,1,84.99,0.3
512042,1,112,2,178.99,0.0
512042,2,117,3,188.99,0.0
512043,1,112,1,169.99,0.0
512044,1,122,2,74.99,0.0
512045,1,112,2,178.99,0.2
512046,1,112,2,169.99,0.0
512047,1,129,1,44.99,0.0
512048,1,137,1,32.99,0.0
512049,1,127,2,47.99,0.1
512049,2,105,1,96.99,0.1
512050,1,120,1,248.99,0.1
512051,1,114,1,138.99,0.0
512052,1,118,2,88.99,0.0
512053,1,106,3,88.99,0.0
512053,2,116,2,158.99,0.0
512054,1,124,2,58.99,0.0
512054,2,114,1,138.99,0.0
512054,3,111,1,48.99,0.0
512055,1,124,1,55.99,0.1
512056,1,114,2,138.99,0.0
512057,1,113,1,170.99,0.0
512058,1,123,1,84.99,0.0
512058,2,122,2,78.99,0.0
512059,1,119,1,78.99,0.0
512060,1,102,1,418.99,0.0
512060,2,121,1,228.99,0.0
512060,3,101,1,288.99,0.0
512060,4,115,1,38.99,0.0
512061,1,124,1,58.99,0.0
512062,1,118,1,71.99,0.0
512063,1,136,2,26.99,0.0
512064,1,102,3,397.99,0.1
512065,1,125,1,25.99,0.0
512066,1,125,3,31.99,0.1
512067,1,105,1,96.99,0.0
512068,1,122,1,78.99,0.2
512069,1,121,2,228.99,0.0
512070,1,121,2,186.99,0.0
512070,2,131,1,19.99,0.0
512071,1,128,1,28.99,0.0
512071,2,112,3,178.99,0.0
512071,3,125,1,31.99,0.0
512071,4,114,3,138.99,0.0
512072,1,102,2,397.99,0.0
512072,2,125,1,29.99,0.0
512072,3,123,2,79.99,0.0
512073,1,113,1,208.99,0.1
512073,2,125,2,31.99,0.1
512074,1,119,2,74.99,0.2
512074,2,128,1,26.99,0.2
512075,1,131,3,24.99,0.0
512076,1,117,1,178.99,0.1
512077,1,112,1,145.99,0.0
512078,1,118,1,83.99,0.0
512079,1,117,1,188.99,0.0
512079,2,112,2,178.99,0.0
512080,1,135,1,148.99,0.0
512081,1,123,1,79.99,0.0
512081,2,110,1,93.99,0.0
512082,1,102,3,418.99,0.0
512082,2,138,3,98.99,0.0
512082,3,132,1,48.99,0.0
512083,1,101,1,288.99,0.0
512084,1,119,1,78.99,0.0
512085,1,125,1,31.99,0.0
512085,2,104,1,528.99,0.0
512085,3,114,1,138.99,0.0
512086,1,118,1,83.99,0.0
512087,1,110,1,80.99,0.1
512088,1,136,1,26.99,0.1
512088,2,110,1,93.99,0.1
512088,3,108,2,264.99,0.1
512088,4,115,1,36.99,0.1
512089,1,130,3,18.99,0.0
512090,1,114,3,138.99,0.0
512091,1,117,2,188.99,0.0
512091,2,116,1,158.99,0.0
512091,3,103,1,348.99,0.0
512092,1,119,2,74.99,0.0
512093,1,126,2,63.99,0.0
512094,1,111,1,48.99,0.0
512094,2,108,2,278.99,0.0
512095,1,124,1,55.99,0.0
512095,2,119,3,74.99,0.0
512095,3,125,1,29.99,0.0
512095,4,116,3,150.99,0.0
512096,1,125,2,25.99,0.2
512096,2,123,1,68.99,0.2
512096,3,111,1,39.99,0.2
512097,1,111,1,48.99,0.0
512098,1,109,1,64.99,0.3
512099,1,114,2,131.99,0.0
512099,2,124,1,55.99,0.0
512100,1,111,1,48.99,0.0
512101,1,123,3,79.99,0.1
512101,2,115,3,36.99,0.1
512102,1,108,1,264.99,0.0
512103,1,121,1,216.99,0.3
512103,2,114,1,131.99,0.3
512104,1,134,3,238.99,0.0
512105,1,129,1,41.99,0.1
512105,2,118,1,83.99,0.1
512105,3,107,1,188.99,0.1
512106,1,127,1,55.99,0.0
512107,1,128,1,28.99,0.0
512108,1,111,1,48.99,0.0
512109,1,122,1,78.99,0.2
512109,2,117,2,188.99,0.2
512110,1,120,3,248.99,0.0
512110,2,125,2,31.99,0.0
512110,3,119,3,78.99,0.0
512110,4,124,1,58.99,0.0
512110,5,110,2,98.99,0.0
512111,1,115,2,36.99,0.0
512111,2,135,1,140.99,0.0
512112,1,130,1,18.99,0.1
512113,1,107,2,198.99,0.2
512113,2,137,2,34.99,0.2
512114,1,106,2,88.99,0.2
512114,2,113,1,208.99,0.2
512114,3,112,1,178.99,0.2
512115,1,112,2,178.99,0.2
512115,2,114,1,138.99,0.2
512115,3,131,3,24.99,0.2
512116,1,125,1,29.99,0.0
512116,2,133,3,112.99,0.0
512117,1,115,3,38.99,0.1
512118,1,126,2,78.99,0.0
512118,2,120,1,248.99,0.0
512119,1,126,1,78.99,0.0
512120,1,129,2,41.99,0.0
512120,2,104,1,501.99,0.0
512120,3,123,2,79.99,0.0
512120,4,121,1,216.99,0.0
512121,1,124,1,58.99,0.0
512121,2,119,3,78.99,0.0
512122,1,124,1,55.99,0.0
512123,1,110,1,98.99,0.0
512123,2,118,2,88.99,0.0
512124,1,117,3,178.99,0.0
512125,1,123,3,84.99,0.0
512125,2,118,1,88.99,0.0
512126,1,117,1,153.99,0.0
512127,1,119,2,74.99,0.0
512127,2,104,1,501.99,0.0
512128,1,117,1,188.99,0.0
512129,1,132,2,48.99,0.2
512130,1,138,2,98.99,0.1
512131,1,116,2,158.99,0.0
512132,1,111,1,48.99,0.0
512132,2,119,3,78.99,0.0
512133,1,123,2,68.99,0.0
512133,2,124,2,47.99,0.0
512134,1,108,3,278.99,0.2
512135,1,116,2,158.99,0.0
512135,2,114,1,138.99,0.0
512135,3,136,2,28.99,0.0
512136,1,121,3,228.99,0.1
512136,2,118,1,88.99,0.1
512136,3,110,3,98.99,0.1
512137,1,130,3,17.99,0.2
512138,1,132,1,48.99,0.0
512138,2,109,2,68.99,0.0
512139,1,131,1,24.99,0.2
512140,1,125,3,25.99,0.0
512140,2,101,1,235.99,0.0
512141,1,110,2,93.99,0.0
512142,1,137,1,34.99,0.0
512142,2,114,1,138.99,0.0
512142,3,132,1,48.99,0.0
512143,1,111,2,48.99,0.0
512143,2,137,1,34.99,0.0
512144,1,112,1,145.99,0.0
512145,1,117,2,188.99,0.0
512145,2,103,1,348.99,0.0
512146,1,120,1,248.99,0.1
512147,1,104,1,528.99,0.1
512147,2,111,3,48.99,0.1
512148,1,124,3,55.99,0.0
512149,1,101,3,273.99,0.0
512150,1,132,1,45.99,0.2
512151,1,123,1,84.99,0.0
512151,2,111,2,48.99,0.0
512152,1,136,2,22.99,0.0
512153,1,124,1,55.99,0.1
512154,1,103,2,348.99,0.0
512154,2,136,2,28.99,0.0
512155,1,123,1,68.99,0.0
512155,2,122,1,63.99,0.0
512156,1,120,1,235.99,0.0
512157,1,119,2,74.99,0.0
512158,1,117,1,188.99,0.0
512159,1,136,2,28.99,0.0
512159,2,129,2,44.99,0.0
512160,1,134,1,226.99,0.0
512160,2,122,2,74.99,0.0
512160,3,124,1,55.99,0.0
512160,4,126,1,74.99,0.0
512161,1,122,2,78.99,0.0
512162,1,116,1,129.99,0.0
512163,1,114,1,131.99,0.0
512163,2,120,2,235.99,0.0
512164,1,114,1,138.99,0.0
512164,2,123,2,84.99,0.0
512164,3,109,1,68.99,0.0
512165,1,125,1,31.99,0.0
512166,1,127,3,55.99,0.1
512167,1,102,1,397.99,0.0
512168,1,125,2,31.99,0.0
512169,1,117,3,178.99,0.0
512169,2,121,1,216.99,0.0
512170,1,114,1,138.99,0.2
512170,2,134,1,238.99,0.2
512171,1,106,3,88.99,0.0
512171,2,103,1,348.99,0.0
512172,1,119,1,74.99,0.0
512173,1,114,2,138.99,0.0
512174,1,119,1,63.99,0.1
512175,1,107,1,198.99,0.0
512176,1,108,2,264.99,0.0
512176,2,116,2,150.99,0.0
512177,1,106,2,88.99,0.1
512178,1,125,2,31.99,0.0
512179,1,122,1,74.99,0.0
512180,1,114,1,138.99,0.0
512181,1,117,1,178.99,0.0
512181,2,104,2,501.99,0.0
512182,1,116,2,150.99,0.0
512182,2,110,1,93.99,0.0
512183,1,110,2,98.99,0.0
512183,2,119,1,78.99,0.0
512184,1,136,1,22.99,0.0
512185,1,125,1,31.99,0.1
512185,2,113,2,208.99,0.1
512186,1,108,1,264.99,0.2
512187,1,119,1,74.99,0.0
512188,1,117,1,188.99,0.0
512188,2,107,1,198.99,0.0
512188,3,106,1,88.99,0.0
512188,4,123,2,84.99,0.0
512188,5,131,3,24.99,0.0
512189,1,117,2,188.99,0.0
512190,1,120,2,248.99,0.1
512190,2,130,3,18.99,0.1
512191,1,136,2,26.99,0.2
512191,2,105,1,112.99,0.2
512192,1,120,2,248.99,0.0
512193,1,106,1,88.99,0.2
512193,2,102,1,418.99,0.2
512194,1,120,1,203.99,0.1
512195,1,125,2,31.99,0.0
512195,2,107,3,198.99,0.0
512195,3,111,3,48.99,0.0
512196,1,123,1,84.99,0.1
512196,2,133,3,118.99,0.1
512196,3,119,1,78.99,0.1
512197,1,125,2,31.99,0.1
512198,1,113,3,170.99,0.0
512198,2,131,2,19.99,0.0
512199,1,130,1,17.99,0.1
512200,1,123,1,79.99,0.0
512200,2,125,1,29.99,0.0
512200,3,120,3,235.99,0.0
512200,4,103,1,330.99,0.0
512201,1,122,1,78.99,0.1
512202,1,136,2,28.99,0.0
512202,2,134,2,238.99,0.0
512203,1,125,3,31.99,0.1
512204,1,130,2,18.99,0.0
512205,1,137,1,34.99,0.0
512205,2,106,1,88.99,0.0
512206,1,118,2,88.99,0.0
512207,1,126,1,63.99,0.0
512207,2,114,1,112.99,0.0
512207,3,104,1,432.99,0.0
512208,1,120,2,248.99,0.0
512208,2,102,1,418.99,0.0
512208,3,124,2,58.99,0.0
512208,4,133,1,118.99,0.0
512208,5,125,1,31.99,0.0
512209,1,129,1,44.99,0.0
512210,1,106,1,88.99,0.0
512210,2,116,1,158.99,0.0
512211,1,124,1,55.99,0.0
512211,2,130,1,17.99,0.0
512211,3,121,1,216.99,0.0
512212,1,113,1,170.99,0.0
512213,1,123,2,79.99,0.0
512213,2,130,2,17.99,0.0
512214,1,107,2,162.99,0.0
512214,2,119,1,63.99,0.0
512215,1,124,1,58.99,0.0
512215,2,102,3,418.99,0.0
512216,1,111,1,48.99,0.0
512217,1,113,1,208.99,0.2
512218,1,124,2,58.99,0.0
512218,2,121,1,228.99,0.0
512219,1,127,1,47.99,0.0
512219,2,113,1,170.99,0.0
512219,3,118,1,71.99,0.0
512219,4,126,1,63.99,0.0
512220,1,118,3,88.99,0.0
512220,2,123,3,84.99,0.0
512221,1,105,2,96.99,0.0
512222,1,114,1,112.99,0.0
512223,1,105,1,118.99,0.0
512224,1,114,1,112.99,0.0
512224,2,102,1,342.99,0.0
512225,1,123,1,79.99,0.0
512226,1,108,2,278.99,0.0
512227,1,119,1,78.99,0.0
512227,2,133,1,118.99,0.0
512227,3,113,2,208.99,0.0
512227,4,120,1,248.99,0.0
512227,5,134,1,238.99,0.0
512228,1,136,1,28.99,0.0
512229,1,116,1,150.99,0.0
512229,2,114,2,131.99,0.0
512230,1,127,1,55.99,0.1
512231,1,138,3,98.99,0.2
512232,1,117,2,178.99,0.0
512232,2,125,1,29.99,0.0
512233,1,116,1,129.99,0.0
512233,2,112,3,145.99,0.0
512233,3,118,2,71.99,0.0
512234,1,120,1,203.99,0.0
512234,2,129,1,35.99,0.0
512234,3,105,2,96.99,0.0
512234,4,137,1,27.99,0.0
512235,1,128,2,28.99,0.0
512236,1,112,3,169.99,0.0
512237,1,124,3,58.99,0.0
512238,1,117,2,178.99,0.0
512239,1,127,1,58.99,0.0
512239,2,108,2,278.99,0.0
512239,3,130,1,18.99,0.0
512240,1,134,1,238.99,0.0
512240,2,108,2,278.99,0.0
512240,3,114,1,138.99,0.0
512240,4,123,1,84.99,0.0
512240,5,133,3,118.99,0.0
512241,1,122,1,78.99,0.0
512241,2,119,3,78.99,0.0
512242,1,131,3,22.99,0.1
512242,2,106,3,83.99,0.1
512243,1,120,3,248.99,0.0
512244,1,119,3,78.99,0.0
512244,2,137,1,34.99,0.0
512244,3,120,1,248.99,0.0
512244,4,114,2,138.99,0.0
512245,1,134,2,194.99,0.0
512245,2,130,3,14.99,0.0
512246,1,112,1,178.99,0.0
512246,2,114,1,138.99,0.0
512247,1,117,2,188.99,0.1
512247,2,135,2,148.99,0.1
512248,1,121,1,228.99,0.1
512248,2,120,1,248.99,0.1
512248,3,136,2,28.99,0.1
512249,1,136,2,26.99,0.1
512249,2,118,1,83.99,0.1
512250,1,110,1,98.99,0.0
512250,2,135,2,148.99,0.0
512251,1,123,2,68.99,0.0
512252,1,110,2,98.99,0.0
512252,2,123,2,84.99,0.0
512253,1,108,3,227.99,0.0
512254,1,121,1,186.99,0.0
512254,2,116,2,129.99,0.0
512254,3,127,2,47.99,0.0
512254,4,106,2,71.99,0.0
512255,1,102,1,397.99,0.0
512255,2,116,2,150.99,0.0
512256,1,121,1,228.99,0.0
512257,1,112,1,178.99,0.0
512258,1,115,2,30.99,0.0
512259,1,138,1,98.99,0.0
512259,2,129,2,44.99,0.0
512260,1,106,1,88.99,0.3
512260,2,131,2,24.99,0.3
512261,1,111,2,48.99,0.0
512261,2,131,2,24.99,0.0
512262,1,104,2,501.99,0.0
512262,2,109,1,64.99,0.0
512263,1,123,1,84.99,0.0
512264,1,103,2,348.99,0.0
512264,2,123,2,84.99,0.0
512265,1,122,2,78.99,0.0
512265,2,123,1,84.99,0.0
512265,3,117,1,188.99,0.0
512265,4,121,1,228.99,0.0
512266,1,102,1,418.99,0.0
512267,1,112,1,178.99,0.0
512267,2,129,1,44.99,0.0
512268,1,118,1,88.99,0.1
512268,2,107,1,198.99,0.1
512268,3,113,1,208.99,0.1
512269,1,123,2,84.99,0.1
512269,2,133,1,118.99,0.1
512269,3,124,1,58.99,0.1
512270,1,132,1,48.99,0.0
512271,1,138,1,98.99,0.0
512272,1,124,2,58.99,0.0
512273,1,121,2,186.99,0.1
512273,2,120,1,203.99,0.1
512273,3,104,3,432.99,0.1
512274,1,130,3,17.99,0.0
512274,2,122,1,74.99,0.0
512275,1,110,1,98.99,0.0
512275,2,122,1,78.99,0.0
512275,3,116,1,158.99,0.0
512276,1,112,2,169.99,0.0
512276,2,106,3,83.99,0.0
512277,1,131,2,24.99,0.0
512278,1,124,2,55.99,0.0
512279,1,110,2,98.99,0.0
512279,2,111,3,48.99,0.0
512279,3,118,2,88.99,0.0
512279,4,106,1,88.99,0.0
512279,5,112,3,178.99,0.0
512280,1,113,1,208.99,0.1
512281,1,109,1,68.99,0.1
512281,2,107,1,198.99,0.1
512281,3,122,2,78.99,0.1
512281,4,121,1,228.99,0.1
512282,1,106,1,83.99,0.0
512283,1,136,1,26.99,0.0
512283,2,113,2,197.99,0.0
512284,1,126,3,78.99,0.0
512284,2,111,1,48.99,0.0
512285,1,113,2,197.99,0.0
512285,2,101,1,273.99,0.0
512286,1,116,1,129.99,0.0
512287,1,106,1,83.99,0.2
512287,2,138,1,93.99,0.2
512287,3,117,1,178.99,0.2
512288,1,122,1,78.99,0.0
512289,1,126,3,74.99,0.0
512290,1,125,1,31.99,0.0
512291,1,123,3,84.99,0.0
512291,2,110,1,98.99,0.0
512292,1,134,1,238.99,0.0
512293,1,109,1,55.99,0.2
512293,2,131,2,19.99,0.2
512294,1,135,1,148.99,0.0
512295,1,128,1,26.99,0.0
512295,2,127,1,55.99,0.0
512295,3,114,2,131.99,0.0
512295,4,131,1,22.99,0.0
512295,5,130,2,17.99,0.0
512296,1,111,1,39.99,0.0
512296,2,107,1,162.99,0.0
512297,1,118,1,88.99,0.1
512298,1,115,3,36.99,0.0
512299,1,117,1,178.99,0.0
512300,1,123,2,84.99,0.2
512300,2,128,2,28.99,0.2
512300,3,106,1,88.99,0.2
512301,1,118,1,88.99,0.0
512301,2,117,1,188.99,0.0
512301,3,119,1,78.99,0.0
512302,1,130,3,17.99,0.2
512302,2,119,1,74.99,0.2
512302,3,120,1,235.99,0.2
512303,1,125,2,25.99,0.1
512303,2,119,2,63.99,0.1
512303,3,112,3,145.99,0.1
512304,1,122,1,74.99,0.1
512304,2,102,3,397.99,0.1
512304,3,123,2,79.99,0.1
512304,4,119,1,74.99,0.1
512305,1,125,2,29.99,0.0
512306,1,121,1,216.99,0.3
512306,2,101,2,273.99,0.3
512307,1,135,1,148.99,0.1
512307,2,111,1,48.99,0.1
512308,1,127,3,58.99,0.0
512309,1,112,1,178.99,0.1
512310,1,119,3,78.99,0.0
512311,1,102,1,418.99,0.0
512311,2,128,1,28.99,0.0
512311,3,137,1,34.99,0.0
512312,1,113,1,208.99,0.0
512312,2,129,2,44.99,0.0
512313,1,131,1,24.99,0.0
512314,1,126,2,78.99,0.0
512314,2,120,2,248.99,0.0
512315,1,111,3,48.99,0.0
512315,2,123,1,84.99,0.0
512315,3,119,1,78.99,0.0
512316,1,131,1,24.99,0.0
512316,2,124,1,58.99,0.0
512316,3,125,2,31.99,0.0
512316,4,115,1,38.99,0.0
512317,1,128,3,28.99,0.3
512317,2,132,2,48.99,0.3
512317,3,119,2,78.99,0.3
512318,1,122,2,78.99,0.3
512318,2,123,1,84.99,0.3
512318,3,108,3,278.99,0.3
512319,1,120,1,248.99,0.0
512319,2,113,3,208.99,0.0
512320,1,122,1,63.99,0.0
512321,1,112,3,178.99,0.0
512322,1,136,2,28.99,0.2
512322,2,129,3,44.99,0.2
512323,1,119,2,78.99,0.0
512324,1,105,3,112.99,0.0
512324,2,128,1,26.99,0.0
512325,1,111,2,45.99,0.3
512326,1,119,1,74.99,0.1
512327,1,123,1,84.99,0.3
512327,2,117,1,188.99,0.3
512328,1,113,2,208.99,0.0
512328,2,114,1,138.99,0.0
512329,1,133,2,96.99,0.0
512330,1,135,1,148.99,0.0
512331,1,137,2,32.99,0.1
512331,2,108,2,264.99,0.1
512332,1,121,2,186.99,0.0
512332,2,132,2,39.99,0.0
512333,1,138,1,98.99,0.0
512333,2,113,1,208.99,0.0
512333,3,114,1,138.99,0.0
512333,4,101,1,288.99,0.0
512334,1,124,3,58.99,0.0
512334,2,134,1,238.99,0.0
512334,3,119,2,78.99,0.0
512334,4,101,3,288.99,0.0
512335,1,121,3,216.99,0.1
512336,1,112,1,178.99,0.1
512336,2,123,2,84.99,0.1
512336,3,126,1,78.99,0.1
512336,4,119,1,78.99,0.1
512337,1,101,1,288.99,0.0
512338,1,104,1,501.99,0.0
512338,2,123,2,79.99,0.0
512339,1,113,1,208.99,0.1
512340,1,125,2,31.99,0.0
512340,2,137,1,34.99,0.0
512341,1,115,1,36.99,0.0
512341,2,107,1,188.99,0.0
512342,1,111,2,48.99,0.0
512342,2,138,2,98.99,0.0
512343,1,137,1,34.99,0.0
512344,1,116,1,150.99,0.2
512345,1,135,2,148.99,0.0
512346,1,116,2,158.99,0.0
512347,1,118,1,88.99,0.0
512348,1,114,1,138.99,0.2
512349,1,130,2,17.99,0.0
512350,1,134,1,238.99,0.0
512351,1,123,2,68.99,0.0
512351,2,128,1,22.99,0.0
512351,3,105,3,96.99,0.0
512351,4,125,1,25.99,0.0
512351,5,115,1,30.99,0.0
512352,1,124,1,58.99,0.0
512353,1,124,1,58.99,0.0
512354,1,102,1,418.99,0.0
512355,1,120,1,248.99,0.0
512356,1,125,1,31.99,0.1
512356,2,130,1,18.99,0.1
512357,1,129,2,44.99,0.2
512357,2,124,1,58.99,0.2
512357,3,123,3,84.99,0.2
512358,1,134,1,238.99,0.2
512358,2,118,3,88.99,0.2
512358,3,130,1,18.99,0.2
512359,1,120,2,203.99,0.0
512360,1,119,1,78.99,0.0
512360,2,112,1,178.99,0.0
512360,3,124,2,58.99,0.0
512361,1,103,2,330.99,0.0
512361,2,128,1,26.99,0.0
512361,3,113,1,197.99,0.0
512362,1,102,1,418.99,0.1
512362,2,110,2,98.99,0.1
512363,1,137,2,34.99,0.0
512364,1,101,1,288.99,0.0
512364,2,120,1,248.99,0.0
512364,3,115,1,38.99,0.0
512365,1,119,1,78.99,0.0
512365,2,135,2,148.99,0.0
512366,1,127,1,55.99,0.0
512367,1,120,1,248.99,0.0
512368,1,127,3,55.99,0.2
512369,1,126,1,78.99,0.0
512370,1,138,1,98.99,0.1
512370,2,136,1,28.99,0.1
512370,3,107,3,198.99,0.1
512371,1,112,1,169.99,0.3
512371,2,136,2,26.99,0.3
512372,1,123,3,84.99,0.0
512373,1,116,1,150.99,0.0
512373,2,127,2,55.99,0.0
512373,3,130,3,17.99,0.0
512373,4,120,2,235.99,0.0
512374,1,127,1,58.99,0.1
512374,2,123,2,84.99,0.1
512375,1,125,1,31.99,0.1
512375,2,123,1,84.99,0.1
512375,3,105,1,118.99,0.1
512376,1,114,2,131.99,0.0
512377,1,136,2,26.99,0.0
512378,1,111,2,48.99,0.0
512379,1,135,1,140.99,0.0
512380,1,114,1,138.99,0.0
512380,2,111,1,48.99,0.0
512381,1,127,2,58.99,0.0
512381,2,111,2,48.99,0.0
512381,3,115,1,38.99,0.0
512382,1,125,1,31.99,0.0
512383,1,112,2,178.99,0.2
512384,1,108,1,278.99,0.0
512385,1,128,1,26.99,0.0
512386,1,126,2,78.99,0.0
512387,1,105,2,112.99,0.0
512388,1,122,2,78.99,0.0
512389,1,123,1,84.99,0.2
512390,1,126,1,78.99,0.0
512390,2,133,2,118.99,0.0
512390,3,125,1,31.99,0.0
512391,1,113,1,197.99,0.2
512391,2,132,1,45.99,0.2
512391,3,123,2,79.99,0.2
512391,4,105,1,112.99,0.2
512392,1,135,1,121.99,0.0
512392,2,124,1,47.99,0.0
512393,1,121,2,216.99,0.0
512393,2,133,1,112.99,0.0
512394,1,118,1,71.99,0.0
512394,2,106,1,71.99,0.0
512394,3,126,3,63.99,0.0
512395,1,136,2,28.99,0.1
512396,1,107,1,198.99,0.0
512396,2,110,2,98.99,0.0
512396,3,119,1,78.99,0.0
512397,1,130,2,17.99,0.1
512397,2,103,2,330.99,0.1
512397,3,114,1,131.99,0.1
512397,4,112,1,169.99,0.1
512397,5,138,1,93.99,0.1
512398,1,106,2,71.99,0.0
512399,1,136,1,26.99,0.2
512399,2,110,1,93.99,0.2
512400,1,124,1,58.99,0.0
512400,2,122,1,78.99,0.0
512401,1,114,1,112.99,0.3
512401,2,131,2,19.99,0.3
512402,1,112,1,178.99,0.2
512403,1,114,1,138.99,0.0
512404,1,135,1,140.99,0.0
512405,1,131,3,24.99,0.0
512405,2,111,1,48.99,0.0
512405,3,105,1,118.99,0.0
512405,4,127,1,58.99,0.0
512406,1,106,1,88.99,0.0
512407,1,131,1,24.99,0.1
512408,1,122,2,78.99,0.0
512409,1,137,3,34.99,0.0
512410,1,124,1,58.99,0.2
512411,1,135,1,148.99,0.0
512411,2,116,1,158.99,0.0
512412,1,123,2,84.99,0.0
512413,1,120,1,248.99,0.0
512414,1,118,1,88.99,0.0
512415,1,117,1,178.99,0.0
512416,1,125,2,25.99,0.0
512416,2,107,1,162.99,0.0
512416,3,136,1,22.99,0.0
512417,1,138,1,80.99,0.0
512418,1,102,2,342.99,0.0
512419,1,114,1,138.99,0.2
512420,1,114,1,112.99,0.0
512420,2,121,1,186.99,0.0
512420,3,136,1,22.99,0.0
512420,4,124,2,47.99,0.0
512420,5,131,2,19.99,0.0
512421,1,118,1,88.99,0.2
512421,2,121,2,228.99,0.2
512421,3,119,1,78.99,0.2
512422,1,131,2,24.99,0.0
512422,2,107,1,198.99,0.0
512423,1,128,3,28.99,0.0
512424,1,117,1,178.99,0.1
512424,2,128,1,26.99,0.1
512425,1,130,3,17.99,0.2
512425,2,122,1,74.99,0.2
512425,3,132,1,45.99,0.2
512426,1,114,2,131.99,0.1
512426,2,103,2,330.99,0.1
512427,1,135,1,148.99,0.0
512427,2,114,1,138.99,0.0
512427,3,123,1,84.99,0.0
512428,1,108,1,264.99,0.1
512429,1,119,1,78.99,0.1
512430,1,126,2,78.99,0.1
512431,1,123,1,84.99,0.2
512431,2,122,1,78.99,0.2
512431,3,111,1,48.99,0.2
512431,4,113,1,208.99,0.2
512432,1,121,1,228.99,0.2
512432,2,109,1,68.99,0.2
512433,1,130,1,17.99,0.0
512434,1,131,1,22.99,0.1
512435,1,125,1,31.99,0.0
512435,2,119,1,78.99,0.0
512435,3,122,1,78.99,0.0
512436,1,116,2,129.99,0.0
512436,2,135,1,121.99,0.0
512437,1,101,3,288.99,0.0
512437,2,121,2,228.99,0.0
512437,3,116,2,158.99,0.0
512437,4,134,3,238.99,0.0
512437,5,118,1,88.99,0.0
512438,1,121,2,186.99,0.0
512439,1,121,1,228.99,0.0
512439,2,126,1,78.99,0.0
512439,3,138,1,98.99,0.0
512440,1,114,1,138.99,0.0
512441,1,129,2,44.99,0.0
512442,1,128,2,26.99,0.0
512442,2,112,1,169.99,0.0
512442,3,120,1,235.99,0.0
512443,1,102,2,418.99,0.0
512443,2,112,3,178.99,0.0
512443,3,126,2,78.99,0.0
512443,4,119,2,78.99,0.0
512444,1,135,1,148.99,0.0
512444,2,115,3,38.99,0.0
512445,1,114,1,131.99,0.1
512445,2,110,2,93.99,0.1
512446,1,136,3,26.99,0.0
512447,1,114,1,131.99,0.0
512447,2,135,2,140.99,0.0
512447,3,121,2,216.99,0.0
512448,1,105,1,112.99,0.1
512449,1,122,2,78.99,0.1
512449,2,121,3,228.99,0.1
512450,1,112,1,145.99,0.1
512451,1,116,1,158.99,0.1
512452,1,137,2,34.99,0.0
512453,1,134,1,194.99,0.0
512454,1,136,1,28.99,0.2
512454,2,111,2,48.99,0.2
512455,1,117,2,178.99,0.0
512456,1,122,2,63.99,0.0
512457,1,117,1,188.99,0.2
512458,1,101,1,235.99,0.1
512459,1,136,1,28.99,0.0
512460,1,107,3,198.99,0.0
512461,1,138,2,98.99,0.0
512462,1,121,1,216.99,0.0
512463,1,119,1,78.99,0.0
512464,1,115,1,38.99,0.0
512464,2,130,1,18.99,0.0
512465,1,111,1,48.99,0.0
512466,1,107,1,198.99,0.1
512466,2,108,1,278.99,0.1
512467,1,112,2,178.99,0.0
512467,2,134,1,238.99,0.0
512468,1,108,1,227.99,0.0
512468,2,119,3,63.99,0.0
512468,3,113,1,170.99,0.0
512469,1,115,1,38.99,0.0
512469,2,137,1,34.99,0.0
512470,1,120,2,248.99,0.1
512470,2,130,1,18.99,0.1
512471,1,101,1,288.99,0.0
512471,2,131,2,24.99,0.0
512472,1,122,3,78.99,0.0
512473,1,130,2,18.99,0.0
512474,1,110,1,98.99,0.0
512475,1,114,1,138.99,0.0
512475,2,106,1,88.99,0.0
512475,3,119,2,78.99,0.0
512476,1,118,1,88.99,0.0
512477,1,107,1,198.99,0.0
512477,2,109,1,68.99,0.0
512478,1,107,3,198.99,0.1
512478,2,101,2,288.99,0.1
512478,3,114,2,138.99,0.1
512478,4,118,1,88.99,0.1
512478,5,136,2,28.99,0.1
512479,1,105,1,118.99,0.0
512480,1,122,1,74.99,0.0
512481,1,103,1,348.99,0.0
512481,2,124,3,58.99,0.0
512481,3,101,1,288.99,0.0
512482,1,125,2,31.99,0.2
512483,1,107,2,198.99,0.0
512483,2,138,3,98.99,0.0
512483,3,111,1,48.99,0.0
512484,1,124,2,47.99,0.0
512484,2,104,1,432.99,0.0
512485,1,109,2,68.99,0.0
512485,2,122,1,78.99,0.0
512486,1,120,3,248.99,0.0
512486,2,121,1,228.99,0.0
512486,3,123,1,84.99,0.0
512486,4,108,2,278.99,0.0
512487,1,109,1,68.99,0.0
512487,2,121,1,228.99,0.0
512488,1,110,2,93.99,0.3
512489,1,125,1,29.99,0.0
512490,1,109,3,64.99,0.2
512491,1,118,1,83.99,0.0
512492,1,115,2,38.99,0.1
512492,2,120,2,248.99,0.1
512492,3,109,3,68.99,0.1
512493,1,132,1,48.99,0.0
512494,1,107,1,188.99,0.0
512495,1,118,2,88.99,0.0
512496,1,122,1,78.99,0.0
512497,1,106,3,88.99,0.0
512497,2,105,3,118.99,0.0
512498,1,120,1,248.99,0.0
512498,2,110,1,98.99,0.0
512499,1,129,3,44.99,0.0
512499,2,127,1,58.99,0.0
512500,1,133,1,112.99,0.2
512501,1,116,1,158.99,0.0
512501,2,111,2,48.99,0.0
512502,1,117,1,153.99,0.0
512502,2,122,1,63.99,0.0
512503,1,105,2,112.99,0.0
512504,1,104,1,528.99,0.0
512504,2,121,1,228.99,0.0
512505,1,130,2,14.99,0.0
512506,1,102,2,342.99,0.0
512507,1,138,1,98.99,0.0
512508,1,122,1,78.99,0.0
512509,1,116,3,158.99,0.1
512510,1,122,1,78.99,0.1
512511,1,115,1,38.99,0.0
512511,2,107,1,198.99,0.0
512512,1,125,3,29.99,0.0
512512,2,113,1,197.99,0.0
512513,1,101,1,273.99,0.0
512513,2,119,1,74.99,0.0
512513,3,135,1,140.99,0.0
512514,1,119,1,78.99,0.0
512515,1,130,1,14.99,0.0
512515,2,105,1,96.99,0.0
512516,1,131,2,24.99,0.0
512516,2,125,1,31.99,0.0
512517,1,101,3,235.99,0.0
512518,1,128,1,26.99,0.0
512518,2,117,2,178.99,0.0
512518,3,109,2,64.99,0.0
512519,1,104,1,528.99,0.2
512519,2,117,2,188.99,0.2
512520,1,109,1,68.99,0.0
512520,2,119,1,78.99,0.0
512520,3,113,1,208.99,0.0
512521,1,114,1,131.99,0.0
512521,2,112,1,169.99,0.0
512521,3,136,2,26.99,0.0
512521,4,125,1,29.99,0.0
512522,1,112,1,145.99,0.0
512522,2,107,1,162.99,0.0
512522,3,127,3,47.99,0.0
512522,4,114,1,112.99,0.0
512522,5,108,1,227.99,0.0
512523,1,101,2,288.99,0.0
512523,2,125,1,31.99,0.0
512524,1,118,1,71.99,0.0
512525,1,130,1,14.99,0.1
512526,1,108,1,278.99,0.2
512526,2,130,2,18.99,0.2
512527,1,117,1,178.99,0.0
512527,2,137,1,32.99,0.0
512527,3,121,1,216.99,0.0
512527,4,126,2,74.99,0.0
512528,1,131,1,24.99,0.0
512528,2,120,2,248.99,0.0
512529,1,121,3,228.99,0.0
512529,2,117,1,188.99,0.0
512529,3,120,2,248.99,0.0
512530,1,125,2,31.99,0.0
512531,1,101,1,273.99,0.0
512531,2,113,2,197.99,0.0
512531,3,111,2,45.99,0.0
512532,1,127,1,47.99,0.0
512532,2,119,1,63.99,0.0
512532,3,117,3,153.99,0.0
512533,1,135,2,148.99,0.0
512534,1,112,1,169.99,0.0
512535,1,125,1,31.99,0.2
512535,2,114,3,138.99,0.2
512535,3,127,3,58.99,0.2
512535,4,128,2,28.99,0.2
512536,1,131,1,22.99,0.0
512536,2,123,1,79.99,0.0
512536,3,124,1,55.99,0.0
512537,1,119,1,78.99,0.0
512537,2,111,1,48.99,0.0
512538,1,135,1,140.99,0.1
512538,2,126,2,74.99,0.1
512539,1,136,2,28.99,0.0
512540,1,108,1,278.99,0.0
512540,2,125,2,31.99,0.0
512540,3,129,1,44.99,0.0
512540,4,124,1,58.99,0.0
512541,1,112,1,169.99,0.0
512541,2,133,2,112.99,0.0
512541,3,135,1,140.99,0.0
512541,4,124,2,55.99,0.0
512541,5,120,1,235.99,0.0
512542,1,124,1,58.99,0.0
512543,1,126,3,78.99,0.0
512543,2,102,1,418.99,0.0
512543,3,127,1,58.99,0.0
512543,4,133,1,118.99,0.0
512544,1,119,3,78.99,0.3
512544,2,138,2,98.99,0.3
512544,3,122,1,78.99,0.3
512545,1,119,2,74.99,0.0
512546,1,135,2,121.99,0.0
512546,2,113,2,170.99,0.0
512546,3,107,2,162.99,0.0
512546,4,115,1,30.99,0.0
512547,1,108,1,278.99,0.0
512547,2,128,1,28.99,0.0
512548,1,112,1,169.99,0.0
512549,1,123,1,84.99,0.1
512550,1,109,1,68.99,0.1
512551,1,106,2,88.99,0.0
512551,2,121,1,228.99,0.0
512551,3,127,1,58.99,0.0
512551,4,124,1,58.99,0.0
512552,1,106,2,88.99,0.0
512552,2,112,1,178.99,0.0
512552,3,132,2,48.99,0.0
512553,1,115,3,38.99,0.1
512553,2,121,1,228.99,0.1
512553,3,125,1,31.99,0.1
512554,1,117,1,178.99,0.0
512555,1,111,2,48.99,0.0
512555,2,119,1,78.99,0.0
512556,1,107,1,162.99,0.3
512556,2,135,1,121.99,0.3
512556,3,128,1,22.99,0.3
512556,4,132,1,39.99,0.3
512557,1,119,2,78.99,0.0
512558,1,111,1,48.99,0.0
512558,2,121,3,228.99,0.0
512558,3,119,1,78.99,0.0
512558,4,123,1,84.99,0.0
512559,1,104,1,432.99,0.2
512560,1,106,1,88.99,0.0
512560,2,138,1,98.99,0.0
512560,3,116,1,158.99,0.0
512561,1,118,3,88.99,0.0
512561,2,106,1,88.99,0.0
512562,1,119,2,63.99,0.0
512562,2,117,1,153.99,0.0
512563,1,125,2,31.99,0.0
512564,1,111,1,48.99,0.0
512564,2,112,1,178.99,0.0
512565,1,135,1,148.99,0.0
512565,2,106,1,88.99,0.0
512566,1,112,2,178.99,0.0
512566,2,116,1,158.99,0.0
512567,1,118,1,83.99,0.1
512567,2,116,1,150.99,0.1
512567,3,113,2,197.99,0.1
512568,1,122,1,78.99,0.2
512568,2,125,2,31.99,0.2
512568,3,133,3,118.99,0.2
512569,1,132,1,48.99,0.0
512569,2,105,2,118.99,0.0
512569,3,116,1,158.99,0.0
512570,1,134,1,238.99,0.0
512571,1,123,1,79.99,0.3
512572,1,125,2,31.99,0.0
512572,2,106,1,88.99,0.0
512572,3,121,1,228.99,0.0
512572,4,131,1,24.99,0.0
512573,1,117,3,153.99,0.0
512573,2,125,1,25.99,0.0
512574,1,118,1,88.99,0.0
512575,1,104,2,501.99,0.0
512575,2,109,2,64.99,0.0
512576,1,107,2,198.99,0.0
512577,1,119,2,63.99,0.0
512577,2,125,2,25.99,0.0
512577,3,105,1,96.99,0.0
512578,1,111,1,48.99,0.1
512579,1,118,1,88.99,0.0
512580,1,121,1,228.99,0.0
512580,2,112,1,178.99,0.0
512580,3,125,1,31.99,0.0
512581,1,113,3,170.99,0.0
512581,2,123,2,68.99,0.0
512582,1,109,3,64.99,0.0
512583,1,138,1,98.99,0.1
512584,1,116,1,129.99,0.0
512584,2,122,2,63.99,0.0
512585,1,109,1,68.99,0.1
512585,2,121,1,228.99,0.1
512586,1,130,1,14.99,0.0
512587,1,108,1,264.99,0.2
512588,1,126,2,63.99,0.0
512589,1,115,1,30.99,0.0
512590,1,102,1,397.99,0.0
512590,2,121,1,216.99,0.0
512591,1,116,3,158.99,0.0
512592,1,137,2,32.99,0.0
512593,1,110,3,98.99,0.1
512593,2,108,2,278.99,0.1
512593,3,111,1,48.99,0.1
512594,1,104,1,528.99,0.0
512594,2,137,3,34.99,0.0
512594,3,113,1,208.99,0.0
512595,1,115,1,38.99,0.0
512595,2,120,1,248.99,0.0
512596,1,132,1,39.99,0.0
512596,2,128,1,22.99,0.0
512597,1,120,1,248.99,0.0
512597,2,116,1,158.99,0.0
512597,3,117,1,188.99,0.0
512598,1,127,2,58.99,0.2
512599,1,118,1,71.99,0.0
512599,2,111,3,39.99,0.0
512599,3,102,2,342.99,0.0
512599,4,104,2,432.99,0.0
512600,1,133,3,112.99,0.0
512601,1,120,1,248.99,0.0
512601,2,124,2,58.99,0.0
512601,3,125,2,31.99,0.0
512602,1,131,1,24.99,0.0
512603,1,133,2,118.99,0.1
512603,2,113,3,208.99,0.1
512603,3,111,1,48.99,0.1
512604,1,125,1,31.99,0.2
512604,2,129,1,44.99,0.2
512604,3,119,1,78.99,0.2
512604,4,108,2,278.99,0.2
512605,1,107,1,198.99,0.0
512606,1,127,1,58.99,0.0
512606,2,112,1,178.99,0.0
512607,1,115,2,38.99,0.1
512607,2,138,2,98.99,0.1
512608,1,101,3,273.99,0.0
512608,2,108,1,264.99,0.0
512609,1,119,1,78.99,0.0
512610,1,123,1,84.99,0.0
512610,2,114,1,138.99,0.0
512610,3,103,1,348.99,0.0
512611,1,130,1,18.99,0.0
512611,2,110,2,98.99,0.0
512612,1,103,1,348.99,0.0
512612,2,124,1,58.99,0.0
512613,1,108,1,264.99,0.0
512614,1,120,1,248.99,0.0
512614,2,132,1,48.99,0.0
512615,1,124,2,55.99,0.0
512615,2,131,2,22.99,0.0
512615,3,125,1,29.99,0.0
512616,1,106,1,88.99,0.2
512617,1,137,1,34.99,0.0
512617,2,124,2,58.99,0.0
512618,1,119,3,74.99,0.0
512618,2,125,2,29.99,0.0
512619,1,106,1,88.99,0.1
512620,1,118,1,71.99,0.0
512621,1,130,1,18.99,0.1
512622,1,138,2,93.99,0.0
512622,2,108,1,264.99,0.0
512623,1,118,2,88.99,0.2
512624,1,128,2,28.99,0.0
512625,1,121,2,228.99,0.0
512626,1,112,1,169.99,0.0
512626,2,120,1,235.99,0.0
512627,1,116,2,158.99,0.0
512628,1,122,1,78.99,0.0
512628,2,124,3,58.99,0.0
512628,3,106,1,88.99,0.0
512628,4,127,1,58.99,0.0
512629,1,120,2,235.99,0.0
512629,2,118,1,83.99,0.0
512630,1,136,1,28.99,0.0
512631,1,104,3,528.99,0.0
512631,2,123,1,84.99,0.0
512632,1,120,1,235.99,0.0
512632,2,111,1,45.99,0.0
512632,3,130,1,17.99,0.0
512632,4,138,3,93.99,0.0
512633,1,119,1,78.99,0.1
512633,2,103,1,348.99,0.1
512633,3,136,3,28.99,0.1
512633,4,112,3,178.99,0.1
512634,1,119,1,78.99,0.1
512635,1,112,1,145.99,0.0
512635,2,109,1,55.99,0.0
512636,1,107,1,198.99,0.0
512636,2,113,1,208.99,0.0
512637,1,122,1,78.99,0.2
512638,1,116,3,158.99,0.1
512638,2,129,2,44.99,0.1
512639,1,108,2,278.99,0.2
512639,2,119,2,78.99,0.2
512640,1,133,2,118.99,0.0
512640,2,123,1,84.99,0.0
512640,3,108,2,278.99,0.0
512640,4,118,1,88.99,0.0
512641,1,133,1,96.99,0.0
512641,2,112,1,145.99,0.0
512641,3,125,1,25.99,0.0
512642,1,122,2,74.99,0.1
512643,1,137,2,34.99,0.0
512643,2,129,1,44.99,0.0
512644,1,116,2,129.99,0.0
512645,1,103,1,330.99,0.0
512646,1,105,1,118.99,0.1
512646,2,116,1,158.99,0.1
512647,1,135,1,140.99,0.0
512648,1,133,1,118.99,0.0
512648,2,123,2,84.99,0.0
512648,3,134,1,238.99,0.0
512648,4,122,1,78.99,0.0
512649,1,108,2,264.99,0.0
512650,1,109,1,68.99,0.0
512650,2,133,1,118.99,0.0
512651,1,123,1,84.99,0.2
512651,2,134,2,238.99,0.2
512651,3,116,1,158.99,0.2
512652,1,115,1,30.99,0.0
512652,2,123,1,68.99,0.0
512653,1,118,1,83.99,0.0
512653,2,134,1,226.99,0.0
512654,1,116,1,158.99,0.0
512655,1,130,1,18.99,0.0
512655,2,122,2,78.99,0.0
512656,1,138,2,98.99,0.0
512656,2,115,2,38.99,0.0
512656,3,123,1,84.99,0.0
512657,1,104,3,528.99,0.0
512657,2,107,1,198.99,0.0
512657,3,129,1,44.99,0.0
512657,4,112,3,178.99,0.0
512657,5,116,1,158.99,0.0
512658,1,113,1,197.99,0.0
512658,2,135,2,140.99,0.0
512659,1,106,3,88.99,0.1
512659,2,132,3,48.99,0.1
512660,1,119,3,78.99,0.0
512661,1,122,1,78.99,0.2
512662,1,121,1,216.99,0.1
512662,2,135,1,140.99,0.1
512663,1,102,1,418.99,0.0
512664,1,120,1,248.99,0.0
512664,2,131,1,24.99,0.0
512665,1,115,3,36.99,0.3
512666,1,105,1,112.99,0.0
512667,1,136,1,26.99,0.0
512667,2,123,1,79.99,0.0
512667,3,115,1,36.99,0.0
512668,1,122,2,78.99,0.0
512669,1,129,1,41.99,0.0
512670,1,104,1,528.99,0.1
512671,1,136,1,22.99,0.0
512671,2,103,1,285.99,0.0
512671,3,115,1,30.99,0.0
512672,1,125,1,31.99,0.1
512673,1,111,2,45.99,0.3
512673,2,118,2,83.99,0.3
512674,1,130,1,17.99,0.0
512675,1,126,2,78.99,0.2
512676,1,104,2,432.99,0.0
512676,2,130,3,14.99,0.0
512677,1,110,3,80.99,0.0
512678,1,119,1,78.99,0.1
512678,2,110,1,98.99,0.1
512678,3,118,2,88.99,0.1
512679,1,121,1,228.99,0.0
512680,1,123,3,84.99,0.0
512681,1,122,1,63.99,0.2
512681,2,109,1,55.99,0.2
512682,1,129,1,44.99,0.1
512682,2,118,3,88.99,0.1
512682,3,136,2,28.99,0.1
512683,1,134,1,194.99,0.0
512683,2,123,1,68.99,0.0
512683,3,101,2,235.99,0.0
512683,4,110,2,80.99,0.0
512684,1,120,3,248.99,0.0
512685,1,118,1,88.99,0.0
512686,1,111,1,48.99,0.0
512687,1,121,3,186.99,0.2
512687,2,125,1,25.99,0.2
512688,1,117,2,188.99,0.3
512689,1,109,2,68.99,0.0
512690,1,123,1,84.99,0.2
512690,2,124,2,58.99,0.2
512691,1,122,3,78.99,0.1
512691,2,119,2,78.99,0.1
512691,3,108,3,278.99,0.1
512691,4,121,1,228.99,0.1
512692,1,128,2,28.99,0.0
512693,1,137,1,32.99,0.2
512693,2,128,1,26.99,0.2
512694,1,106,2,83.99,0.0
512695,1,122,1,74.99,0.2
512695,2,129,3,41.99,0.2
512696,1,126,3,63.99,0.0
512696,2,118,2,71.99,0.0
512696,3,125,1,25.99,0.0
512697,1,136,1,26.99,0.0
512698,1,108,2,278.99,0.1
512699,1,118,3,83.99,0.0
512700,1,122,3,74.99,0.0
512700,2,125,1,29.99,0.0
512701,1,103,1,348.99,0.1
512702,1,115,3,38.99,0.0
512703,1,116,1,158.99,0.1
512704,1,113,2,197.99,0.0
512705,1,136,1,28.99,0.2
512706,1,136,2,26.99,0.2
512706,2,124,1,55.99,0.2
512707,1,110,1,80.99,0.0
512707,2,118,1,71.99,0.0
512707,3,136,1,22.99,0.0
512707,4,121,1,186.99,0.0
512707,5,134,3,194.99,0.0
512708,1,134,1,226.99,0.0
512708,2,118,2,83.99,0.0
512709,1,108,2,278.99,0.0
512710,1,103,1,348.99,0.0
512711,1,135,1,148.99,0.0
512711,2,119,2,78.99,0.0
512711,3,134,2,238.99,0.0
512712,1,109,3,55.99,0.0
512712,2,120,2,203.99,0.0
512713,1,106,2,83.99,0.0
512714,1,115,1,36.99,0.1
512715,1,101,1,235.99,0.0
512716,1,102,1,342.99,0.0
512716,2,124,3,47.99,0.0
512717,1,108,3,264.99,0.0
512718,1,128,1,26.99,0.0
512718,2,120,2,235.99,0.0
512718,3,101,2,273.99,0.0
512719,1,111,2,48.99,0.0
512719,2,106,1,88.99,0.0
512720,1,129,1,44.99,0.0
512720,2,108,1,278.99,0.0
512721,1,111,2,48.99,0.1
512722,1,102,1,397.99,0.0
512722,2,113,1,197.99,0.0
512723,1,115,1,36.99,0.0
512724,1,134,1,238.99,0.0
512725,1,103,1,330.99,0.0
512725,2,107,3,188.99,0.0
512726,1,112,3,169.99,0.2
512726,2,134,1,226.99,0.2
512727,1,133,1,96.99,0.0
512728,1,110,2,93.99,0.0
512729,1,126,1,78.99,0.2
512729,2,120,1,248.99,0.2
512729,3,121,1,228.99,0.2
512730,1,123,1,84.99,0.0
512730,2,111,1,48.99,0.0
512731,1,134,2,238.99,0.0
512732,1,102,1,418.99,0.0
512733,1,118,3,83.99,0.0
512733,2,120,1,235.99,0.0
512734,1,123,2,79.99,0.0
512735,1,114,1,138.99,0.0
512735,2,131,2,24.99,0.0
512735,3,106,1,88.99,0.0
512736,1,130,1,17.99,0.0
512736,2,123,1,79.99,0.0
512736,3,122,2,74.99,0.0
512736,4,113,1,197.99,0.0
512737,1,114,1,138.99,0.0
512737,2,135,1,148.99,0.0
512737,3,137,2,34.99,0.0
512738,1,111,2,39.99,0.0
512738,2,123,1,68.99,0.0
512739,1,127,1,58.99,0.0
512740,1,111,3,48.99,0.0
512741,1,123,1,79.99,0.0
512741,2,118,3,83.99,0.0
512742,1,119,1,78.99,0.0
512742,2,127,1,58.99,0.0
512743,1,123,1,68.99,0.0
512744,1,101,1,235.99,0.0
512745,1,123,2,79.99,0.0
512745,2,120,1,235.99,0.0
512746,1,114,1,131.99,0.0
512746,2,135,1,140.99,0.0
512746,3,115,1,36.99,0.0
512746,4,113,1,197.99,0.0
512746,5,136,1,26.99,0.0
512747,1,117,2,188.99,0.0
512748,1,137,2,34.99,0.2
512749,1,121,1,228.99,0.0
512749,2,111,1,48.99,0.0
512749,3,117,1,188.99,0.0
512749,4,120,1,248.99,0.0
512750,1,133,1,118.99,0.2
512750,2,107,1,198.99,0.2
512751,1,108,2,278.99,0.2
512752,1,120,2,248.99,0.0
512753,1,121,1,216.99,0.0
512753,2,106,3,83.99,0.0
512754,1,124,1,58.99,0.0
512755,1,117,1,178.99,0.1
512755,2,105,3,112.99,0.1
512755,3,110,1,93.99,0.1
512755,4,114,1,131.99,0.1
512756,1,120,1,248.99,0.0
512757,1,122,2,78.99,0.1
512758,1,112,2,169.99,0.0
512758,2,134,1,226.99,0.0
512758,3,123,1,79.99,0.0
512759,1,113,2,197.99,0.0
512760,1,124,1,47.99,0.0
512760,2,106,2,71.99,0.0
512760,3,105,1,96.99,0.0
512761,1,116,1,150.99,0.0
512761,2,135,1,140.99,0.0
512762,1,103,1,348.99,0.2
512762,2,122,1,78.99,0.2
512762,3,123,1,84.99,0.2
512762,4,133,2,118.99,0.2
512763,1,120,2,235.99,0.0
512763,2,125,2,29.99,0.0
512764,1,108,1,264.99,0.0
512764,2,114,2,131.99,0.0
512765,1,122,1,74.99,0.0
512765,2,128,1,26.99,0.0
512765,3,110,1,93.99,0.0
512766,1,122,1,78.99,0.2
512767,1,101,1,235.99,0.1
512768,1,123,2,84.99,0.0
512769,1,131,3,24.99,0.2
512769,2,120,1,248.99,0.2
512770,1,131,3,22.99,0.0
512770,2,126,2,74.99,0.0
512771,1,117,2,178.99,0.0
512771,2,129,2,41.99,0.0
512771,3,136,1,26.99,0.0
512771,4,104,1,501.99,0.0
512772,1,122,1,78.99,0.0
512773,1,122,1,78.99,0.0
512773,2,108,2,278.99,0.0
512774,1,117,1,178.99,0.2
512774,2,118,1,83.99,0.2
512775,1,119,1,78.99,0.0
512775,2,135,2,148.99,0.0
512775,3,104,2,528.99,0.0
512775,4,107,1,198.99,0.0
512776,1,103,2,285.99,0.0
512777,1,122,1,74.99,0.0
512777,2,127,1,55.99,0.0
512778,1,126,1,74.99,0.0
512779,1,111,3,48.99,0.0
512780,1,125,1,31.99,0.0
512780,2,117,3,188.99,0.0
512780,3,111,1,48.99,0.0
512781,1,118,1,88.99,0.0
512782,1,124,1,47.99,0.0
512783,1,127,3,58.99,0.0
512784,1,101,1,273.99,0.0
512784,2,125,1,29.99,0.0
512785,1,124,1,58.99,0.0
512785,2,115,1,38.99,0.0
512785,3,131,1,24.99,0.0
512786,1,116,2,158.99,0.0
512787,1,135,2,121.99,0.1
512788,1,112,1,178.99,0.0
512788,2,111,1,48.99,0.0
512788,3,133,1,118.99,0.0
512789,1,115,1,30.99,0.0
512790,1,133,1,112.99,0.1
512791,1,117,2,178.99,0.0
512792,1,123,1,84.99,0.0
512793,1,138,1,80.99,0.0
512794,1,125,1,25.99,0.0
512794,2,129,1,35.99,0.0
512794,3,108,3,227.99,0.0
512794,4,133,3,96.99,0.0
512794,5,117,3,153.99,0.0
512795,1,114,2,138.99,0.0
512796,1,113,3,170.99,0.0
512797,1,126,2,78.99,0.0
512798,1,105,1,118.99,0.0
512798,2,125,1,31.99,0.0
512798,3,106,1,88.99,0.0
512799,1,131,2,24.99,0.0
512799,2,111,1,48.99,0.0
512800,1,121,1,216.99,0.0
512800,2,105,1,112.99,0.0
512801,1,117,1,178.99,0.0
512801,2,106,3,83.99,0.0
512802,1,135,1,140.99,0.0
512803,1,119,1,63.99,0.0
512803,2,136,1,22.99,0.0
512804,1,124,1,55.99,0.0
512805,1,138,2,93.99,0.1
512805,2,106,3,83.99,0.1
512806,1,110,1,98.99,0.0
512807,1,137,2,32.99,0.0
512807,2,136,1,26.99,0.0
512808,1,119,1,78.99,0.0
512808,2,106,1,88.99,0.0
512809,1,119,1,78.99,0.0
512810,1,138,1,98.99,0.0
512811,1,114,2,112.99,0.0
512811,2,116,3,129.99,0.0
512811,3,115,3,30.99,0.0
512811,4,122,1,63.99,0.0
512812,1,105,3,118.99,0.2
512813,1,114,1,131.99,0.0
512814,1,133,1,96.99,0.0
512815,1,120,1,248.99,0.0
512816,1,109,2,55.99,0.0
512816,2,112,2,145.99,0.0
512816,3,124,1,47.99,0.0
512816,4,117,1,153.99,0.0
512817,1,111,1,48.99,0.0
512817,2,116,1,158.99,0.0
512817,3,110,1,98.99,0.0
512817,4,104,2,528.99,0.0
512817,5,130,1,18.99,0.0
512818,1,120,2,248.99,0.1
512818,2,101,1,288.99,0.1
512818,3,112,3,178.99,0.1
512819,1,137,1,27.99,0.0
512820,1,113,1,197.99,0.0
512821,1,112,1,145.99,0.1
512822,1,123,2,79.99,0.0
512822,2,124,1,55.99,0.0
512822,3,121,2,216.99,0.0
512823,1,106,2,83.99,0.0
512823,2,112,3,169.99,0.0
512823,3,137,1,32.99,0.0
512823,4,101,2,273.99,0.0
512823,5,119,2,74.99,0.0
512824,1,129,2,41.99,0.0
512824,2,121,1,216.99,0.0
512824,3,119,3,74.99,0.0
512825,1,113,1,208.99,0.0
512826,1,132,1,48.99,0.1
512827,1,115,1,38.99,0.0
512828,1,124,1,58.99,0.0
512829,1,130,1,18.99,0.2
512830,1,119,2,78.99,0.0
512831,1,123,2,84.99,0.0
512831,2,104,2,528.99,0.0
512831,3,135,2,148.99,0.0
512832,1,106,1,88.99,0.0
512832,2,130,1,18.99,0.0
512832,3,102,1,418.99,0.0
512833,1,120,1,203.99,0.0
512833,2,124,1,47.99,0.0
512834,1,136,1,28.99,0.0
512835,1,124,1,55.99,0.2
512836,1,136,2,22.99,0.1
512837,1,111,1,48.99,0.0
512838,1,128,1,22.99,0.1
512839,1,105,1,112.99,0.2
512839,2,129,1,41.99,0.2
512840,1,104,1,528.99,0.0
512841,1,131,3,24.99,0.1
512842,1,120,1,203.99,0.0
512842,2,121,1,186.99,0.0
512843,1,106,2,88.99,0.0
512844,1,128,2,28.99,0.0
512844,2,106,2,88.99,0.0
512845,1,119,1,74.99,0.1
512846,1,129,1,44.99,0.0
512846,2,111,1,48.99,0.0
512847,1,128,1,28.99,0.0
512847,2,114,1,138.99,0.0
512847,3,106,1,88.99,0.0
512847,4,120,1,248.99,0.0
512848,1,103,1,348.99,0.0
512848,2,129,1,44.99,0.0
512848,3,125,1,31.99,0.0
512849,1,117,3,188.99,0.0
512849,2,109,1,68.99,0.0
512849,3,113,1,208.99,0.0
512849,4,116,2,158.99,0.0
512850,1,121,1,228.99,0.1
512851,1,121,2,216.99,0.0
512851,2,136,1,26.99,0.0
512851,3,125,1,29.99,0.0
512851,4,129,2,41.99,0.0
512852,1,136,2,28.99,0.0
512853,1,135,1,140.99,0.3
512854,1,113,1,197.99,0.1
512855,1,110,3,98.99,0.0
512855,2,115,1,38.99,0.0
512856,1,113,2,197.99,0.0
512857,1,121,1,216.99,0.0
512858,1,111,2,45.99,0.1
512859,1,104,2,528.99,0.0
512859,2,130,2,18.99,0.0
512860,1,126,1,78.99,0.0
512861,1,114,1,131.99,0.0
512862,1,101,1,288.99,0.1
512862,2,123,3,84.99,0.1
512863,1,125,1,25.99,0.0
512864,1,115,2,38.99,0.0
512864,2,118,1,88.99,0.0
512865,1,105,2,96.99,0.0
512866,1,102,1,397.99,0.1
512866,2,116,1,150.99,0.1
512867,1,113,2,170.99,0.0
512867,2,120,2,203.99,0.0
512868,1,125,2,31.99,0.0
512868,2,128,1,28.99,0.0
512868,3,137,2,34.99,0.0
512869,1,128,2,28.99,0.0
512870,1,132,3,39.99,0.1
512870,2,117,1,153.99,0.1
512871,1,133,2,96.99,0.0
512871,2,116,1,129.99,0.0
512871,3,118,2,71.99,0.0
512872,1,101,1,235.99,0.0
512873,1,121,3,228.99,0.0
512874,1,135,2,121.99,0.0
512875,1,116,1,158.99,0.1
512875,2,119,3,78.99,0.1
512876,1,125,2,31.99,0.0
512877,1,115,1,38.99,0.0
512877,2,132,1,48.99,0.0
512877,3,114,3,138.99,0.0
512877,4,118,3,88.99,0.0
512878,1,115,3,38.99,0.1
512879,1,128,1,28.99,0.0
512879,2,120,1,248.99,0.0
512880,1,114,3,131.99,0.1
512880,2,136,1,26.99,0.1
512881,1,133,2,96.99,0.2
512881,2,129,2,35.99,0.2
512882,1,133,1,96.99,0.0
512882,2,135,1,121.99,0.0
512883,1,117,1,153.99,0.1
512884,1,120,1,248.99,0.0
512885,1,136,1,26.99,0.0
512885,2,114,3,131.99,0.0
512885,3,123,1,79.99,0.0
512885,4,133,1,112.99,0.0
512886,1,118,2,83.99,0.0
512886,2,107,1,188.99,0.0
512887,1,114,1,138.99,0.0
512888,1,127,1,55.99,0.0
512888,2,109,2,64.99,0.0
512889,1,131,2,24.99,0.0
512890,1,114,3,138.99,0.0
512890,2,123,1,84.99,0.0
512890,3,117,2,188.99,0.0
512891,1,123,2,79.99,0.0
512892,1,136,2,28.99,0.0
512892,2,114,2,138.99,0.0
512893,1,125,1,31.99,0.0
512894,1,104,2,528.99,0.1
512895,1,120,1,235.99,0.1
512896,1,106,1,71.99,0.1
512897,1,123,1,68.99,0.2
512898,1,120,2,248.99,0.0
512899,1,115,3,38.99,0.0
512899,2,131,1,24.99,0.0
512899,3,119,1,78.99,0.0
512900,1,103,3,330.99,0.1
512900,2,117,1,178.99,0.1
512900,3,115,1,36.99,0.1
512901,1,135,1,148.99,0.2
512902,1,124,2,55.99,0.3
512902,2,122,2,74.99,0.3
512902,3,119,1,74.99,0.3
512903,1,112,2,178.99,0.0
512903,2,105,1,118.99,0.0
512904,1,132,1,45.99,0.0
512904,2,125,2,29.99,0.0
512905,1,123,2,84.99,0.1
512905,2,121,3,228.99,0.1
512906,1,106,1,88.99,0.0
512907,1,106,1,88.99,0.0
512908,1,119,2,74.99,0.0
512908,2,118,3,83.99,0.0
512908,3,109,1,64.99,0.0
512909,1,114,1,138.99,0.0
512910,1,121,2,228.99,0.3
512910,2,120,1,248.99,0.3
512910,3,125,3,31.99,0.3
512910,4,111,3,48.99,0.3
512911,1,136,1,28.99,0.1
512912,1,126,1,74.99,0.0
512912,2,113,1,197.99,0.0
512912,3,135,3,140.99,0.0
512913,1,104,1,528.99,0.0
512913,2,106,1,88.99,0.0
512914,1,137,1,32.99,0.0
512914,2,120,2,235.99,0.0
512915,1,120,2,248.99,0.1
512915,2,127,1,58.99,0.1
512916,1,128,1,28.99,0.0
512917,1,127,1,55.99,0.1
512917,2,113,1,197.99,0.1
512918,1,113,1,170.99,0.0
512919,1,103,3,348.99,0.0
512920,1,107,2,198.99,0.0
512920,2,122,1,78.99,0.0
512921,1,113,1,208.99,0.0
512922,1,120,3,248.99,0.0
512922,2,130,1,18.99,0.0
512922,3,103,1,348.99,0.0
512922,4,137,2,34.99,0.0
512922,5,102,1,418.99,0.0
512923,1,102,1,397.99,0.0
512924,1,125,1,29.99,0.0
512925,1,124,1,55.99,0.0
512926,1,109,2,55.99,0.0
512926,2,126,1,63.99,0.0
512927,1,123,2,84.99,0.0
512928,1,136,1,28.99,0.0
512928,2,120,2,248.99,0.0
512928,3,106,1,88.99,0.0
512928,4,119,1,78.99,0.0
512929,1,133,1,96.99,0.0
512929,2,115,1,30.99,0.0
512930,1,111,3,48.99,0.0
512931,1,116,1,158.99,0.2
512932,1,120,1,235.99,0.1
512932,2,102,1,397.99,0.1
512932,3,121,3,216.99,0.1
512933,1,127,2,58.99,0.0
512934,1,111,2,45.99,0.0
512934,2,124,1,55.99,0.0
512934,3,130,1,17.99,0.0
512935,1,136,1,28.99,0.0
512936,1,138,1,80.99,0.0
512936,2,119,2,63.99,0.0
512936,3,111,2,39.99,0.0
512937,1,117,1,188.99,0.0
512938,1,122,1,74.99,0.0
512939,1,121,1,228.99,0.0
512940,1,128,3,26.99,0.0
512940,2,135,1,140.99,0.0
512940,3,126,1,74.99,0.0
512940,4,117,2,178.99,0.0
512941,1,129,1,44.99,0.0
512942,1,116,1,129.99,0.0
512942,2,115,3,30.99,0.0
512943,1,111,2,48.99,0.0
512943,2,114,1,138.99,0.0
512944,1,126,1,74.99,0.0
512944,2,116,1,150.99,0.0
512944,3,107,2,188.99,0.0
512945,1,114,2,138.99,0.2
512945,2,122,1,78.99,0.2
512946,1,102,2,342.99,0.1
512946,2,136,1,22.99,0.1
512947,1,116,2,150.99,0.0
512948,1,122,1,74.99,0.0
512949,1,133,1,118.99,0.0
512950,1,106,1,88.99,0.0
512950,2,118,1,88.99,0.0
512951,1,114,3,138.99,0.0
512952,1,103,1,348.99,0.1
512952,2,124,2,58.99,0.1
512953,1,127,1,55.99,0.1
512954,1,120,1,248.99,0.2
512954,2,135,2,148.99,0.2
512955,1,118,2,83.99,0.3
512955,2,124,3,55.99,0.3
512955,3,117,2,178.99,0.3
512956,1,129,3,41.99,0.0
512956,2,122,1,74.99,0.0
512956,3,120,1,235.99,0.0
512957,1,117,1,153.99,0.0
512957,2,103,1,285.99,0.0
512958,1,126,2,74.99,0.0
512958,2,118,2,83.99,0.0
512958,3,113,2,197.99,0.0
512959,1,128,1,28.99,0.0
512960,1,112,2,145.99,0.0
512961,1,118,3,88.99,0.0
512962,1,133,2,118.99,0.0
512962,2,123,1,84.99,0.0
512963,1,109,3,64.99,0.1
512963,2,119,2,74.99,0.1
512964,1,101,2,273.99,0.0
512964,2,120,1,235.99,0.0
512965,1,124,1,47.99,0.0
512965,2,125,1,25.99,0.0
512965,3,120,2,203.99,0.0
512965,4,132,2,39.99,0.0
512966,1,123,1,79.99,0.0
512967,1,118,1,88.99,0.0
512967,2,113,1,208.99,0.0
512967,3,128,1,28.99,0.0
512968,1,124,2,47.99,0.0
512968,2,137,2,27.99,0.0
512968,3,102,1,342.99,0.0
512968,4,123,2,68.99,0.0
512968,5,118,1,71.99,0.0
512969,1,116,2,158.99,0.0
512969,2,107,2,198.99,0.0
512969,3,122,2,78.99,0.0
512969,4,120,1,248.99,0.0
512970,1,130,1,14.99,0.0
512971,1,114,1,138.99,0.0
512972,1,128,1,22.99,0.1
512972,2,118,1,71.99,0.1
512973,1,129,2,44.99,0.0
512973,2,105,2,118.99,0.0
512974,1,133,1,96.99,0.0
512974,2,109,1,55.99,0.0
512975,1,104,3,501.99,0.0
512976,1,132,1,45.99,0.0
512976,2,135,1,140.99,0.0
512977,1,128,2,28.99,0.1
512977,2,119,3,78.99,0.1
512977,3,133,2,118.99,0.1
512978,1,107,1,198.99,0.0
512978,2,114,1,138.99,0.0
512979,1,111,2,48.99,0.0
512979,2,136,1,28.99,0.0
512979,3,102,1,418.99,0.0
512979,4,124,1,58.99,0.0
512980,1,116,2,158.99,0.2
512981,1,109,3,64.99,0.0
512982,1,118,1,88.99,0.0
512983,1,112,1,178.99,0.0
512983,2,119,2,78.99,0.0
512984,1,137,1,34.99,0.0
512985,1,122,1,74.99,0.0
512986,1,123,2,79.99,0.0
512986,2,116,1,150.99,0.0
512986,3,130,1,17.99,0.0
512986,4,127,1,55.99,0.0
512986,5,129,1,41.99,0.0
512987,1,119,1,78.99,0.0
512987,2,112,2,178.99,0.0
512988,1,104,3,501.99,0.0
512988,2,131,3,22.99,0.0
512988,3,107,2,188.99,0.0
512989,1,120,1,203.99,0.1
512989,2,134,2,194.99,0.1
512990,1,130,3,17.99,0.0
512990,2,118,3,83.99,0.0
512991,1,113,1,197.99,0.0
512992,1,133,1,118.99,0.0
512993,1,122,1,78.99,0.2
512994,1,102,1,397.99,0.0
512994,2,131,1,22.99,0.0
512995,1,135,2,121.99,0.0
512995,2,132,1,39.99,0.0
512996,1,113,2,208.99,0.0
512997,1,104,1,528.99,0.1
512997,2,102,1,418.99,0.1
512997,3,136,2,28.99,0.1
512998,1,109,1,68.99,0.0
512998,2,125,1,31.99,0.0
512999,1,111,2,48.99,0.2
512999,2,121,1,228.99,0.2
512999,3,130,3,18.99,0.2
513000,1,136,2,28.99,0.0
513001,1,110,1,98.99,0.1
513001,2,114,2,138.99,0.1
513001,3,137,1,34.99,0.1
513002,1,114,2,138.99,0.0
513003,1,103,1,330.99,0.0
513003,2,113,1,197.99,0.0
513004,1,121,3,228.99,0.2
513005,1,129,1,35.99,0.0
513006,1,120,1,248.99,0.0
513007,1,136,3,28.99,0.0
513007,2,138,2,98.99,0.0
513008,1,123,1,84.99,0.0
513009,1,123,1,68.99,0.1
513010,1,124,2,47.99,0.0
513010,2,112,1,145.99,0.0
513011,1,118,2,83.99,0.0
513012,1,128,2,28.99,0.0
513012,2,108,2,278.99,0.0
513013,1,114,3,138.99,0.1
513014,1,106,1,71.99,0.0
513014,2,103,2,285.99,0.0
513015,1,134,2,238.99,0.0
513015,2,113,1,208.99,0.0
513016,1,126,1,63.99,0.0
513017,1,116,1,150.99,0.0
513017,2,125,2,29.99,0.0
513018,1,101,2,288.99,0.2
513018,2,129,1,44.99,0.2
513019,1,119,2,74.99,0.0
513019,2,125,2,29.99,0.0
513019,3,138,2,93.99,0.0
513019,4,135,2,140.99,0.0
513020,1,121,2,228.99,0.2
513021,1,106,1,83.99,0.1
513022,1,111,1,45.99,0.1
513023,1,123,3,84.99,0.0
513023,2,118,1,88.99,0.0
513023,3,122,1,78.99,0.0
513024,1,121,1,228.99,0.0
513025,1,118,1,88.99,0.0
513026,1,137,1,27.99,0.0
513027,1,125,1,25.99,0.0
513028,1,109,1,68.99,0.0
513029,1,112,1,178.99,0.2
513029,2,125,1,31.99,0.2
513030,1,125,2,29.99,0.3
513030,2,135,1,140.99,0.3
513031,1,103,3,348.99,0.2
513031,2,112,2,178.99,0.2
513032,1,103,1,330.99,0.0
513033,1,125,2,31.99,0.1
513034,1,122,1,78.99,0.0
513035,1,117,3,153.99,0.0
513036,1,101,1,288.99,0.0
513036,2,125,2,31.99,0.0
513036,3,138,3,98.99,0.0
513037,1,134,1,194.99,0.0
513038,1,119,2,74.99,0.0
513039,1,115,1,38.99,0.1
513040,1,113,2,208.99,0.1
513040,2,128,2,28.99,0.1
513040,3,103,2,348.99,0.1
513041,1,114,2,112.99,0.2
513041,2,128,3,22.99,0.2
513042,1,132,1,48.99,0.3
513042,2,131,3,24.99,0.3
513042,3,115,2,38.99,0.3
513043,1,103,1,285.99,0.0
513044,1,121,3,186.99,0.0
513044,2,119,1,63.99,0.0
513045,1,120,1,235.99,0.0
513046,1,120,2,248.99,0.0
513046,2,111,1,48.99,0.0
513047,1,138,2,93.99,0.0
513047,2,101,2,273.99,0.0
513047,3,112,1,169.99,0.0
513048,1,121,2,216.99,0.0
513049,1,114,1,138.99,0.2
513050,1,131,1,22.99,0.0
513050,2,123,1,79.99,0.0
513051,1,120,2,248.99,0.0
513051,2,103,1,348.99,0.0
513052,1,117,2,153.99,0.0
513052,2,138,2,80.99,0.0
513052,3,115,1,30.99,0.0
513053,1,118,1,88.99,0.2
513053,2,117,1,188.99,0.2
513053,3,114,3,138.99,0.2
513054,1,133,1,96.99,0.0
513055,1,109,1,64.99,0.0
513055,2,112,3,169.99,0.0
513056,1,118,1,88.99,0.0
513057,1,126,1,78.99,0.2
513057,2,121,1,228.99,0.2
513057,3,124,1,58.99,0.2
513058,1,118,1,88.99,0.0
513059,1,116,1,150.99,0.2
513059,2,125,3,29.99,0.2
513060,1,137,1,27.99,0.1
513061,1,124,1,55.99,0.0
513062,1,112,3,145.99,0.0
513063,1,125,3,25.99,0.1
513063,2,105,1,96.99,0.1
513064,1,110,1,98.99,0.0
513064,2,118,1,88.99,0.0
513064,3,134,1,238.99,0.0
513064,4,112,3,178.99,0.0
513064,5,115,2,38.99,0.0
513065,1,119,3,78.99,0.0
513066,1,136,1,28.99,0.2
513067,1,137,2,34.99,0.1
513068,1,126,2,74.99,0.0
513069,1,114,2,138.99,0.0
513069,2,107,2,198.99,0.0
513069,3,106,2,88.99,0.0
513070,1,132,1,48.99,0.0
513070,2,130,3,18.99,0.0
513070,3,129,1,44.99,0.0
513070,4,105,1,118.99,0.0
513071,1,126,1,78.99,0.0
513071,2,105,1,118.99,0.0
513071,3,104,2,528.99,0.0
513072,1,101,1,235.99,0.0
513073,1,118,1,83.99,0.3
513074,1,138,1,80.99,0.0
513074,2,107,1,162.99,0.0
513075,1,118,3,88.99,0.0
513075,2,119,1,78.99,0.0
513075,3,128,1,28.99,0.0
513076,1,109,1,68.99,0.0
513076,2,123,1,84.99,0.0
513077,1,123,1,84.99,0.2
513077,2,114,2,138.99,0.2
513078,1,118,3,83.99,0.0
513079,1,134,1,194.99,0.0
513079,2,131,2,19.99,0.0
513080,1,137,1,34.99,0.1
513081,1,106,3,71.99,0.0
513082,1,131,2,24.99,0.0
513083,1,111,3,39.99,0.0
513084,1,112,2,178.99,0.0
513084,2,133,3,118.99,0.0
513085,1,134,3,194.99,0.0
513086,1,131,1,24.99,0.1
513087,1,123,2,84.99,0.0
513087,2,119,3,78.99,0.0
513088,1,124,1,47.99,0.0
513089,1,120,2,235.99,0.0
513089,2,106,1,83.99,0.0
513089,3,125,1,29.99,0.0
513090,1,136,1,28.99,0.0
513091,1,128,1,28.99,0.0
513092,1,123,1,79.99,0.0
513092,2,106,3,83.99,0.0
513093,1,107,1,188.99,0.1
513093,2,124,3,55.99,0.1
513093,3,102,2,397.99,0.1
513093,4,132,1,45.99,0.1
513094,1,107,1,188.99,0.1
513095,1,121,1,228.99,0.2
513095,2,134,1,238.99,0.2
513095,3,131,1,24.99,0.2
513096,1,125,1,31.99,0.0
513096,2,122,2,78.99,0.0
513097,1,131,2,24.99,0.0
513098,1,118,2,88.99,0.2
513098,2,120,3,248.99,0.2
513099,1,119,3,74.99,0.1
513100,1,133,1,118.99,0.0
513100,2,106,3,88.99,0.0
513100,3,114,2,138.99,0.0
513101,1,119,1,74.99,0.1
513102,1,130,1,17.99,0.0
513103,1,106,3,88.99,0.1
513103,2,124,1,58.99,0.1
513103,3,111,1,48.99,0.1
513103,4,103,1,348.99,0.1
513104,1,121,2,228.99,0.0
513105,1,104,1,432.99,0.1
513106,1,131,1,22.99,0.0
513107,1,116,2,158.99,0.0
513107,2,107,1,198.99,0.0
513107,3,128,1,28.99,0.0
513108,1,120,1,235.99,0.0
513108,2,116,1,150.99,0.0
513109,1,137,1,32.99,0.0
513110,1,138,1,93.99,0.0
513111,1,133,1,112.99,0.1
513112,1,123,1,68.99,0.0
513112,2,116,1,129.99,0.0
513112,3,113,1,170.99,0.0
513112,4,114,3,112.99,0.0
513112,5,110,2,80.99,0.0
513113,1,114,1,112.99,0.0
513113,2,121,3,186.99,0.0
513113,3,115,2,30.99,0.0
513114,1,131,2,22.99,0.0
513115,1,114,1,112.99,0.1
513115,2,131,3,19.99,0.1
513116,1,118,2,88.99,0.0
513116,2,107,1,198.99,0.0
513116,3,132,2,48.99,0.0
513117,1,113,2,208.99,0.0
513117,2,135,1,148.99,0.0
513118,1,125,1,31.99,0.0
513119,1,117,2,178.99,0.0
513120,1,102,1,418.99,0.0
513120,2,113,1,208.99,0.0
513120,3,128,1,28.99,0.0
513121,1,114,1,131.99,0.0
513122,1,125,1,31.99,0.0
513122,2,106,1,88.99,0.0
513122,3,115,1,38.99,0.0
513123,1,112,1,178.99,0.0
513124,1,124,1,58.99,0.0
513124,2,111,1,48.99,0.0
513125,1,125,2,31.99,0.1
513125,2,106,1,88.99,0.1
513126,1,124,1,58.99,0.2
513126,2,106,1,88.99,0.2
513126,3,135,1,148.99,0.2
513126,4,117,1,188.99,0.2
513127,1,115,2,38.99,0.0
513128,1,123,1,79.99,0.0
513129,1,112,1,178.99,0.0
513130,1,107,2,188.99,0.0
513131,1,113,3,197.99,0.0
513132,1,106,3,88.99,0.1
513133,1,129,2,41.99,0.0
513134,1,122,1,74.99,0.0
513134,2,103,1,330.99,0.0
513134,3,101,3,273.99,0.0
513135,1,126,2,78.99,0.3
513135,2,117,1,188.99,0.3
513135,3,121,1,228.99,0.3
513135,4,123,1,84.99,0.3
513136,1,128,2,28.99,0.0
513137,1,109,3,55.99,0.0
513137,2,124,2,47.99,0.0
513138,1,118,1,83.99,0.0
513139,1,120,1,235.99,0.0
513139,2,125,1,29.99,0.0
513139,3,121,1,216.99,0.0
513140,1,119,1,74.99,0.0
513140,2,138,1,93.99,0.0
513140,3,108,1,264.99,0.0
513140,4,128,1,26.99,0.0
513140,5,137,1,32.99,0.0
513141,1,128,1,28.99,0.0
513142,1,120,1,235.99,0.0
513142,2,119,1,74.99,0.0
513142,3,123,1,79.99,0.0
513142,4,113,2,197.99,0.0
513143,1,117,1,188.99,0.0
513144,1,125,2,31.99,0.0
513144,2,119,3,78.99,0.0
513144,3,120,1,248.99,0.0
513145,1,107,1,162.99,0.0
513145,2,122,1,63.99,0.0
513146,1,101,1,288.99,0.1
513146,2,125,2,31.99,0.1
513147,1,118,1,83.99,0.1
513148,1,106,1,88.99,0.1
513148,2,138,3,98.99,0.1
513149,1,124,3,47.99,0.0
513149,2,122,1,63.99,0.0
513149,3,107,2,162.99,0.0
513150,1,105,3,118.99,0.0
513151,1,112,1,178.99,0.0
513152,1,103,3,348.99,0.2
513152,2,121,1,228.99,0.2
513153,1,138,3,80.99,0.0
513154,1,110,1,80.99,0.0
513154,2,130,2,14.99,0.0
513155,1,136,1,28.99,0.2
513156,1,119,1,63.99,0.2
513156,2,116,2,129.99,0.2
513157,1,103,1,348.99,0.1
513157,2,108,2,278.99,0.1
513157,3,106,2,88.99,0.1
513157,4,113,1,208.99,0.1
513157,5,116,1,158.99,0.1
513158,1,120,2,235.99,0.1
513159,1,120,1,235.99,0.1
513159,2,127,1,55.99,0.1
513159,3,126,1,74.99,0.1
513160,1,136,1,28.99,0.0
513161,1,122,1,78.99,0.0
513161,2,101,1,288.99,0.0
513162,1,101,3,288.99,0.1
513162,2,131,1,24.99,0.1
513162,3,103,1,348.99,0.1
513162,4,108,3,278.99,0.1
513162,5,114,2,138.99,0.1
513163,1,124,3,58.99,0.0
513163,2,121,3,228.99,0.0
513163,3,114,2,138.99,0.0
513164,1,114,1,112.99,0.0
513164,2,103,2,285.99,0.0
513164,3,111,1,39.99,0.0
513164,4,110,1,80.99,0.0
513165,1,138,2,80.99,0.0
513166,1,112,1,178.99,0.2
513166,2,116,3,158.99,0.2
513166,3,107,1,198.99,0.2
513167,1,134,2,226.99,0.2
513168,1,112,2,178.99,0.1
513168,2,111,2,48.99,0.1
513169,1,119,2,78.99,0.0
513169,2,118,1,88.99,0.0
513170,1,123,1,84.99,0.1
513171,1,135,1,148.99,0.0
513171,2,102,1,418.99,0.0
513171,3,115,1,38.99,0.0
513171,4,121,2,228.99,0.0
513172,1,137,1,32.99,0.0
513172,2,107,3,188.99,0.0
513172,3,111,1,45.99,0.0
513172,4,134,1,226.99,0.0
513172,5,119,3,74.99,0.0
513173,1,122,1,78.99,0.0
513173,2,109,3,68.99,0.0
513173,3,115,1,38.99,0.0
513174,1,109,1,64.99,0.0
513174,2,120,1,235.99,0.0
513174,3,119,2,74.99,0.0
513175,1,127,1,58.99,0.0
513176,1,120,2,235.99,0.2
513176,2,125,1,29.99,0.2
513176,3,107,3,188.99,0.2
513177,1,103,1,348.99,0.2
513178,1,122,1,78.99,0.0
513179,1,126,3,74.99,0.1
513179,2,121,1,216.99,0.1
513180,1,137,3,32.99,0.0
513180,2,135,1,140.99,0.0
513180,3,124,2,55.99,0.0
513181,1,109,1,68.99,0.0
513181,2,114,1,138.99,0.0
513182,1,104,1,501.99,0.0
513182,2,101,1,273.99,0.0
513182,3,110,3,93.99,0.0
513182,4,123,2,79.99,0.0
513183,1,137,3,34.99,0.2
513184,1,120,2,248.99,0.0
513184,2,130,1,18.99,0.0
513184,3,115,1,38.99,0.0
513185,1,112,3,169.99,0.0
513186,1,129,1,44.99,0.1
513187,1,119,1,74.99,0.0
513187,2,107,2,188.99,0.0
513188,1,108,1,278.99,0.0
513189,1,135,1,148.99,0.0
513189,2,107,1,198.99,0.0
513189,3,110,1,98.99,0.0
513189,4,104,1,528.99,0.0
513190,1,126,1,74.99,0.0
513191,1,121,1,216.99,0.0
513192,1,134,1,194.99,0.0
513192,2,107,1,162.99,0.0
513193,1,122,1,78.99,0.0
513194,1,135,1,121.99,0.0
513195,1,134,2,238.99,0.0
513196,1,136,3,22.99,0.2
513196,2,134,1,194.99,0.2
513197,1,108,1,264.99,0.0
513198,1,133,1,118.99,0.1
513199,1,120,1,248.99,0.2
513200,1,124,1,55.99,0.0
513200,2,104,1,501.99,0.0
513200,3,120,1,235.99,0.0
513201,1,115,1,38.99,0.0
513201,2,111,1,48.99,0.0
513202,1,108,2,264.99,0.0
513203,1,134,3,194.99,0.0
513204,1,127,1,58.99,0.0
513205,1,124,2,58.99,0.0
513206,1,105,3,118.99,0.0
513206,2,126,1,78.99,0.0
513206,3,124,2,58.99,0.0
513206,4,117,3,188.99,0.0
513206,5,133,1,118.99,0.0
513207,1,109,1,68.99,0.1
513208,1,119,3,78.99,0.1
513208,2,110,1,98.99,0.1
513209,1,133,1,118.99,0.0
513209,2,112,1,178.99,0.0
513209,3,114,1,138.99,0.0
513209,4,106,2,88.99,0.0
513210,1,102,1,418.99,0.0
513211,1,116,2,158.99,0.0
513212,1,118,1,88.99,0.0
513213,1,119,1,74.99,0.0
513214,1,111,1,48.99,0.0
513214,2,103,1,348.99,0.0
513215,1,117,3,188.99,0.0
513216,1,120,1,248.99,0.0
513216,2,101,1,288.99,0.0
513217,1,118,2,83.99,0.0
513217,2,138,1,93.99,0.0
513218,1,135,2,140.99,0.0
513219,1,137,2,32.99,0.0
513219,2,106,1,83.99,0.0
513219,3,112,2,169.99,0.0
513220,1,128,1,28.99,0.3
513220,2,138,1,98.99,0.3
513221,1,104,3,432.99,0.0
513222,1,110,1,80.99,0.1
513222,2,121,1,186.99,0.1
513222,3,130,1,14.99,0.1
513223,1,108,1,278.99,0.0
513224,1,114,1,131.99,0.0
513225,1,125,1,25.99,0.0
513225,2,121,2,186.99,0.0
513226,1,117,2,188.99,0.0
513226,2,135,2,148.99,0.0
513227,1,133,3,118.99,0.1
513227,2,125,3,31.99,0.1
513227,3,121,1,228.99,0.1
513227,4,129,1,44.99,0.1
513228,1,120,1,248.99,0.2
513229,1,131,1,24.99,0.0
513230,1,130,2,17.99,0.1
513231,1,122,1,74.99,0.0
513232,1,106,1,88.99,0.1
513233,1,126,1,78.99,0.0
513233,2,125,3,31.99,0.0
513234,1,138,3,98.99,0.0
513235,1,122,2,78.99,0.0
513235,2,112,2,178.99,0.0
513235,3,117,1,188.99,0.0
513236,1,134,1,238.99,0.1
513236,2,111,1,48.99,0.1
513237,1,122,2,78.99,0.0
513237,2,116,1,158.99,0.0
513238,1,118,1,71.99,0.0
513239,1,122,1,78.99,0.0
513239,2,109,1,68.99,0.0
513240,1,132,2,39.99,0.1
513240,2,111,1,39.99,0.1
513241,1,133,1,96.99,0.2
513242,1,135,2,148.99,0.2
513243,1,128,2,26.99,0.2
513244,1,119,2,78.99,0.0
513245,1,116,3,150.99,0.1
513245,2,126,1,74.99,0.1
513246,1,114,1,131.99,0.1
513246,2,120,1,235.99,0.1
513246,3,119,2,74.99,0.1
513247,1,113,3,208.99,0.0
513248,1,136,2,28.99,0.0
513248,2,127,1,58.99,0.0
513248,3,123,1,84.99,0.0
513249,1,112,1,178.99,0.0
513249,2,120,1,248.99,0.0
513249,3,125,1,31.99,0.0
513249,4,131,2,24.99,0.0
513250,1,127,1,55.99,0.1
513250,2,134,1,226.99,0.1
513250,3,110,1,93.99,0.1
513251,1,111,1,48.99,0.0
513252,1,131,1,19.99,0.0
513253,1,123,3,68.99,0.0
513253,2,122,1,63.99,0.0
513254,1,119,1,78.99,0.0
513254,2,116,1,158.99,0.0
513254,3,115,1,38.99,0.0
513255,1,111,3,45.99,0.0
513256,1,104,3,501.99,0.0
513256,2,112,1,169.99,0.0
513256,3,110,2,93.99,0.0
513256,4,121,3,216.99,0.0
513257,1,125,2,31.99,0.0
513258,1,112,2,169.99,0.0
513258,2,125,3,29.99,0.0
513259,1,126,1,78.99,0.2
513260,1,108,1,278.99,0.0
513261,1,105,2,112.99,0.0
513261,2,112,2,169.99,0.0
513261,3,129,2,41.99,0.0
513262,1,103,2,348.99,0.0
513262,2,132,1,48.99,0.0
513263,1,119,1,78.99,0.0
513263,2,125,1,31.99,0.0
513263,3,116,2,158.99,0.0
513264,1,113,1,208.99,0.0
513265,1,132,3,39.99,0.0
513265,2,109,3,55.99,0.0
513265,3,114,1,112.99,0.0
513266,1,129,1,44.99,0.0
513266,2,109,1,68.99,0.0
513267,1,128,1,26.99,0.0
513268,1,137,1,32.99,0.0
513268,2,138,1,93.99,0.0
513268,3,115,2,36.99,0.0
513269,1,120,1,203.99,0.0
513270,1,121,1,186.99,0.0
513271,1,106,2,88.99,0.2
513272,1,106,2,88.99,0.0
513273,1,127,2,47.99,0.2
513273,2,129,1,35.99,0.2
513274,1,126,2,78.99,0.0
513275,1,136,3,28.99,0.2
513275,2,119,2,78.99,0.2
513276,1,136,1,28.99,0.0
513277,1,113,1,208.99,0.0
513278,1,116,3,158.99,0.0
513279,1,130,1,18.99,0.0
513279,2,101,1,288.99,0.0
513280,1,113,3,208.99,0.0
513280,2,134,1,238.99,0.0
513281,1,134,1,226.99,0.0
513281,2,116,2,150.99,0.0
513281,3,131,1,22.99,0.0
513281,4,138,2,93.99,0.0
513282,1,128,1,28.99,0.0
513282,2,123,2,84.99,0.0
513283,1,101,2,235.99,0.1
513284,1,121,1,216.99,0.0
513285,1,119,3,78.99,0.1
513285,2,113,1,208.99,0.1
513285,3,125,2,31.99,0.1
513286,1,105,2,112.99,0.0
513287,1,115,2,30.99,0.0
513287,2,129,1,35.99,0.0
513287,3,135,1,121.99,0.0
513288,1,138,3,80.99,0.0
513288,2,109,2,55.99,0.0
513289,1,105,2,112.99,0.0
513289,2,121,1,216.99,0.0
513289,3,107,1,188.99,0.0
513290,1,109,2,68.99,0.0
513290,2,112,2,178.99,0.0
513291,1,101,1,288.99,0.0
513291,2,117,1,188.99,0.0
513292,1,114,1,112.99,0.0
513293,1,116,1,158.99,0.0
513294,1,102,1,418.99,0.0
513295,1,105,1,112.99,0.1
513295,2,130,3,17.99,0.1
513296,1,106,1,88.99,0.0
513297,1,133,1,118.99,0.0
513297,2,103,1,348.99,0.0
513297,3,121,1,228.99,0.0
513298,1,102,2,342.99,0.0
513298,2,138,1,80.99,0.0
513299,1,137,1,34.99,0.0
513300,1,121,1,216.99,0.0
513301,1,111,1,48.99,0.0
513301,2,118,2,88.99,0.0
513302,1,105,1,112.99,0.1
513302,2,124,1,55.99,0.1
513302,3,104,3,501.99,0.1
513303,1,112,1,178.99,0.0
513304,1,123,1,79.99,0.0
513304,2,129,1,41.99,0.0
513305,1,120,1,248.99,0.0
513305,2,124,2,58.99,0.0
513305,3,121,1,228.99,0.0
513305,4,105,1,118.99,0.0
513306,1,106,2,88.99,0.0
513306,2,110,1,98.99,0.0
513307,1,132,1,39.99,0.0
513308,1,125,1,25.99,0.1
513309,1,128,2,28.99,0.0
513309,2,105,1,118.99,0.0
513309,3,110,3,98.99,0.0
513309,4,120,3,248.99,0.0
513310,1,115,2,38.99,0.0
513311,1,112,2,178.99,0.0
513311,2,136,1,28.99,0.0
513312,1,117,1,188.99,0.0
513312,2,112,1,178.99,0.0
513313,1,113,1,208.99,0.2
513314,1,123,2,84.99,0.1
513315,1,113,1,208.99,0.0
513315,2,118,1,88.99,0.0
513316,1,107,2,188.99,0.0
513317,1,124,1,58.99,0.0
513317,2,123,1,84.99,0.0
513317,3,137,2,34.99,0.0
513317,4,121,1,228.99,0.0
513317,5,110,3,98.99,0.0
513318,1,121,1,228.99,0.0
513318,2,113,1,208.99,0.0
513319,1,129,1,35.99,0.0
513320,1,136,1,28.99,0.0
513321,1,116,1,158.99,0.1
513321,2,130,1,18.99,0.1
513322,1,106,1,88.99,0.1
513323,1,127,1,58.99,0.0
513324,1,112,2,178.99,0.0
513324,2,105,2,118.99,0.0
513325,1,120,1,248.99,0.0
513325,2,124,3,58.99,0.0
513326,1,133,2,118.99,0.1
513327,1,123,3,84.99,0.3
513327,2,138,1,98.99,0.3
513327,3,117,1,188.99,0.3
513328,1,122,1,74.99,0.0
513328,2,121,2,216.99,0.0
513328,3,123,1,79.99,0.0
513329,1,132,2,39.99,0.0
513329,2,107,1,162.99,0.0
513330,1,127,3,55.99,0.1
513331,1,133,2,118.99,0.2
513331,2,105,2,118.99,0.2
513331,3,106,2,88.99,0.2
513332,1,120,2,248.99,0.0
513333,1,102,1,418.99,0.2
513334,1,101,3,273.99,0.1
513334,2,124,1,55.99,0.1
513335,1,118,1,83.99,0.0
513336,1,122,1,74.99,0.0
513337,1,129,3,41.99,0.0
513338,1,116,1,158.99,0.0
513339,1,130,2,18.99,0.0
513339,2,135,1,148.99,0.0
513340,1,133,1,118.99,0.0
513340,2,122,1,78.99,0.0
513340,3,110,1,98.99,0.0
513340,4,134,3,238.99,0.0
513340,5,120,1,248.99,0.0
513341,1,118,2,71.99,0.0
513342,1,121,1,228.99,0.1
513343,1,108,2,264.99,0.0
513343,2,113,2,197.99,0.0
513344,1,102,1,397.99,0.0
513345,1,122,1,63.99,0.0
513345,2,124,1,47.99,0.0
513345,3,125,1,25.99,0.0
513345,4,116,2,129.99,0.0
513346,1,118,1,71.99,0.0
513347,1,138,1,98.99,0.0
513348,1,113,2,208.99,0.0
513349,1,136,1,22.99,0.0
513349,2,104,2,432.99,0.0
513350,1,122,2,63.99,0.0
513350,2,102,3,342.99,0.0
513351,1,123,2,84.99,0.0
513352,1,123,1,68.99,0.1
513353,1,119,1,74.99,0.2
513353,2,112,1,169.99,0.2
513353,3,130,2,17.99,0.2
513353,4,138,1,93.99,0.2
513354,1,127,2,58.99,0.0
513355,1,134,1,238.99,0.0
513356,1,137,3,27.99,0.0
513357,1,118,1,71.99,0.1
513358,1,127,1,58.99,0.0
513358,2,123,1,84.99,0.0
513359,1,135,1,148.99,0.1
513360,1,116,1,158.99,0.0
513361,1,124,1,47.99,0.0
513362,1,105,3,96.99,0.3
513362,2,128,1,22.99,0.3
513363,1,135,1,148.99,0.0
513364,1,109,1,68.99,0.0
513364,2,102,2,418.99,0.0
513365,1,113,3,170.99,0.2
513366,1,118,1,88.99,0.2
513367,1,120,2,235.99,0.2
513367,2,104,2,501.99,0.2
513368,1,124,1,58.99,0.0
513369,1,132,1,39.99,0.0
513369,2,137,1,27.99,0.0
513369,3,131,1,19.99,0.0
513370,1,127,1,58.99,0.0
513370,2,121,2,228.99,0.0
513371,1,130,1,17.99,0.0
513372,1,110,2,98.99,0.0
513372,2,122,1,78.99,0.0
513372,3,133,3,118.99,0.0
513372,4,108,1,278.99,0.0
513373,1,104,1,528.99,0.0
513374,1,118,3,83.99,0.0
513374,2,122,1,74.99,0.0
513374,3,128,2,26.99,0.0
513374,4,125,1,29.99,0.0
513374,5,130,1,17.99,0.0
513375,1,137,1,32.99,0.0
513376,1,104,1,501.99,0.0
513376,2,110,2,93.99,0.0
513377,1,120,2,248.99,0.0
513377,2,104,1,528.99,0.0
513377,3,132,2,48.99,0.0
513377,4,112,2,178.99,0.0
513378,1,122,2,78.99,0.0
513379,1,112,2,169.99,0.1
513379,2,116,1,150.99,0.1
513379,3,103,2,330.99,0.1
513380,1,117,1,178.99,0.0
513380,2,116,3,150.99,0.0
513380,3,115,1,36.99,0.0
513381,1,125,1,31.99,0.0
513382,1,125,3,29.99,0.1
513383,1,134,1,226.99,0.0
513384,1,109,1,68.99,0.2
513384,2,108,1,278.99,0.2
513384,3,113,2,208.99,0.2
513385,1,103,2,285.99,0.0
513385,2,113,2,170.99,0.0
513386,1,122,2,78.99,0.0
513387,1,123,2,84.99,0.2
513388,1,122,1,63.99,0.0
513389,1,104,3,528.99,0.0
513390,1,127,2,58.99,0.0
513390,2,129,1,44.99,0.0
513391,1,119,2,63.99,0.1
513392,1,118,2,83.99,0.0
513392,2,102,1,397.99,0.0
513393,1,112,1,169.99,0.1
513394,1,104,2,528.99,0.0
513395,1,121,1,216.99,0.0
513396,1,120,1,248.99,0.2
513397,1,115,1,38.99,0.0
513398,1,120,3,248.99,0.0
513399,1,125,1,29.99,0.0
513399,2,132,1,45.99,0.0
513400,1,108,1,278.99,0.0
513401,1,129,1,44.99,0.1
513402,1,117,1,188.99,0.0
513402,2,137,2,34.99,0.0
513403,1,114,2,112.99,0.0
513403,2,116,1,129.99,0.0
513403,3,124,2,47.99,0.0
513403,4,118,3,71.99,0.0
513404,1,133,3,112.99,0.0
513404,2,117,1,178.99,0.0
513405,1,106,1,88.99,0.0
513406,1,127,3,47.99,0.0
513407,1,123,2,79.99,0.0
513408,1,124,1,47.99,0.0
513409,1,127,1,58.99,0.0
513409,2,102,3,418.99,0.0
513409,3,124,1,58.99,0.0
513410,1,135,1,148.99,0.0
513410,2,126,1,78.99,0.0
513411,1,122,3,78.99,0.0
513412,1,137,1,32.99,0.0
513412,2,124,1,55.99,0.0
513413,1,126,1,63.99,0.2
513414,1,127,2,58.99,0.1
513415,1,118,1,88.99,0.0
513415,2,123,1,84.99,0.0
513415,3,116,2,158.99,0.0
513416,1,108,1,264.99,0.0
513416,2,128,2,26.99,0.0
513416,3,107,1,188.99,0.0
513417,1,120,2,235.99,0.1
513418,1,131,1,19.99,0.2
513418,2,124,2,47.99,0.2
513418,3,120,1,203.99,0.2
513419,1,129,1,41.99,0.0
513419,2,135,3,140.99,0.0
513419,3,120,2,235.99,0.0
513419,4,134,3,226.99,0.0
513419,5,115,1,36.99,0.0
513420,1,115,2,38.99,0.0
513420,2,121,3,228.99,0.0
513420,3,134,1,238.99,0.0
513421,1,110,1,93.99,0.0
513422,1,133,1,118.99,0.0
513422,2,105,2,118.99,0.0
513423,1,113,1,170.99,0.0
513423,2,121,1,186.99,0.0
513423,3,126,3,63.99,0.0
513424,1,114,1,138.99,0.0
513424,2,127,1,58.99,0.0
513424,3,121,1,228.99,0.0
513425,1,138,1,93.99,0.0
513426,1,108,1,227.99,0.0
513427,1,122,2,63.99,0.0
513427,2,120,3,203.99,0.0
513427,3,133,1,96.99,0.0
513427,4,137,3,27.99,0.0
513428,1,109,1,55.99,0.0
513428,2,111,2,39.99,0.0
513428,3,136,1,22.99,0.0
513429,1,110,1,93.99,0.0
513429,2,115,1,36.99,0.0
513430,1,107,2,188.99,0.0
513430,2,113,1,197.99,0.0
513430,3,112,2,169.99,0.0
513431,1,121,1,228.99,0.0
513432,1,133,1,96.99,0.0
513433,1,123,1,84.99,0.2
513433,2,124,1,58.99,0.2
513433,3,111,1,48.99,0.2
513434,1,109,1,64.99,0.0
513435,1,113,3,197.99,0.0
513436,1,121,3,228.99,0.0
513437,1,118,2,88.99,0.1
513438,1,101,1,288.99,0.0
513439,1,130,2,18.99,0.2
513440,1,117,2,153.99,0.1
513440,2,122,2,63.99,0.1
513440,3,132,3,39.99,0.1
513441,1,116,1,158.99,0.0
513442,1,119,3,78.99,0.1
513442,2,101,2,288.99,0.1
513443,1,135,1,148.99,0.2
513444,1,122,3,74.99,0.0
513445,1,107,3,198.99,0.0
513446,1,127,1,58.99,0.0
513446,2,125,1,31.99,0.0
513447,1,122,1,74.99,0.0
513448,1,122,1,74.99,0.0
513449,1,123,2,79.99,0.0
513449,2,124,1,55.99,0.0
513449,3,122,1,74.99,0.0
513449,4,137,1,32.99,0.0
513450,1,110,3,98.99,0.1
513450,2,120,2,248.99,0.1
513450,3,121,1,228.99,0.1
513451,1,130,1,14.99,0.0
513451,2,118,1,71.99,0.0
513451,3,120,3,203.99,0.0
513451,4,129,2,35.99,0.0
513452,1,101,1,288.99,0.2
513453,1,106,1,83.99,0.1
513454,1,130,1,18.99,0.0
513454,2,113,3,208.99,0.0
513455,1,104,2,432.99,0.0
513456,1,105,1,118.99,0.1
513457,1,120,1,235.99,0.1
513458,1,131,1,24.99,0.0
513458,2,106,3,88.99,0.0
513459,1,121,2,228.99,0.0
513459,2,133,1,118.99,0.0
513460,1,108,1,264.99,0.0
513461,1,122,1,78.99,0.0
513461,2,136,1,28.99,0.0
513462,1,123,1,84.99,0.0
513462,2,122,1,78.99,0.0
513462,3,115,1,38.99,0.0
513463,1,122,1,78.99,0.1
513464,1,109,2,55.99,0.0
513464,2,128,1,22.99,0.0
513465,1,124,1,47.99,0.1
513466,1,127,1,55.99,0.0
513467,1,116,1,158.99,0.0
513468,1,118,2,71.99,0.0
513468,2,125,1,25.99,0.0
513468,3,110,1,80.99,0.0
513469,1,133,1,118.99,0.0
513469,2,108,3,278.99,0.0
513470,1,120,1,248.99,0.0
513471,1,115,3,38.99,0.0
513472,1,132,1,45.99,0.0
513473,1,133,3,112.99,0.0
513473,2,101,1,273.99,0.0
513474,1,115,3,36.99,0.0
513475,1,120,1,248.99,0.1
513476,1,101,3,273.99,0.2
513477,1,121,1,228.99,0.0
513478,1,113,2,170.99,0.1
513479,1,132,1,39.99,0.3
513479,2,119,2,63.99,0.3
513480,1,120,1,203.99,0.2
513481,1,104,1,528.99,0.0
513482,1,138,1,80.99,0.1
513482,2,123,3,68.99,0.1
513483,1,111,1,45.99,0.0
513483,2,124,1,55.99,0.0
513484,1,125,1,29.99,0.3
513485,1,138,2,98.99,0.0
513486,1,138,3,98.99,0.0
513487,1,120,1,248.99,0.0
513488,1,120,1,203.99,0.1
513489,1,124,1,58.99,0.0
513490,1,131,1,22.99,0.0
513491,1,125,1,31.99,0.3
513492,1,104,3,432.99,0.0
513492,2,102,1,342.99,0.0
513493,1,125,1,29.99,0.0
513493,2,115,2,36.99,0.0
513494,1,112,1,169.99,0.0
513495,1,112,1,145.99,0.1
513495,2,116,1,129.99,0.1
513495,3,125,2,25.99,0.1
513495,4,107,1,162.99,0.1
513496,1,110,1,80.99,0.0
513496,2,101,1,235.99,0.0
513496,3,120,1,203.99,0.0
513496,4,132,1,39.99,0.0
513496,5,127,2,47.99,0.0
513497,1,111,2,48.99,0.0
513498,1,126,1,74.99,0.0
513499,1,105,2,118.99,0.0
513499,2,112,3,178.99,0.0
513499,3,137,3,34.99,0.0
513499,4,108,2,278.99,0.0
513500,1,119,2,78.99,0.0
513501,1,134,1,238.99,0.0
513502,1,110,1,93.99,0.0
513503,1,116,2,158.99,0.1
513503,2,118,2,88.99,0.1
513503,3,127,2,58.99,0.1
513504,1,125,3,25.99,0.0
513505,1,121,1,228.99,0.0
513505,2,125,1,31.99,0.0
513506,1,127,1,58.99,0.0
513507,1,114,1,138.99,0.1
513508,1,101,1,288.99,0.0
513508,2,111,1,48.99,0.0
513508,3,122,2,78.99,0.0
513509,1,124,1,55.99,0.1
513510,1,106,1,83.99,0.1
513511,1,119,2,63.99,0.0
513512,1,120,3,248.99,0.0
513513,1,136,3,28.99,0.0
513514,1,103,1,330.99,0.0
513514,2,114,1,131.99,0.0
513514,3,102,1,397.99,0.0
513514,4,125,2,29.99,0.0
513515,1,112,2,178.99,0.0
513516,1,110,3,93.99,0.0
513517,1,118,2,88.99,0.2
513518,1,116,1,129.99,0.0
513519,1,107,2,188.99,0.0
513520,1,101,1,235.99,0.1
513520,2,130,2,14.99,0.1
513520,3,118,3,71.99,0.1
513520,4,105,3,96.99,0.1
513520,5,124,2,47.99,0.1
513521,1,131,1,24.99,0.0
513522,1,103,2,348.99,0.0
513523,1,113,3,208.99,0.0
513524,1,120,3,248.99,0.0
513524,2,109,3,68.99,0.0
513525,1,111,2,48.99,0.0
513525,2,114,1,138.99,0.0
513526,1,113,1,208.99,0.0
513526,2,131,3,24.99,0.0
513526,3,130,1,18.99,0.0
513526,4,105,1,118.99,0.0
513526,5,125,1,31.99,0.0
513527,1,105,1,112.99,0.0
513527,2,136,2,26.99,0.0
513528,1,125,3,29.99,0.0
513529,1,131,1,24.99,0.0
513530,1,118,2,88.99,0.0
513531,1,104,2,528.99,0.1
513531,2,114,1,138.99,0.1
513532,1,118,1,88.99,0.0
513533,1,137,1,32.99,0.1
513533,2,130,3,17.99,0.1
513534,1,120,2,248.99,0.0
513535,1,120,1,248.99,0.1
513535,2,137,2,34.99,0.1
513536,1,121,1,216.99,0.2
513536,2,119,1,74.99,0.2
513537,1,103,1,348.99,0.0
513537,2,114,1,138.99,0.0
513537,3,134,3,238.99,0.0
513538,1,129,1,44.99,0.2
513539,1,125,1,25.99,0.0
513539,2,126,1,63.99,0.0
513539,3,118,2,71.99,0.0
513539,4,129,2,35.99,0.0
513539,5,106,2,71.99,0.0
513540,1,108,2,278.99,0.0
513541,1,118,2,83.99,0.0
513542,1,135,3,148.99,0.0
513542,2,134,1,238.99,0.0
513542,3,116,1,158.99,0.0
513542,4,119,2,78.99,0.0
513542,5,109,3,68.99,0.0
513543,1,111,1,45.99,0.0
513544,1,125,2,31.99,0.1
513544,2,112,2,178.99,0.1
513545,1,134,1,226.99,0.0
513545,2,129,1,41.99,0.0
513546,1,109,1,68.99,0.1
513547,1,132,3,48.99,0.0
513548,1,114,2,131.99,0.1
513548,2,113,1,197.99,0.1
513549,1,117,1,153.99,0.0
513549,2,123,3,68.99,0.0
513550,1,113,1,208.99,0.0
513551,1,118,1,83.99,0.0
513552,1,103,1,285.99,0.0
513553,1,107,2,162.99,0.0
513554,1,130,1,18.99,0.3
513555,1,132,2,45.99,0.0
513555,2,130,2,17.99,0.0
513555,3,121,1,216.99,0.0
513555,4,136,3,26.99,0.0
513556,1,121,2,216.99,0.0
513557,1,112,1,145.99,0.0
513558,1,113,1,208.99,0.1
513558,2,103,2,348.99,0.1
513558,3,115,1,38.99,0.1
513558,4,108,1,278.99,0.1
513559,1,103,1,285.99,0.0
513560,1,101,1,273.99,0.2
513561,1,114,2,138.99,0.0
513561,2,119,3,78.99,0.0
513562,1,105,3,118.99,0.2
513563,1,111,1,48.99,0.0
513563,2,118,2,88.99,0.0
513564,1,129,1,35.99,0.0
513565,1,127,1,47.99,0.0
513566,1,103,3,348.99,0.0
513566,2,101,1,288.99,0.0
513567,1,102,3,342.99,0.0
513567,2,121,1,186.99,0.0
513567,3,120,3,203.99,0.0
513567,4,104,1,432.99,0.0
513568,1,104,2,501.99,0.0
513568,2,115,1,36.99,0.0
513569,1,138,1,98.99,0.1
513570,1,109,1,68.99,0.0
513570,2,133,2,118.99,0.0
513571,1,101,1,288.99,0.1
513571,2,111,1,48.99,0.1
513572,1,120,3,248.99,0.1
513573,1,123,1,79.99,0.0
513574,1,112,3,178.99,0.0
513574,2,116,2,158.99,0.0
513574,3,137,2,34.99,0.0
513575,1,133,1,96.99,0.1
513576,1,118,2,83.99,0.0
513577,1,112,1,178.99,0.2
513577,2,126,1,78.99,0.2
513578,1,126,1,78.99,0.0
513578,2,121,2,228.99,0.0
513579,1,117,1,188.99,0.0
513580,1,129,1,41.99,0.0
513580,2,117,1,178.99,0.0
513581,1,105,1,118.99,0.0
513582,1,106,2,88.99,0.0
513582,2,121,1,228.99,0.0
513582,3,134,1,238.99,0.0
513583,1,101,3,273.99,0.0
513584,1,105,1,118.99,0.0
513585,1,126,2,74.99,0.0
513586,1,129,1,44.99,0.0
513586,2,116,1,158.99,0.0
513586,3,123,1,84.99,0.0
513586,4,137,3,34.99,0.0
513587,1,114,2,112.99,0.0
513588,1,134,2,226.99,0.1
513588,2,128,1,26.99,0.1
513589,1,105,3,118.99,0.0
513589,2,122,1,78.99,0.0
513590,1,120,3,248.99,0.1
513591,1,104,2,528.99,0.0
513591,2,135,3,148.99,0.0
513591,3,115,2,38.99,0.0
513592,1,125,3,31.99,0.0
513592,2,128,3,28.99,0.0
513593,1,121,2,216.99,0.0
513593,2,107,2,188.99,0.0
513593,3,134,3,226.99,0.0
513594,1,121,1,186.99,0.0
513594,2,108,2,227.99,0.0
513594,3,110,1,80.99,0.0
513594,4,127,1,47.99,0.0
513595,1,102,2,342.99,0.1
513596,1,104,1,432.99,0.0
513597,1,134,3,238.99,0.0
513597,2,101,1,288.99,0.0
513598,1,125,1,29.99,0.0
513599,1,108,1,264.99,0.0
513599,2,127,3,55.99,0.0
513600,1,120,2,203.99,0.0
513600,2,106,1,71.99,0.0
513601,1,137,2,34.99,0.0
513601,2,125,3,31.99,0.0
513602,1,126,2,63.99,0.0
513602,2,124,3,47.99,0.0
513602,3,121,1,186.99,0.0
513603,1,126,3,78.99,0.0
513603,2,102,1,418.99,0.0
513603,3,107,2,198.99,0.0
513603,4,122,2,78.99,0.0
513604,1,118,1,88.99,0.0
513605,1,134,1,226.99,0.2
513605,2,131,1,22.99,0.2
513605,3,123,3,79.99,0.2
513606,1,106,2,88.99,0.0
513606,2,134,1,238.99,0.0
513606,3,131,1,24.99,0.0
513606,4,117,3,188.99,0.0
513606,5,124,1,58.99,0.0
513607,1,131,1,22.99,0.0
513607,2,107,1,188.99,0.0
513607,3,113,2,197.99,0.0
513608,1,110,3,98.99,0.0
513609,1,114,1,112.99,0.2
513609,2,119,1,63.99,0.2
513610,1,119,1,78.99,0.0
513610,2,124,1,58.99,0.0
513611,1,112,3,178.99,0.0
513611,2,135,2,148.99,0.0
513611,3,126,1,78.99,0.0
513611,4,128,1,28.99,0.0
513612,1,108,1,264.99,0.1
513612,2,111,1,45.99,0.1
513613,1,116,2,150.99,0.0
513614,1,104,2,528.99,0.0
513614,2,132,2,48.99,0.0
513614,3,108,1,278.99,0.0
513615,1,135,1,148.99,0.0
513615,2,128,1,28.99,0.0
513616,1,131,1,22.99,0.0
513616,2,130,2,17.99,0.0
513617,1,131,1,24.99,0.0
513618,1,113,2,208.99,0.3
513619,1,115,1,38.99,0.0
513620,1,123,2,79.99,0.1
513620,2,117,1,178.99,0.1
513621,1,113,1,208.99,0.0
513622,1,124,1,55.99,0.0
513622,2,109,1,64.99,0.0
513623,1,135,1,148.99,0.0
513623,2,121,1,228.99,0.0
513623,3,113,1,208.99,0.0
513624,1,126,2,63.99,0.1
513625,1,127,3,58.99,0.0
513625,2,107,2,198.99,0.0
513626,1,119,2,78.99,0.0
513626,2,105,2,118.99,0.0
513627,1,113,1,208.99,0.0
513627,2,130,1,18.99,0.0
513627,3,129,1,44.99,0.0
513627,4,109,2,68.99,0.0
513627,5,115,1,38.99,0.0
513628,1,104,1,528.99,0.1
513629,1,124,2,55.99,0.0
513630,1,121,3,228.99,0.0
513630,2,125,1,31.99,0.0
513631,1,117,2,178.99,0.0
513631,2,133,2,112.99,0.0
513631,3,106,2,83.99,0.0
513631,4,122,1,74.99,0.0
513631,5,108,2,264.99,0.0
513632,1,116,1,158.99,0.0
513632,2,114,1,138.99,0.0
513632,3,118,1,88.99,0.0
513633,1,136,2,26.99,0.2
513634,1,136,2,26.99,0.0
513634,2,130,2,17.99,0.0
513635,1,119,1,78.99,0.1
513635,2,122,2,78.99,0.1
513636,1,122,1,78.99,0.3
513636,2,128,2,28.99,0.3
513636,3,123,1,84.99,0.3
513637,1,122,1,74.99,0.0
513638,1,138,3,98.99,0.0
513639,1,113,1,197.99,0.0
513640,1,130,1,17.99,0.0
513640,2,108,1,264.99,0.0
513640,3,136,1,26.99,0.0
513640,4,131,3,22.99,0.0
513641,1,112,1,145.99,0.0
513642,1,128,3,22.99,0.1
513643,1,112,1,178.99,0.0
513643,2,116,2,158.99,0.0
513644,1,123,2,84.99,0.0
513645,1,126,1,78.99,0.2
513645,2,112,1,178.99,0.2
513646,1,121,1,228.99,0.0
513646,2,122,1,78.99,0.0
513646,3,117,3,188.99,0.0
513647,1,113,3,170.99,0.0
513647,2,127,2,47.99,0.0
513647,3,105,3,96.99,0.0
513648,1,102,1,418.99,0.1
513649,1,106,1,83.99,0.0
513650,1,114,2,131.99,0.0
513651,1,118,1,71.99,0.0
513652,1,137,2,34.99,0.0
513653,1,106,1,88.99,0.0
513653,2,133,1,118.99,0.0
513654,1,129,2,35.99,0.1
513655,1,116,1,158.99,0.0
513656,1,117,1,153.99,0.0
513656,2,106,1,71.99,0.0
513656,3,101,1,235.99,0.0
513656,4,121,1,186.99,0.0
513656,5,107,3,162.99,0.0
513657,1,138,3,98.99,0.0
513657,2,120,1,248.99,0.0
513658,1,111,3,45.99,0.0
513659,1,125,3,29.99,0.0
513660,1,126,1,78.99,0.0
513660,2,131,1,24.99,0.0
513661,1,115,2,36.99,0.0
513661,2,113,1,197.99,0.0
513662,1,129,2,44.99,0.2
513663,1,111,1,45.99,0.0
513663,2,109,1,64.99,0.0
513663,3,138,1,93.99,0.0
513664,1,120,2,235.99,0.2
513664,2,109,1,64.99,0.2
513664,3,107,3,188.99,0.2
513664,4,119,1,74.99,0.2
513664,5,105,1,112.99,0.2
513665,1,130,1,18.99,0.0
513665,2,120,1,248.99,0.0
513666,1,113,1,197.99,0.2
513666,2,129,1,41.99,0.2
513666,3,120,1,235.99,0.2
513667,1,117,1,188.99,0.0
513668,1,122,1,74.99,0.2
513669,1,112,1,145.99,0.1
513670,1,124,1,55.99,0.0
513670,2,114,1,131.99,0.0
513671,1,108,1,278.99,0.2
513672,1,132,1,48.99,0.0
513673,1,105,3,96.99,0.0
513673,2,109,1,55.99,0.0
513674,1,117,1,178.99,0.0
513674,2,113,1,197.99,0.0
513675,1,134,1,238.99,0.0
513676,1,137,3,34.99,0.2
513677,1,111,1,48.99,0.0
513677,2,128,3,28.99,0.0
513677,3,130,3,18.99,0.0
513678,1,126,3,63.99,0.1
513679,1,126,1,63.99,0.0
513680,1,128,1,26.99,0.0
513680,2,112,2,169.99,0.0
513680,3,120,3,235.99,0.0
513681,1,126,1,74.99,0.1
513681,2,112,1,169.99,0.1
513681,3,119,3,74.99,0.1
513682,1,126,3,74.99,0.1
513683,1,110,1,98.99,0.0
513683,2,134,1,238.99,0.0
513683,3,106,1,88.99,0.0
513684,1,105,1,112.99,0.2
513685,1,104,1,432.99,0.0
513685,2,105,3,96.99,0.0
513685,3,124,1,47.99,0.0
513685,4,115,2,30.99,0.0
513686,1,118,2,88.99,0.0
513686,2,111,2,48.99,0.0
513687,1,122,1,63.99,0.2
513687,2,102,3,342.99,0.2
513687,3,121,1,186.99,0.2
513688,1,103,1,348.99,0.0
513689,1,130,1,17.99,0.0
513689,2,131,2,22.99,0.0
513690,1,123,1,68.99,0.0
513691,1,120,1,203.99,0.2
513691,2,122,2,63.99,0.2
513691,3,111,3,39.99,0.2
513691,4,125,1,25.99,0.2
513691,5,131,3,19.99,0.2
513692,1,124,2,58.99,0.0
513692,2,115,2,38.99,0.0
513693,1,117,1,188.99,0.2
513693,2,115,1,38.99,0.2
513694,1,138,1,98.99,0.1
513695,1,116,1,129.99,0.1
513696,1,114,3,138.99,0.0
513696,2,118,1,88.99,0.0
513697,1,130,1,18.99,0.0
513698,1,135,1,148.99,0.0
513698,2,131,2,24.99,0.0
513699,1,110,3,93.99,0.0
513700,1,110,2,98.99,0.0
513701,1,135,1,148.99,0.0
513702,1,107,2,198.99,0.0
513703,1,120,1,203.99,0.0
513703,2,130,1,14.99,0.0
513703,3,126,2,63.99,0.0
513704,1,137,1,34.99,0.0
513704,2,135,3,148.99,0.0
513705,1,110,3,80.99,0.1
513705,2,114,1,112.99,0.1
513706,1,117,1,188.99,0.0
513706,2,109,2,68.99,0.0
513706,3,104,2,528.99,0.0
513706,4,111,3,48.99,0.0
513706,5,122,3,78.99,0.0
513707,1,124,2,55.99,0.0
513707,2,121,2,216.99,0.0
513708,1,124,1,58.99,0.0
513709,1,113,1,208.99,0.0
513709,2,103,3,348.99,0.0
513709,3,138,1,98.99,0.0
513709,4,121,1,228.99,0.0
513710,1,109,2,68.99,0.1
513710,2,117,1,188.99,0.1
513710,3,120,3,248.99,0.1
513711,1,111,1,48.99,0.2
513711,2,115,3,38.99,0.2
513712,1,119,1,74.99,0.0
513713,1,122,1,63.99,0.1
513714,1,101,1,288.99,0.0
513714,2,118,1,88.99,0.0
513714,3,106,3,88.99,0.0
513714,4,108,1,278.99,0.0
513714,5,117,1,188.99,0.0
513715,1,138,2,93.99,0.1
513715,2,133,3,112.99,0.1
513715,3,115,3,36.99,0.1
513715,4,131,1,22.99,0.1
513716,1,108,1,264.99,0.0
513717,1,112,2,169.99,0.1
513717,2,107,1,188.99,0.1
513718,1,124,1,58.99,0.2
513718,2,119,1,78.99,0.2
513719,1,107,2,188.99,0.0
513720,1,115,1,30.99,0.0
513721,1,120,1,248.99,0.1
513721,2,128,1,28.99,0.1
513722,1,118,1,88.99,0.2
513723,1,134,1,194.99,0.0
513724,1,106,1,88.99,0.2
513725,1,123,1,68.99,0.1
513725,2,124,3,47.99,0.1
513726,1,122,3,63.99,0.0
513727,1,138,2,93.99,0.0
513728,1,132,1,39.99,0.2
513729,1,137,1,34.99,0.0
513729,2,113,1,208.99,0.0
513729,3,110,1,98.99,0.0
513730,1,110,1,80.99,0.0
513730,2,103,1,285.99,0.0
513730,3,121,1,186.99,0.0
513730,4,130,1,14.99,0.0
513731,1,121,1,228.99,0.2
513731,2,123,1,84.99,0.2
513731,3,128,2,28.99,0.2
513731,4,116,2,158.99,0.2
513732,1,129,3,44.99,0.0
513732,2,103,1,348.99,0.0
513733,1,101,2,288.99,0.0
513734,1,113,3,170.99,0.0
513735,1,119,2,63.99,0.0
513736,1,120,2,248.99,0.2
513737,1,126,1,74.99,0.0
513737,2,113,1,197.99,0.0
513738,1,113,3,208.99,0.0
513739,1,108,2,264.99,0.1
513739,2,120,2,235.99,0.1
513740,1,110,3,93.99,0.1
513741,1,115,1,38.99,0.0
513741,2,123,1,84.99,0.0
513742,1,120,1,248.99,0.0
513742,2,118,3,88.99,0.0
513743,1,118,1,88.99,0.0
513743,2,136,2,28.99,0.0
513744,1,123,1,84.99,0.0
513744,2,124,2,58.99,0.0
513745,1,116,1,158.99,0.1
513745,2,103,2,348.99,0.1
513746,1,127,1,58.99,0.1
513746,2,103,1,348.99,0.1
513746,3,107,2,198.99,0.1
513746,4,117,1,188.99,0.1
513747,1,134,1,238.99,0.0
513747,2,105,1,118.99,0.0
513748,1,129,2,41.99,0.0
513749,1,133,1,96.99,0.0
513750,1,119,1,78.99,0.0
513751,1,116,2,129.99,0.0
513751,2,110,3,80.99,0.0
513752,1,124,1,55.99,0.2
513752,2,117,1,178.99,0.2
513752,3,130,3,17.99,0.2
513752,4,138,3,93.99,0.2
513753,1,109,1,68.99,0.0
513753,2,120,2,248.99,0.0
513754,1,119,1,78.99,0.0
513755,1,125,2,25.99,0.0
513755,2,127,3,47.99,0.0
513756,1,120,1,248.99,0.2
513757,1,131,2,19.99,0.1
513757,2,108,2,227.99,0.1
513758,1,116,2,158.99,0.0
513758,2,121,2,228.99,0.0
513759,1,127,1,47.99,0.1
513760,1,116,1,158.99,0.0
513761,1,112,3,178.99,0.0
513762,1,119,1,63.99,0.0
513763,1,129,1,35.99,0.0
513764,1,120,3,248.99,0.0
513764,2,117,3,188.99,0.0
513764,3,109,1,68.99,0.0
513765,1,113,1,208.99,0.2
513766,1,124,2,58.99,0.0
513767,1,122,2,78.99,0.0
513768,1,133,1,96.99,0.2
513768,2,119,1,63.99,0.2
513768,3,115,1,30.99,0.2
513769,1,118,1,71.99,0.2
513769,2,123,2,68.99,0.2
513769,3,106,2,71.99,0.2
513770,1,123,1,68.99,0.0
513771,1,107,1,198.99,0.2
513772,1,129,3,44.99,0.0
513773,1,107,1,188.99,0.0
513773,2,118,1,83.99,0.0
513774,1,120,1,248.99,0.2
513775,1,133,3,118.99,0.0
513776,1,105,1,118.99,0.0
513777,1,118,1,71.99,0.0
513778,1,125,2,31.99,0.0
513778,2,120,1,248.99,0.0
513779,1,124,1,58.99,0.0
513780,1,115,1,38.99,0.2
513781,1,118,1,83.99,0.1
513782,1,122,1,78.99,0.1
513783,1,132,1,48.99,0.0
513783,2,121,3,228.99,0.0
513783,3,127,2,58.99,0.0
513783,4,122,1,78.99,0.0
513784,1,119,1,63.99,0.0
513785,1,116,1,158.99,0.1
513786,1,119,1,74.99,0.0
513787,1,126,2,78.99,0.0
513788,1,125,1,31.99,0.0
513789,1,116,2,129.99,0.0
513790,1,130,1,18.99,0.0
513791,1,115,1,36.99,0.1
513791,2,134,1,226.99,0.1
513792,1,107,1,198.99,0.0
513793,1,115,1,38.99,0.0
513794,1,120,1,248.99,0.0
513795,1,132,3,48.99,0.3
513795,2,101,1,288.99,0.3
513796,1,122,1,78.99,0.0
513796,2,118,1,88.99,0.0
513797,1,131,2,24.99,0.0
513797,2,103,1,348.99,0.0
513797,3,116,1,158.99,0.0
513797,4,135,1,148.99,0.0
513798,1,103,3,348.99,0.0
513799,1,132,1,39.99,0.0
513799,2,116,2,129.99,0.0
513800,1,111,2,39.99,0.0
513800,2,107,1,162.99,0.0
513801,1,126,1,74.99,0.0
513802,1,122,1,63.99,0.0
513803,1,116,2,150.99,0.0
513804,1,112,1,178.99,0.0
513805,1,120,1,235.99,0.0
513805,2,125,2,29.99,0.0
513806,1,121,1,228.99,0.2
513806,2,131,1,24.99,0.2
513807,1,135,1,148.99,0.0
513808,1,121,2,228.99,0.0
513809,1,109,1,68.99,0.0
513809,2,116,1,158.99,0.0
513810,1,131,1,24.99,0.3
513810,2,135,1,148.99,0.3
513811,1,135,1,148.99,0.0
513811,2,134,1,238.99,0.0
513811,3,116,2,158.99,0.0
513811,4,110,1,98.99,0.0
513812,1,122,2,74.99,0.0
513813,1,136,1,26.99,0.0
513813,2,128,1,26.99,0.0
513813,3,123,2,79.99,0.0
513814,1,109,1,68.99,0.0
513815,1,113,1,197.99,0.1
513816,1,124,1,47.99,0.2
513817,1,109,1,64.99,0.0
513818,1,113,1,197.99,0.0
513819,1,109,2,64.99,0.0
513819,2,128,2,26.99,0.0
513820,1,115,1,38.99,0.0
513820,2,110,2,98.99,0.0
513821,1,126,2,74.99,0.0
513822,1,126,1,74.99,0.0
513822,2,123,1,79.99,0.0
513822,3,113,1,197.99,0.0
513822,4,120,2,235.99,0.0
513822,5,115,3,36.99,0.0
513823,1,124,1,55.99,0.0
513824,1,126,2,78.99,0.0
513825,1,109,2,68.99,0.0
513826,1,121,3,216.99,0.1
513826,2,106,1,83.99,0.1
513827,1,122,3,74.99,0.0
513828,1,104,1,501.99,0.2
513829,1,116,3,150.99,0.0
513830,1,125,1,31.99,0.2
513830,2,128,2,28.99,0.2
513831,1,115,1,36.99,0.0
513832,1,115,2,30.99,0.0
513832,2,119,2,63.99,0.0
513833,1,114,1,138.99,0.0
513834,1,138,1,93.99,0.1
513835,1,110,3,80.99,0.0
513835,2,105,2,96.99,0.0
513835,3,109,2,55.99,0.0
513836,1,129,3,44.99,0.0
513837,1,121,1,228.99,0.0
513838,1,104,1,501.99,0.0
513839,1,120,2,235.99,0.0
513840,1,128,1,26.99,0.2
513840,2,116,1,150.99,0.2
513841,1,108,2,264.99,0.0
513841,2,111,1,45.99,0.0
513842,1,121,2,216.99,0.0
513842,2,124,2,55.99,0.0
513842,3,133,1,112.99,0.0
513842,4,111,3,45.99,0.0
513843,1,112,1,178.99,0.0
513844,1,119,1,74.99,0.0
513845,1,123,1,84.99,0.1
513845,2,108,1,278.99,0.1
513846,1,127,2,58.99,0.1
513846,2,122,1,78.99,0.1
513846,3,126,1,78.99,0.1
513847,1,132,3,48.99,0.0
513848,1,117,2,153.99,0.1
513848,2,125,1,25.99,0.1
513849,1,101,1,288.99,0.0
513849,2,121,1,228.99,0.0
513849,3,126,3,78.99,0.0
513850,1,117,1,188.99,0.0
513850,2,114,1,138.99,0.0
513851,1,127,2,58.99,0.2
513851,2,118,1,88.99,0.2
513852,1,134,3,194.99,0.0
513853,1,123,3,84.99,0.0
513853,2,127,2,58.99,0.0
513854,1,109,2,68.99,0.2
513855,1,126,3,78.99,0.0
513855,2,124,1,58.99,0.0
513855,3,121,1,228.99,0.0
513856,1,123,3,68.99,0.0
513857,1,124,1,58.99,0.0
513857,2,106,2,88.99,0.0
513858,1,111,2,48.99,0.0
513858,2,107,1,198.99,0.0
513859,1,119,3,78.99,0.0
513860,1,112,3,169.99,0.0
513860,2,113,1,197.99,0.0
513860,3,123,1,79.99,0.0
513861,1,136,1,22.99,0.0
513861,2,119,1,63.99,0.0
513861,3,122,1,63.99,0.0
513862,1,121,1,228.99,0.1
513863,1,125,3,29.99,0.0
513864,1,131,1,24.99,0.0
513865,1,120,2,235.99,0.0
513865,2,132,1,45.99,0.0
513865,3,114,1,131.99,0.0
513865,4,136,1,26.99,0.0
513866,1,119,3,78.99,0.0
513866,2,138,1,98.99,0.0
513866,3,129,2,44.99,0.0
513867,1,119,1,78.99,0.0
513867,2,122,3,78.99,0.0
513867,3,134,2,238.99,0.0
513868,1,108,1,227.99,0.0
513869,1,135,1,140.99,0.0
513869,2,136,2,26.99,0.0
513869,3,121,1,216.99,0.0
513870,1,110,2,98.99,0.0
513871,1,125,3,31.99,0.0
513872,1,123,3,84.99,0.0
513873,1,107,2,198.99,0.0
513874,1,106,2,88.99,0.0
513875,1,117,1,188.99,0.2
513876,1,102,1,342.99,0.0
513877,1,116,2,158.99,0.0
513878,1,109,1,55.99,0.0
513878,2,137,2,27.99,0.0
513879,1,105,1,118.99,0.2
513879,2,137,1,34.99,0.2
513879,3,125,1,31.99,0.2
513880,1,123,1,79.99,0.0
513880,2,105,2,112.99,0.0
513881,1,124,2,58.99,0.0
513882,1,113,2,170.99,0.0
513883,1,120,2,248.99,0.2
513884,1,107,1,198.99,0.0
513885,1,105,2,118.99,0.0
513885,2,136,1,28.99,0.0
513886,1,120,3,248.99,0.0
513886,2,130,2,18.99,0.0
513887,1,127,3,58.99,0.0
513887,2,119,2,78.99,0.0
513888,1,117,2,188.99,0.1
513889,1,124,1,47.99,0.0
513890,1,122,1,78.99,0.1
513890,2,117,2,188.99,0.1
513891,1,123,2,68.99,0.2
513892,1,103,1,348.99,0.0
513892,2,102,1,418.99,0.0
513893,1,106,1,88.99,0.0
513893,2,131,1,24.99,0.0
513893,3,110,3,98.99,0.0
513893,4,116,1,158.99,0.0
513894,1,101,2,288.99,0.0
513894,2,121,3,228.99,0.0
513894,3,112,2,178.99,0.0
513894,4,104,2,528.99,0.0
513895,1,112,1,178.99,0.0
513895,2,106,2,88.99,0.0
513895,3,130,3,18.99,0.0
513896,1,113,2,208.99,0.0
513896,2,127,2,58.99,0.0
513896,3,124,2,58.99,0.0
513896,4,118,1,88.99,0.0
513897,1,115,1,30.99,0.0
513897,2,116,1,129.99,0.0
513897,3,110,2,80.99,0.0
513898,1,114,1,138.99,0.1
513899,1,134,1,226.99,0.2
513899,2,105,1,112.99,0.2
513899,3,125,2,29.99,0.2
513899,4,120,1,235.99,0.2
513899,5,119,1,74.99,0.2
513900,1,130,3,18.99,0.0
513901,1,101,3,235.99,0.0
513901,2,122,3,63.99,0.0
513902,1,116,1,150.99,0.0
513902,2,108,2,264.99,0.0
513903,1,106,1,88.99,0.0
513903,2,109,1,68.99,0.0
513903,3,116,1,158.99,0.0
513904,1,121,3,228.99,0.0
513905,1,116,2,150.99,0.0
513905,2,123,1,79.99,0.0
513905,3,110,2,93.99,0.0
513906,1,128,3,26.99,0.1
513906,2,113,3,197.99,0.1
513906,3,110,1,93.99,0.1
513907,1,125,2,25.99,0.0
513908,1,112,3,178.99,0.1
513909,1,136,1,28.99,0.0
513909,2,107,1,198.99,0.0
513909,3,108,1,278.99,0.0
513909,4,122,1,78.99,0.0
513910,1,102,1,397.99,0.0
513910,2,133,2,112.99,0.0
513911,1,124,1,55.99,0.0
513911,2,125,2,29.99,0.0
513912,1,107,2,198.99,0.0
513912,2,123,2,84.99,0.0
513913,1,103,1,348.99,0.2
513914,1,106,1,71.99,0.1
513914,2,119,1,63.99,0.1
513914,3,125,2,25.99,0.1
513915,1,120,1,248.99,0.0
513915,2,122,1,78.99,0.0
513916,1,118,2,88.99,0.2
513917,1,122,2,78.99,0.0
513917,2,112,1,178.99,0.0
513918,1,106,1,88.99,0.0
513918,2,135,1,148.99,0.0
513919,1,137,1,34.99,0.0
513919,2,113,1,208.99,0.0
513920,1,116,2,158.99,0.0
513920,2,118,1,88.99,0.0
513921,1,109,3,64.99,0.2
513921,2,115,3,36.99,0.2
513921,3,123,1,79.99,0.2
513922,1,113,1,208.99,0.0
513922,2,137,1,34.99,0.0
513923,1,129,2,44.99,0.0
513923,2,130,2,18.99,0.0
513923,3,107,3,198.99,0.0
513923,4,113,1,208.99,0.0
513923,5,120,2,248.99,0.0
513924,1,108,1,278.99,0.0
513925,1,137,1,32.99,0.0
513926,1,137,2,34.99,0.2
513926,2,114,3,138.99,0.2
513927,1,122,2,78.99,0.2
513927,2,106,2,88.99,0.2
513927,3,109,2,68.99,0.2
513927,4,134,1,238.99,0.2
513927,5,119,1,78.99,0.2
513928,1,121,1,186.99,0.0
513928,2,106,2,71.99,0.0
513929,1,102,2,418.99,0.0
513930,1,138,1,98.99,0.1
513931,1,103,1,348.99,0.0
513932,1,106,1,71.99,0.0
513932,2,112,1,145.99,0.0
513932,3,119,2,63.99,0.0
513933,1,123,2,79.99,0.0
513933,2,111,1,45.99,0.0
513933,3,101,1,273.99,0.0
513934,1,105,1,118.99,0.2
513935,1,130,2,17.99,0.0
513936,1,112,1,178.99,0.1
513936,2,125,2,31.99,0.1
513937,1,106,3,83.99,0.0
513937,2,110,1,93.99,0.0
513938,1,122,1,74.99,0.0
513938,2,118,1,83.99,0.0
513938,3,120,1,235.99,0.0
513938,4,108,1,264.99,0.0
513939,1,123,1,84.99,0.0
513939,2,110,1,98.99,0.0
513940,1,121,2,216.99,0.0
513940,2,118,1,83.99,0.0
513940,3,112,3,169.99,0.0
513940,4,130,3,17.99,0.0
513940,5,104,3,501.99,0.0
513941,1,124,1,58.99,0.0
513941,2,108,2,278.99,0.0
513942,1,121,2,186.99,0.0
513942,2,135,1,121.99,0.0
513942,3,117,2,153.99,0.0
513942,4,126,3,63.99,0.0
513942,5,123,1,68.99,0.0
513943,1,120,1,235.99,0.1
513943,2,136,1,26.99,0.1
513944,1,126,1,63.99,0.0
513944,2,104,3,432.99,0.0
513945,1,101,1,235.99,0.0
513945,2,111,2,39.99,0.0
513946,1,129,2,44.99,0.0
513947,1,114,3,112.99,0.0
513948,1,118,1,83.99,0.0
513948,2,131,1,22.99,0.0
513949,1,113,2,208.99,0.2
513949,2,127,3,58.99,0.2
513950,1,132,1,39.99,0.3
513950,2,107,1,162.99,0.3
513950,3,130,2,14.99,0.3
513951,1,125,1,31.99,0.2
513951,2,124,2,58.99,0.2
513951,3,113,2,208.99,0.2
513952,1,110,1,93.99,0.0
513953,1,105,2,118.99,0.0
513953,2,110,1,98.99,0.0
513953,3,129,2,44.99,0.0
513954,1,106,2,88.99,0.0
513955,1,137,1,27.99,0.0
513956,1,113,1,197.99,0.0
513956,2,133,1,112.99,0.0
513956,3,121,1,216.99,0.0
513956,4,111,3,45.99,0.0
513957,1,126,2,63.99,0.0
513958,1,133,3,118.99,0.1
513959,1,131,1,22.99,0.2
513960,1,132,1,45.99,0.0
513960,2,123,3,79.99,0.0
513960,3,121,3,216.99,0.0
513961,1,114,1,112.99,0.0
513962,1,124,1,55.99,0.1
513963,1,124,2,58.99,0.0
513964,1,137,1,27.99,0.2
513965,1,112,2,178.99,0.0
513965,2,124,1,58.99,0.0
513966,1,122,1,78.99,0.0
513967,1,118,2,88.99,0.0
513967,2,103,3,348.99,0.0
513968,1,113,1,208.99,0.0
513968,2,106,1,88.99,0.0
513969,1,123,3,84.99,0.3
513970,1,120,3,248.99,0.0
513970,2,133,3,118.99,0.0
513971,1,123,1,84.99,0.0
513972,1,127,1,55.99,0.1
513972,2,110,1,93.99,0.1
513973,1,120,1,248.99,0.0
513973,2,125,1,31.99,0.0
513974,1,121,1,216.99,0.0
513974,2,129,1,41.99,0.0
513974,3,131,1,22.99,0.0
513974,4,137,1,32.99,0.0
513974,5,108,2,264.99,0.0
513975,1,107,1,188.99,0.0
513976,1,134,2,226.99,0.1
513976,2,128,1,26.99,0.1
513976,3,125,2,29.99,0.1
513977,1,128,2,28.99,0.0
513977,2,124,1,58.99,0.0
513978,1,110,1,80.99,0.0
513978,2,102,2,342.99,0.0
513979,1,120,2,248.99,0.0
513980,1,130,1,17.99,0.2
513981,1,134,2,238.99,0.2
513981,2,111,1,48.99,0.2
513982,1,108,1,278.99,0.0
513982,2,130,1,18.99,0.0
513983,1,122,1,78.99,0.0
513984,1,125,1,31.99,0.0
513984,2,120,1,248.99,0.0
513985,1,116,1,158.99,0.0
513986,1,119,1,63.99,0.0
513987,1,107,2,198.99,0.1
513988,1,111,3,48.99,0.2
513989,1,108,1,278.99,0.0
513990,1,124,1,55.99,0.0
513991,1,133,1,118.99,0.0
513992,1,115,3,36.99,0.0
513992,2,131,2,22.99,0.0
513992,3,135,1,140.99,0.0
513993,1,107,1,162.99,0.0
513994,1,118,3,88.99,0.0
513995,1,112,3,178.99,0.0
513996,1,118,3,88.99,0.0
513997,1,124,1,55.99,0.2
513998,1,133,1,112.99,0.2
513998,2,127,3,55.99,0.2
513999,1,132,1,48.99,0.0
514000,1,130,2,17.99,0.1
514001,1,117,3,188.99,0.0
514002,1,116,1,150.99,0.0
514002,2,109,3,64.99,0.0
514003,1,122,2,78.99,0.0
514003,2,114,1,138.99,0.0
514003,3,116,2,158.99,0.0
514003,4,123,1,84.99,0.0
514004,1,107,1,188.99,0.0
514005,1,119,3,78.99,0.1
514005,2,118,2,88.99,0.1
514006,1,114,1,112.99,0.0
514006,2,106,2,71.99,0.0
514006,3,133,1,96.99,0.0
514007,1,120,2,248.99,0.0
514007,2,112,1,178.99,0.0
514008,1,104,1,501.99,0.1
514008,2,136,3,26.99,0.1
514009,1,124,1,58.99,0.1
514010,1,132,2,48.99,0.1
514010,2,119,2,78.99,0.1
514011,1,107,2,198.99,0.0
514012,1,113,3,197.99,0.0
514012,2,109,1,64.99,0.0
514012,3,118,1,83.99,0.0
514013,1,119,1,74.99,0.0
514013,2,117,1,178.99,0.0
514013,3,111,3,45.99,0.0
514014,1,131,1,24.99,0.0
514014,2,122,3,78.99,0.0
514015,1,119,1,78.99,0.0
514015,2,117,1,188.99,0.0
514015,3,129,1,44.99,0.0
514016,1,110,1,93.99,0.0
514016,2,123,1,79.99,0.0
514017,1,102,1,418.99,0.2
514017,2,122,2,78.99,0.2
514017,3,123,1,84.99,0.2
514018,1,127,3,47.99,0.0
514018,2,126,1,63.99,0.0
514018,3,118,1,71.99,0.0
514019,1,126,2,78.99,0.0
514019,2,123,1,84.99,0.0
514019,3,113,1,208.99,0.0
514019,4,102,1,418.99,0.0
514019,5,110,2,98.99,0.0
514020,1,123,1,79.99,0.0
514021,1,128,1,28.99,0.1
514022,1,119,2,74.99,0.0
514023,1,132,2,45.99,0.0
514024,1,119,1,78.99,0.0
514024,2,118,2,88.99,0.0
514025,1,118,1,88.99,0.0
514025,2,115,1,38.99,0.0
514026,1,126,2,78.99,0.0
514027,1,117,1,188.99,0.0
514028,1,124,2,55.99,0.0
514029,1,125,1,31.99,0.1
514030,1,128,1,26.99,0.0
514031,1,136,1,26.99,0.2
514032,1,122,1,63.99,0.0
514033,1,104,1,528.99,0.0
514034,1,119,1,74.99,0.0
514034,2,126,1,74.99,0.0
514034,3,137,1,32.99,0.0
514034,4,138,2,93.99,0.0
514035,1,117,1,188.99,0.0
514036,1,106,2,71.99,0.2
514036,2,121,1,186.99,0.2
514037,1,125,1,31.99,0.0
514037,2,134,2,238.99,0.0
514038,1,103,1,330.99,0.0
514039,1,122,1,74.99,0.2
514039,2,113,3,197.99,0.2
514039,3,114,2,131.99,0.2
514040,1,112,3,178.99,0.2
514041,1,138,1,80.99,0.0
514041,2,121,2,186.99,0.0
514042,1,124,2,58.99,0.0
514043,1,114,1,138.99,0.1
514044,1,103,1,330.99,0.0
514045,1,108,1,227.99,0.0
514046,1,112,1,178.99,0.0
514047,1,112,2,178.99,0.0
514048,1,127,2,55.99,0.2
514049,1,127,1,47.99,0.0
514049,2,123,1,68.99,0.0
514050,1,126,1,74.99,0.0
514050,2,108,1,264.99,0.0
514051,1,119,2,74.99,0.0
514051,2,128,1,26.99,0.0
514052,1,119,1,74.99,0.0
514052,2,124,1,55.99,0.0
514053,1,118,3,83.99,0.0
514054,1,113,3,208.99,0.0
514054,2,121,2,228.99,0.0
514055,1,112,1,178.99,0.0
514056,1,125,1,29.99,0.0
514057,1,105,3,118.99,0.3
514058,1,109,1,55.99,0.0
514058,2,138,1,80.99,0.0
514059,1,101,1,273.99,0.0
514060,1,124,3,58.99,0.0
514060,2,118,1,88.99,0.0
514061,1,135,3,140.99,0.0
514061,2,113,1,197.99,0.0
514061,3,120,1,235.99,0.0
514062,1,138,1,98.99,0.0
514063,1,133,1,118.99,0.0
514064,1,112,3,169.99,0.0
514065,1,120,1,235.99,0.0
514066,1,108,2,227.99,0.0
514066,2,111,1,39.99,0.0
514067,1,110,1,93.99,0.0
514067,2,107,2,188.99,0.0
514068,1,109,1,68.99,0.0
514068,2,114,3,138.99,0.0
514069,1,125,1,31.99,0.1
514069,2,116,2,158.99,0.1
514069,3,113,1,208.99,0.1
514070,1,108,1,264.99,0.0
514071,1,121,1,228.99,0.3
514072,1,134,1,194.99,0.0
514072,2,131,3,19.99,0.0
514072,3,117,2,153.99,0.0
514072,4,122,1,63.99,0.0
514073,1,120,2,248.99,0.3
514074,1,106,1,83.99,0.0
514075,1,111,2,45.99,0.2
514076,1,115,1,38.99,0.3
514077,1,122,3,74.99,0.0
514078,1,128,3,28.99,0.0
514079,1,106,2,83.99,0.0
514079,2,130,3,17.99,0.0
514080,1,122,1,63.99,0.0
514081,1,130,2,17.99,0.0
514082,1,107,1,188.99,0.0
514082,2,113,1,197.99,0.0
514083,1,115,1,36.99,0.0
514084,1,131,3,24.99,0.1
514085,1,138,3,80.99,0.0
514085,2,102,1,342.99,0.0
514086,1,131,1,24.99,0.1
514086,2,121,1,228.99,0.1
514087,1,123,1,84.99,0.1
514087,2,119,1,78.99,0.1
514088,1,121,1,228.99,0.0
514088,2,110,1,98.99,0.0
514089,1,106,1,71.99,0.2
514089,2,121,1,186.99,0.2
514090,1,137,1,32.99,0.0
514091,1,107,1,198.99,0.0
514092,1,102,3,418.99,0.0
514092,2,110,2,98.99,0.0
514092,3,112,2,178.99,0.0
514093,1,115,2,38.99,0.0
514094,1,112,1,178.99,0.0
514095,1,122,1,63.99,0.2
514096,1,112,3,169.99,0.0
514097,1,107,1,198.99,0.0
514098,1,118,1,88.99,0.0
514099,1,112,2,145.99,0.0
514100,1,118,2,71.99,0.0
514101,1,111,2,48.99,0.0
514102,1,124,1,58.99,0.1
514102,2,109,1,68.99,0.1
514102,3,116,3,158.99,0.1
514103,1,114,2,138.99,0.1
514104,1,125,1,25.99,0.0
514104,2,112,1,145.99,0.0
514104,3,101,1,235.99,0.0
514104,4,126,1,63.99,0.0
514105,1,112,1,145.99,0.0
514105,2,136,2,22.99,0.0
514106,1,131,1,22.99,0.0
514107,1,130,2,18.99,0.0
514107,2,107,1,198.99,0.0
514107,3,134,1,238.99,0.0
514108,1,103,2,285.99,0.0
514108,2,134,1,194.99,0.0
514109,1,136,1,28.99,0.0
514110,1,117,1,178.99,0.0
514111,1,103,2,285.99,0.0
514111,2,118,2,71.99,0.0
514111,3,107,1,162.99,0.0
514111,4,132,3,39.99,0.0
514112,1,117,1,153.99,0.0
514112,2,110,1,80.99,0.0
514113,1,117,1,188.99,0.2
514114,1,104,3,528.99,0.0
514114,2,110,1,98.99,0.0
514114,3,109,1,68.99,0.0
514115,1,124,1,58.99,0.0
514115,2,121,1,228.99,0.0
514116,1,115,2,36.99,0.0
514117,1,111,1,48.99,0.0
514118,1,138,3,98.99,0.1
514118,2,109,1,68.99,0.1
514119,1,104,1,501.99,0.0
514119,2,117,1,178.99,0.0
514119,3,120,3,235.99,0.0
514120,1,122,2,78.99,0.0
514120,2,127,1,58.99,0.0
514121,1,112,1,178.99,0.0
514121,2,137,1,34.99,0.0
514121,3,113,2,208.99,0.0
514122,1,102,3,397.99,0.0
514122,2,114,1,131.99,0.0
514123,1,121,2,216.99,0.0
514123,2,115,1,36.99,0.0
514124,1,114,1,131.99,0.0
514124,2,110,2,93.99,0.0
514124,3,119,1,74.99,0.0
514125,1,114,1,138.99,0.0
514126,1,128,1,28.99,0.2
514127,1,124,3,58.99,0.0
514128,1,128,1,28.99,0.0
514128,2,110,1,98.99,0.0
514129,1,123,1,79.99,0.0
514129,2,118,3,83.99,0.0
514130,1,125,1,29.99,0.0
514130,2,108,2,264.99,0.0
514130,3,117,3,178.99,0.0
514130,4,118,1,83.99,0.0
514131,1,134,1,226.99,0.0
514132,1,124,1,55.99,0.0
514133,1,114,2,138.99,0.0
514134,1,121,1,216.99,0.0
514135,1,122,2,74.99,0.0
514136,1,123,2,84.99,0.0
514136,2,118,1,88.99,0.0
514136,3,122,1,78.99,0.0
514136,4,131,3,24.99,0.0
514137,1,129,3,41.99,0.3
514138,1,117,1,153.99,0.0
514139,1,138,1,98.99,0.0
514140,1,112,3,169.99,0.0
514140,2,109,2,64.99,0.0
514141,1,111,1,48.99,0.0
514142,1,103,2,348.99,0.0
514142,2,104,3,528.99,0.0
514142,3,116,1,158.99,0.0
514142,4,138,1,98.99,0.0
514143,1,111,2,45.99,0.0
514143,2,107,1,188.99,0.0
514144,1,121,3,228.99,0.0
514145,1,114,1,138.99,0.0
514146,1,121,1,216.99,0.0
514147,1,108,1,278.99,0.1
514147,2,107,2,198.99,0.1
514148,1,124,1,58.99,0.0
514149,1,120,2,248.99,0.0
514150,1,104,1,528.99,0.3
514150,2,135,1,148.99,0.3
514151,1,120,3,235.99,0.3
514151,2,134,2,226.99,0.3
514152,1,120,1,248.99,0.0
514152,2,101,1,288.99,0.0
514153,1,120,1,203.99,0.0
514154,1,107,1,198.99,0.0
514155,1,109,2,68.99,0.0
514155,2,132,1,48.99,0.0
514156,1,125,1,31.99,0.1
514157,1,110,1,98.99,0.0
514157,2,125,2,31.99,0.0
514158,1,120,1,248.99,0.0
514158,2,122,1,78.99,0.0
514158,3,113,1,208.99,0.0
514159,1,107,1,162.99,0.0
514159,2,116,1,129.99,0.0
514160,1,111,3,39.99,0.0
514161,1,124,2,58.99,0.0
514162,1,104,1,528.99,0.1
514163,1,120,1,235.99,0.0
514164,1,122,1,74.99,0.0
514164,2,106,2,83.99,0.0
514164,3,114,1,131.99,0.0
514165,1,106,3,88.99,0.1
514166,1,109,1,68.99,0.2
514166,2,105,3,118.99,0.2
514166,3,127,1,58.99,0.2
514167,1,113,1,208.99,0.0
514168,1,113,2,170.99,0.0
514168,2,122,3,63.99,0.0
514169,1,113,2,197.99,0.0
514169,2,118,1,83.99,0.0
514170,1,117,3,178.99,0.0
514170,2,120,1,235.99,0.0
514170,3,126,2,74.99,0.0
514170,4,125,3,29.99,0.0
514171,1,110,1,93.99,0.1
514172,1,125,1,31.99,0.1
514172,2,121,1,228.99,0.1
514173,1,114,1,112.99,0.3
514173,2,108,1,227.99,0.3
514173,3,115,1,30.99,0.3
514173,4,109,1,55.99,0.3
514174,1,120,1,235.99,0.0
514174,2,123,2,79.99,0.0
514175,1,112,3,178.99,0.0
514175,2,131,1,24.99,0.0
514175,3,122,1,78.99,0.0
514176,1,124,2,55.99,0.0
514176,2,101,2,273.99,0.0
514177,1,113,2,208.99,0.0
514178,1,119,1,63.99,0.2
514179,1,131,2,19.99,0.2
514180,1,123,1,79.99,0.0
514180,2,113,3,197.99,0.0
514180,3,125,1,29.99,0.0
514181,1,123,2,68.99,0.3
514181,2,124,1,47.99,0.3
514181,3,107,1,162.99,0.3
514181,4,104,1,432.99,0.3
514181,5,103,1,285.99,0.3
514182,1,103,1,348.99,0.0
514183,1,118,1,88.99,0.0
514183,2,124,2,58.99,0.0
514184,1,113,1,208.99,0.0
514184,2,114,1,138.99,0.0
514185,1,125,2,31.99,0.1
514185,2,120,1,248.99,0.1
514186,1,125,1,29.99,0.0
514186,2,113,1,197.99,0.0
514187,1,119,1,63.99,0.0
514187,2,114,1,112.99,0.0
514188,1,122,2,63.99,0.0
514189,1,124,1,58.99,0.2
514189,2,111,3,48.99,0.2
514190,1,118,1,88.99,0.0
514190,2,111,1,48.99,0.0
514191,1,126,1,78.99,0.2
514192,1,137,2,27.99,0.0
514193,1,122,2,74.99,0.1
514194,1,107,1,198.99,0.0
514194,2,138,1,98.99,0.0
514195,1,112,2,178.99,0.1
514196,1,106,1,88.99,0.0
514197,1,104,2,528.99,0.0
514198,1,119,2,63.99,0.0
514198,2,131,2,19.99,0.0
514198,3,110,1,80.99,0.0
514199,1,125,1,31.99,0.0
514199,2,114,1,138.99,0.0
514199,3,122,1,78.99,0.0
514199,4,138,2,98.99,0.0
514200,1,117,2,188.99,0.0
514200,2,104,3,528.99,0.0
514200,3,118,3,88.99,0.0
514200,4,107,3,198.99,0.0
514201,1,135,2,148.99,0.0
514201,2,114,3,138.99,0.0
514201,3,136,1,28.99,0.0
514202,1,135,1,148.99,0.1
514202,2,123,1,84.99,0.1
514202,3,118,1,88.99,0.1
514203,1,130,1,14.99,0.0
514204,1,111,1,48.99,0.0
514205,1,121,1,186.99,0.0
514206,1,105,1,118.99,0.0
514206,2,121,1,228.99,0.0
514207,1,125,2,29.99,0.0
514208,1,122,3,74.99,0.0
514209,1,125,2,25.99,0.0
514209,2,127,1,47.99,0.0
514209,3,109,2,55.99,0.0
514210,1,101,2,273.99,0.0
514211,1,120,2,248.99,0.1
514211,2,104,1,528.99,0.1
514211,3,103,1,348.99,0.1
514212,1,115,3,38.99,0.0
514212,2,125,1,31.99,0.0
514212,3,102,2,418.99,0.0
514212,4,114,1,138.99,0.0
514213,1,133,1,112.99,0.0
514214,1,121,1,228.99,0.0
514215,1,128,1,28.99,0.0
514216,1,105,2,118.99,0.0
514217,1,118,3,88.99,0.0
514218,1,118,2,88.99,0.1
514218,2,131,1,24.99,0.1
514218,3,132,1,48.99,0.1
514219,1,101,1,288.99,0.2
514219,2,132,1,48.99,0.2
514220,1,135,1,121.99,0.0
514221,1,114,1,131.99,0.0
514222,1,118,1,83.99,0.0
514223,1,121,2,228.99,0.0
514224,1,131,1,24.99,0.1
514224,2,115,3,38.99,0.1
514224,3,135,3,148.99,0.1
514224,4,118,1,88.99,0.1
514224,5,119,1,78.99,0.1
514225,1,134,3,226.99,0.0
514226,1,124,1,47.99,0.0
514227,1,118,1,88.99,0.0
514227,2,117,1,188.99,0.0
514228,1,119,2,78.99,0.0
514229,1,105,1,112.99,0.2
514230,1,120,1,235.99,0.0
514231,1,118,1,88.99,0.0
514231,2,137,3,34.99,0.0
514231,3,104,2,528.99,0.0
514231,4,119,3,78.99,0.0
514232,1,135,1,148.99,0.0
514233,1,107,1,198.99,0.2
514233,2,103,3,348.99,0.2
514234,1,122,2,78.99,0.0
514234,2,114,2,138.99,0.0
514235,1,136,1,26.99,0.1
514236,1,114,2,138.99,0.2
514236,2,115,1,38.99,0.2
514237,1,106,1,88.99,0.0
514238,1,113,1,208.99,0.0
514239,1,117,1,188.99,0.0
514239,2,123,2,84.99,0.0
514240,1,123,3,79.99,0.0
514240,2,119,3,74.99,0.0
514240,3,113,1,197.99,0.0
514240,4,116,2,150.99,0.0
514240,5,108,2,264.99,0.0
514241,1,116,1,158.99,0.0
514241,2,106,3,88.99,0.0
514242,1,109,1,55.99,0.0
514243,1,123,1,68.99,0.0
514243,2,134,1,194.99,0.0
514244,1,106,1,83.99,0.0
514244,2,137,2,32.99,0.0
514244,3,105,1,112.99,0.0
514245,1,126,1,78.99,0.0
514245,2,115,1,38.99,0.0
514246,1,114,3,138.99,0.0
514246,2,134,1,238.99,0.0
514247,1,121,1,216.99,0.0
514248,1,138,1,80.99,0.3
514248,2,113,2,170.99,0.3
514249,1,115,2,38.99,0.0
514249,2,136,1,28.99,0.0
514249,3,111,2,48.99,0.0
514249,4,106,2,88.99,0.0
514250,1,119,1,78.99,0.0
514250,2,109,3,68.99,0.0
514250,3,117,3,188.99,0.0
514251,1,123,3,68.99,0.0
514251,2,127,2,47.99,0.0
514252,1,115,1,38.99,0.0
514253,1,117,3,178.99,0.0
514254,1,122,2,74.99,0.0
514255,1,101,1,288.99,0.1
514256,1,106,2,88.99,0.0
514256,2,124,1,58.99,0.0
514256,3,105,2,118.99,0.0
514256,4,123,3,84.99,0.0
514257,1,135,1,148.99,0.0
514258,1,117,1,178.99,0.1
514259,1,120,3,248.99,0.2
514259,2,103,1,348.99,0.2
514260,1,124,1,58.99,0.0
514261,1,131,1,24.99,0.2
514262,1,119,3,74.99,0.0
514262,2,122,1,74.99,0.0
514263,1,112,2,178.99,0.0
514263,2,119,1,78.99,0.0
514263,3,113,1,208.99,0.0
514264,1,130,2,14.99,0.0
514264,2,116,2,129.99,0.0
514265,1,109,1,64.99,0.0
514266,1,122,1,74.99,0.2
514267,1,130,3,18.99,0.0
514268,1,123,1,68.99,0.0
514268,2,125,3,25.99,0.0
514268,3,122,3,63.99,0.0
514269,1,122,2,74.99,0.0
514270,1,114,1,138.99,0.0
514270,2,125,1,31.99,0.0
514270,3,104,2,528.99,0.0
514270,4,136,1,28.99,0.0
514271,1,134,2,238.99,0.0
514271,2,111,1,48.99,0.0
514271,3,109,3,68.99,0.0
514272,1,135,2,148.99,0.1
514272,2,127,2,58.99,0.1
514272,3,113,3,208.99,0.1
514272,4,124,1,58.99,0.1
514272,5,118,2,88.99,0.1
514273,1,138,1,98.99,0.0
514273,2,117,1,188.99,0.0
514274,1,104,1,528.99,0.0
514275,1,104,1,501.99,0.0
514275,2,118,1,83.99,0.0
514276,1,123,2,84.99,0.0
514277,1,114,1,138.99,0.0
514278,1,127,1,58.99,0.1
514279,1,138,1,80.99,0.0
514279,2,137,3,27.99,0.0
514280,1,120,1,235.99,0.3
514281,1,122,1,74.99,0.1
514282,1,114,1,138.99,0.1
514282,2,102,3,418.99,0.1
514282,3,108,1,278.99,0.1
514283,1,117,3,153.99,0.0
514283,2,113,2,170.99,0.0
514284,1,105,1,112.99,0.0
514285,1,126,1,78.99,0.0
514286,1,114,3,138.99,0.0
514287,1,114,2,131.99,0.0
514287,2,119,3,74.99,0.0
514288,1,101,1,288.99,0.0
514288,2,129,2,44.99,0.0
514288,3,122,1,78.99,0.0
514289,1,122,1,78.99,0.0
514289,2,136,1,28.99,0.0
514289,3,120,2,248.99,0.0
514289,4,127,1,58.99,0.0
514290,1,107,1,162.99,0.0
514291,1,120,1,248.99,0.0
514291,2,122,1,78.99,0.0
514291,3,131,1,24.99,0.0
514292,1,131,2,24.99,0.1
514293,1,110,2,93.99,0.0
514294,1,131,1,24.99,0.1
514295,1,106,1,88.99,0.0
514296,1,125,1,29.99,0.0
514296,2,113,1,197.99,0.0
514297,1,125,3,31.99,0.0
514297,2,128,1,28.99,0.0
514298,1,112,2,169.99,0.0
514299,1,122,2,74.99,0.0
514299,2,119,2,74.99,0.0
514300,1,122,1,78.99,0.2
514301,1,105,1,118.99,0.0
514301,2,102,3,418.99,0.0
514302,1,106,3,71.99,0.0
514303,1,137,1,34.99,0.0
514303,2,133,2,118.99,0.0
514303,3,118,3,88.99,0.0
514303,4,109,1,68.99,0.0
514304,1,138,2,80.99,0.0
514305,1,104,1,528.99,0.0
514306,1,105,1,118.99,0.1
514307,1,109,2,55.99,0.0
514308,1,135,1,121.99,0.0
514308,2,108,2,227.99,0.0
514309,1,135,2,121.99,0.0
514310,1,130,1,17.99,0.0
514310,2,125,1,29.99,0.0
514311,1,136,1,28.99,0.2
514311,2,134,1,238.99,0.2
514311,3,107,2,198.99,0.2
514311,4,121,2,228.99,0.2
514311,5,116,1,158.99,0.2
514312,1,125,1,31.99,0.0
514312,2,115,1,38.99,0.0
514312,3,133,1,118.99,0.0
514312,4,129,2,44.99,0.0
514313,1,101,3,273.99,0.0
514314,1,131,1,22.99,0.1
514314,2,121,2,216.99,0.1
514315,1,112,1,178.99,0.0
514315,2,128,1,28.99,0.0
514315,3,123,1,84.99,0.0
514315,4,119,2,78.99,0.0
514316,1,107,2,188.99,0.0
514316,2,135,1,140.99,0.0
514317,1,105,1,96.99,0.0
514318,1,131,1,22.99,0.1
514319,1,130,1,18.99,0.1
514319,2,124,1,58.99,0.1
514319,3,125,1,31.99,0.1
514320,1,120,1,248.99,0.0
514321,1,108,1,264.99,0.0
514322,1,111,1,45.99,0.1
514322,2,125,1,29.99,0.1
514322,3,121,1,216.99,0.1
514322,4,136,1,26.99,0.1
514323,1,120,1,248.99,0.0
514324,1,120,1,235.99,0.0
514324,2,122,1,74.99,0.0
514324,3,107,1,188.99,0.0
514325,1,111,1,45.99,0.1
514326,1,116,1,158.99,0.0
514326,2,125,1,31.99,0.0
514327,1,126,3,74.99,0.0
514328,1,104,2,501.99,0.0
514328,2,122,1,74.99,0.0
514328,3,121,2,216.99,0.0
514329,1,128,1,28.99,0.2
514329,2,107,3,198.99,0.2
514329,3,122,3,78.99,0.2
514329,4,116,3,158.99,0.2
514329,5,108,1,278.99,0.2
514330,1,106,1,83.99,0.0
514330,2,120,1,235.99,0.0
514331,1,115,2,38.99,0.0
514331,2,128,3,28.99,0.0
514331,3,125,3,31.99,0.0
514332,1,111,1,48.99,0.1
514333,1,131,1,24.99,0.0
514334,1,111,1,48.99,0.0
514334,2,124,1,58.99,0.0
514335,1,113,1,208.99,0.0
514336,1,111,2,48.99,0.0
514337,1,125,2,31.99,0.1
514338,1,114,1,138.99,0.1
514339,1,123,2,79.99,0.0
514340,1,108,1,278.99,0.3
514341,1,114,1,138.99,0.1
514342,1,127,1,58.99,0.0
514342,2,122,1,78.99,0.0
514342,3,135,1,148.99,0.0
514343,1,106,2,83.99,0.0
514344,1,131,3,22.99,0.0
514344,2,126,1,74.99,0.0
514345,1,131,2,24.99,0.0
514345,2,124,2,58.99,0.0
514345,3,126,1,78.99,0.0
514345,4,127,1,58.99,0.0
514346,1,134,2,238.99,0.0
514346,2,116,1,158.99,0.0
514347,1,123,1,84.99,0.1
514347,2,116,1,158.99,0.1
514347,3,112,1,178.99,0.1
514348,1,122,1,78.99,0.0
514349,1,101,3,273.99,0.1
514349,2,116,1,150.99,0.1
514349,3,115,1,36.99,0.1
514349,4,117,1,178.99,0.1
514350,1,115,2,38.99,0.2
514351,1,123,1,79.99,0.0
514351,2,122,1,74.99,0.0
514351,3,128,1,26.99,0.0
514351,4,134,1,226.99,0.0
514351,5,105,2,112.99,0.0
514352,1,126,2,74.99,0.1
514353,1,107,1,198.99,0.0
514354,1,105,1,118.99,0.0
514354,2,125,1,31.99,0.0
514354,3,109,1,68.99,0.0
514354,4,110,1,98.99,0.0
514355,1,101,2,273.99,0.0
514356,1,123,1,68.99,0.1
514356,2,125,3,25.99,0.1
514357,1,120,1,203.99,0.0
514357,2,121,2,186.99,0.0
514357,3,116,2,129.99,0.0
514358,1,130,2,18.99,0.0
514359,1,132,2,39.99,0.2
514359,2,122,1,63.99,0.2
514360,1,107,1,198.99,0.3
514361,1,116,1,129.99,0.0
514362,1,133,2,118.99,0.2
514362,2,111,2,48.99,0.2
514363,1,119,1,78.99,0.0
514364,1,125,1,31.99,0.0
514365,1,106,1,88.99,0.0
514366,1,103,2,348.99,0.0
514367,1,114,1,131.99,0.0
514367,2,138,1,93.99,0.0
514368,1,105,2,96.99,0.0
514369,1,135,2,148.99,0.0
514370,1,107,1,162.99,0.0
514371,1,110,2,93.99,0.0
514371,2,125,3,29.99,0.0
514371,3,119,3,74.99,0.0
514372,1,115,2,38.99,0.0
514372,2,138,1,98.99,0.0
514372,3,120,2,248.99,0.0
514373,1,129,1,44.99,0.1
514373,2,112,1,178.99,0.1
514374,1,131,2,22.99,0.0
514375,1,102,1,418.99,0.0
514376,1,124,1,55.99,0.0
514376,2,131,1,22.99,0.0
514376,3,119,1,74.99,0.0
514377,1,117,1,178.99,0.1
514377,2,133,3,112.99,0.1
514378,1,114,2,138.99,0.0
514378,2,115,3,38.99,0.0
514378,3,123,1,84.99,0.0
514379,1,103,1,285.99,0.2
514379,2,104,2,432.99,0.2
514379,3,107,2,162.99,0.2
514380,1,132,2,45.99,0.0
514381,1,135,1,140.99,0.0
514382,1,129,2,35.99,0.1
514382,2,127,2,47.99,0.1
514383,1,119,2,74.99,0.2
514384,1,122,1,78.99,0.2
514385,1,114,1,112.99,0.0
514385,2,118,1,71.99,0.0
514386,1,137,1,34.99,0.1
514387,1,120,3,248.99,0.2
514387,2,136,1,28.99,0.2
514388,1,125,1,31.99,0.0
514388,2,109,1,68.99,0.0
514389,1,111,2,48.99,0.0
514389,2,125,1,31.99,0.0
514389,3,107,1,198.99,0.0
514390,1,115,1,38.99,0.1
514391,1,127,3,55.99,0.3
514391,2,115,3,36.99,0.3
514392,1,122,2,63.99,0.0
514392,2,112,3,145.99,0.0
514393,1,103,1,348.99,0.1
514394,1,105,1,118.99,0.0
514395,1,123,1,79.99,0.0
514396,1,112,1,169.99,0.2
514396,2,121,2,216.99,0.2
514396,3,135,1,140.99,0.2
514396,4,138,1,93.99,0.2
514397,1,125,2,29.99,0.2
514398,1,119,1,78.99,0.0
514398,2,102,1,418.99,0.0
514398,3,117,3,188.99,0.0
514399,1,116,1,150.99,0.1
514400,1,104,1,501.99,0.0
514400,2,111,2,45.99,0.0
514400,3,120,3,235.99,0.0
514400,4,119,1,74.99,0.0
514401,1,101,1,273.99,0.0
514402,1,118,2,71.99,0.0
514403,1,122,3,74.99,0.0
514403,2,129,1,41.99,0.0
514404,1,122,2,78.99,0.0
514404,2,105,1,118.99,0.0
514405,1,120,1,248.99,0.2
514406,1,136,2,26.99,0.0
514407,1,106,2,88.99,0.0
514408,1,138,2,98.99,0.2
514409,1,124,1,58.99,0.0
514409,2,122,1,78.99,0.0
514410,1,119,2,74.99,0.1
514410,2,113,1,197.99,0.1
514411,1,132,1,45.99,0.0
514412,1,107,1,198.99,0.0
514413,1,106,2,71.99,0.0
514413,2,111,2,39.99,0.0
514413,3,122,2,63.99,0.0
514413,4,105,1,96.99,0.0
514414,1,114,1,131.99,0.1
514415,1,119,1,74.99,0.0
514415,2,132,1,45.99,0.0
514415,3,118,1,83.99,0.0
514415,4,124,1,55.99,0.0
514416,1,132,2,45.99,0.2
514416,2,106,1,83.99,0.2
514417,1,120,1,203.99,0.0
514418,1,114,1,138.99,0.0
514419,1,135,2,148.99,0.0
514420,1,111,1,39.99,0.1
514421,1,137,2,34.99,0.0
514422,1,108,1,264.99,0.1
514423,1,124,1,47.99,0.0
514424,1,112,1,169.99,0.0
514424,2,110,1,93.99,0.0
514424,3,108,1,264.99,0.0
514425,1,113,1,208.99,0.0
514426,1,117,2,153.99,0.0
514426,2,121,1,186.99,0.0
514427,1,121,1,228.99,0.1
514427,2,108,1,278.99,0.1
514428,1,103,1,348.99,0.2
514428,2,133,3,118.99,0.2
514428,3,138,2,98.99,0.2
514429,1,120,3,203.99,0.0
514429,2,134,3,194.99,0.0
514429,3,136,1,22.99,0.0
514430,1,115,2,30.99,0.0
514430,2,108,1,227.99,0.0
514430,3,124,1,47.99,0.0
514431,1,121,1,228.99,0.0
514431,2,118,1,88.99,0.0
514432,1,120,2,248.99,0.0
514433,1,128,1,26.99,0.0
514434,1,131,1,22.99,0.0
514434,2,134,2,226.99,0.0
514434,3,117,1,178.99,0.0
514434,4,105,3,112.99,0.0
514434,5,120,2,235.99,0.0
514435,1,132,2,48.99,0.0
514436,1,117,2,188.99,0.0
514436,2,124,1,58.99,0.0
514437,1,110,1,98.99,0.1
514438,1,115,1,36.99,0.0
514438,2,124,1,55.99,0.0
514438,3,132,3,45.99,0.0
514438,4,138,1,93.99,0.0
514439,1,137,1,32.99,0.0
514439,2,114,2,131.99,0.0
514439,3,109,1,64.99,0.0
514440,1,122,2,74.99,0.2
514440,2,115,2,36.99,0.2
514440,3,114,1,131.99,0.2
514440,4,113,1,197.99,0.2
514440,5,112,1,169.99,0.2
514441,1,123,2,84.99,0.0
514442,1,121,1,228.99,0.0
514443,1,125,2,25.99,0.0
514444,1,138,1,98.99,0.3
514444,2,113,2,208.99,0.3
514445,1,134,2,226.99,0.0
514445,2,124,2,55.99,0.0
514445,3,115,3,36.99,0.0
514446,1,123,1,79.99,0.0
514447,1,121,3,228.99,0.0
514447,2,101,1,288.99,0.0
514447,3,116,2,158.99,0.0
514447,4,137,1,34.99,0.0
514448,1,130,1,18.99,0.0
514449,1,116,3,158.99,0.0
514449,2,114,1,138.99,0.0
514450,1,115,1,36.99,0.0
514450,2,125,1,29.99,0.0
514451,1,122,1,78.99,0.0
514451,2,114,1,138.99,0.0
514451,3,125,3,31.99,0.0
514452,1,103,2,348.99,0.2
514452,2,133,1,118.99,0.2
514453,1,107,1,198.99,0.2
514453,2,114,2,138.99,0.2
514453,3,137,2,34.99,0.2
514454,1,134,2,238.99,0.0
514455,1,132,2,45.99,0.0
514456,1,118,2,83.99,0.1
514457,1,113,1,197.99,0.2
514458,1,101,2,235.99,0.0
514459,1,113,2,208.99,0.0
514460,1,120,1,235.99,0.0
514460,2,121,1,216.99,0.0
514461,1,133,3,118.99,0.0
514462,1,121,1,228.99,0.0
514463,1,137,1,34.99,0.0
514463,2,130,3,18.99,0.0
514463,3,135,1,148.99,0.0
514464,1,106,1,71.99,0.1
514465,1,138,1,98.99,0.0
514466,1,113,2,208.99,0.0
514467,1,112,2,169.99,0.0
514468,1,114,3,131.99,0.0
514468,2,124,2,55.99,0.0
514469,1,136,2,26.99,0.0
514469,2,122,1,74.99,0.0
514469,3,108,1,264.99,0.0
514470,1,123,1,84.99,0.0
514470,2,122,2,78.99,0.0
514470,3,106,1,88.99,0.0
514471,1,127,1,55.99,0.0
514471,2,114,1,131.99,0.0
514471,3,112,1,169.99,0.0
514471,4,115,1,36.99,0.0
514472,1,113,2,208.99,0.0
514473,1,105,3,112.99,0.0
514473,2,113,2,197.99,0.0
514474,1,123,1,84.99,0.1
514475,1,117,2,153.99,0.0
514476,1,114,3,138.99,0.0
514477,1,136,2,26.99,0.0
514478,1,138,1,80.99,0.0
514478,2,101,1,235.99,0.0
514479,1,129,1,44.99,0.0
514479,2,115,2,38.99,0.0
514480,1,114,2,138.99,0.2
514481,1,120,1,248.99,0.0
514481,2,106,1,88.99,0.0
514481,3,105,3,118.99,0.0
514482,1,122,1,74.99,0.0
514483,1,123,2,79.99,0.1
514483,2,107,2,188.99,0.1
514484,1,101,1,273.99,0.0
514485,1,102,2,418.99,0.0
514485,2,123,1,84.99,0.0
514486,1,119,2,78.99,0.2
514486,2,136,1,28.99,0.2
514487,1,136,1,22.99,0.2
514488,1,125,1,31.99,0.0
514488,2,104,3,528.99,0.0
514488,3,123,1,84.99,0.0
514489,1,103,3,330.99,0.0
514490,1,119,3,74.99,0.0
514490,2,121,1,216.99,0.0
514491,1,110,3,98.99,0.1
514492,1,128,1,28.99,0.0
514492,2,113,1,208.99,0.0
514492,3,104,2,528.99,0.0
514492,4,112,2,178.99,0.0
514492,5,115,1,38.99,0.0
514493,1,113,2,170.99,0.1
514493,2,114,1,112.99,0.1
514494,1,106,1,83.99,0.1
514494,2,122,1,74.99,0.1
514494,3,131,1,22.99,0.1
514495,1,123,1,84.99,0.0
514495,2,128,1,28.99,0.0
514496,1,125,3,25.99,0.0
514496,2,128,1,22.99,0.0
514497,1,133,1,118.99,0.0
514498,1,127,2,47.99,0.0
514499,1,131,2,24.99,0.0
514499,2,124,1,58.99,0.0
514500,1,121,1,186.99,0.0
514500,2,106,1,71.99,0.0
514500,3,115,3,30.99,0.0
514501,1,120,1,203.99,0.0
514501,2,109,1,55.99,0.0
514502,1,112,2,178.99,0.0
514503,1,136,3,22.99,0.0
514503,2,137,1,27.99,0.0
514504,1,134,2,194.99,0.2
514505,1,104,1,501.99,0.0
514506,1,132,2,48.99,0.0
514506,2,112,1,178.99,0.0
514506,3,127,1,58.99,0.0
514506,4,124,1,58.99,0.0
514507,1,119,1,74.99,0.0
514507,2,118,3,83.99,0.0
514508,1,102,1,418.99,0.0
514508,2,111,1,48.99,0.0
514508,3,121,1,228.99,0.0
514508,4,107,2,198.99,0.0
514509,1,104,1,528.99,0.0
514509,2,117,1,188.99,0.0
514509,3,111,1,48.99,0.0
514509,4,115,1,38.99,0.0
514510,1,126,2,78.99,0.2
514510,2,130,2,18.99,0.2
514511,1,115,3,38.99,0.0
514512,1,126,1,78.99,0.0
514513,1,119,3,78.99,0.0
514514,1,101,1,288.99,0.0
514514,2,109,1,68.99,0.0
514514,3,124,2,58.99,0.0
514515,1,113,1,208.99,0.0
514516,1,130,3,18.99,0.0
514516,2,120,1,248.99,0.0
514517,1,134,1,194.99,0.0
514518,1,115,1,30.99,0.0
514519,1,114,1,131.99,0.0
514520,1,117,1,178.99,0.0
514520,2,135,1,140.99,0.0
514520,3,136,2,26.99,0.0
514521,1,115,1,38.99,0.2
514521,2,127,1,58.99,0.2
514521,3,106,1,88.99,0.2
514522,1,107,1,198.99,0.0
514523,1,116,2,158.99,0.0
514523,2,111,1,48.99,0.0
514524,1,137,3,32.99,0.0
514525,1,131,1,19.99,0.0
514525,2,121,1,186.99,0.0
514525,3,138,1,80.99,0.0
514526,1,109,3,55.99,0.0
514527,1,111,2,48.99,0.0
514527,2,103,2,348.99,0.0
514527,3,119,1,78.99,0.0
514527,4,125,1,31.99,0.0
514528,1,106,2,83.99,0.0
514529,1,128,1,26.99,0.0
514529,2,102,1,397.99,0.0
514530,1,119,1,78.99,0.0
514530,2,120,2,248.99,0.0
514531,1,115,1,30.99,0.0
514531,2,123,1,68.99,0.0
514531,3,104,2,432.99,0.0
514532,1,119,2,78.99,0.0
514532,2,106,1,88.99,0.0
514533,1,120,3,248.99,0.2
514534,1,120,2,235.99,0.0
514534,2,112,1,169.99,0.0
514534,3,138,3,93.99,0.0
514534,4,104,2,501.99,0.0
514534,5,114,1,131.99,0.0
514535,1,109,2,68.99,0.1
514535,2,131,1,24.99,0.1
514535,3,119,1,78.99,0.1
514536,1,122,1,78.99,0.0
514537,1,104,1,432.99,0.3
514538,1,131,2,24.99,0.0
514538,2,125,1,31.99,0.0
514538,3,120,2,248.99,0.0
514539,1,130,1,17.99,0.2
514539,2,123,2,79.99,0.2
514540,1,107,1,188.99,0.2
514540,2,114,1,131.99,0.2
514540,3,110,3,93.99,0.2
514541,1,133,1,112.99,0.0
514541,2,122,1,74.99,0.0
514541,3,104,1,501.99,0.0
514541,4,111,3,45.99,0.0
514542,1,122,2,78.99,0.0
514543,1,129,1,41.99,0.0
514543,2,124,1,55.99,0.0
514543,3,107,1,188.99,0.0
514543,4,136,2,26.99,0.0
514543,5,109,1,64.99,0.0
514544,1,110,3,93.99,0.0
514545,1,134,2,226.99,0.1
514546,1,108,2,264.99,0.2
514547,1,130,1,18.99,0.1
514547,2,119,2,78.99,0.1
514548,1,128,1,26.99,0.0
514549,1,117,2,178.99,0.0
514549,2,106,1,83.99,0.0
514549,3,122,2,74.99,0.0
514550,1,106,1,83.99,0.1
514550,2,134,2,226.99,0.1
514551,1,119,1,74.99,0.0
514551,2,128,3,26.99,0.0
514552,1,106,2,83.99,0.0
514552,2,112,2,169.99,0.0
514553,1,120,2,235.99,0.2
514554,1,112,2,145.99,0.2
514554,2,120,1,203.99,0.2
514555,1,116,1,158.99,0.1
514555,2,123,1,84.99,0.1
514556,1,125,1,31.99,0.0
514557,1,133,1,96.99,0.0
514558,1,117,2,188.99,0.0
514559,1,129,1,44.99,0.0
514559,2,111,1,48.99,0.0
514559,3,119,1,78.99,0.0
514560,1,125,2,25.99,0.0
514560,2,117,1,153.99,0.0
514561,1,108,3,278.99,0.2
514562,1,110,1,98.99,0.0
514562,2,101,1,288.99,0.0
514563,1,117,3,178.99,0.1
514564,1,115,1,38.99,0.0
514565,1,121,1,228.99,0.0
514566,1,138,2,80.99,0.0
514567,1,129,1,44.99,0.0
514567,2,128,1,28.99,0.0
514567,3,121,1,228.99,0.0
514567,4,109,1,68.99,0.0
514568,1,120,2,248.99,0.0
514568,2,110,1,98.99,0.0
514569,1,107,2,198.99,0.0
514570,1,119,3,74.99,0.0
514570,2,126,1,74.99,0.0
514571,1,118,2,88.99,0.0
514571,2,109,1,68.99,0.0
514572,1,108,1,278.99,0.1
514573,1,133,1,118.99,0.1
514574,1,103,3,348.99,0.2
514575,1,138,1,98.99,0.0
514575,2,132,2,48.99,0.0
514575,3,108,1,278.99,0.0
514576,1,123,1,84.99,0.1
514577,1,118,2,71.99,0.2
514577,2,114,1,112.99,0.2
514577,3,113,1,170.99,0.2
514577,4,109,1,55.99,0.2
514578,1,108,1,264.99,0.0
514578,2,106,3,83.99,0.0
514578,3,111,1,45.99,0.0
514579,1,131,1,24.99,0.2
514579,2,119,3,78.99,0.2
514580,1,106,1,71.99,0.0
514581,1,123,1,79.99,0.1
514582,1,124,1,47.99,0.0
514582,2,103,2,285.99,0.0
514583,1,108,1,278.99,0.0
514584,1,123,3,68.99,0.0
514585,1,103,3,348.99,0.0
514585,2,109,2,68.99,0.0
514586,1,107,1,162.99,0.0
514587,1,114,2,131.99,0.1
514587,2,113,2,197.99,0.1
514588,1,113,1,208.99,0.0
514588,2,122,1,78.99,0.0
514589,1,107,3,188.99,0.0
514589,2,122,1,74.99,0.0
514589,3,134,1,226.99,0.0
514589,4,121,3,216.99,0.0
514590,1,123,1,68.99,0.1
514590,2,106,1,71.99,0.1
514591,1,123,3,84.99,0.1
514591,2,106,1,88.99,0.1
514592,1,132,2,45.99,0.0
514593,1,129,3,44.99,0.0
514594,1,126,1,78.99,0.1
514594,2,101,1,288.99,0.1
514595,1,106,2,88.99,0.0
514596,1,123,2,68.99,0.0
514597,1,132,1,45.99,0.0
514598,1,118,1,88.99,0.2
514598,2,117,1,188.99,0.2
514599,1,119,1,78.99,0.0
514599,2,101,1,288.99,0.0
514599,3,128,1,28.99,0.0
514600,1,119,3,74.99,0.0
514600,2,116,2,150.99,0.0
514601,1,128,1,28.99,0.0
514601,2,123,1,84.99,0.0
514602,1,113,3,197.99,0.0
514603,1,101,2,235.99,0.0
514604,1,133,2,118.99,0.2
514605,1,116,2,158.99,0.0
514605,2,125,1,31.99,0.0
514606,1,114,3,131.99,0.0
514607,1,126,1,78.99,0.1
514607,2,108,2,278.99,0.1
514607,3,106,1,88.99,0.1
514607,4,119,1,78.99,0.1
514608,1,138,1,93.99,0.0
514608,2,117,1,178.99,0.0
514608,3,118,1,83.99,0.0
514608,4,109,2,64.99,0.0
514609,1,108,1,278.99,0.1
514609,2,107,3,198.99,0.1
514610,1,136,1,28.99,0.0
514610,2,107,1,198.99,0.0
514611,1,105,3,118.99,0.0
514611,2,123,1,84.99,0.0
514611,3,128,1,28.99,0.0
514612,1,133,3,118.99,0.3
514612,2,102,1,418.99,0.3
514613,1,129,2,35.99,0.0
514614,1,122,1,63.99,0.0
514614,2,132,2,39.99,0.0
514615,1,114,2,138.99,0.0
514616,1,120,1,248.99,0.0
514616,2,130,1,18.99,0.0
514617,1,109,1,68.99,0.0
514617,2,120,2,248.99,0.0
514617,3,108,3,278.99,0.0
514617,4,136,1,28.99,0.0
514618,1,108,1,278.99,0.0
514619,1,132,1,48.99,0.1
514620,1,120,1,203.99,0.0
514621,1,127,2,58.99,0.0
514621,2,103,1,348.99,0.0
514621,3,118,3,88.99,0.0
514622,1,112,1,169.99,0.0
514623,1,119,1,78.99,0.0
514623,2,131,2,24.99,0.0
514624,1,130,3,14.99,0.2
514624,2,132,1,39.99,0.2
514624,3,138,1,80.99,0.2
514625,1,131,3,24.99,0.0
514626,1,119,1,78.99,0.0
514626,2,113,1,208.99,0.0
514626,3,131,2,24.99,0.0
514627,1,114,2,112.99,0.1
514628,1,123,1,68.99,0.0
514629,1,121,1,228.99,0.2
514630,1,115,1,36.99,0.2
514630,2,106,1,83.99,0.2
514631,1,108,1,278.99,0.0
514631,2,104,1,528.99,0.0
514632,1,105,1,118.99,0.2
514632,2,127,2,58.99,0.2
514633,1,127,1,58.99,0.0
514634,1,125,1,25.99,0.0
514634,2,135,1,121.99,0.0
514635,1,110,1,98.99,0.0
514636,1,120,1,248.99,0.0
514636,2,113,2,208.99,0.0
514637,1,109,1,68.99,0.1
514638,1,123,2,79.99,0.0
514639,1,104,3,528.99,0.2
514639,2,129,1,44.99,0.2
514639,3,125,1,31.99,0.2
514640,1,135,2,148.99,0.0
514640,2,110,1,98.99,0.0
514641,1,123,2,79.99,0.1
514641,2,111,1,45.99,0.1
514642,1,107,2,188.99,0.0
514643,1,103,1,285.99,0.1
514643,2,136,1,22.99,0.1
514643,3,127,1,47.99,0.1
514643,4,106,3,71.99,0.1
514644,1,128,3,28.99,0.0
514644,2,124,1,58.99,0.0
514644,3,136,1,28.99,0.0
514645,1,138,1,93.99,0.0
514646,1,118,3,83.99,0.2
514646,2,106,1,83.99,0.2
514647,1,109,1,68.99,0.0
514648,1,125,1,25.99,0.2
514648,2,108,1,227.99,0.2
514648,3,101,1,235.99,0.2
514649,1,103,3,348.99,0.0
514649,2,115,1,38.99,0.0
514650,1,117,3,153.99,0.0
514651,1,106,1,88.99,0.0
514652,1,108,2,264.99,0.1
514652,2,122,3,74.99,0.1
514652,3,137,1,32.99,0.1
514653,1,117,2,153.99,0.0
514654,1,125,1,25.99,0.0
514655,1,121,1,228.99,0.2
514656,1,124,3,58.99,0.0
514657,1,117,3,188.99,0.0
514658,1,130,1,18.99,0.0
514659,1,120,1,203.99,0.0
514660,1,109,1,68.99,0.0
514660,2,117,2,188.99,0.0
514660,3,137,1,34.99,0.0
514660,4,113,1,208.99,0.0
514661,1,119,3,74.99,0.2
514661,2,135,1,140.99,0.2
514662,1,124,2,58.99,0.0
514663,1,119,2,74.99,0.0
514663,2,122,2,74.99,0.0
514664,1,107,1,188.99,0.1
514664,2,134,3,226.99,0.1
514665,1,135,2,148.99,0.0
514665,2,106,1,88.99,0.0
514665,3,109,2,68.99,0.0
514665,4,110,1,98.99,0.0
514666,1,130,2,18.99,0.0
514666,2,111,1,48.99,0.0
514667,1,104,1,501.99,0.1
514667,2,120,2,235.99,0.1
514668,1,111,1,39.99,0.0
514669,1,108,1,227.99,0.0
514670,1,133,1,118.99,0.3
514670,2,123,3,84.99,0.3
514670,3,136,2,28.99,0.3
514670,4,115,1,38.99,0.3
514670,5,128,1,28.99,0.3
514671,1,134,3,238.99,0.2
514672,1,134,1,226.99,0.0
514673,1,108,1,264.99,0.0
514674,1,114,1,131.99,0.0
514675,1,101,2,288.99,0.0
514675,2,114,3,138.99,0.0
514676,1,106,1,88.99,0.0
514676,2,117,1,188.99,0.0
514676,3,125,1,31.99,0.0
514677,1,112,2,169.99,0.0
514677,2,116,3,150.99,0.0
514678,1,125,2,29.99,0.0
514679,1,130,2,18.99,0.0
514680,1,121,1,216.99,0.1
514680,2,128,2,26.99,0.1
514680,3,118,1,83.99,0.1
514681,1,110,1,98.99,0.0
514682,1,119,1,74.99,0.0
514683,1,103,2,348.99,0.0
514683,2,114,2,138.99,0.0
514683,3,111,1,48.99,0.0
514684,1,103,2,348.99,0.1
514685,1,127,2,58.99,0.0
514685,2,136,2,28.99,0.0
514686,1,115,1,36.99,0.0
514687,1,122,3,74.99,0.0
514687,2,112,1,169.99,0.0
514688,1,117,1,188.99,0.0
514689,1,118,1,88.99,0.1
514690,1,125,1,29.99,0.1
514690,2,119,1,74.99,0.1
514691,1,123,1,84.99,0.0
514692,1,131,2,24.99,0.0
514693,1,101,1,288.99,0.0
514693,2,125,3,31.99,0.0
514694,1,125,1,29.99,0.0
514695,1,131,1,22.99,0.1
514696,1,120,1,248.99,0.0
514697,1,125,3,29.99,0.0
514698,1,107,1,198.99,0.1
514698,2,136,3,28.99,0.1
514698,3,137,2,34.99,0.1
514699,1,119,1,78.99,0.0
514699,2,113,2,208.99,0.0
514699,3,114,2,138.99,0.0
514700,1,132,1,48.99,0.0
514701,1,123,3,79.99,0.0
514702,1,125,1,31.99,0.0
514702,2,107,2,198.99,0.0
514703,1,119,3,78.99,0.0
514704,1,111,1,48.99,0.0
514705,1,133,2,118.99,0.0
514706,1,111,1,48.99,0.0
514706,2,126,1,78.99,0.0
514706,3,119,1,78.99,0.0
514706,4,104,1,528.99,0.0
514706,5,114,1,138.99,0.0
514707,1,119,1,63.99,0.3
514707,2,132,1,39.99,0.3
514708,1,132,1,48.99,0.0
514709,1,126,2,74.99,0.0
514709,2,120,3,235.99,0.0
514710,1,115,1,38.99,0.0
514710,2,103,1,348.99,0.0
514711,1,119,1,78.99,0.0
514712,1,125,1,29.99,0.0
514712,2,120,1,235.99,0.0
514713,1,129,2,44.99,0.3
514714,1,127,3,58.99,0.0
514715,1,128,3,28.99,0.2
514715,2,122,1,78.99,0.2
514716,1,101,1,273.99,0.0
514717,1,118,2,88.99,0.1
514717,2,121,1,228.99,0.1
514718,1,125,1,31.99,0.3
514719,1,106,1,88.99,0.2
514720,1,134,2,238.99,0.2
514721,1,110,3,98.99,0.2
514722,1,116,2,158.99,0.0
514723,1,107,1,198.99,0.0
514724,1,135,1,121.99,0.0
514725,1,108,3,227.99,0.0
514726,1,119,1,78.99,0.0
514726,2,124,3,58.99,0.0
514726,3,132,1,48.99,0.0
514727,1,106,2,83.99,0.0
514728,1,131,1,24.99,0.1
514729,1,121,1,228.99,0.0
514729,2,107,2,198.99,0.0
514730,1,121,2,228.99,0.1
514730,2,111,2,48.99,0.1
514730,3,130,2,18.99,0.1
514731,1,130,1,14.99,0.2
514732,1,124,1,55.99,0.2
514732,2,125,3,29.99,0.2
514733,1,121,3,228.99,0.2
514734,1,118,1,88.99,0.2
514734,2,123,1,84.99,0.2
514734,3,116,1,158.99,0.2
514735,1,109,1,68.99,0.1
514736,1,121,3,228.99,0.1
514736,2,112,3,178.99,0.1
514737,1,122,1,78.99,0.0
514738,1,108,2,278.99,0.0
514738,2,131,3,24.99,0.0
514739,1,126,2,74.99,0.0
514740,1,120,1,248.99,0.1
514740,2,122,1,78.99,0.1
514741,1,133,2,118.99,0.1
514741,2,136,2,28.99,0.1
514742,1,129,1,41.99,0.0
514742,2,131,1,22.99,0.0
514742,3,133,1,112.99,0.0
514742,4,114,2,131.99,0.0
514743,1,125,3,31.99,0.0
514744,1,112,2,169.99,0.2
514744,2,111,1,45.99,0.2
514745,1,124,1,58.99,0.0
514746,1,115,1,30.99,0.0
514747,1,107,1,198.99,0.1
514748,1,108,1,278.99,0.0
514749,1,134,3,238.99,0.3
514749,2,113,3,208.99,0.3
514749,3,104,1,528.99,0.3
514750,1,112,1,169.99,0.0
514750,2,115,2,36.99,0.0
514750,3,121,3,216.99,0.0
514751,1,136,1,26.99,0.1
514752,1,102,1,397.99,0.2
514753,1,106,1,88.99,0.0
514753,2,113,3,208.99,0.0
514754,1,130,1,14.99,0.2
514755,1,129,1,41.99,0.0
514755,2,116,3,150.99,0.0
514756,1,121,2,228.99,0.0
514757,1,128,3,28.99,0.0
514757,2,120,1,248.99,0.0
514758,1,119,3,78.99,0.0
514759,1,123,2,84.99,0.0
514760,1,123,1,68.99,0.1
514761,1,129,3,44.99,0.1
514761,2,125,3,31.99,0.1
514761,3,121,1,228.99,0.1
514762,1,129,1,35.99,0.0
514763,1,126,1,63.99,0.1
514763,2,111,1,39.99,0.1
514764,1,120,2,248.99,0.0
514765,1,118,1,88.99,0.0
514765,2,109,3,68.99,0.0
514766,1,123,1,84.99,0.0
514766,2,134,2,238.99,0.0
514767,1,138,2,98.99,0.0
514768,1,112,1,145.99,0.1
514769,1,117,1,178.99,0.0
514770,1,127,2,47.99,0.0
514770,2,124,1,47.99,0.0
514770,3,103,1,285.99,0.0
514770,4,108,2,227.99,0.0
514771,1,124,2,47.99,0.1
514772,1,118,1,71.99,0.0
514772,2,112,1,145.99,0.0
514772,3,116,1,129.99,0.0
514773,1,108,1,227.99,0.0
514773,2,101,1,235.99,0.0
514774,1,106,1,88.99,0.0
514775,1,114,2,138.99,0.2
514775,2,124,1,58.99,0.2
514775,3,110,1,98.99,0.2
514776,1,133,1,118.99,0.1
514777,1,109,1,64.99,0.0
514777,2,113,2,197.99,0.0
514778,1,104,1,528.99,0.1
514778,2,108,1,278.99,0.1
514778,3,109,1,68.99,0.1
514779,1,113,1,208.99,0.2
514780,1,123,2,79.99,0.0
514780,2,121,2,216.99,0.0
514781,1,131,1,19.99,0.0
514781,2,137,2,27.99,0.0
514781,3,101,2,235.99,0.0
514781,4,119,1,63.99,0.0
514781,5,132,3,39.99,0.0
514782,1,112,1,169.99,0.1
514783,1,135,2,121.99,0.0
514784,1,127,1,58.99,0.0
514785,1,120,1,235.99,0.0
514785,2,138,2,93.99,0.0
514786,1,117,1,178.99,0.1
514787,1,118,1,83.99,0.0
514787,2,124,1,55.99,0.0
514787,3,110,2,93.99,0.0
514787,4,116,1,150.99,0.0
514787,5,117,1,178.99,0.0
514788,1,134,3,238.99,0.3
514789,1,103,1,330.99,0.0
514790,1,112,1,145.99,0.2
514790,2,114,1,112.99,0.2
514791,1,114,1,138.99,0.0
514792,1,134,2,226.99,0.0
514793,1,109,1,55.99,0.1
514794,1,134,1,238.99,0.0
514794,2,117,1,188.99,0.0
514795,1,112,1,178.99,0.0
514796,1,122,1,78.99,0.0
514797,1,124,1,47.99,0.0
514797,2,125,1,25.99,0.0
514797,3,131,1,19.99,0.0
514797,4,118,2,71.99,0.0
514798,1,112,1,145.99,0.0
514799,1,106,2,88.99,0.0
514799,2,131,1,24.99,0.0
514800,1,124,1,58.99,0.0
514800,2,114,2,138.99,0.0
514801,1,112,3,145.99,0.1
514801,2,131,2,19.99,0.1
514801,3,118,1,71.99,0.1
514802,1,124,3,58.99,0.0
514802,2,119,1,78.99,0.0
514803,1,124,2,58.99,0.3
514804,1,121,2,228.99,0.1
514804,2,112,1,178.99,0.1
514805,1,125,3,31.99,0.1
514806,1,114,1,131.99,0.0
514806,2,104,1,501.99,0.0
514807,1,106,3,88.99,0.0
514808,1,130,1,18.99,0.0
514809,1,138,2,98.99,0.0
514809,2,118,2,88.99,0.0
514810,1,111,1,48.99,0.0
514811,1,111,1,48.99,0.1
514811,2,129,3,44.99,0.1
514811,3,107,3,198.99,0.1
514811,4,123,2,84.99,0.1
514812,1,118,1,71.99,0.0
514813,1,102,1,418.99,0.0
514814,1,132,3,48.99,0.0
514815,1,118,1,88.99,0.0
514815,2,104,1,528.99,0.0
514816,1,103,1,330.99,0.0
514816,2,124,1,55.99,0.0
514817,1,130,2,18.99,0.0
514817,2,126,2,78.99,0.0
514817,3,117,2,188.99,0.0
514817,4,119,1,78.99,0.0
514818,1,119,3,78.99,0.0
514818,2,107,1,198.99,0.0
514819,1,115,2,36.99,0.0
514819,2,121,1,216.99,0.0
514819,3,119,3,74.99,0.0
514820,1,119,1,78.99,0.1
514821,1,128,3,26.99,0.0
514822,1,130,3,17.99,0.0
514823,1,116,3,158.99,0.0
514824,1,125,1,31.99,0.0
514825,1,125,2,29.99,0.0
514826,1,125,1,31.99,0.3
514826,2,102,1,418.99,0.3
514826,3,112,2,178.99,0.3
514826,4,114,2,138.99,0.3
514827,1,125,1,31.99,0.1
514827,2,106,1,88.99,0.1
514827,3,121,1,228.99,0.1
514828,1,111,2,45.99,0.0
514828,2,106,2,83.99,0.0
514829,1,124,3,58.99,0.0
514829,2,119,1,78.99,0.0
514829,3,123,1,84.99,0.0
514830,1,120,3,248.99,0.1
514831,1,108,1,278.99,0.0
514831,2,124,2,58.99,0.0
514832,1,104,1,432.99,0.0
514833,1,135,2,148.99,0.1
514834,1,106,1,88.99,0.0
514835,1,129,2,44.99,0.0
514835,2,114,1,138.99,0.0
514835,3,124,1,58.99,0.0
514836,1,111,2,48.99,0.0
514837,1,129,3,35.99,0.0
514837,2,124,2,47.99,0.0
514837,3,113,2,170.99,0.0
514837,4,134,3,194.99,0.0
514838,1,123,2,84.99,0.0
514839,1,115,2,36.99,0.0
514840,1,117,1,188.99,0.3
514840,2,116,1,158.99,0.3
514840,3,115,2,38.99,0.3
514840,4,111,1,48.99,0.3
514840,5,127,2,58.99,0.3
514841,1,104,3,501.99,0.0
514841,2,120,1,235.99,0.0
514842,1,130,1,18.99,0.0
514842,2,135,1,148.99,0.0
514842,3,109,1,68.99,0.0
514843,1,125,1,31.99,0.0
514843,2,101,2,288.99,0.0
514843,3,131,2,24.99,0.0
514844,1,113,2,197.99,0.0
514845,1,125,1,29.99,0.2
514846,1,136,2,22.99,0.1
514847,1,119,2,74.99,0.0
514848,1,120,3,235.99,0.0
514848,2,138,1,93.99,0.0
514849,1,132,3,48.99,0.0
514850,1,113,1,197.99,0.0
514850,2,114,2,131.99,0.0
514851,1,137,1,34.99,0.0
514851,2,130,1,18.99,0.0
514852,1,138,2,98.99,0.0
514852,2,111,2,48.99,0.0
514852,3,116,2,158.99,0.0
514852,4,129,1,44.99,0.0
514853,1,135,1,121.99,0.0
514854,1,122,1,74.99,0.0
514854,2,120,2,235.99,0.0
514855,1,106,1,71.99,0.1
514855,2,135,1,121.99,0.1
514855,3,133,2,96.99,0.1
514855,4,111,2,39.99,0.1
514856,1,110,2,80.99,0.0
514856,2,109,2,55.99,0.0
514857,1,120,2,248.99,0.0
514857,2,125,2,31.99,0.0
514858,1,110,2,93.99,0.0
514859,1,121,3,228.99,0.0
514859,2,107,1,198.99,0.0
514860,1,118,1,83.99,0.2
514861,1,126,1,78.99,0.0
514861,2,117,3,188.99,0.0
514862,1,113,1,208.99,0.0
514863,1,126,1,74.99,0.0
514864,1,136,1,26.99,0.1
514864,2,135,1,140.99,0.1
514865,1,111,1,48.99,0.0
514866,1,115,2,38.99,0.0
514867,1,106,1,88.99,0.0
514867,2,114,3,138.99,0.0
514868,1,108,2,278.99,0.0
514869,1,113,2,208.99,0.0
514869,2,118,1,88.99,0.0
514869,3,114,1,138.99,0.0
514870,1,119,3,78.99,0.0
514871,1,102,1,418.99,0.0
514871,2,106,1,88.99,0.0
514871,3,123,2,84.99,0.0
514872,1,114,3,131.99,0.0
514873,1,131,1,22.99,0.0
514874,1,110,2,98.99,0.0
514874,2,135,3,148.99,0.0
514875,1,124,1,58.99,0.0
514876,1,136,2,26.99,0.0
514876,2,119,2,74.99,0.0
514876,3,113,3,197.99,0.0
514877,1,110,1,80.99,0.1
514878,1,111,1,39.99,0.0
514879,1,118,1,88.99,0.0
514879,2,112,1,178.99,0.0
514880,1,120,2,248.99,0.0
514880,2,136,1,28.99,0.0
514881,1,134,2,238.99,0.0
514881,2,116,1,158.99,0.0
514882,1,113,1,197.99,0.0
514882,2,120,1,235.99,0.0
514883,1,120,3,248.99,0.1
514884,1,106,1,83.99,0.0
514884,2,110,1,93.99,0.0
514885,1,115,3,38.99,0.0
514886,1,101,1,235.99,0.2
514886,2,128,1,22.99,0.2
514887,1,122,3,78.99,0.0
514888,1,109,2,68.99,0.0
514888,2,121,1,228.99,0.0
514889,1,136,3,22.99,0.2
514889,2,107,1,162.99,0.2
514890,1,113,2,208.99,0.0
514891,1,121,1,228.99,0.0
514892,1,116,3,150.99,0.0
514893,1,130,1,14.99,0.0
514893,2,116,1,129.99,0.0
514894,1,109,2,68.99,0.0
514894,2,113,2,208.99,0.0
514895,1,123,3,79.99,0.1
514896,1,110,2,98.99,0.0
514897,1,125,1,31.99,0.0
514898,1,123,2,84.99,0.0
514899,1,124,1,58.99,0.0
514900,1,127,2,55.99,0.0
514900,2,110,1,93.99,0.0
514900,3,114,3,131.99,0.0
514901,1,109,1,68.99,0.0
514902,1,125,1,31.99,0.0
514902,2,111,1,48.99,0.0
514902,3,109,2,68.99,0.0
514903,1,128,2,28.99,0.0
514903,2,112,1,178.99,0.0
514904,1,113,2,208.99,0.0
514905,1,114,1,131.99,0.0
514906,1,119,2,78.99,0.0
514907,1,106,1,83.99,0.0
514908,1,134,1,238.99,0.0
514909,1,126,1,78.99,0.1
514909,2,120,1,248.99,0.1
514910,1,135,2,121.99,0.1
514910,2,137,1,27.99,0.1
514910,3,132,1,39.99,0.1
514911,1,104,1,501.99,0.0
514912,1,115,1,38.99,0.0
514913,1,134,1,238.99,0.1
514913,2,135,1,148.99,0.1
514913,3,138,1,98.99,0.1
514913,4,103,2,348.99,0.1
514914,1,132,1,45.99,0.2
514915,1,105,1,118.99,0.1
514915,2,128,2,28.99,0.1
514915,3,130,2,18.99,0.1
514916,1,105,3,96.99,0.0
514916,2,117,3,153.99,0.0
514916,3,131,2,19.99,0.0
514917,1,104,3,528.99,0.0
514917,2,126,1,78.99,0.0
514917,3,123,1,84.99,0.0
514918,1,107,1,188.99,0.1
514918,2,108,1,264.99,0.1
514919,1,117,2,188.99,0.3
514919,2,125,1,31.99,0.3
514919,3,130,1,18.99,0.3
514919,4,106,1,88.99,0.3
514920,1,120,1,248.99,0.0
514920,2,111,1,48.99,0.0
514920,3,129,2,44.99,0.0
514921,1,115,2,38.99,0.0
514921,2,124,2,58.99,0.0
514922,1,120,1,248.99,0.1
514922,2,138,1,98.99,0.1
514923,1,124,2,55.99,0.0
514923,2,118,1,83.99,0.0
514923,3,132,1,45.99,0.0
514924,1,135,1,148.99,0.1
514924,2,107,2,198.99,0.1
514925,1,114,2,131.99,0.0
514925,2,130,2,17.99,0.0
514926,1,115,3,38.99,0.1
514927,1,125,2,31.99,0.0
514928,1,130,1,18.99,0.0
514928,2,111,3,48.99,0.0
514928,3,103,2,348.99,0.0
514928,4,116,3,158.99,0.0
514929,1,118,1,83.99,0.0
514930,1,130,1,17.99,0.0
514931,1,121,1,228.99,0.1
514931,2,122,3,78.99,0.1
514931,3,136,1,28.99,0.1
514932,1,112,1,145.99,0.2
514933,1,118,2,88.99,0.0
514933,2,119,1,78.99,0.0
514934,1,134,1,238.99,0.2
514935,1,129,1,35.99,0.0
514936,1,132,3,45.99,0.0
514936,2,136,1,26.99,0.0
514936,3,127,1,55.99,0.0
514936,4,126,2,74.99,0.0
514937,1,110,1,98.99,0.0
514938,1,132,1,48.99,0.0
514939,1,138,1,80.99,0.1
514939,2,123,1,68.99,0.1
514940,1,116,1,158.99,0.0
514940,2,105,1,118.99,0.0
514941,1,107,1,188.99,0.0
514941,2,124,1,55.99,0.0
514941,3,109,2,64.99,0.0
514942,1,118,2,88.99,0.0
514942,2,132,1,48.99,0.0
514943,1,131,1,24.99,0.0
514943,2,126,3,78.99,0.0
514944,1,112,1,145.99,0.0
514945,1,127,1,58.99,0.0
514945,2,123,2,84.99,0.0
514946,1,114,2,131.99,0.0
514947,1,107,1,198.99,0.0
514948,1,137,1,34.99,0.1
514949,1,122,2,74.99,0.0
514950,1,113,1,208.99,0.1
514951,1,110,1,93.99,0.3
514952,1,122,1,78.99,0.1
514953,1,127,1,47.99,0.0
514954,1,112,1,178.99,0.0
514955,1,125,2,25.99,0.0
514955,2,118,3,71.99,0.0
514956,1,131,2,24.99,0.0
514956,2,125,2,31.99,0.0
514957,1,120,1,235.99,0.0
514957,2,114,2,131.99,0.0
514958,1,136,2,28.99,0.0
514958,2,120,2,248.99,0.0
514958,3,127,2,58.99,0.0
514959,1,115,1,36.99,0.0
514960,1,113,3,208.99,0.0
514961,1,108,1,278.99,0.0
514962,1,117,1,178.99,0.0
514963,1,138,1,93.99,0.0
514963,2,121,2,216.99,0.0
514963,3,105,1,112.99,0.0
514964,1,117,1,188.99,0.0
514965,1,122,1,74.99,0.2
514966,1,125,2,29.99,0.0
514966,2,118,2,83.99,0.0
514967,1,122,1,63.99,0.0
514968,1,136,3,28.99,0.1
514968,2,116,1,158.99,0.1
514968,3,129,3,44.99,0.1
514968,4,123,1,84.99,0.1
514969,1,133,1,96.99,0.0
514970,1,138,2,93.99,0.0
514971,1,106,2,88.99,0.2
514972,1,129,3,44.99,0.2
514972,2,116,1,158.99,0.2
514973,1,119,3,74.99,0.0
514973,2,136,2,26.99,0.0
514973,3,138,1,93.99,0.0
514974,1,125,3,31.99,0.1
514975,1,114,1,131.99,0.0
514976,1,133,1,118.99,0.0
514977,1,103,1,348.99,0.1
514978,1,120,1,248.99,0.1
514978,2,119,1,78.99,0.1
514978,3,110,1,98.99,0.1
514978,4,125,2,31.99,0.1
514978,5,121,2,228.99,0.1
514979,1,129,1,35.99,0.2
514980,1,109,2,55.99,0.1
514980,2,129,3,35.99,0.1
514981,1,129,1,35.99,0.0
514981,2,108,1,227.99,0.0
514981,3,116,2,129.99,0.0
514982,1,122,2,78.99,0.0
514983,1,113,1,197.99,0.0
514984,1,117,1,188.99,0.0
514985,1,114,2,138.99,0.0
514985,2,137,3,34.99,0.0
514986,1,113,1,208.99,0.0
514987,1,109,1,64.99,0.1
514987,2,122,2,74.99,0.1
514987,3,134,1,226.99,0.1
514987,4,120,1,235.99,0.1
514988,1,137,1,27.99,0.0
514989,1,122,1,78.99,0.0
514989,2,128,2,28.99,0.0
514989,3,129,2,44.99,0.0
514989,4,116,1,158.99,0.0
514990,1,115,2,30.99,0.0
514991,1,117,1,188.99,0.0
514992,1,122,2,74.99,0.0
514993,1,109,2,68.99,0.0
514994,1,121,3,228.99,0.0
514994,2,102,1,418.99,0.0
514994,3,132,2,48.99,0.0
514995,1,106,1,88.99,0.2
514996,1,103,1,330.99,0.0
514997,1,104,1,501.99,0.0
514997,2,108,1,264.99,0.0
514997,3,125,1,29.99,0.0
514998,1,114,1,138.99,0.0
514999,1,124,3,55.99,0.0
514999,2,113,2,197.99,0.0
515000,1,105,1,96.99,0.0
515001,1,116,1,150.99,0.1
515002,1,119,3,78.99,0.0
515003,1,121,3,228.99,0.0
515003,2,124,3,58.99,0.0
515003,3,133,1,118.99,0.0
515004,1,137,2,34.99,0.1
515004,2,124,1,58.99,0.1
515005,1,116,1,158.99,0.0
515006,1,134,3,194.99,0.0
515007,1,125,1,25.99,0.0
515007,2,129,2,35.99,0.0
515008,1,116,2,150.99,0.0
515008,2,135,1,140.99,0.0
515008,3,117,1,178.99,0.0
515009,1,126,1,63.99,0.2
515009,2,132,2,39.99,0.2
515009,3,101,2,235.99,0.2
515010,1,112,1,145.99,0.0
515011,1,125,1,31.99,0.2
515011,2,109,3,68.99,0.2
515012,1,103,2,348.99,0.3
515013,1,123,1,84.99,0.1
515013,2,114,2,138.99,0.1
515014,1,120,1,248.99,0.1
515015,1,118,2,88.99,0.0
515016,1,114,2,131.99,0.1
515017,1,126,3,74.99,0.0
515017,2,118,2,83.99,0.0
515017,3,112,1,169.99,0.0
515018,1,134,1,226.99,0.1
515019,1,129,1,44.99,0.0
515019,2,122,3,78.99,0.0
515019,3,125,2,31.99,0.0
515019,4,120,1,248.99,0.0
515020,1,117,1,178.99,0.0
515020,2,112,2,169.99,0.0
515020,3,111,1,45.99,0.0
515020,4,124,1,55.99,0.0
515021,1,112,1,178.99,0.0
515022,1,122,1,78.99,0.1
515022,2,110,2,98.99,0.1
515022,3,129,1,44.99,0.1
515022,4,109,1,68.99,0.1
515022,5,116,1,158.99,0.1
515023,1,104,2,528.99,0.0
515024,1,121,1,228.99,0.0
515024,2,124,2,58.99,0.0
515025,1,125,2,31.99,0.0
515026,1,106,3,88.99,0.0
515026,2,110,1,98.99,0.0
515026,3,120,2,248.99,0.0
515026,4,113,1,208.99,0.0
515027,1,132,2,45.99,0.1
515027,2,136,2,26.99,0.1
515027,3,113,3,197.99,0.1
515028,1,105,1,118.99,0.0
515028,2,110,1,98.99,0.0
515028,3,135,1,148.99,0.0
515028,4,132,1,48.99,0.0
515028,5,127,1,58.99,0.0
515029,1,124,1,58.99,0.1
515029,2,121,1,228.99,0.1
515029,3,120,2,248.99,0.1
515030,1,113,2,197.99,0.0
515031,1,116,2,129.99,0.0
515032,1,116,1,129.99,0.0
515033,1,138,2,93.99,0.1
515034,1,115,1,36.99,0.0
515034,2,124,2,55.99,0.0
515035,1,113,3,208.99,0.0
515035,2,110,1,98.99,0.0
515035,3,109,1,68.99,0.0
515035,4,108,1,278.99,0.0
515035,5,114,1,138.99,0.0
515036,1,107,1,162.99,0.0
515036,2,119,3,63.99,0.0
515037,1,115,2,36.99,0.0
515038,1,120,2,248.99,0.0
515038,2,133,2,118.99,0.0
515039,1,125,2,29.99,0.0
515040,1,124,1,58.99,0.0
515041,1,138,1,93.99,0.0
515042,1,131,1,24.99,0.0
515042,2,114,2,138.99,0.0
515043,1,121,3,228.99,0.0
515044,1,127,1,58.99,0.0
515044,2,104,2,528.99,0.0
515044,3,131,3,24.99,0.0
515045,1,126,1,78.99,0.0
515045,2,125,2,31.99,0.0
515046,1,119,3,63.99,0.2
515047,1,121,2,228.99,0.0
515048,1,119,2,78.99,0.0
515048,2,137,3,34.99,0.0
515049,1,115,1,38.99,0.0
515050,1,109,1,64.99,0.0
515050,2,123,3,79.99,0.0
515051,1,109,3,64.99,0.0
515051,2,121,2,216.99,0.0
515051,3,118,1,83.99,0.0
515052,1,107,1,188.99,0.0
515052,2,119,2,74.99,0.0
515053,1,115,1,30.99,0.0
515054,1,122,1,78.99,0.0
515055,1,122,3,78.99,0.0
515055,2,118,1,88.99,0.0
515055,3,101,2,288.99,0.0
515056,1,131,2,24.99,0.0
515057,1,113,1,208.99,0.0
515057,2,116,1,158.99,0.0
515057,3,138,3,98.99,0.0
515058,1,118,3,83.99,0.0
515059,1,121,1,186.99,0.0
515060,1,136,2,26.99,0.0
515061,1,118,2,83.99,0.0
515062,1,123,1,84.99,0.1
515062,2,127,1,58.99,0.1
515062,3,111,3,48.99,0.1
515063,1,115,2,38.99,0.0
515064,1,130,1,18.99,0.0
515065,1,114,1,138.99,0.0
515065,2,115,2,38.99,0.0
515066,1,134,2,238.99,0.0
515066,2,106,1,88.99,0.0
515066,3,124,1,58.99,0.0
515067,1,124,1,55.99,0.0
515067,2,109,1,64.99,0.0
515068,1,121,1,216.99,0.2
515069,1,106,1,88.99,0.0
515070,1,119,1,78.99,0.0
515070,2,101,2,288.99,0.0
515070,3,126,2,78.99,0.0
515071,1,103,1,348.99,0.1
515072,1,123,1,84.99,0.1
515073,1,119,1,78.99,0.2
515073,2,123,2,84.99,0.2
515073,3,128,1,28.99,0.2
515074,1,104,1,432.99,0.0
515075,1,109,1,68.99,0.0
515075,2,119,1,78.99,0.0
515076,1,120,3,248.99,0.0
515076,2,117,2,188.99,0.0
515077,1,113,1,208.99,0.0
515077,2,118,2,88.99,0.0
515078,1,108,1,278.99,0.0
515078,2,113,3,208.99,0.0
515079,1,136,2,26.99,0.2
515079,2,133,1,112.99,0.2
515080,1,135,3,148.99,0.3
515081,1,125,1,31.99,0.1
515082,1,120,1,235.99,0.0
515083,1,120,1,248.99,0.0
515084,1,113,1,208.99,0.0
515084,2,112,1,178.99,0.0
515084,3,125,3,31.99,0.0
515084,4,116,2,158.99,0.0
515084,5,132,2,48.99,0.0
515085,1,101,1,273.99,0.0
515086,1,109,3,64.99,0.3
515087,1,115,1,38.99,0.0
515088,1,129,1,44.99,0.0
515088,2,131,2,24.99,0.0
515089,1,105,1,118.99,0.0
515090,1,117,1,178.99,0.0
515090,2,129,3,41.99,0.0
515091,1,126,1,78.99,0.0
515092,1,127,1,55.99,0.0
515092,2,131,2,22.99,0.0
515093,1,108,1,278.99,0.0
515094,1,125,3,25.99,0.0
515095,1,120,1,248.99,0.0
515096,1,116,1,158.99,0.1
515096,2,114,1,138.99,0.1
515097,1,110,1,80.99,0.0
515097,2,129,1,35.99,0.0
515097,3,125,3,25.99,0.0
515097,4,113,2,170.99,0.0
515098,1,136,1,22.99,0.0
515098,2,120,1,203.99,0.0
515098,3,117,1,153.99,0.0
515099,1,119,2,74.99,0.0
515099,2,114,3,131.99,0.0
515099,3,115,1,36.99,0.0
515100,1,107,3,188.99,0.0
515101,1,133,1,96.99,0.0
515101,2,138,1,80.99,0.0
515102,1,110,1,80.99,0.0
515102,2,116,1,129.99,0.0
515103,1,117,1,178.99,0.0
515103,2,136,1,26.99,0.0
515104,1,122,1,63.99,0.0
515104,2,106,3,71.99,0.0
515105,1,131,1,24.99,0.0
515106,1,119,2,78.99,0.0
515106,2,107,3,198.99,0.0
515107,1,120,2,248.99,0.2
515107,2,135,1,148.99,0.2
515108,1,124,2,58.99,0.0
515108,2,119,3,78.99,0.0
515108,3,123,3,84.99,0.0
515109,1,119,1,78.99,0.3
515110,1,134,1,238.99,0.0
515110,2,120,2,248.99,0.0
515110,3,106,1,88.99,0.0
515110,4,112,2,178.99,0.0
515110,5,107,3,198.99,0.0
515111,1,119,1,74.99,0.0
515112,1,117,1,153.99,0.0
515113,1,116,2,150.99,0.0
515114,1,118,3,88.99,0.0
515115,1,117,2,178.99,0.1
515116,1,133,3,118.99,0.1
515117,1,128,1,22.99,0.1
515118,1,106,1,88.99,0.0
515119,1,107,1,198.99,0.0
515120,1,121,2,228.99,0.0
515121,1,115,2,38.99,0.1
515121,2,107,1,198.99,0.1
515122,1,124,2,47.99,0.3
515122,2,135,3,121.99,0.3
515122,3,127,2,47.99,0.3
515123,1,123,1,79.99,0.0
515123,2,104,1,501.99,0.0
515124,1,127,1,58.99,0.0
515125,1,107,1,188.99,0.0
515125,2,112,3,169.99,0.0
515125,3,109,2,64.99,0.0
515126,1,128,3,26.99,0.0
515127,1,115,2,36.99,0.0
515128,1,113,2,208.99,0.0
515128,2,126,1,78.99,0.0
515129,1,102,1,418.99,0.0
515129,2,106,1,88.99,0.0
515129,3,104,3,528.99,0.0
515129,4,135,1,148.99,0.0
515129,5,122,1,78.99,0.0
515130,1,116,2,158.99,0.0
515130,2,130,2,18.99,0.0
515131,1,116,1,129.99,0.0
515131,2,117,1,153.99,0.0
515131,3,103,1,285.99,0.0
515132,1,124,2,55.99,0.2
515132,2,113,2,197.99,0.2
515132,3,120,3,235.99,0.2
515132,4,136,2,26.99,0.2
515133,1,124,2,55.99,0.0
515133,2,118,1,83.99,0.0
515133,3,123,2,79.99,0.0
515134,1,112,3,178.99,0.0
515134,2,137,1,34.99,0.0
515134,3,117,1,188.99,0.0
515135,1,120,1,235.99,0.0
515135,2,122,1,74.99,0.0
515135,3,115,3,36.99,0.0
515136,1,135,1,148.99,0.0
515136,2,114,1,138.99,0.0
515136,3,122,3,78.99,0.0
515136,4,124,1,58.99,0.0
515136,5,134,2,238.99,0.0
515137,1,132,1,48.99,0.0
515138,1,115,1,30.99,0.0
515139,1,124,1,55.99,0.0
515139,2,129,1,41.99,0.0
515140,1,125,2,29.99,0.0
515140,2,119,2,74.99,0.0
515141,1,119,1,74.99,0.1
515141,2,114,3,131.99,0.1
515141,3,104,1,501.99,0.1
515141,4,122,1,74.99,0.1
515142,1,118,1,83.99,0.0
515142,2,109,2,64.99,0.0
515142,3,115,2,36.99,0.0
515142,4,138,3,93.99,0.0
515143,1,111,2,45.99,0.0
515144,1,117,1,188.99,0.0
515144,2,121,1,228.99,0.0
515145,1,116,1,129.99,0.1
515145,2,108,1,227.99,0.1
515145,3,134,2,194.99,0.1
515146,1,112,2,178.99,0.2
515147,1,113,3,208.99,0.2
515148,1,135,1,148.99,0.0
515148,2,112,1,178.99,0.0
515148,3,120,1,248.99,0.0
515149,1,124,3,55.99,0.2
515149,2,131,1,22.99,0.2
515150,1,137,2,34.99,0.0
515150,2,103,1,348.99,0.0
515151,1,118,1,83.99,0.1
515151,2,117,1,178.99,0.1
515152,1,119,2,78.99,0.1
515152,2,106,3,88.99,0.1
515153,1,111,1,39.99,0.1
515153,2,112,2,145.99,0.1
515154,1,117,3,188.99,0.0
515154,2,120,1,248.99,0.0
515154,3,121,1,228.99,0.0
515155,1,124,1,58.99,0.0
515155,2,125,1,31.99,0.0
515156,1,117,2,188.99,0.0
515157,1,114,2,112.99,0.0
515157,2,137,1,27.99,0.0
515158,1,137,1,34.99,0.0
515158,2,119,1,78.99,0.0
515159,1,123,2,68.99,0.0
515160,1,104,1,528.99,0.0
515160,2,123,3,84.99,0.0
515160,3,135,1,148.99,0.0
515161,1,131,1,19.99,0.0
515161,2,116,2,129.99,0.0
515161,3,113,3,170.99,0.0
515162,1,113,1,197.99,0.0
515163,1,128,3,28.99,0.0
515163,2,112,2,178.99,0.0
515163,3,134,2,238.99,0.0
515164,1,133,1,96.99,0.2
515164,2,136,1,22.99,0.2
515165,1,121,2,228.99,0.0
515166,1,129,2,44.99,0.0
515166,2,105,1,118.99,0.0
515167,1,103,1,330.99,0.0
515167,2,104,1,501.99,0.0
515167,3,106,2,83.99,0.0
515168,1,120,3,248.99,0.0
515168,2,105,1,118.99,0.0
515169,1,121,1,228.99,0.0
515170,1,120,3,248.99,0.0
515170,2,122,1,78.99,0.0
515171,1,123,2,79.99,0.2
515172,1,114,1,138.99,0.1
515172,2,104,2,528.99,0.1
515172,3,111,1,48.99,0.1
515173,1,103,3,348.99,0.0
515174,1,115,2,30.99,0.0
515174,2,113,2,170.99,0.0
515174,3,109,1,55.99,0.0
515174,4,134,2,194.99,0.0
515174,5,116,1,129.99,0.0
515175,1,105,2,112.99,0.0
515175,2,135,1,140.99,0.0
515175,3,109,2,64.99,0.0
515176,1,117,3,178.99,0.0
515176,2,106,1,83.99,0.0
515177,1,134,2,194.99,0.0
515177,2,102,2,342.99,0.0
515177,3,130,2,14.99,0.0
515177,4,118,1,71.99,0.0
515177,5,104,1,432.99,0.0
515178,1,121,2,228.99,0.0
515179,1,125,1,29.99,0.0
515179,2,117,1,178.99,0.0
515180,1,115,1,30.99,0.0
515181,1,117,1,188.99,0.0
515181,2,136,1,28.99,0.0
515182,1,120,1,248.99,0.0
515183,1,118,3,83.99,0.0
515184,1,107,1,188.99,0.0
515184,2,129,2,41.99,0.0
515185,1,114,1,138.99,0.0
515186,1,113,2,208.99,0.1
515186,2,128,1,28.99,0.1
515186,3,112,2,178.99,0.1
515187,1,125,1,29.99,0.0
515187,2,112,1,169.99,0.0
515188,1,108,2,264.99,0.2
515188,2,134,1,226.99,0.2
515189,1,104,1,432.99,0.0
515189,2,131,2,19.99,0.0
515189,3,135,3,121.99,0.0
515190,1,130,1,17.99,0.0
515190,2,101,1,273.99,0.0
515191,1,128,3,26.99,0.0
515191,2,109,1,64.99,0.0
515192,1,123,2,79.99,0.0
515193,1,123,1,84.99,0.0
515194,1,105,1,118.99,0.0
515194,2,125,2,31.99,0.0
515195,1,110,2,93.99,0.0
515195,2,113,1,197.99,0.0
515196,1,106,2,83.99,0.0
515196,2,137,3,32.99,0.0
515197,1,136,1,22.99,0.0
515198,1,134,1,238.99,0.0
515198,2,127,1,58.99,0.0
515199,1,123,1,84.99,0.0
515200,1,121,1,228.99,0.1
515200,2,107,2,198.99,0.1
515201,1,123,2,84.99,0.0
515201,2,128,1,28.99,0.0
515202,1,120,1,235.99,0.0
515202,2,106,2,83.99,0.0
515203,1,125,3,25.99,0.0
515204,1,108,1,278.99,0.0
515205,1,110,1,98.99,0.3
515206,1,135,1,140.99,0.0
515206,2,132,1,45.99,0.0
515207,1,105,3,112.99,0.0
515207,2,122,2,74.99,0.0
515208,1,105,2,118.99,0.0
515209,1,123,1,84.99,0.0
515209,2,109,2,68.99,0.0
515209,3,118,1,88.99,0.0
515209,4,102,1,418.99,0.0
515209,5,135,1,148.99,0.0
515210,1,108,1,278.99,0.0
515211,1,121,1,228.99,0.0
515211,2,136,2,28.99,0.0
515212,1,116,1,150.99,0.0
515212,2,123,3,79.99,0.0
515213,1,115,1,38.99,0.2
515214,1,121,1,228.99,0.0
515215,1,125,1,29.99,0.2
515216,1,130,1,18.99,0.0
515217,1,124,2,55.99,0.3
515218,1,105,3,112.99,0.0
515218,2,122,1,74.99,0.0
515219,1,114,3,138.99,0.1
515219,2,137,1,34.99,0.1
515220,1,123,1,68.99,0.0
515221,1,113,1,208.99,0.0
515222,1,131,1,22.99,0.0
515223,1,119,2,63.99,0.0
515224,1,112,1,169.99,0.0
515225,1,101,1,235.99,0.2
515226,1,118,2,83.99,0.0
515226,2,122,1,74.99,0.0
515226,3,120,1,235.99,0.0
515226,4,117,3,178.99,0.0
515226,5,125,1,29.99,0.0
515227,1,115,3,38.99,0.0
515227,2,125,1,31.99,0.0
515227,3,121,3,228.99,0.0
515228,1,119,1,78.99,0.0
515229,1,105,2,118.99,0.0
515230,1,119,1,78.99,0.0
515230,2,110,2,98.99,0.0
515230,3,109,2,68.99,0.0
515231,1,108,2,278.99,0.0
515232,1,137,1,34.99,0.0
515233,1,106,1,83.99,0.0
515234,1,102,1,418.99,0.0
515234,2,121,2,228.99,0.0
515234,3,118,3,88.99,0.0
515235,1,135,1,121.99,0.0
515236,1,121,2,228.99,0.0
515236,2,123,1,84.99,0.0
515236,3,108,1,278.99,0.0
515236,4,114,1,138.99,0.0
515236,5,136,1,28.99,0.0
515237,1,127,3,58.99,0.0
515237,2,101,3,288.99,0.0
515237,3,123,2,84.99,0.0
515237,4,105,2,118.99,0.0
515238,1,123,3,79.99,0.0
515239,1,111,1,45.99,0.0
515240,1,121,1,186.99,0.0
515240,2,114,2,112.99,0.0
515241,1,129,2,44.99,0.0
515242,1,108,2,278.99,0.0
515243,1,112,1,178.99,0.0
515243,2,104,3,528.99,0.0
515244,1,130,3,18.99,0.0
515245,1,122,1,78.99,0.2
515246,1,133,2,118.99,0.0
515247,1,120,3,203.99,0.0
515247,2,124,1,47.99,0.0
515247,3,108,1,227.99,0.0
515248,1,128,1,26.99,0.0
515248,2,119,2,74.99,0.0
515249,1,111,1,39.99,0.0
515249,2,109,2,55.99,0.0
515250,1,127,2,58.99,0.0
515250,2,122,2,78.99,0.0
515250,3,102,1,418.99,0.0
515251,1,109,3,55.99,0.0
515252,1,108,1,278.99,0.0
515253,1,124,1,55.99,0.2
515253,2,125,2,29.99,0.2
515254,1,109,3,68.99,0.0
515255,1,121,2,216.99,0.0
515256,1,112,2,178.99,0.0
515256,2,123,2,84.99,0.0
515256,3,101,2,288.99,0.0
515256,4,119,1,78.99,0.0
515257,1,131,2,24.99,0.0
515257,2,134,1,238.99,0.0
515258,1,135,1,148.99,0.2
515258,2,122,1,78.99,0.2
515259,1,124,1,55.99,0.0
515259,2,123,3,79.99,0.0
515259,3,112,1,169.99,0.0
515260,1,120,2,235.99,0.0
515261,1,133,2,112.99,0.0
515262,1,124,3,58.99,0.0
515262,2,123,1,84.99,0.0
515263,1,121,1,216.99,0.3
515264,1,128,1,22.99,0.0
515265,1,124,3,47.99,0.0
515265,2,112,1,145.99,0.0
515266,1,118,1,71.99,0.0
515266,2,111,1,39.99,0.0
515266,3,112,1,145.99,0.0
515267,1,111,1,48.99,0.0
515268,1,112,1,178.99,0.1
515268,2,107,2,198.99,0.1
515268,3,121,1,228.99,0.1
515269,1,117,1,188.99,0.0
515270,1,134,1,238.99,0.1
515270,2,111,2,48.99,0.1
515271,1,114,1,138.99,0.1
515272,1,125,3,31.99,0.0
515273,1,115,3,38.99,0.0
515274,1,134,1,194.99,0.1
515274,2,133,1,96.99,0.1
515275,1,113,1,197.99,0.1
515275,2,119,1,74.99,0.1
515276,1,129,3,44.99,0.0
515276,2,104,2,528.99,0.0
515276,3,105,1,118.99,0.0
515277,1,114,3,112.99,0.0
515277,2,122,2,63.99,0.0
515278,1,111,2,39.99,0.2
515278,2,105,1,96.99,0.2
515278,3,113,2,170.99,0.2
515279,1,138,2,80.99,0.3
515280,1,101,2,273.99,0.1
515280,2,136,2,26.99,0.1
515280,3,130,1,17.99,0.1
515281,1,122,2,63.99,0.0
515282,1,110,1,80.99,0.3
515282,2,111,3,39.99,0.3
515282,3,122,2,63.99,0.3
515283,1,106,1,88.99,0.0
515284,1,117,1,178.99,0.1
515285,1,115,1,38.99,0.0
515285,2,123,1,84.99,0.0
515286,1,121,1,228.99,0.1
515287,1,129,1,41.99,0.0
515287,2,128,2,26.99,0.0
515287,3,108,1,264.99,0.0
515288,1,125,3,31.99,0.0
515288,2,122,2,78.99,0.0
515289,1,114,1,112.99,0.0
515290,1,131,1,24.99,0.2
515290,2,132,3,48.99,0.2
515291,1,122,2,74.99,0.0
515291,2,120,3,235.99,0.0
515291,3,138,1,93.99,0.0
515291,4,106,2,83.99,0.0
515292,1,106,1,88.99,0.0
515293,1,111,3,48.99,0.0
515293,2,123,1,84.99,0.0
515293,3,129,1,44.99,0.0
515293,4,125,1,31.99,0.0
515294,1,104,1,528.99,0.0
515295,1,134,1,226.99,0.0
515296,1,110,1,80.99,0.1
515296,2,118,3,71.99,0.1
515297,1,119,2,63.99,0.0
515297,2,129,1,35.99,0.0
515297,3,114,1,112.99,0.0
515297,4,107,2,162.99,0.0
515298,1,111,3,48.99,0.0
515299,1,118,1,83.99,0.3
515299,2,127,3,55.99,0.3
515299,3,124,1,55.99,0.3
515299,4,125,3,29.99,0.3
515300,1,119,2,74.99,0.0
515300,2,138,2,93.99,0.0
515300,3,126,3,74.99,0.0
515301,1,114,1,112.99,0.0
515301,2,104,1,432.99,0.0
515302,1,122,1,74.99,0.1
515303,1,119,1,74.99,0.0
515304,1,104,2,528.99,0.0
515305,1,122,1,74.99,0.3
515306,1,116,1,129.99,0.0
515307,1,109,2,68.99,0.0
515308,1,102,2,342.99,0.0
515309,1,131,2,24.99,0.1
515310,1,118,2,83.99,0.0
515310,2,120,1,235.99,0.0
515310,3,133,2,112.99,0.0
515311,1,119,1,78.99,0.2
515311,2,107,1,198.99,0.2
515311,3,132,1,48.99,0.2
515312,1,111,1,45.99,0.0
515313,1,127,1,58.99,0.0
515313,2,111,1,48.99,0.0
515314,1,137,1,32.99,0.0
515315,1,119,2,74.99,0.1
515315,2,116,2,150.99,0.1
515315,3,107,1,188.99,0.1
515316,1,123,3,79.99,0.0
515317,1,109,3,68.99,0.0
515318,1,102,1,342.99,0.0
515318,2,137,1,27.99,0.0
515319,1,125,3,31.99,0.0
515320,1,132,1,39.99,0.0
515320,2,124,1,47.99,0.0
515321,1,133,2,112.99,0.0
515321,2,123,3,79.99,0.0
515321,3,138,1,93.99,0.0
515322,1,101,1,288.99,0.0
515322,2,108,1,278.99,0.0
515323,1,134,2,238.99,0.0
515324,1,130,1,14.99,0.0
515324,2,114,3,112.99,0.0
515324,3,120,1,203.99,0.0
515325,1,118,1,88.99,0.2
515325,2,117,2,188.99,0.2
515325,3,125,1,31.99,0.2
515326,1,122,1,78.99,0.0
515326,2,137,2,34.99,0.0
515326,3,105,1,118.99,0.0
515327,1,113,1,197.99,0.0
515327,2,129,2,41.99,0.0
515328,1,121,1,216.99,0.0
515329,1,103,2,330.99,0.0
515329,2,122,1,74.99,0.0
515329,3,136,1,26.99,0.0
515330,1,106,1,88.99,0.0
515330,2,128,1,28.99,0.0
515331,1,118,2,88.99,0.2
515331,2,117,2,188.99,0.2
515331,3,136,2,28.99,0.2
515332,1,125,1,29.99,0.0
515333,1,108,1,278.99,0.3
515334,1,120,1,248.99,0.2
515335,1,125,1,31.99,0.0
515336,1,116,3,158.99,0.0
515337,1,137,2,34.99,0.1
515337,2,117,2,188.99,0.1
515337,3,131,3,24.99,0.1
515338,1,110,3,98.99,0.0
515339,1,107,1,198.99,0.0
515339,2,108,1,278.99,0.0
515339,3,115,1,38.99,0.0
515340,1,119,1,78.99,0.0
515340,2,112,2,178.99,0.0
515341,1,130,2,18.99,0.0
515342,1,117,1,153.99,0.0
515342,2,104,3,432.99,0.0
515343,1,105,1,96.99,0.0
515343,2,130,1,14.99,0.0
515344,1,115,1,38.99,0.0
515344,2,112,2,178.99,0.0
515344,3,132,1,48.99,0.0
515345,1,123,1,68.99,0.0
515345,2,113,2,170.99,0.0
515346,1,124,1,58.99,0.1
515346,2,118,2,88.99,0.1
515346,3,115,1,38.99,0.1
515346,4,110,1,98.99,0.1
515346,5,117,3,188.99,0.1
515347,1,125,2,29.99,0.0
515347,2,116,1,150.99,0.0
515347,3,133,2,112.99,0.0
515348,1,108,2,278.99,0.0
515348,2,126,1,78.99,0.0
515349,1,131,2,19.99,0.1
515349,2,114,1,112.99,0.1
515349,3,109,1,55.99,0.1
515350,1,124,2,55.99,0.0
515351,1,129,3,44.99,0.0
515351,2,119,2,78.99,0.0
515351,3,128,2,28.99,0.0
515352,1,123,2,84.99,0.0
515353,1,103,3,330.99,0.0
515354,1,134,2,238.99,0.2
515355,1,116,1,150.99,0.3
515356,1,134,2,226.99,0.0
515356,2,106,1,83.99,0.0
515356,3,101,1,273.99,0.0
515356,4,127,1,55.99,0.0
515357,1,124,3,58.99,0.0
515357,2,102,2,418.99,0.0
515357,3,134,1,238.99,0.0
515358,1,136,2,26.99,0.2
515358,2,137,3,32.99,0.2
515358,3,119,2,74.99,0.2
515358,4,124,1,55.99,0.2
515359,1,125,1,31.99,0.0
515359,2,108,1,278.99,0.0
515359,3,116,3,158.99,0.0
515360,1,129,1,41.99,0.0
515360,2,119,2,74.99,0.0
515361,1,105,1,118.99,0.0
515361,2,113,1,208.99,0.0
515361,3,122,2,78.99,0.0
515361,4,118,1,88.99,0.0
515362,1,104,1,501.99,0.2
515363,1,124,1,58.99,0.0
515363,2,109,1,68.99,0.0
515363,3,115,1,38.99,0.0
515364,1,119,3,78.99,0.0
515365,1,110,1,93.99,0.2
515365,2,130,1,17.99,0.2
515366,1,108,1,227.99,0.0
515367,1,119,1,78.99,0.0
515368,1,114,1,131.99,0.0
515369,1,134,1,226.99,0.0
515369,2,118,1,83.99,0.0
515370,1,123,2,79.99,0.0
515371,1,124,2,47.99,0.0
515372,1,107,1,198.99,0.2
515373,1,126,1,74.99,0.0
515374,1,119,2,74.99,0.0
515375,1,109,3,68.99,0.1
515375,2,115,2,38.99,0.1
515376,1,138,2,80.99,0.3
515377,1,118,1,83.99,0.0
515378,1,106,1,71.99,0.1
515378,2,121,2,186.99,0.1
515379,1,116,1,158.99,0.0
515380,1,106,1,83.99,0.0
515380,2,130,2,17.99,0.0
515380,3,135,1,140.99,0.0
515380,4,137,2,32.99,0.0
515381,1,134,2,238.99,0.1
515381,2,110,2,98.99,0.1
515382,1,130,2,17.99,0.1
515382,2,108,1,264.99,0.1
515382,3,113,1,197.99,0.1
515383,1,137,1,32.99,0.0
515384,1,117,3,178.99,0.0
515384,2,109,2,64.99,0.0
515384,3,116,1,150.99,0.0
515385,1,111,2,39.99,0.0
515386,1,126,1,78.99,0.0
515387,1,123,2,84.99,0.1
515388,1,123,1,79.99,0.0
515388,2,119,1,74.99,0.0
515389,1,120,1,235.99,0.0
515389,2,105,1,112.99,0.0
515389,3,107,1,188.99,0.0
515390,1,112,1,169.99,0.0
515390,2,137,2,32.99,0.0
515391,1,109,1,68.99,0.1
515391,2,107,1,198.99,0.1
515391,3,115,1,38.99,0.1
515391,4,101,2,288.99,0.1
515391,5,121,2,228.99,0.1
515392,1,134,3,238.99,0.0
515393,1,117,2,178.99,0.0
515393,2,127,2,55.99,0.0
515394,1,107,2,198.99,0.2
515395,1,115,1,36.99,0.0
515395,2,138,1,93.99,0.0
515395,3,106,1,83.99,0.0
515395,4,123,2,79.99,0.0
515396,1,135,2,148.99,0.0
515396,2,123,1,84.99,0.0
515397,1,113,1,208.99,0.0
515398,1,125,1,25.99,0.1
515398,2,123,1,68.99,0.1
515399,1,126,1,78.99,0.0
515399,2,107,2,198.99,0.0
515400,1,131,3,19.99,0.1
515401,1,106,1,88.99,0.0
515402,1,107,2,188.99,0.2
515403,1,137,1,32.99,0.0
515403,2,117,2,178.99,0.0
515404,1,132,1,48.99,0.0
515404,2,118,1,88.99,0.0
515404,3,136,1,28.99,0.0
515404,4,106,2,88.99,0.0
515404,5,115,2,38.99,0.0
515405,1,105,1,112.99,0.0
515405,2,113,1,197.99,0.0
515405,3,108,2,264.99,0.0
515405,4,109,1,64.99,0.0
515406,1,130,1,14.99,0.0
515406,2,123,1,68.99,0.0
515407,1,121,1,186.99,0.1
515408,1,131,2,22.99,0.0
515409,1,129,2,44.99,0.0
515410,1,126,1,78.99,0.0
515411,1,120,3,248.99,0.0
515411,2,102,1,418.99,0.0
515411,3,117,1,188.99,0.0
515411,4,114,1,138.99,0.0
515412,1,101,3,288.99,0.0
515412,2,124,1,58.99,0.0
515412,3,109,1,68.99,0.0
515412,4,136,2,28.99,0.0
515413,1,110,1,98.99,0.3
515413,2,122,1,78.99,0.3
515414,1,123,1,68.99,0.1
515415,1,129,1,44.99,0.0
515416,1,120,1,235.99,0.1
515417,1,119,2,63.99,0.0
515418,1,126,2,78.99,0.2
515418,2,138,1,98.99,0.2
515419,1,127,1,47.99,0.0
515419,2,111,2,39.99,0.0
515419,3,120,1,203.99,0.0
515419,4,118,2,71.99,0.0
515419,5,122,1,63.99,0.0
515420,1,119,1,78.99,0.0
515420,2,105,1,118.99,0.0
515420,3,103,2,348.99,0.0
515421,1,128,1,26.99,0.3
515422,1,104,3,528.99,0.0
515423,1,125,1,31.99,0.1
515423,2,116,2,158.99,0.1
515424,1,111,1,48.99,0.0
515425,1,120,1,248.99,0.0
515425,2,106,1,88.99,0.0
515426,1,125,3,31.99,0.2
515426,2,121,1,228.99,0.2
515427,1,125,2,29.99,0.0
515428,1,112,1,178.99,0.0
515428,2,117,2,188.99,0.0
515429,1,109,3,55.99,0.0
515430,1,119,1,63.99,0.0
515431,1,126,2,74.99,0.2
515432,1,138,3,98.99,0.0
515432,2,116,1,158.99,0.0
515432,3,121,1,228.99,0.0
515432,4,132,1,48.99,0.0
515433,1,106,1,88.99,0.0
515433,2,120,2,248.99,0.0
515434,1,132,1,39.99,0.0
515435,1,132,1,45.99,0.1
515436,1,114,2,138.99,0.0
515436,2,103,2,348.99,0.0
515436,3,119,1,78.99,0.0
515436,4,124,1,58.99,0.0
515437,1,113,1,208.99,0.2
515438,1,113,1,197.99,0.1
515438,2,118,1,83.99,0.1
515438,3,106,2,83.99,0.1
515439,1,123,1,84.99,0.2
515440,1,104,2,528.99,0.0
515440,2,107,1,198.99,0.0
515440,3,114,2,138.99,0.0
515441,1,138,2,93.99,0.0
515442,1,109,1,68.99,0.0
515442,2,137,3,34.99,0.0
515443,1,110,1,93.99,0.0
515443,2,137,1,32.99,0.0
515443,3,125,1,29.99,0.0
515443,4,127,3,55.99,0.0
515443,5,112,1,169.99,0.0
515444,1,133,1,118.99,0.1
515444,2,118,1,88.99,0.1
515445,1,125,2,31.99,0.2
515446,1,122,1,74.99,0.3
515447,1,118,2,88.99,0.2
515448,1,115,1,38.99,0.2
515448,2,119,1,78.99,0.2
515449,1,133,1,118.99,0.1
515449,2,132,3,48.99,0.1
515449,3,122,1,78.99,0.1
515450,1,107,2,198.99,0.0
515450,2,124,3,58.99,0.0
515450,3,121,1,228.99,0.0
515451,1,102,3,397.99,0.0
515451,2,117,1,178.99,0.0
515452,1,127,2,58.99,0.1
515452,2,102,1,418.99,0.1
515453,1,115,1,36.99,0.0
515454,1,122,1,78.99,0.3
515455,1,122,1,78.99,0.0
515456,1,127,1,58.99,0.2
515457,1,125,2,31.99,0.0
515457,2,111,1,48.99,0.0
515457,3,122,1,78.99,0.0
515457,4,123,1,84.99,0.0
515457,5,115,3,38.99,0.0
515458,1,129,2,44.99,0.0
515458,2,113,2,208.99,0.0
515459,1,124,1,58.99,0.0
515460,1,116,1,158.99,0.0
515461,1,119,1,74.99,0.0
515462,1,133,1,118.99,0.0
515463,1,102,3,418.99,0.0
515464,1,124,1,55.99,0.0
515465,1,108,1,227.99,0.0
515465,2,122,2,63.99,0.0
515465,3,119,3,63.99,0.0
515466,1,115,1,30.99,0.2
515467,1,113,1,197.99,0.1
515468,1,106,1,83.99,0.0
515468,2,126,1,74.99,0.0
515468,3,117,2,178.99,0.0
515469,1,137,1,34.99,0.3
515469,2,118,2,88.99,0.3
515470,1,118,3,88.99,0.0
515471,1,119,1,74.99,0.0
515471,2,106,2,83.99,0.0
515472,1,114,2,131.99,0.0
515472,2,116,1,150.99,0.0
515472,3,119,1,74.99,0.0
515472,4,117,1,178.99,0.0
515473,1,119,3,78.99,0.0
515473,2,122,2,78.99,0.0
515473,3,102,1,418.99,0.0
515473,4,110,2,98.99,0.0
515473,5,130,1,18.99,0.0
515474,1,122,3,78.99,0.0
515474,2,116,1,158.99,0.0
515475,1,124,1,47.99,0.0
515476,1,129,1,41.99,0.1
515477,1,124,1,58.99,0.0
515478,1,112,2,178.99,0.0
515479,1,130,2,17.99,0.0
515479,2,119,3,74.99,0.0
515479,3,116,2,150.99,0.0
515480,1,106,1,71.99,0.1
515480,2,116,1,129.99,0.1
515481,1,135,1,140.99,0.2
515481,2,137,3,32.99,0.2
515482,1,120,1,235.99,0.0
515483,1,117,1,188.99,0.2
515484,1,125,2,31.99,0.0
515485,1,132,1,39.99,0.0
515486,1,138,1,98.99,0.0
515487,1,121,1,216.99,0.0
515487,2,120,3,235.99,0.0
515488,1,106,1,83.99,0.3
515488,2,134,3,226.99,0.3
515489,1,124,1,58.99,0.0
515489,2,133,1,118.99,0.0
515489,3,121,1,228.99,0.0
515490,1,117,2,153.99,0.0
515490,2,118,1,71.99,0.0
515490,3,135,2,121.99,0.0
515490,4,136,2,22.99,0.0
515491,1,115,1,38.99,0.0
515492,1,112,1,145.99,0.1
515493,1,108,1,278.99,0.1
515494,1,118,1,88.99,0.2
515494,2,128,2,28.99,0.2
515494,3,130,2,18.99,0.2
515494,4,120,3,248.99,0.2
515495,1,107,1,162.99,0.0
515496,1,121,2,228.99,0.0
515496,2,130,1,18.99,0.0
515497,1,130,1,18.99,0.0
515497,2,102,1,418.99,0.0
515497,3,112,1,178.99,0.0
515497,4,107,2,198.99,0.0
515497,5,136,1,28.99,0.0
515498,1,132,2,45.99,0.0
515499,1,101,1,288.99,0.0
515500,1,122,1,74.99,0.2
515500,2,134,1,226.99,0.2
515500,3,125,1,29.99,0.2
515500,4,116,2,150.99,0.2
515500,5,133,2,112.99,0.2
515501,1,127,1,58.99,0.2
515502,1,136,1,26.99,0.0
515502,2,115,1,36.99,0.0
515503,1,129,2,44.99,0.0
515504,1,117,1,188.99,0.1
515504,2,105,1,118.99,0.1
515505,1,132,1,48.99,0.0
515505,2,119,1,78.99,0.0
515505,3,134,1,238.99,0.0
515505,4,111,1,48.99,0.0
515506,1,110,1,93.99,0.1
515506,2,122,1,74.99,0.1
515506,3,118,2,83.99,0.1
515507,1,118,2,88.99,0.0
515508,1,130,2,14.99,0.0
515509,1,116,1,129.99,0.1
515510,1,123,1,79.99,0.0
515511,1,119,1,63.99,0.0
515511,2,108,1,227.99,0.0
515512,1,112,1,178.99,0.0
515513,1,123,1,84.99,0.2
515513,2,115,2,38.99,0.2
515513,3,105,1,118.99,0.2
515514,1,121,1,228.99,0.0
515514,2,136,1,28.99,0.0
515514,3,117,1,188.99,0.0
515514,4,119,1,78.99,0.0
515515,1,121,1,186.99,0.0
515515,2,136,3,22.99,0.0
515516,1,111,1,39.99,0.0
515517,1,132,1,45.99,0.0
515518,1,102,1,418.99,0.0
515518,2,136,1,28.99,0.0
515518,3,120,1,248.99,0.0
515519,1,121,1,228.99,0.0
515520,1,131,2,19.99,0.0
515521,1,118,2,88.99,0.0
515522,1,112,1,169.99,0.0
515522,2,117,1,178.99,0.0
515522,3,127,1,55.99,0.0
515523,1,101,2,235.99,0.0
515523,2,111,1,39.99,0.0
515524,1,130,1,18.99,0.1
515524,2,104,2,528.99,0.1
515525,1,108,1,227.99,0.3
515525,2,105,2,96.99,0.3
515526,1,123,2,84.99,0.0
515526,2,134,2,238.99,0.0
515526,3,119,1,78.99,0.0
515526,4,106,1,88.99,0.0
515527,1,105,1,118.99,0.0
515527,2,116,1,158.99,0.0
515528,1,126,1,78.99,0.0
515529,1,124,2,47.99,0.0
515530,1,109,1,55.99,0.0
515531,1,112,3,178.99,0.0
515531,2,106,1,88.99,0.0
515531,3,134,1,238.99,0.0
515532,1,130,2,17.99,0.2
515533,1,111,3,48.99,0.0
515534,1,134,3,238.99,0.0
515535,1,110,2,98.99,0.0
515535,2,113,1,208.99,0.0
515535,3,118,1,88.99,0.0
515536,1,123,3,84.99,0.1
515536,2,127,1,58.99,0.1
515537,1,106,2,88.99,0.0
515537,2,122,2,78.99,0.0
515537,3,121,1,228.99,0.0
515538,1,113,1,170.99,0.0
515538,2,118,3,71.99,0.0
515538,3,125,1,25.99,0.0
515538,4,105,1,96.99,0.0
515539,1,126,1,78.99,0.0
515539,2,112,1,178.99,0.0
515539,3,134,1,238.99,0.0
515540,1,115,1,38.99,0.0
515541,1,111,1,39.99,0.0
515542,1,114,2,112.99,0.0
515543,1,129,3,44.99,0.1
515544,1,124,2,47.99,0.1
515544,2,120,1,203.99,0.1
515545,1,135,1,121.99,0.0
515545,2,102,2,342.99,0.0
515545,3,119,3,63.99,0.0
515545,4,110,1,80.99,0.0
515546,1,123,1,84.99,0.0
515547,1,119,2,74.99,0.2
515547,2,101,2,273.99,0.2
515547,3,109,1,64.99,0.2
515548,1,124,2,58.99,0.2
515548,2,132,2,48.99,0.2
515548,3,120,1,248.99,0.2
515549,1,134,2,238.99,0.0
515549,2,112,1,178.99,0.0
515550,1,116,3,158.99,0.1
515551,1,132,2,39.99,0.3
515552,1,122,1,78.99,0.0
515553,1,113,1,208.99,0.1
515553,2,120,1,248.99,0.1
515554,1,119,1,63.99,0.2
515555,1,121,1,216.99,0.0
515556,1,103,2,285.99,0.0
515557,1,127,1,58.99,0.0
515558,1,112,3,178.99,0.2
515558,2,119,3,78.99,0.2
515559,1,117,1,188.99,0.0
515560,1,112,1,178.99,0.0
515560,2,129,2,44.99,0.0
515560,3,101,3,288.99,0.0
515561,1,129,2,41.99,0.0
515561,2,123,1,79.99,0.0
515561,3,110,1,93.99,0.0
515561,4,121,1,216.99,0.0
515562,1,122,1,78.99,0.0
515563,1,133,2,112.99,0.0
515564,1,122,2,74.99,0.0
515565,1,121,1,216.99,0.0
515565,2,105,1,112.99,0.0
515566,1,114,1,138.99,0.0
515566,2,136,1,28.99,0.0
515567,1,136,1,26.99,0.0
515568,1,125,1,31.99,0.0
515569,1,108,1,278.99,0.0
515570,1,138,2,98.99,0.0
515571,1,102,1,418.99,0.0
515572,1,118,3,88.99,0.0
515572,2,125,1,31.99,0.0
515573,1,122,1,74.99,0.0
515574,1,121,1,216.99,0.0
515575,1,133,3,112.99,0.0
515576,1,138,1,93.99,0.0
515577,1,113,1,208.99,0.0
515577,2,122,2,78.99,0.0
515577,3,123,1,84.99,0.0
515578,1,129,1,44.99,0.0
515578,2,116,2,158.99,0.0
515578,3,119,2,78.99,0.0
515579,1,120,3,203.99,0.0
515579,2,135,1,121.99,0.0
515579,3,110,1,80.99,0.0
515580,1,135,1,121.99,0.0
515581,1,104,3,528.99,0.1
515581,2,118,3,88.99,0.1
515582,1,114,1,138.99,0.0
515583,1,115,1,36.99,0.2
515583,2,114,1,131.99,0.2
515584,1,129,2,35.99,0.2
515585,1,122,2,78.99,0.0
515585,2,114,2,138.99,0.0
515586,1,125,2,29.99,0.0
515587,1,120,2,235.99,0.0
515587,2,110,1,93.99,0.0
515587,3,111,1,45.99,0.0
515587,4,109,1,64.99,0.0
515587,5,112,1,169.99,0.0
515588,1,116,1,129.99,0.1
515588,2,134,2,194.99,0.1
515589,1,113,2,170.99,0.1
515590,1,107,2,188.99,0.0
515590,2,120,3,235.99,0.0
515591,1,117,1,188.99,0.0
515592,1,112,2,169.99,0.0
515593,1,116,1,158.99,0.0
515594,1,121,2,216.99,0.1
515595,1,126,1,74.99,0.0
515596,1,118,1,88.99,0.0
515597,1,124,1,58.99,0.2
515597,2,134,1,238.99,0.2
515598,1,108,2,278.99,0.2
515599,1,129,1,44.99,0.0
515599,2,114,1,138.99,0.0
515600,1,126,1,74.99,0.1
515601,1,112,2,178.99,0.2
515601,2,110,3,98.99,0.2
515602,1,134,1,194.99,0.0
515603,1,106,2,88.99,0.0
515603,2,118,1,88.99,0.0
515603,3,130,3,18.99,0.0
515604,1,115,1,36.99,0.0
515605,1,113,2,208.99,0.0
515605,2,114,1,138.99,0.0
515606,1,118,1,83.99,0.0
515607,1,137,2,34.99,0.0
515607,2,104,2,528.99,0.0
515608,1,108,1,278.99,0.0
515608,2,117,2,188.99,0.0
515608,3,116,1,158.99,0.0
515608,4,120,2,248.99,0.0
515609,1,125,1,25.99,0.2
515610,1,108,1,264.99,0.0
515610,2,112,3,169.99,0.0
515610,3,124,1,55.99,0.0
515610,4,118,3,83.99,0.0
515611,1,130,3,18.99,0.0
515611,2,120,1,248.99,0.0
515612,1,120,1,235.99,0.0
515612,2,123,3,79.99,0.0
515613,1,120,3,248.99,0.0
515613,2,121,1,228.99,0.0
515613,3,113,1,208.99,0.0
515614,1,138,1,98.99,0.0
515615,1,109,1,55.99,0.0
515616,1,115,2,38.99,0.0
515617,1,118,2,83.99,0.1
515617,2,108,3,264.99,0.1
515618,1,107,1,198.99,0.0
515619,1,106,2,83.99,0.0
515619,2,113,1,197.99,0.0
515619,3,114,1,131.99,0.0
515620,1,104,1,501.99,0.3
515621,1,111,3,39.99,0.0
515622,1,118,1,83.99,0.1
515623,1,106,1,71.99,0.2
515623,2,124,1,47.99,0.2
515624,1,121,1,216.99,0.1
515625,1,125,1,29.99,0.0
515625,2,124,1,55.99,0.0
515626,1,117,1,188.99,0.0
515627,1,121,1,228.99,0.0
515628,1,117,2,153.99,0.0
515629,1,127,1,55.99,0.0
515629,2,110,1,93.99,0.0
515629,3,115,2,36.99,0.0
515630,1,101,1,288.99,0.0
515630,2,102,1,418.99,0.0
515631,1,124,1,47.99,0.0
515631,2,104,2,432.99,0.0
515631,3,137,1,27.99,0.0
515632,1,138,1,98.99,0.0
515633,1,129,2,35.99,0.0
515634,1,101,3,288.99,0.0
515635,1,137,3,27.99,0.0
515636,1,135,3,140.99,0.0
515637,1,117,2,188.99,0.0
515637,2,134,3,238.99,0.0
515638,1,109,3,68.99,0.0
515638,2,117,1,188.99,0.0
515638,3,106,1,88.99,0.0
515638,4,115,2,38.99,0.0
515639,1,101,3,273.99,0.0
515640,1,131,1,19.99,0.0
515641,1,125,1,29.99,0.0
515641,2,103,1,330.99,0.0
515642,1,119,1,78.99,0.1
515642,2,128,1,28.99,0.1
515643,1,130,1,18.99,0.0
515643,2,128,1,28.99,0.0
515644,1,120,3,248.99,0.1
515644,2,107,1,198.99,0.1
515644,3,124,1,58.99,0.1
515644,4,110,3,98.99,0.1
515645,1,118,3,88.99,0.2
515645,2,128,2,28.99,0.2
515646,1,106,3,71.99,0.0
515646,2,120,2,203.99,0.0
515647,1,113,2,208.99,0.0
515647,2,126,1,78.99,0.0
515648,1,115,2,38.99,0.0
515649,1,123,1,68.99,0.2
515649,2,104,2,432.99,0.2
515650,1,118,1,88.99,0.0
515650,2,110,1,98.99,0.0
515650,3,134,3,238.99,0.0
515651,1,132,1,45.99,0.0
515652,1,123,2,84.99,0.0
515652,2,111,1,48.99,0.0
515653,1,117,3,153.99,0.0
515654,1,116,1,150.99,0.1
515655,1,128,1,28.99,0.0
515656,1,133,1,118.99,0.0
515657,1,133,2,96.99,0.0
515658,1,118,1,88.99,0.0
515658,2,125,1,31.99,0.0
515659,1,108,1,264.99,0.2
515659,2,114,1,131.99,0.2
515660,1,109,1,64.99,0.1
515661,1,126,2,78.99,0.0
515661,2,125,2,31.99,0.0
515661,3,136,1,28.99,0.0
515662,1,107,1,198.99,0.3
515662,2,117,1,188.99,0.3
515662,3,121,1,228.99,0.3
515662,4,120,1,248.99,0.3
515663,1,118,2,88.99,0.0
515663,2,125,3,31.99,0.0
515664,1,113,2,208.99,0.0
515664,2,131,1,24.99,0.0
515664,3,114,3,138.99,0.0
515665,1,137,2,34.99,0.1
515665,2,105,1,118.99,0.1
515666,1,119,2,63.99,0.0
515667,1,130,1,18.99,0.0
515667,2,121,3,228.99,0.0
515667,3,112,3,178.99,0.0
515668,1,102,1,418.99,0.1
515668,2,101,2,288.99,0.1
515668,3,137,1,34.99,0.1
515669,1,136,3,28.99,0.0
515670,1,106,2,88.99,0.1
515671,1,110,2,98.99,0.2
515672,1,124,1,47.99,0.0
515673,1,109,1,68.99,0.0
515674,1,125,3,29.99,0.0
515675,1,110,1,80.99,0.1
515675,2,127,3,47.99,0.1
515676,1,113,1,197.99,0.0
515677,1,119,1,78.99,0.0
515678,1,120,1,203.99,0.2
515678,2,119,3,63.99,0.2
515679,1,130,1,14.99,0.0
515680,1,111,1,48.99,0.0
515680,2,123,1,84.99,0.0
515681,1,109,2,55.99,0.0
515681,2,125,3,25.99,0.0
515682,1,108,1,264.99,0.1
515682,2,116,2,150.99,0.1
515683,1,132,2,48.99,0.0
515683,2,133,2,118.99,0.0
515683,3,126,1,78.99,0.0
515684,1,108,2,278.99,0.0
515685,1,125,1,31.99,0.0
515685,2,109,3,68.99,0.0
515686,1,123,3,84.99,0.0
515687,1,111,1,45.99,0.1
515687,2,120,1,235.99,0.1
515687,3,113,2,197.99,0.1
515688,1,108,3,278.99,0.0
515689,1,117,1,188.99,0.0
515689,2,135,1,148.99,0.0
515690,1,119,3,78.99,0.0
515691,1,103,1,348.99,0.0
515691,2,136,1,28.99,0.0
515692,1,105,1,96.99,0.0
515693,1,133,2,112.99,0.0
515694,1,133,1,112.99,0.0
515695,1,133,1,112.99,0.0
515696,1,106,2,88.99,0.1
515697,1,127,2,58.99,0.0
515697,2,111,2,48.99,0.0
515698,1,125,1,31.99,0.0
515698,2,124,1,58.99,0.0
515698,3,112,1,178.99,0.0
515698,4,132,1,48.99,0.0
515699,1,123,1,84.99,0.0
515699,2,116,2,158.99,0.0
515699,3,115,2,38.99,0.0
515700,1,116,2,150.99,0.0
515700,2,103,1,330.99,0.0
515701,1,103,2,348.99,0.0
515701,2,129,2,44.99,0.0
515701,3,113,2,208.99,0.0
515702,1,112,2,178.99,0.0
515703,1,124,1,55.99,0.0
515704,1,103,1,330.99,0.0
515704,2,106,1,83.99,0.0
515705,1,116,1,158.99,0.1
515706,1,101,1,235.99,0.1
515706,2,119,1,63.99,0.1
515706,3,113,1,170.99,0.1
515707,1,130,2,18.99,0.0
515707,2,124,1,58.99,0.0
515707,3,127,3,58.99,0.0
515708,1,112,1,178.99,0.0
515709,1,115,3,36.99,0.0
515709,2,121,1,216.99,0.0
515709,3,127,1,55.99,0.0
515710,1,107,2,188.99,0.0
515711,1,108,1,264.99,0.0
515711,2,105,1,112.99,0.0
515712,1,131,1,24.99,0.1
515713,1,110,1,80.99,0.0
515714,1,106,1,83.99,0.1
515715,1,116,1,158.99,0.0
515715,2,120,1,248.99,0.0
515715,3,136,1,28.99,0.0
515715,4,130,1,18.99,0.0
515716,1,118,1,71.99,0.0
515717,1,123,1,79.99,0.0
515718,1,133,1,118.99,0.2
515719,1,119,1,78.99,0.0
515720,1,133,1,118.99,0.0
515721,1,115,1,36.99,0.0
515722,1,102,2,418.99,0.0
515723,1,121,1,186.99,0.0
515724,1,122,1,78.99,0.0
515724,2,132,1,48.99,0.0
515724,3,116,1,158.99,0.0
515725,1,115,2,30.99,0.0
515726,1,114,3,138.99,0.1
515726,2,118,2,88.99,0.1
515727,1,119,2,63.99,0.0
515727,2,111,2,39.99,0.0
515727,3,130,2,14.99,0.0
515728,1,121,2,228.99,0.0
515728,2,122,3,78.99,0.0
515729,1,110,1,93.99,0.1
515729,2,124,3,55.99,0.1
515730,1,122,1,78.99,0.0
515731,1,133,1,112.99,0.0
515731,2,122,1,74.99,0.0
515731,3,125,1,29.99,0.0
515731,4,115,2,36.99,0.0
515732,1,108,2,227.99,0.3
515732,2,130,1,14.99,0.3
515733,1,121,1,228.99,0.0
515733,2,132,2,48.99,0.0
515734,1,113,2,208.99,0.0
515734,2,128,1,28.99,0.0
515735,1,133,1,96.99,0.1
515736,1,130,1,17.99,0.2
515736,2,129,1,41.99,0.2
515736,3,111,1,45.99,0.2
515737,1,114,1,138.99,0.0
515738,1,119,1,78.99,0.0
515738,2,130,3,18.99,0.0
515738,3,105,1,118.99,0.0
515739,1,135,3,148.99,0.0
515739,2,116,3,158.99,0.0
515739,3,136,1,28.99,0.0
515740,1,109,1,64.99,0.1
515741,1,122,1,78.99,0.2
515741,2,131,1,24.99,0.2
515742,1,138,2,98.99,0.0
515742,2,131,1,24.99,0.0
515743,1,117,1,188.99,0.1
515743,2,122,2,78.99,0.1
515744,1,123,1,84.99,0.1
515744,2,116,1,158.99,0.1
515745,1,121,3,216.99,0.0
515745,2,130,1,17.99,0.0
515745,3,124,2,55.99,0.0
515746,1,138,1,98.99,0.0
515747,1,124,3,58.99,0.0
515748,1,116,1,158.99,0.0
515748,2,137,3,34.99,0.0
515748,3,109,1,68.99,0.0
515749,1,108,1,278.99,0.0
515749,2,133,1,118.99,0.0
515749,3,102,2,418.99,0.0
515749,4,125,2,31.99,0.0
515750,1,103,1,348.99,0.0
515750,2,104,1,528.99,0.0
515751,1,114,1,131.99,0.1
515751,2,127,1,55.99,0.1
515752,1,114,1,112.99,0.0
515753,1,121,2,216.99,0.0
515753,2,136,1,26.99,0.0
515754,1,102,1,342.99,0.0
515754,2,134,1,194.99,0.0
515755,1,110,1,80.99,0.0
515755,2,109,1,55.99,0.0
515756,1,129,2,44.99,0.0
515757,1,104,2,528.99,0.0
515758,1,133,3,96.99,0.0
515758,2,112,3,145.99,0.0
515759,1,118,2,88.99,0.0
515759,2,130,1,18.99,0.0
515759,3,125,2,31.99,0.0
515759,4,122,1,78.99,0.0
515760,1,110,1,98.99,0.2
515761,1,111,3,48.99,0.0
515762,1,129,1,44.99,0.2
515763,1,103,2,348.99,0.0
515764,1,120,1,235.99,0.0
515765,1,103,2,348.99,0.2
515765,2,123,2,84.99,0.2
515766,1,116,1,150.99,0.3
515766,2,101,1,273.99,0.3
515767,1,128,1,26.99,0.1
515767,2,105,1,112.99,0.1
515768,1,125,2,31.99,0.0
515768,2,104,1,528.99,0.0
515769,1,122,1,78.99,0.0
515769,2,116,1,158.99,0.0
515770,1,122,3,78.99,0.2
515771,1,118,1,88.99,0.0
515772,1,136,1,28.99,0.2
515773,1,111,2,48.99,0.0
515774,1,118,2,88.99,0.0
515775,1,116,3,158.99,0.0
515775,2,119,1,78.99,0.0
515776,1,115,1,38.99,0.0
515777,1,110,1,93.99,0.0
515778,1,109,1,68.99,0.0
515779,1,130,1,18.99,0.0
515780,1,128,1,26.99,0.1
515780,2,132,1,45.99,0.1
515781,1,115,1,38.99,0.0
515781,2,120,2,248.99,0.0
515782,1,119,1,78.99,0.0
515783,1,133,1,112.99,0.0
515784,1,101,3,273.99,0.0
515785,1,131,2,19.99,0.0
515785,2,108,1,227.99,0.0
515786,1,126,3,78.99,0.3
515787,1,122,2,78.99,0.0
515787,2,104,1,528.99,0.0
515788,1,126,3,78.99,0.0
515789,1,138,1,98.99,0.3
515790,1,125,2,31.99,0.0
515790,2,123,2,84.99,0.0
515791,1,106,1,88.99,0.1
515792,1,133,3,96.99,0.0
515792,2,114,2,112.99,0.0
515792,3,111,2,39.99,0.0
515793,1,116,3,150.99,0.0
515794,1,128,1,28.99,0.2
515794,2,116,3,158.99,0.2
515794,3,108,1,278.99,0.2
515795,1,121,1,186.99,0.0
515795,2,124,3,47.99,0.0
515795,3,135,2,121.99,0.0
515795,4,127,1,47.99,0.0
515796,1,120,3,248.99,0.0
515797,1,109,2,64.99,0.0
515798,1,121,2,228.99,0.0
515799,1,108,2,227.99,0.0
515799,2,116,1,129.99,0.0
515799,3,115,1,30.99,0.0
515799,4,103,3,285.99,0.0
515800,1,124,3,55.99,0.0
515801,1,127,2,55.99,0.1
515802,1,113,1,208.99,0.0
515803,1,138,2,93.99,0.1
515803,2,123,2,79.99,0.1
515803,3,122,1,74.99,0.1
515803,4,117,2,178.99,0.1
515804,1,122,3,74.99,0.0
515804,2,119,1,74.99,0.0
515805,1,118,1,83.99,0.0
515805,2,125,1,29.99,0.0
515806,1,122,1,74.99,0.0
515806,2,134,3,226.99,0.0
515806,3,110,1,93.99,0.0
515807,1,116,2,150.99,0.0
515807,2,118,1,83.99,0.0
515808,1,126,1,63.99,0.2
515809,1,114,1,131.99,0.0
515809,2,104,1,501.99,0.0
515809,3,132,1,45.99,0.0
515810,1,134,3,226.99,0.0
515811,1,106,3,88.99,0.1
515812,1,128,1,28.99,0.1
515812,2,102,1,418.99,0.1
515813,1,127,1,58.99,0.0
515814,1,126,1,78.99,0.0
515815,1,113,3,208.99,0.0
515816,1,138,2,98.99,0.3
515816,2,136,1,28.99,0.3
515817,1,125,3,29.99,0.1
515818,1,117,1,188.99,0.0
515819,1,116,1,158.99,0.1
515820,1,106,1,83.99,0.0
515821,1,116,3,129.99,0.2
515822,1,105,3,118.99,0.0
515823,1,117,1,153.99,0.2
515823,2,107,2,162.99,0.2
515823,3,114,1,112.99,0.2
515823,4,134,1,194.99,0.2
515824,1,120,1,203.99,0.0
515825,1,121,1,216.99,0.0
515826,1,107,1,198.99,0.1
515827,1,118,2,71.99,0.0
515827,2,121,1,186.99,0.0
515828,1,115,1,38.99,0.1
515828,2,107,1,198.99,0.1
515829,1,115,3,36.99,0.0
515829,2,119,1,74.99,0.0
515830,1,121,1,216.99,0.0
515830,2,107,3,188.99,0.0
515830,3,123,1,79.99,0.0
515830,4,110,1,93.99,0.0
515831,1,134,2,194.99,0.1
515831,2,119,1,63.99,0.1
515832,1,137,1,27.99,0.0
515832,2,121,1,186.99,0.0
515832,3,103,2,285.99,0.0
515833,1,130,1,14.99,0.2
515833,2,122,1,63.99,0.2
515834,1,121,1,186.99,0.3
515834,2,120,2,203.99,0.3
515835,1,115,1,38.99,0.0
515835,2,113,2,208.99,0.0
515836,1,114,2,138.99,0.0
515836,2,109,2,68.99,0.0
515837,1,136,1,26.99,0.1
515838,1,114,1,131.99,0.0
515839,1,126,1,74.99,0.0
515839,2,137,2,32.99,0.0
515840,1,108,2,227.99,0.0
515841,1,138,1,93.99,0.0
515842,1,133,1,118.99,0.0
515843,1,138,1,98.99,0.0
515844,1,106,2,71.99,0.0
515844,2,126,2,63.99,0.0
515845,1,106,1,83.99,0.0
515846,1,137,2,34.99,0.1
515846,2,105,2,118.99,0.1
515846,3,131,1,24.99,0.1
515847,1,120,1,203.99,0.0
515848,1,137,1,32.99,0.0
515848,2,110,1,93.99,0.0
515849,1,116,3,150.99,0.1
515850,1,118,1,88.99,0.0
515851,1,111,1,48.99,0.0
515851,2,122,2,78.99,0.0
515851,3,110,3,98.99,0.0
515851,4,103,2,348.99,0.0
515852,1,130,1,14.99,0.2
515853,1,120,1,203.99,0.0
515854,1,107,2,188.99,0.0
515854,2,120,2,235.99,0.0
515854,3,109,1,64.99,0.0
515855,1,119,2,78.99,0.2
515856,1,110,1,98.99,0.0
515857,1,117,1,188.99,0.0
515858,1,127,2,58.99,0.0
515859,1,115,1,38.99,0.0
515860,1,133,1,118.99,0.0
515861,1,104,1,501.99,0.1
515862,1,112,2,178.99,0.0
515862,2,121,1,228.99,0.0
515863,1,117,2,153.99,0.0
515864,1,124,2,55.99,0.2
515864,2,137,3,32.99,0.2
515864,3,119,2,74.99,0.2
515865,1,128,1,28.99,0.0
515866,1,117,3,178.99,0.1
515867,1,106,1,88.99,0.1
515868,1,116,1,158.99,0.3
515869,1,112,1,178.99,0.0
515870,1,133,1,112.99,0.0
515870,2,109,1,64.99,0.0
515871,1,117,2,153.99,0.1
515872,1,125,1,25.99,0.0
515872,2,138,1,80.99,0.0
515873,1,126,1,63.99,0.0
515873,2,115,1,30.99,0.0
515873,3,132,1,39.99,0.0
515873,4,135,2,121.99,0.0
515874,1,111,1,45.99,0.0
515874,2,116,1,150.99,0.0
515875,1,113,2,208.99,0.2
515875,2,108,3,278.99,0.2
515875,3,124,1,58.99,0.2
515876,1,134,1,226.99,0.0
515876,2,114,2,131.99,0.0
515877,1,138,2,93.99,0.1
515877,2,121,3,216.99,0.1
515878,1,122,1,74.99,0.0
515878,2,121,1,216.99,0.0
515879,1,114,1,131.99,0.0
515880,1,125,1,25.99,0.1
515881,1,124,1,58.99,0.0
515882,1,123,3,84.99,0.1
515882,2,119,2,78.99,0.1
515883,1,124,1,58.99,0.1
515884,1,130,1,14.99,0.0
515884,2,131,2,19.99,0.0
515885,1,137,2,34.99,0.1
515885,2,120,3,248.99,0.1
515885,3,116,2,158.99,0.1
515885,4,101,1,288.99,0.1
515886,1,113,2,170.99,0.0
515886,2,120,2,203.99,0.0
515887,1,112,1,145.99,0.0
515888,1,124,2,55.99,0.2
515888,2,101,1,273.99,0.2
515888,3,130,3,17.99,0.2
515888,4,125,1,29.99,0.2
515889,1,134,1,238.99,0.0
515889,2,121,1,228.99,0.0
515890,1,108,1,264.99,0.0
515890,2,111,2,45.99,0.0
515891,1,106,1,83.99,0.0
515892,1,124,1,58.99,0.0
515893,1,119,1,74.99,0.0
515893,2,135,1,140.99,0.0
515894,1,135,2,140.99,0.1
515894,2,124,1,55.99,0.1
515894,3,111,1,45.99,0.1
515894,4,120,3,235.99,0.1
515894,5,115,3,36.99,0.1
515895,1,121,1,228.99,0.0
515895,2,103,3,348.99,0.0
515896,1,108,3,278.99,0.0
515896,2,118,3,88.99,0.0
515897,1,124,2,47.99,0.0
515898,1,126,2,78.99,0.0
515899,1,114,2,112.99,0.0
515899,2,112,2,145.99,0.0
515899,3,106,1,71.99,0.0
515899,4,136,1,22.99,0.0
515899,5,131,2,19.99,0.0
515900,1,132,1,48.99,0.0
515901,1,119,1,74.99,0.1
515901,2,134,2,226.99,0.1
515901,3,133,1,112.99,0.1
515901,4,110,2,93.99,0.1
515902,1,138,1,98.99,0.0
515902,2,108,1,278.99,0.0
515903,1,126,1,78.99,0.0
515904,1,126,3,74.99,0.2
515904,2,113,3,197.99,0.2
515904,3,130,2,17.99,0.2
515905,1,136,2,22.99,0.1
515905,2,113,2,170.99,0.1
515905,3,117,3,153.99,0.1
515905,4,124,3,47.99,0.1
515905,5,110,1,80.99,0.1
515906,1,122,2,78.99,0.0
515906,2,125,2,31.99,0.0
515906,3,120,1,248.99,0.0
515906,4,101,2,288.99,0.0
515906,5,129,1,44.99,0.0
515907,1,118,1,71.99,0.0
515908,1,129,3,44.99,0.0
515909,1,134,1,238.99,0.1
515909,2,117,2,188.99,0.1
515909,3,119,1,78.99,0.1
515910,1,102,1,418.99,0.0
515911,1,128,1,22.99,0.2
515912,1,123,2,79.99,0.0
515912,2,115,2,36.99,0.0
515913,1,119,2,78.99,0.0
515913,2,116,2,158.99,0.0
515913,3,118,1,88.99,0.0
515913,4,126,1,78.99,0.0
515914,1,127,2,58.99,0.0
515914,2,136,2,28.99,0.0
515915,1,124,3,58.99,0.0
515916,1,117,1,188.99,0.1
515917,1,123,3,84.99,0.1
515918,1,132,1,48.99,0.0
515918,2,137,2,34.99,0.0
515919,1,134,3,194.99,0.2
515920,1,124,1,55.99,0.0
515921,1,127,2,58.99,0.1
515921,2,125,2,31.99,0.1
515921,3,107,3,198.99,0.1
515922,1,110,2,80.99,0.0
515922,2,102,1,342.99,0.0
515923,1,131,1,24.99,0.1
515923,2,107,1,198.99,0.1
515924,1,136,1,28.99,0.0
515924,2,116,1,158.99,0.0
515925,1,126,1,78.99,0.2
515925,2,135,1,148.99,0.2
515926,1,113,1,208.99,0.0
515927,1,122,2,78.99,0.0
515928,1,125,2,31.99,0.0
515929,1,124,1,58.99,0.0
515929,2,126,1,78.99,0.0
515930,1,110,3,98.99,0.1
515931,1,115,1,36.99,0.1
515932,1,110,2,80.99,0.0
515933,1,118,1,88.99,0.0
515934,1,127,1,58.99,0.0
515935,1,133,1,96.99,0.0
515935,2,111,1,39.99,0.0
515935,3,120,1,203.99,0.0
515936,1,129,1,41.99,0.0
515936,2,122,3,74.99,0.0
515937,1,106,3,88.99,0.0
515938,1,131,2,24.99,0.2
515938,2,111,3,48.99,0.2
515939,1,113,1,197.99,0.2
515939,2,102,1,397.99,0.2
515940,1,127,1,58.99,0.2
515940,2,122,2,78.99,0.2
515941,1,113,1,197.99,0.0
515941,2,124,1,55.99,0.0
515942,1,129,2,44.99,0.1
515942,2,115,1,38.99,0.1
515942,3,112,1,178.99,0.1
515943,1,132,1,48.99,0.2
515943,2,136,1,28.99,0.2
515944,1,127,1,55.99,0.0
515944,2,136,1,26.99,0.0
515945,1,125,1,31.99,0.0
515946,1,121,3,228.99,0.0
515947,1,116,2,158.99,0.2
515947,2,125,2,31.99,0.2
515947,3,129,3,44.99,0.2
515947,4,108,1,278.99,0.2
515948,1,111,1,39.99,0.0
515949,1,133,3,118.99,0.0
515950,1,124,1,55.99,0.0
515951,1,115,1,38.99,0.2
515952,1,105,1,112.99,0.0
515953,1,125,1,29.99,0.1
515954,1,123,2,84.99,0.0
515955,1,125,2,25.99,0.2
515955,2,126,2,63.99,0.2
515955,3,102,3,342.99,0.2
515956,1,123,1,68.99,0.1
515957,1,125,3,29.99,0.0
515958,1,124,1,58.99,0.2
515958,2,123,1,84.99,0.2
515959,1,121,1,186.99,0.0
515960,1,117,1,178.99,0.0
515960,2,108,1,264.99,0.0
515961,1,101,3,273.99,0.0
515962,1,118,1,88.99,0.3
515963,1,130,2,18.99,0.0
515963,2,123,3,84.99,0.0
515964,1,113,1,208.99,0.0
515965,1,115,2,38.99,0.1
515966,1,101,1,288.99,0.0
515966,2,107,2,198.99,0.0
515967,1,116,1,158.99,0.0
515968,1,130,1,18.99,0.0
515969,1,116,1,129.99,0.0
515970,1,125,2,29.99,0.0
515971,1,132,1,39.99,0.0
515971,2,133,2,96.99,0.0
515972,1,115,2,38.99,0.3
515972,2,123,1,84.99,0.3
515972,3,137,1,34.99,0.3
515972,4,109,1,68.99,0.3
515973,1,121,1,228.99,0.1
515974,1,101,1,288.99,0.0
515975,1,120,1,235.99,0.0
515976,1,133,2,96.99,0.0
515976,2,107,1,162.99,0.0
515976,3,132,1,39.99,0.0
515976,4,110,1,80.99,0.0
515977,1,133,3,118.99,0.2
515977,2,132,3,48.99,0.2
515978,1,122,1,78.99,0.3
515978,2,101,2,288.99,0.3
515979,1,124,1,47.99,0.2
515979,2,120,2,203.99,0.2
515979,3,114,1,112.99,0.2
515980,1,122,2,78.99,0.3
515980,2,138,2,98.99,0.3
515980,3,103,2,348.99,0.3
515981,1,124,2,47.99,0.0
515981,2,118,2,71.99,0.0
515981,3,121,1,186.99,0.0
515982,1,120,1,235.99,0.0
515983,1,122,2,74.99,0.0
515983,2,127,1,55.99,0.0
515984,1,131,1,22.99,0.0
515985,1,125,1,29.99,0.0
515986,1,119,1,63.99,0.0
515987,1,120,3,248.99,0.0
515987,2,138,1,98.99,0.0
515987,3,121,1,228.99,0.0
515987,4,115,1,38.99,0.0
515988,1,101,1,288.99,0.0
515989,1,120,1,235.99,0.0
515990,1,119,2,74.99,0.0
515990,2,107,1,188.99,0.0
515991,1,105,3,118.99,0.1
515992,1,107,2,198.99,0.0
515992,2,129,1,44.99,0.0
515992,3,115,2,38.99,0.0
515993,1,119,2,78.99,0.0
515993,2,134,2,238.99,0.0
515993,3,112,2,178.99,0.0
515994,1,112,2,178.99,0.0
515995,1,117,2,153.99,0.0
515996,1,127,2,55.99,0.0
515997,1,112,3,178.99,0.2
515997,2,101,3,288.99,0.2
515998,1,122,2,63.99,0.0
515998,2,114,3,112.99,0.0
515998,3,127,1,47.99,0.0
515999,1,110,1,93.99,0.0
515999,2,115,1,36.99,0.0
515999,3,111,1,45.99,0.0
516000,1,121,1,228.99,0.0
516000,2,135,2,148.99,0.0
516000,3,114,2,138.99,0.0
516000,4,113,2,208.99,0.0
516000,5,123,1,84.99,0.0
516001,1,105,1,96.99,0.0
516001,2,102,2,342.99,0.0
516001,3,112,1,145.99,0.0
516002,1,111,3,39.99,0.0
516003,1,117,1,188.99,0.0
516004,1,116,1,158.99,0.0
516004,2,115,2,38.99,0.0
516004,3,136,3,28.99,0.0
516004,4,102,1,418.99,0.0
516004,5,138,2,98.99,0.0
516005,1,130,1,17.99,0.1
516005,2,113,3,197.99,0.1
516006,1,117,1,153.99,0.0
516007,1,134,3,226.99,0.3
516008,1,118,1,88.99,0.0
516008,2,119,1,78.99,0.0
516009,1,138,1,93.99,0.0
516009,2,122,1,74.99,0.0
516009,3,110,2,93.99,0.0
516009,4,114,3,131.99,0.0
516010,1,114,1,138.99,0.0
516011,1,120,1,248.99,0.0
516012,1,117,3,188.99,0.0
516012,2,123,1,84.99,0.0
516013,1,117,1,188.99,0.1
516013,2,130,1,18.99,0.1
516013,3,113,2,208.99,0.1
516014,1,117,3,188.99,0.0
516015,1,104,2,528.99,0.0
516015,2,125,1,31.99,0.0
516016,1,125,1,31.99,0.3
516016,2,117,2,188.99,0.3
516017,1,137,1,34.99,0.1
516017,2,120,3,248.99,0.1
516018,1,136,2,26.99,0.0
516019,1,113,1,170.99,0.0
516019,2,134,3,194.99,0.0
516020,1,132,3,45.99,0.2
516021,1,116,3,150.99,0.0
516022,1,107,3,198.99,0.0
516022,2,111,3,48.99,0.0
516022,3,110,1,98.99,0.0
516023,1,101,3,288.99,0.0
516023,2,121,1,228.99,0.0
516024,1,138,2,98.99,0.0
516024,2,124,2,58.99,0.0
516025,1,115,2,38.99,0.1
516025,2,114,1,138.99,0.1
516025,3,132,3,48.99,0.1
516026,1,122,2,78.99,0.0
516027,1,111,2,48.99,0.0
516027,2,113,1,208.99,0.0
516028,1,120,1,248.99,0.0
516028,2,112,3,178.99,0.0
516029,1,103,1,330.99,0.0
516029,2,106,1,83.99,0.0
516029,3,116,2,150.99,0.0
516029,4,134,1,226.99,0.0
516030,1,112,2,178.99,0.0
516031,1,128,3,22.99,0.2
516032,1,127,1,58.99,0.0
516033,1,114,1,138.99,0.0
516034,1,138,1,93.99,0.0
516034,2,122,3,74.99,0.0
516034,3,124,1,55.99,0.0
516035,1,115,2,30.99,0.1
516035,2,130,1,14.99,0.1
516036,1,104,1,501.99,0.3
516036,2,123,1,79.99,0.3
516036,3,126,2,74.99,0.3
516037,1,107,1,198.99,0.0
516038,1,137,1,34.99,0.0
516039,1,137,1,34.99,0.0
516040,1,113,2,208.99,0.0
516041,1,132,1,39.99,0.0
516041,2,112,1,145.99,0.0
516041,3,111,2,39.99,0.0
516041,4,106,1,71.99,0.0
516041,5,120,2,203.99,0.0
516042,1,123,3,79.99,0.3
516042,2,137,1,32.99,0.3
516042,3,133,2,112.99,0.3
516042,4,116,1,150.99,0.3
516043,1,127,1,55.99,0.0
516044,1,122,1,63.99,0.0
516044,2,129,1,35.99,0.0
516045,1,109,1,55.99,0.0
516046,1,124,3,58.99,0.2
516046,2,119,2,78.99,0.2
516046,3,123,1,84.99,0.2
516047,1,115,3,30.99,0.0
516047,2,132,1,39.99,0.0
516047,3,116,1,129.99,0.0
516047,4,101,3,235.99,0.0
516048,1,108,1,264.99,0.0
516049,1,128,2,22.99,0.1
516049,2,114,1,112.99,0.1
516050,1,101,1,288.99,0.0
516050,2,108,3,278.99,0.0
516051,1,104,1,528.99,0.0
516051,2,126,3,78.99,0.0
516052,1,119,2,74.99,0.0
516052,2,122,1,74.99,0.0
516052,3,117,2,178.99,0.0
516052,4,134,2,226.99,0.0
516053,1,119,2,78.99,0.0
516053,2,106,1,88.99,0.0
516053,3,112,2,178.99,0.0
516054,1,137,1,32.99,0.0
516054,2,104,1,501.99,0.0
516054,3,131,2,22.99,0.0
516055,1,108,2,264.99,0.0
516055,2,130,1,17.99,0.0
516055,3,128,3,26.99,0.0
516056,1,110,2,80.99,0.0
516056,2,113,2,170.99,0.0
516057,1,102,2,418.99,0.0
516058,1,121,2,186.99,0.0
516058,2,125,1,25.99,0.0
516059,1,115,2,38.99,0.1
516059,2,113,1,208.99,0.1
516060,1,102,3,342.99,0.0
516060,2,134,1,194.99,0.0
516061,1,116,2,158.99,0.0
516062,1,122,2,63.99,0.2
516062,2,125,1,25.99,0.2
516063,1,128,2,28.99,0.0
516063,2,103,2,348.99,0.0
516064,1,107,2,188.99,0.0
516065,1,118,1,88.99,0.0
516065,2,105,2,118.99,0.0
516066,1,115,1,38.99,0.1
516066,2,121,2,228.99,0.1
516067,1,135,1,148.99,0.0
516067,2,138,1,98.99,0.0
516067,3,109,1,68.99,0.0
516067,4,127,1,58.99,0.0
516068,1,118,2,88.99,0.0
516068,2,110,3,98.99,0.0
516068,3,124,1,58.99,0.0
516069,1,106,1,88.99,0.1
516070,1,126,1,74.99,0.0
516070,2,111,1,45.99,0.0
516071,1,130,1,18.99,0.1
516071,2,106,1,88.99,0.1
516072,1,121,1,216.99,0.0
516073,1,123,1,79.99,0.0
516073,2,121,3,216.99,0.0
516074,1,113,1,208.99,0.0
516075,1,136,2,28.99,0.0
516076,1,122,1,78.99,0.0
516076,2,130,2,18.99,0.0
516076,3,132,1,48.99,0.0
516077,1,114,1,138.99,0.0
516078,1,127,2,47.99,0.0
516079,1,101,2,288.99,0.0
516080,1,109,1,55.99,0.0
516081,1,134,1,238.99,0.0
516082,1,111,2,45.99,0.0
516083,1,122,3,74.99,0.0
516084,1,113,1,208.99,0.0
516085,1,126,1,78.99,0.0
516086,1,115,1,38.99,0.1
516087,1,117,2,188.99,0.0
516088,1,114,2,138.99,0.0
516088,2,116,1,158.99,0.0
516089,1,108,1,264.99,0.1
516090,1,110,3,93.99,0.0
516091,1,123,2,84.99,0.2
516091,2,132,3,48.99,0.2
516091,3,108,2,278.99,0.2
516092,1,110,1,93.99,0.2
516093,1,112,2,178.99,0.0
516094,1,133,1,112.99,0.0
516095,1,132,2,48.99,0.3
516096,1,120,2,235.99,0.0
516097,1,123,2,84.99,0.2
516097,2,116,2,158.99,0.2
516098,1,120,1,248.99,0.0
516098,2,125,1,31.99,0.0
516099,1,112,1,145.99,0.0
516100,1,120,1,235.99,0.2
516100,2,119,1,74.99,0.2
516101,1,108,1,278.99,0.0
516102,1,108,2,264.99,0.2
516103,1,120,1,235.99,0.0
516103,2,122,1,74.99,0.0
516103,3,111,1,45.99,0.0
516104,1,110,2,80.99,0.2
516104,2,108,1,227.99,0.2
516104,3,112,2,145.99,0.2
516104,4,121,2,186.99,0.2
516104,5,138,2,80.99,0.2
516105,1,109,1,68.99,0.0
516106,1,105,3,112.99,0.1
516106,2,111,3,45.99,0.1
516107,1,119,2,74.99,0.0
516108,1,127,1,55.99,0.0
516108,2,109,1,64.99,0.0
516109,1,115,1,36.99,0.0
516110,1,115,2,38.99,0.1
516111,1,108,2,278.99,0.1
516112,1,112,2,178.99,0.0
516113,1,118,1,83.99,0.2
516114,1,124,1,47.99,0.2
516114,2,123,3,68.99,0.2
516115,1,124,2,55.99,0.2
516116,1,132,1,48.99,0.0
516116,2,123,1,84.99,0.0
516116,3,137,1,34.99,0.0
516116,4,119,2,78.99,0.0
516116,5,126,3,78.99,0.0
516117,1,114,2,138.99,0.0
516117,2,122,1,78.99,0.0
516118,1,128,1,22.99,0.0
516119,1,122,3,78.99,0.1
516119,2,120,1,248.99,0.1
516119,3,108,3,278.99,0.1
516120,1,101,1,288.99,0.0
516121,1,127,1,47.99,0.0
516122,1,134,2,238.99,0.2
516123,1,127,1,58.99,0.0
516124,1,131,3,24.99,0.0
516125,1,125,1,29.99,0.0
516126,1,122,1,78.99,0.0
516127,1,121,2,228.99,0.0
516128,1,125,1,31.99,0.2
516129,1,115,1,36.99,0.0
516130,1,122,3,74.99,0.0
516131,1,109,1,68.99,0.0
516131,2,112,2,178.99,0.0
516131,3,137,2,34.99,0.0
516131,4,133,2,118.99,0.0
516131,5,103,2,348.99,0.0
516132,1,132,1,48.99,0.0
516133,1,131,1,24.99,0.0
516134,1,122,2,78.99,0.0
516135,1,112,1,178.99,0.0
516136,1,109,2,68.99,0.0
516137,1,102,2,397.99,0.0
516137,2,107,1,188.99,0.0
516138,1,121,1,186.99,0.2
516138,2,134,1,194.99,0.2
516138,3,120,1,203.99,0.2
516138,4,104,1,432.99,0.2
516138,5,122,1,63.99,0.2
516139,1,123,3,84.99,0.0
516140,1,134,1,226.99,0.0
516141,1,124,2,58.99,0.0
516142,1,124,1,55.99,0.2
516143,1,114,1,112.99,0.0
516144,1,104,2,528.99,0.2
516144,2,125,2,31.99,0.2
516145,1,129,1,35.99,0.0
516146,1,118,1,88.99,0.1
516146,2,116,1,158.99,0.1
516147,1,131,2,22.99,0.1
516147,2,126,3,74.99,0.1
516147,3,125,1,29.99,0.1
516147,4,123,2,79.99,0.1
516147,5,117,1,178.99,0.1
516148,1,111,1,48.99,0.0
516149,1,116,2,129.99,0.0
516149,2,112,2,145.99,0.0
516149,3,130,1,14.99,0.0
516149,4,119,2,63.99,0.0
516149,5,138,2,80.99,0.0
516150,1,137,2,32.99,0.0
516151,1,129,2,44.99,0.0
516151,2,113,1,208.99,0.0
516152,1,122,1,78.99,0.0
516152,2,123,2,84.99,0.0
516152,3,119,2,78.99,0.0
516153,1,126,2,78.99,0.0
516154,1,128,2,28.99,0.3
516155,1,104,1,528.99,0.0
516155,2,131,3,24.99,0.0
516156,1,117,1,188.99,0.1
516156,2,123,2,84.99,0.1
516157,1,107,1,188.99,0.0
516157,2,126,2,74.99,0.0
516157,3,114,2,131.99,0.0
516158,1,122,1,78.99,0.1
516158,2,125,1,31.99,0.1
516158,3,116,1,158.99,0.1
516158,4,104,3,528.99,0.1
516159,1,117,3,188.99,0.0
516159,2,125,3,31.99,0.0
516159,3,137,2,34.99,0.0
516159,4,118,3,88.99,0.0
516160,1,125,1,31.99,0.0
516161,1,130,2,17.99,0.2
516161,2,135,1,140.99,0.2
516161,3,113,1,197.99,0.2
516162,1,135,1,140.99,0.2
516163,1,105,2,112.99,0.0
516164,1,117,1,153.99,0.0
516165,1,123,3,84.99,0.0
516166,1,124,1,58.99,0.0
516166,2,111,1,48.99,0.0
516166,3,113,1,208.99,0.0
516167,1,123,2,68.99,0.0
516168,1,112,1,178.99,0.2
516169,1,136,2,28.99,0.0
516169,2,127,2,58.99,0.0
516170,1,127,3,58.99,0.0
516170,2,125,3,31.99,0.0
516171,1,123,1,79.99,0.0
516171,2,129,1,41.99,0.0
516171,3,118,1,83.99,0.0
516172,1,105,2,118.99,0.0
516173,1,107,1,198.99,0.0
516173,2,102,1,418.99,0.0
516174,1,103,1,348.99,0.1
516174,2,123,1,84.99,0.1
516175,1,129,2,44.99,0.0
516175,2,120,2,248.99,0.0
516175,3,130,3,18.99,0.0
516176,1,133,1,118.99,0.1
516176,2,130,1,18.99,0.1
516177,1,123,1,84.99,0.0
516178,1,120,1,248.99,0.0
516178,2,107,1,198.99,0.0
516179,1,122,2,74.99,0.3
516179,2,127,1,55.99,0.3
516179,3,114,3,131.99,0.3
516179,4,131,1,22.99,0.3
516179,5,138,1,93.99,0.3
516180,1,137,2,34.99,0.0
516180,2,118,1,88.99,0.0
516180,3,113,2,208.99,0.0
516181,1,133,1,96.99,0.0
516182,1,118,1,88.99,0.0
516182,2,123,2,84.99,0.0
516182,3,119,1,78.99,0.0
516183,1,114,2,138.99,0.0
516183,2,110,1,98.99,0.0
516184,1,117,2,188.99,0.1
516184,2,113,1,208.99,0.1
516185,1,115,1,36.99,0.0
516186,1,132,1,39.99,0.0
516186,2,108,1,227.99,0.0
516187,1,116,1,158.99,0.1
516187,2,130,1,18.99,0.1
516188,1,116,3,158.99,0.2
516188,2,128,2,28.99,0.2
516188,3,135,2,148.99,0.2
516189,1,108,1,227.99,0.0
516190,1,111,3,48.99,0.0
516190,2,120,1,248.99,0.0
516190,3,118,1,88.99,0.0
516191,1,120,2,248.99,0.0
516192,1,107,1,188.99,0.0
516192,2,126,3,74.99,0.0
516192,3,115,1,36.99,0.0
516193,1,107,1,198.99,0.0
516194,1,131,1,22.99,0.0
516195,1,107,2,188.99,0.1
516196,1,125,1,31.99,0.1
516196,2,135,2,148.99,0.1
516197,1,133,2,118.99,0.0
516197,2,131,2,24.99,0.0
516198,1,110,2,93.99,0.0
516198,2,106,1,83.99,0.0
516198,3,113,1,197.99,0.0
516198,4,107,1,188.99,0.0
516199,1,117,1,178.99,0.0
516199,2,136,1,26.99,0.0
516199,3,123,2,79.99,0.0
516200,1,119,2,78.99,0.0
516200,2,101,1,288.99,0.0
516201,1,134,1,238.99,0.0
516201,2,119,1,78.99,0.0
516202,1,129,1,44.99,0.0
516203,1,112,2,169.99,0.0
516203,2,101,1,273.99,0.0
516203,3,120,1,235.99,0.0
516203,4,106,2,83.99,0.0
516204,1,124,1,47.99,0.0
516205,1,136,2,28.99,0.0
516206,1,121,2,228.99,0.0
516207,1,127,3,58.99,0.0
516208,1,122,1,78.99,0.0
516209,1,117,1,188.99,0.0
516209,2,126,1,78.99,0.0
516210,1,106,2,88.99,0.0
516211,1,121,2,228.99,0.0
516211,2,113,2,208.99,0.0
516212,1,135,1,148.99,0.0
516212,2,111,1,48.99,0.0
516213,1,126,2,74.99,0.2
516214,1,120,1,203.99,0.0
516215,1,112,1,169.99,0.0
516216,1,131,2,24.99,0.0
516217,1,137,1,32.99,0.0
516217,2,108,1,264.99,0.0
516217,3,121,1,216.99,0.0
516218,1,122,1,74.99,0.0
516219,1,128,1,28.99,0.0
516220,1,120,3,235.99,0.2
516221,1,125,1,29.99,0.3
516221,2,116,2,150.99,0.3
516222,1,126,1,78.99,0.0
516222,2,122,2,78.99,0.0
516222,3,137,3,34.99,0.0
516223,1,116,1,150.99,0.0
516224,1,114,1,138.99,0.0
516225,1,108,1,278.99,0.1
516226,1,137,1,32.99,0.2
516227,1,127,3,55.99,0.0
516228,1,120,2,203.99,0.1
516229,1,119,2,78.99,0.0
516229,2,121,3,228.99,0.0
516230,1,123,1,84.99,0.0
516230,2,124,1,58.99,0.0
516230,3,130,1,18.99,0.0
516230,4,109,2,68.99,0.0
516231,1,103,1,348.99,0.2
516232,1,108,3,227.99,0.0
516233,1,111,2,48.99,0.2
516233,2,112,3,178.99,0.2
516234,1,127,2,55.99,0.0
516235,1,106,3,71.99,0.1
516236,1,124,1,58.99,0.0
516237,1,118,2,88.99,0.3
516238,1,119,1,78.99,0.0
516239,1,133,1,112.99,0.0
516239,2,122,1,74.99,0.0
516240,1,122,3,63.99,0.0
516241,1,130,1,18.99,0.1
516241,2,129,2,44.99,0.1
516242,1,127,1,58.99,0.2
516243,1,133,2,118.99,0.0
516244,1,119,2,78.99,0.0
516245,1,117,1,178.99,0.1
516245,2,119,3,74.99,0.1
516246,1,122,1,78.99,0.2
516246,2,131,2,24.99,0.2
516247,1,129,1,44.99,0.1
516247,2,124,3,58.99,0.1
516247,3,121,1,228.99,0.1
516247,4,107,1,198.99,0.1
516248,1,130,3,17.99,0.0
516248,2,129,1,41.99,0.0
516248,3,124,2,55.99,0.0
516249,1,127,1,58.99,0.0
516250,1,106,1,88.99,0.0
516251,1,120,2,248.99,0.0
516252,1,118,2,83.99,0.0
516253,1,108,2,278.99,0.0
516253,2,107,2,198.99,0.0
516254,1,120,3,203.99,0.3
516255,1,125,1,29.99,0.0
516256,1,136,1,26.99,0.0
516257,1,109,1,64.99,0.0
516258,1,117,1,153.99,0.0
516259,1,131,3,24.99,0.3
516259,2,122,2,78.99,0.3
516259,3,118,1,88.99,0.3
516260,1,110,2,98.99,0.0
516261,1,119,1,78.99,0.0
516261,2,134,2,238.99,0.0
516262,1,121,1,216.99,0.0
516263,1,122,3,78.99,0.2
516264,1,132,1,48.99,0.3
516265,1,115,3,38.99,0.0
516266,1,120,2,235.99,0.0
516266,2,134,2,226.99,0.0
516267,1,106,2,83.99,0.0
516267,2,120,1,235.99,0.0
516267,3,116,2,150.99,0.0
516268,1,121,2,228.99,0.0
516269,1,128,1,22.99,0.0
516269,2,123,1,68.99,0.0
516269,3,130,3,14.99,0.0
516269,4,125,3,25.99,0.0
516269,5,121,1,186.99,0.0
516270,1,110,1,98.99,0.0
516271,1,114,1,131.99,0.0
516271,2,119,3,74.99,0.0
516271,3,135,3,140.99,0.0
516272,1,116,2,150.99,0.0
516272,2,103,1,330.99,0.0
516273,1,138,3,93.99,0.0
516273,2,134,3,226.99,0.0
516274,1,111,1,48.99,0.0
516275,1,113,2,197.99,0.0
516275,2,112,3,169.99,0.0
516275,3,108,2,264.99,0.0
516276,1,126,1,78.99,0.0
516277,1,110,1,93.99,0.3
516278,1,115,2,38.99,0.0
516278,2,127,3,58.99,0.0
516278,3,104,1,528.99,0.0
516279,1,115,1,38.99,0.0
516279,2,113,2,208.99,0.0
516280,1,133,3,118.99,0.0
516280,2,134,1,238.99,0.0
516281,1,123,1,68.99,0.0
516282,1,119,2,78.99,0.0
516283,1,137,1,27.99,0.0
516284,1,136,1,28.99,0.1
516285,1,118,3,88.99,0.1
516286,1,120,2,203.99,0.0
516287,1,104,1,528.99,0.0
516287,2,133,1,118.99,0.0
516287,3,109,2,68.99,0.0
516288,1,115,1,36.99,0.0
516288,2,132,1,45.99,0.0
516289,1,112,1,178.99,0.0
516290,1,115,1,30.99,0.0
516291,1,125,1,25.99,0.0
516292,1,123,1,68.99,0.0
516293,1,109,1,68.99,0.0
516294,1,128,1,26.99,0.2
516295,1,117,3,188.99,0.0
516296,1,111,1,48.99,0.0
516296,2,107,2,198.99,0.0
516297,1,111,1,48.99,0.0
516297,2,123,1,84.99,0.0
516298,1,114,3,138.99,0.0
516298,2,117,2,188.99,0.0
516299,1,121,1,186.99,0.0
516299,2,117,1,153.99,0.0
516299,3,134,2,194.99,0.0
516299,4,115,1,30.99,0.0
516299,5,123,2,68.99,0.0
516300,1,116,2,158.99,0.0
516301,1,130,1,18.99,0.0
516302,1,108,1,264.99,0.2
516303,1,114,1,138.99,0.2
516304,1,117,1,188.99,0.0
516305,1,125,2,31.99,0.0
516305,2,124,1,58.99,0.0
516305,3,109,2,68.99,0.0
516305,4,117,3,188.99,0.0
516305,5,121,2,228.99,0.0
516306,1,119,3,78.99,0.0
516307,1,105,1,118.99,0.0
516308,1,135,1,148.99,0.2
516308,2,137,2,34.99,0.2
516309,1,121,1,228.99,0.0
516310,1,110,2,98.99,0.2
516311,1,113,1,208.99,0.2
516312,1,119,1,78.99,0.2
516313,1,101,3,288.99,0.0
516313,2,138,3,98.99,0.0
516313,3,114,2,138.99,0.0
516314,1,105,1,96.99,0.0
516315,1,117,2,188.99,0.1
516316,1,121,2,216.99,0.0
516317,1,112,1,169.99,0.0
516318,1,124,3,47.99,0.0
516319,1,124,2,58.99,0.0
516320,1,107,2,198.99,0.2
516320,2,123,1,84.99,0.2
516321,1,122,3,63.99,0.2
516321,2,125,1,25.99,0.2
516321,3,120,1,203.99,0.2
516322,1,137,2,34.99,0.1
516322,2,121,1,228.99,0.1
516322,3,133,2,118.99,0.1
516323,1,123,2,84.99,0.1
516323,2,109,2,68.99,0.1
516324,1,124,2,58.99,0.1
516325,1,124,1,58.99,0.0
516325,2,122,1,78.99,0.0
516326,1,124,2,58.99,0.2
516326,2,125,1,31.99,0.2
516327,1,121,1,216.99,0.2
516327,2,118,2,83.99,0.2
516327,3,115,2,36.99,0.2
516327,4,119,1,74.99,0.2
516327,5,125,1,29.99,0.2
516328,1,116,2,158.99,0.0
516328,2,125,1,31.99,0.0
516329,1,120,2,203.99,0.1
516330,1,113,2,170.99,0.0
516330,2,123,2,68.99,0.0
516331,1,115,1,38.99,0.0
516332,1,120,1,248.99,0.2
516333,1,126,2,78.99,0.0
516334,1,114,1,138.99,0.0
516335,1,138,1,93.99,0.0
516335,2,120,1,235.99,0.0
516336,1,130,1,17.99,0.0
516337,1,108,3,278.99,0.0
516337,2,105,1,118.99,0.0
516337,3,123,3,84.99,0.0
516338,1,116,1,129.99,0.0
516339,1,131,2,24.99,0.2
516340,1,119,1,78.99,0.2
516340,2,132,1,48.99,0.2
516340,3,106,1,88.99,0.2
516341,1,122,2,74.99,0.0
516342,1,136,2,28.99,0.0
516342,2,121,2,228.99,0.0
516343,1,112,1,169.99,0.0
516344,1,138,1,98.99,0.1
516344,2,122,1,78.99,0.1
516344,3,111,1,48.99,0.1
516345,1,106,3,83.99,0.0
516346,1,116,3,158.99,0.2
516347,1,121,1,228.99,0.0
516347,2,124,1,58.99,0.0
516347,3,116,1,158.99,0.0
516348,1,116,1,158.99,0.3
516348,2,108,2,278.99,0.3
516349,1,110,1,93.99,0.0
516349,2,118,1,83.99,0.0
516350,1,119,2,78.99,0.0
516350,2,128,1,28.99,0.0
516350,3,112,1,178.99,0.0
516350,4,124,2,58.99,0.0
516351,1,105,2,118.99,0.0
516352,1,124,1,58.99,0.0
516353,1,119,2,78.99,0.0
516354,1,119,2,74.99,0.0
516354,2,135,2,140.99,0.0
516354,3,125,2,29.99,0.0
516355,1,118,2,83.99,0.1
516356,1,125,1,29.99,0.0
516356,2,117,2,178.99,0.0
516356,3,121,2,216.99,0.0
516357,1,103,1,348.99,0.1
516357,2,131,2,24.99,0.1
516357,3,124,1,58.99,0.1
516358,1,123,1,84.99,0.0
516359,1,130,2,17.99,0.0
516359,2,138,1,93.99,0.0
516360,1,125,1,29.99,0.0
516361,1,136,2,26.99,0.0
516362,1,119,2,74.99,0.0
516363,1,132,1,39.99,0.1
516364,1,111,1,48.99,0.0
516365,1,102,1,418.99,0.2
516365,2,107,2,198.99,0.2
516365,3,104,1,528.99,0.2
516365,4,131,1,24.99,0.2
516366,1,110,1,93.99,0.0
516367,1,105,1,118.99,0.0
516368,1,118,1,71.99,0.1
516368,2,103,3,285.99,0.1
516368,3,120,3,203.99,0.1
516369,1,117,1,178.99,0.1
516370,1,120,3,248.99,0.0
516371,1,116,2,158.99,0.0
516371,2,113,2,208.99,0.0
516372,1,112,1,178.99,0.2
516372,2,129,1,44.99,0.2
516373,1,110,1,98.99,0.2
516374,1,105,1,118.99,0.0
516375,1,126,1,63.99,0.1
516376,1,103,1,285.99,0.1
516377,1,134,3,226.99,0.0
516378,1,109,1,64.99,0.0
516379,1,127,1,58.99,0.0
516380,1,133,3,112.99,0.1
516380,2,103,3,330.99,0.1
516381,1,123,3,84.99,0.3
516381,2,104,1,528.99,0.3
516381,3,112,1,178.99,0.3
516382,1,103,3,330.99,0.1
516383,1,121,2,186.99,0.0
516383,2,107,1,162.99,0.0
516383,3,120,2,203.99,0.0
516383,4,135,2,121.99,0.0
516384,1,117,1,188.99,0.0
516384,2,136,1,28.99,0.0
516384,3,135,2,148.99,0.0
516385,1,133,1,112.99,0.2
516385,2,125,2,29.99,0.2
516386,1,111,1,48.99,0.0
516386,2,116,1,158.99,0.0
516387,1,125,1,29.99,0.2
516388,1,133,2,96.99,0.0
516389,1,111,1,48.99,0.3
516389,2,118,1,88.99,0.3
516390,1,126,1,78.99,0.0
516391,1,119,1,78.99,0.0
516391,2,107,1,198.99,0.0
516391,3,111,1,48.99,0.0
516391,4,122,1,78.99,0.0
516392,1,138,1,98.99,0.0
516392,2,116,1,158.99,0.0
516392,3,127,2,58.99,0.0
516392,4,106,2,88.99,0.0
516393,1,121,2,228.99,0.3
516393,2,103,2,348.99,0.3
516393,3,133,1,118.99,0.3
516394,1,118,3,83.99,0.0
516394,2,135,1,140.99,0.0
516395,1,120,1,203.99,0.0
516395,2,115,3,30.99,0.0
516395,3,113,1,170.99,0.0
516396,1,122,1,78.99,0.0
516397,1,132,1,39.99,0.0
516398,1,122,1,78.99,0.0
516398,2,103,1,348.99,0.0
516399,1,125,1,31.99,0.0
516400,1,106,1,71.99,0.1
516400,2,129,1,35.99,0.1
516400,3,116,2,129.99,0.1
516401,1,135,2,148.99,0.0
516402,1,136,3,28.99,0.0
516402,2,138,2,98.99,0.0
516402,3,115,3,38.99,0.0
516403,1,114,1,138.99,0.0
516404,1,108,2,227.99,0.1
516405,1,123,2,79.99,0.0
516405,2,133,1,112.99,0.0
516406,1,132,1,39.99,0.0
516407,1,114,1,138.99,0.0
516408,1,130,1,18.99,0.1
516409,1,127,1,58.99,0.0
516410,1,128,3,26.99,0.0
516410,2,118,1,83.99,0.0
516410,3,111,2,45.99,0.0
516411,1,106,1,83.99,0.0
516412,1,133,1,96.99,0.0
516413,1,102,2,418.99,0.2
516413,2,104,1,528.99,0.2
516414,1,121,1,228.99,0.0
516414,2,109,3,68.99,0.0
516415,1,102,1,418.99,0.0
516415,2,123,2,84.99,0.0
516416,1,111,1,48.99,0.0
516417,1,118,1,88.99,0.0
516418,1,133,1,118.99,0.2
516418,2,132,2,48.99,0.2
516419,1,119,3,63.99,0.1
516420,1,122,1,78.99,0.0
516421,1,125,1,31.99,0.1
516422,1,121,1,228.99,0.1
516423,1,129,1,44.99,0.0
516423,2,109,2,68.99,0.0
516424,1,123,1,79.99,0.0
516425,1,119,2,78.99,0.0
516426,1,118,2,88.99,0.0
516426,2,104,1,528.99,0.0
516427,1,107,1,188.99,0.0
516428,1,123,1,84.99,0.1
516428,2,101,2,288.99,0.1
516429,1,132,1,48.99,0.0
516430,1,131,2,24.99,0.0
516431,1,119,1,78.99,0.0
516432,1,122,1,74.99,0.0
516432,2,104,1,501.99,0.0
516433,1,118,2,88.99,0.0
516434,1,128,1,26.99,0.0
516434,2,125,2,29.99,0.0
516434,3,134,1,226.99,0.0
516435,1,118,2,83.99,0.0
516435,2,121,1,216.99,0.0
516435,3,114,2,131.99,0.0
516436,1,136,3,28.99,0.0
516436,2,118,2,88.99,0.0
516437,1,123,1,84.99,0.2
516438,1,133,1,118.99,0.1
516438,2,125,1,31.99,0.1
516438,3,134,3,238.99,0.1
516439,1,132,2,48.99,0.1
516440,1,134,1,226.99,0.0
516441,1,102,2,397.99,0.2
516441,2,123,1,79.99,0.2
516442,1,114,3,131.99,0.0
516442,2,128,3,26.99,0.0
516442,3,121,3,216.99,0.0
516443,1,122,1,78.99,0.0
516444,1,132,1,45.99,0.1
516445,1,123,1,68.99,0.0
516446,1,122,1,78.99,0.2
516446,2,127,2,58.99,0.2
516447,1,116,1,158.99,0.0
516448,1,114,2,138.99,0.0
516449,1,125,1,31.99,0.0
516449,2,130,1,18.99,0.0
516450,1,116,1,150.99,0.2
516451,1,109,1,55.99,0.1
516452,1,106,1,88.99,0.1
516453,1,112,1,145.99,0.0
516454,1,130,1,14.99,0.2
516454,2,114,1,112.99,0.2
516454,3,105,1,96.99,0.2
516455,1,118,1,88.99,0.2
516455,2,125,1,31.99,0.2
516456,1,113,2,208.99,0.0
516456,2,117,3,188.99,0.0
516457,1,108,1,278.99,0.0
516457,2,121,2,228.99,0.0
516458,1,114,1,131.99,0.0
516459,1,136,1,28.99,0.2
516459,2,133,1,118.99,0.2
516459,3,110,2,98.99,0.2
516460,1,126,3,63.99,0.1
516460,2,125,1,25.99,0.1
516461,1,133,3,118.99,0.2
516462,1,130,2,17.99,0.2
516463,1,112,1,178.99,0.0
516463,2,131,1,24.99,0.0
516464,1,128,2,26.99,0.2
516464,2,109,2,64.99,0.2
516465,1,123,2,79.99,0.0
516466,1,113,1,197.99,0.0
516466,2,121,1,216.99,0.0
516467,1,127,2,58.99,0.0
516468,1,124,1,58.99,0.0
516469,1,104,2,528.99,0.1
516470,1,125,1,25.99,0.0
516471,1,112,3,178.99,0.0
516472,1,130,1,17.99,0.0
516472,2,115,2,36.99,0.0
516472,3,105,1,112.99,0.0
516473,1,120,2,235.99,0.0
516473,2,134,1,226.99,0.0
516474,1,118,3,88.99,0.1
516474,2,124,1,58.99,0.1
516475,1,122,2,78.99,0.1
516476,1,120,1,248.99,0.0
516476,2,117,3,188.99,0.0
516476,3,130,1,18.99,0.0
516477,1,111,3,48.99,0.0
516478,1,125,1,29.99,0.0
516478,2,133,1,112.99,0.0
516479,1,102,1,418.99,0.2
516480,1,114,2,131.99,0.0
516480,2,120,2,235.99,0.0
516480,3,122,1,74.99,0.0
516480,4,116,1,150.99,0.0
516480,5,104,1,501.99,0.0
516481,1,113,2,208.99,0.1
516482,1,129,3,41.99,0.0
516483,1,124,2,58.99,0.0
516484,1,138,1,93.99,0.1
516484,2,101,1,273.99,0.1
516485,1,102,1,418.99,0.1
516485,2,124,3,58.99,0.1
516485,3,108,2,278.99,0.1
516486,1,118,1,88.99,0.0
516487,1,116,2,158.99,0.0
516488,1,122,1,78.99,0.1
516489,1,116,2,158.99,0.0
516489,2,125,1,31.99,0.0
516489,3,109,1,68.99,0.0
516490,1,117,1,178.99,0.0
516491,1,109,2,68.99,0.0
516492,1,122,1,74.99,0.0
516493,1,131,1,22.99,0.0
516493,2,115,2,36.99,0.0
516494,1,124,1,58.99,0.0
516495,1,124,2,47.99,0.1
516496,1,119,1,78.99,0.0
516496,2,118,2,88.99,0.0
516497,1,111,2,45.99,0.2
516497,2,114,1,131.99,0.2
516498,1,118,1,88.99,0.0
516498,2,126,3,78.99,0.0
516499,1,129,3,41.99,0.0
516500,1,119,1,74.99,0.0
516500,2,136,1,26.99,0.0
516501,1,111,1,48.99,0.0
516502,1,116,1,158.99,0.1
516502,2,122,3,78.99,0.1
516503,1,118,1,88.99,0.2
516504,1,132,2,39.99,0.0
516505,1,124,1,55.99,0.0
516505,2,129,1,41.99,0.0
516505,3,110,3,93.99,0.0
516505,4,138,2,93.99,0.0
516505,5,137,2,32.99,0.0
516506,1,123,1,68.99,0.1
516507,1,138,1,93.99,0.0
516508,1,118,2,83.99,0.0
516509,1,136,2,26.99,0.0
516509,2,120,2,235.99,0.0
516510,1,115,1,36.99,0.2
516511,1,136,3,28.99,0.0
516511,2,124,2,58.99,0.0
516512,1,119,1,78.99,0.1
516513,1,131,1,24.99,0.0
516513,2,130,1,18.99,0.0
516513,3,119,1,78.99,0.0
516514,1,113,1,170.99,0.0
516515,1,116,1,158.99,0.0
516515,2,121,1,228.99,0.0
516516,1,102,3,397.99,0.2
516516,2,124,1,55.99,0.2
516516,3,117,1,178.99,0.2
516517,1,113,1,197.99,0.0
516517,2,124,1,55.99,0.0
516518,1,119,1,63.99,0.0
516519,1,106,2,88.99,0.0
516519,2,133,1,118.99,0.0
516519,3,120,1,248.99,0.0
516520,1,119,1,78.99,0.0
516520,2,126,1,78.99,0.0
516520,3,127,3,58.99,0.0
516521,1,122,2,78.99,0.0
516521,2,116,1,158.99,0.0
516522,1,121,3,228.99,0.0
516522,2,113,2,208.99,0.0
516522,3,107,1,198.99,0.0
516523,1,115,1,38.99,0.0
516523,2,123,1,84.99,0.0
516523,3,121,1,228.99,0.0
516524,1,127,1,58.99,0.0
516524,2,131,1,24.99,0.0
516524,3,123,1,84.99,0.0
516525,1,137,2,27.99,0.1
516525,2,111,2,39.99,0.1
516525,3,135,2,121.99,0.1
516525,4,117,1,153.99,0.1
516525,5,102,1,342.99,0.1
516526,1,115,1,36.99,0.0
516526,2,101,2,273.99,0.0
516527,1,137,2,34.99,0.2
516528,1,114,2,138.99,0.0
516528,2,122,2,78.99,0.0
516529,1,110,1,98.99,0.0
516529,2,114,3,138.99,0.0
516530,1,119,3,74.99,0.0
516530,2,105,1,112.99,0.0
516531,1,113,2,208.99,0.0
516531,2,103,1,348.99,0.0
516532,1,128,1,26.99,0.2
516533,1,107,2,198.99,0.0
516533,2,104,1,528.99,0.0
516533,3,103,1,348.99,0.0
516534,1,119,1,78.99,0.3
516534,2,130,2,18.99,0.3
516534,3,134,1,238.99,0.3
516534,4,133,1,118.99,0.3
516535,1,129,1,41.99,0.1
516535,2,120,1,235.99,0.1
516536,1,126,2,78.99,0.0
516536,2,137,2,34.99,0.0
516537,1,107,2,198.99,0.0
516538,1,133,1,112.99,0.0
516539,1,136,1,28.99,0.1
516539,2,118,1,88.99,0.1
516539,3,127,1,58.99,0.1
516539,4,105,1,118.99,0.1
516539,5,111,1,48.99,0.1
516540,1,125,1,31.99,0.0
516541,1,134,2,238.99,0.0
516541,2,118,2,88.99,0.0
516542,1,125,2,31.99,0.0
516543,1,133,1,96.99,0.3
516543,2,136,1,22.99,0.3
516544,1,134,1,238.99,0.0
516544,2,122,2,78.99,0.0
516544,3,135,2,148.99,0.0
516544,4,123,2,84.99,0.0
516544,5,121,1,228.99,0.0
516545,1,118,1,88.99,0.2
516545,2,128,1,28.99,0.2
516545,3,110,3,98.99,0.2
516546,1,123,1,84.99,0.0
516547,1,122,1,78.99,0.0
516548,1,103,2,348.99,0.0
516548,2,129,1,44.99,0.0
516549,1,120,1,235.99,0.0
516550,1,111,1,48.99,0.0
516550,2,126,2,78.99,0.0
516551,1,102,1,418.99,0.2
516551,2,106,1,88.99,0.2
516551,3,105,1,118.99,0.2
516552,1,134,1,238.99,0.0
516552,2,122,2,78.99,0.0
516552,3,114,1,138.99,0.0
516553,1,115,2,38.99,0.1
516553,2,109,2,68.99,0.1
516554,1,114,1,112.99,0.1
516555,1,120,1,248.99,0.0
516555,2,121,2,228.99,0.0
516555,3,119,1,78.99,0.0
516556,1,102,1,397.99,0.3
516556,2,137,1,32.99,0.3
516556,3,123,1,79.99,0.3
516557,1,111,1,45.99,0.0
516558,1,134,2,238.99,0.2
516559,1,137,1,32.99,0.0
516559,2,120,1,235.99,0.0
516560,1,124,1,58.99,0.0
516560,2,115,3,38.99,0.0
516560,3,130,1,18.99,0.0
516560,4,127,1,58.99,0.0
516561,1,114,1,138.99,0.0
516562,1,131,3,24.99,0.0
516562,2,130,1,18.99,0.0
516562,3,116,3,158.99,0.0
516563,1,119,2,78.99,0.0
516563,2,123,1,84.99,0.0
516563,3,116,1,158.99,0.0
516563,4,120,1,248.99,0.0
516564,1,116,2,129.99,0.0
516564,2,122,1,63.99,0.0
516565,1,115,3,38.99,0.1
516565,2,107,1,198.99,0.1
516566,1,119,1,63.99,0.0
516566,2,118,2,71.99,0.0
516566,3,112,1,145.99,0.0
516566,4,117,3,153.99,0.0
516567,1,135,3,121.99,0.0
516568,1,121,1,216.99,0.0
516568,2,123,2,79.99,0.0
516569,1,127,1,55.99,0.0
516570,1,119,2,74.99,0.0
516570,2,112,1,169.99,0.0
516570,3,125,1,29.99,0.0
516571,1,129,1,41.99,0.1
516572,1,114,3,138.99,0.0
516573,1,137,2,34.99,0.0
516574,1,126,2,74.99,0.0
516574,2,113,3,197.99,0.0
516575,1,121,1,228.99,0.0
516576,1,137,3,34.99,0.0
516577,1,125,1,29.99,0.0
516577,2,134,1,226.99,0.0
516578,1,109,1,64.99,0.0
516578,2,130,2,17.99,0.0
516578,3,121,1,216.99,0.0
516579,1,119,2,78.99,0.1
516580,1,119,2,78.99,0.2
516580,2,106,1,88.99,0.2
516581,1,118,2,83.99,0.2
516582,1,120,1,235.99,0.0
516582,2,135,1,140.99,0.0
516582,3,126,3,74.99,0.0
516582,4,118,1,83.99,0.0
516583,1,116,2,158.99,0.0
516584,1,103,1,285.99,0.0
516584,2,125,1,25.99,0.0
516584,3,126,1,63.99,0.0
516585,1,117,2,188.99,0.1
516586,1,111,3,45.99,0.0
516586,2,125,1,29.99,0.0
516587,1,121,1,228.99,0.0
516588,1,114,2,138.99,0.0
516589,1,110,3,80.99,0.0
516590,1,109,3,64.99,0.1
516590,2,112,1,169.99,0.1
516591,1,117,1,188.99,0.0
516591,2,122,1,78.99,0.0
516592,1,118,1,88.99,0.0
516593,1,120,2,248.99,0.0
516593,2,114,1,138.99,0.0
516594,1,118,1,88.99,0.0
516595,1,107,1,162.99,0.0
516595,2,116,1,129.99,0.0
516595,3,117,1,153.99,0.0
516596,1,122,1,74.99,0.0
516597,1,119,1,78.99,0.0
516597,2,118,1,88.99,0.0
516598,1,118,1,88.99,0.1
516599,1,130,1,17.99,0.0
516599,2,123,1,79.99,0.0
516600,1,123,2,79.99,0.0
516601,1,103,1,348.99,0.0
516602,1,109,1,68.99,0.0
516602,2,110,2,98.99,0.0
516602,3,121,2,228.99,0.0
516602,4,123,1,84.99,0.0
516603,1,120,1,248.99,0.0
516603,2,123,3,84.99,0.0
516604,1,103,1,330.99,0.2
516605,1,106,1,88.99,0.0
516606,1,135,2,148.99,0.0
516606,2,109,1,68.99,0.0
516606,3,110,1,98.99,0.0
516606,4,115,2,38.99,0.0
516607,1,113,1,170.99,0.0
516607,2,110,3,80.99,0.0
516607,3,114,1,112.99,0.0
516607,4,118,1,71.99,0.0
516608,1,121,2,216.99,0.1
516609,1,110,1,98.99,0.0
516609,2,137,1,34.99,0.0
516610,1,130,3,18.99,0.2
516610,2,114,2,138.99,0.2
516610,3,137,2,34.99,0.2
516610,4,122,1,78.99,0.2
516611,1,107,2,198.99,0.1
516612,1,132,1,48.99,0.0
516613,1,113,2,208.99,0.3
516613,2,133,1,118.99,0.3
516614,1,119,2,74.99,0.0
516614,2,116,1,150.99,0.0
516614,3,113,3,197.99,0.0
516615,1,110,1,93.99,0.0
516616,1,104,2,501.99,0.0
516617,1,103,1,330.99,0.0
516618,1,132,3,48.99,0.0
516619,1,124,1,55.99,0.0
516620,1,121,1,216.99,0.0
516620,2,124,1,55.99,0.0
516621,1,124,3,58.99,0.0
516621,2,112,2,178.99,0.0
516622,1,121,1,228.99,0.1
516622,2,120,2,248.99,0.1
516623,1,110,2,80.99,0.0
516624,1,111,1,48.99,0.0
516625,1,110,1,93.99,0.2
516625,2,126,1,74.99,0.2
516626,1,137,2,32.99,0.0
516626,2,118,2,83.99,0.0
516627,1,138,1,93.99,0.0
516628,1,123,1,84.99,0.0
516628,2,122,2,78.99,0.0
516628,3,109,2,68.99,0.0
516629,1,122,1,78.99,0.0
516630,1,124,1,58.99,0.0
516631,1,119,1,78.99,0.0
516631,2,124,2,58.99,0.0
516631,3,109,3,68.99,0.0
516631,4,136,3,28.99,0.0
516632,1,125,1,25.99,0.0
516632,2,115,1,30.99,0.0
516633,1,122,3,78.99,0.0
516633,2,138,3,98.99,0.0
516634,1,106,1,83.99,0.0
516634,2,108,2,264.99,0.0
516635,1,127,1,55.99,0.0
516636,1,117,1,178.99,0.1
516636,2,115,2,36.99,0.1
516637,1,103,1,348.99,0.0
516637,2,121,1,228.99,0.0
516638,1,106,2,88.99,0.0
516638,2,128,1,28.99,0.0
516639,1,129,1,44.99,0.0
516640,1,103,3,348.99,0.0
516640,2,109,1,68.99,0.0
516641,1,111,3,48.99,0.1
516642,1,124,1,58.99,0.0
516643,1,118,3,88.99,0.1
516643,2,136,1,28.99,0.1
516644,1,122,2,63.99,0.0
516644,2,106,2,71.99,0.0
516644,3,125,2,25.99,0.0
516645,1,113,1,208.99,0.1
516645,2,120,1,248.99,0.1
516646,1,120,1,235.99,0.0
516647,1,109,1,68.99,0.0
516648,1,136,2,26.99,0.0
516648,2,116,3,150.99,0.0
516648,3,128,3,26.99,0.0
516649,1,129,3,41.99,0.0
516650,1,119,1,78.99,0.0
516650,2,125,3,31.99,0.0
516651,1,116,1,129.99,0.0
516651,2,113,2,170.99,0.0
516652,1,131,3,24.99,0.0
516652,2,104,1,528.99,0.0
516653,1,114,3,138.99,0.1
516654,1,114,2,131.99,0.0
516654,2,115,2,36.99,0.0
516655,1,111,2,48.99,0.0
516656,1,126,1,78.99,0.1
516656,2,105,1,118.99,0.1
516657,1,126,1,78.99,0.3
516658,1,133,1,112.99,0.0
516659,1,116,1,150.99,0.0
516660,1,106,1,83.99,0.0
516660,2,112,1,169.99,0.0
516661,1,112,1,178.99,0.0
516661,2,108,2,278.99,0.0
516662,1,125,1,29.99,0.0
516663,1,121,1,228.99,0.0
516664,1,116,3,150.99,0.0
516665,1,114,2,138.99,0.0
516665,2,113,1,208.99,0.0
516665,3,103,1,348.99,0.0
516666,1,115,1,36.99,0.0
516666,2,130,3,17.99,0.0
516667,1,108,1,264.99,0.0
516667,2,128,2,26.99,0.0
516668,1,117,1,188.99,0.0
516668,2,129,1,44.99,0.0
516668,3,136,3,28.99,0.0
516669,1,114,3,112.99,0.0
516670,1,116,1,158.99,0.1
516671,1,127,3,55.99,0.0
516671,2,115,1,36.99,0.0
516672,1,121,1,186.99,0.0
516673,1,114,1,138.99,0.0
516673,2,108,1,278.99,0.0
516674,1,112,2,169.99,0.2
516674,2,118,3,83.99,0.2
516675,1,103,3,348.99,0.0
516676,1,125,3,31.99,0.0
516677,1,124,1,55.99,0.0
516678,1,127,1,58.99,0.0
516679,1,125,1,29.99,0.1
516679,2,114,1,131.99,0.1
516679,3,120,2,235.99,0.1
516680,1,103,1,348.99,0.0
516681,1,137,1,34.99,0.2
516682,1,107,1,198.99,0.0
516682,2,135,2,148.99,0.0
516682,3,109,3,68.99,0.0
516683,1,112,3,169.99,0.0
516684,1,138,1,98.99,0.1
516684,2,112,3,178.99,0.1
516684,3,131,2,24.99,0.1
516684,4,110,2,98.99,0.1
516685,1,115,2,38.99,0.0
516685,2,107,3,198.99,0.0
516686,1,129,2,44.99,0.1
516687,1,114,1,138.99,0.0
516688,1,105,1,112.99,0.0
516688,2,113,1,197.99,0.0
516689,1,133,1,96.99,0.0
516690,1,108,2,278.99,0.1
516690,2,126,1,78.99,0.1
516691,1,112,1,178.99,0.0
516692,1,127,3,55.99,0.0
516693,1,133,1,112.99,0.0
516694,1,114,1,131.99,0.0
516695,1,136,1,28.99,0.0
516695,2,106,2,88.99,0.0
516695,3,130,3,18.99,0.0
516695,4,134,2,238.99,0.0
516696,1,133,3,118.99,0.0
516696,2,116,3,158.99,0.0
516697,1,125,1,25.99,0.0
516697,2,114,2,112.99,0.0
516698,1,121,2,228.99,0.1
516699,1,110,2,93.99,0.0
516699,2,131,3,22.99,0.0
516700,1,120,2,235.99,0.0
516700,2,117,1,178.99,0.0
516700,3,123,1,79.99,0.0
516701,1,103,1,348.99,0.0
516701,2,127,1,58.99,0.0
516702,1,106,1,88.99,0.2
516702,2,125,2,31.99,0.2
516702,3,121,2,228.99,0.2
516702,4,104,1,528.99,0.2
516703,1,109,1,68.99,0.0
516704,1,105,3,96.99,0.0
516705,1,125,1,29.99,0.2
516705,2,117,3,178.99,0.2
516706,1,128,2,22.99,0.1
516706,2,135,1,121.99,0.1
516706,3,125,1,25.99,0.1
516707,1,125,1,29.99,0.0
516708,1,120,2,235.99,0.1
516709,1,130,1,17.99,0.1
516710,1,119,2,74.99,0.0
516710,2,116,1,150.99,0.0
516711,1,113,2,208.99,0.1
516711,2,125,2,31.99,0.1
516712,1,115,1,38.99,0.1
516713,1,118,2,83.99,0.0
516713,2,131,1,22.99,0.0
516713,3,112,1,169.99,0.0
516713,4,102,2,397.99,0.0
516713,5,117,1,178.99,0.0
516714,1,123,1,79.99,0.2
516715,1,113,2,197.99,0.0
516716,1,127,1,58.99,0.0
516717,1,108,1,227.99,0.0
516717,2,132,1,39.99,0.0
516717,3,136,2,22.99,0.0
516718,1,109,1,64.99,0.1
516719,1,124,1,58.99,0.0
516719,2,110,1,98.99,0.0
516719,3,120,1,248.99,0.0
516720,1,108,2,227.99,0.0
516720,2,113,3,170.99,0.0
516720,3,122,3,63.99,0.0
516721,1,121,1,186.99,0.0
516722,1,110,1,80.99,0.2
516722,2,115,1,30.99,0.2
516722,3,138,1,80.99,0.2
516722,4,104,2,432.99,0.2
516723,1,102,1,397.99,0.0
516723,2,126,1,74.99,0.0
516724,1,113,3,208.99,0.2
516724,2,117,2,188.99,0.2
516724,3,101,1,288.99,0.2
516725,1,114,1,138.99,0.0
516726,1,129,1,44.99,0.0
516727,1,111,3,48.99,0.0
516727,2,125,1,31.99,0.0
516728,1,101,2,288.99,0.0
516729,1,125,1,29.99,0.2
516730,1,113,1,170.99,0.0
516730,2,134,2,194.99,0.0
516731,1,107,1,188.99,0.2
516732,1,120,2,203.99,0.1
516733,1,112,2,178.99,0.1
516733,2,131,1,24.99,0.1
516733,3,122,2,78.99,0.1
516733,4,128,1,28.99,0.1
516733,5,118,3,88.99,0.1
516734,1,118,1,88.99,0.0
516735,1,114,2,112.99,0.0
516735,2,107,1,162.99,0.0
516736,1,111,2,48.99,0.2
516737,1,122,1,63.99,0.0
516738,1,129,1,44.99,0.0
516739,1,110,1,80.99,0.2
516740,1,130,1,18.99,0.0
516741,1,124,3,58.99,0.0
516742,1,123,1,79.99,0.0
516742,2,103,2,330.99,0.0
516742,3,127,1,55.99,0.0
516742,4,109,2,64.99,0.0
516743,1,133,1,112.99,0.2
516743,2,111,1,45.99,0.2
516743,3,117,3,178.99,0.2
516744,1,110,1,93.99,0.2
516745,1,112,1,178.99,0.2
516745,2,105,1,118.99,0.2
516745,3,129,1,44.99,0.2
516746,1,121,2,186.99,0.0
516747,1,103,1,348.99,0.0
516747,2,125,1,31.99,0.0
516748,1,110,2,98.99,0.3
516748,2,103,1,348.99,0.3
516748,3,109,1,68.99,0.3
516748,4,137,1,34.99,0.3
516748,5,113,1,208.99,0.3
516749,1,128,3,28.99,0.0
516750,1,128,1,26.99,0.0
516751,1,123,2,79.99,0.0
516752,1,125,3,31.99,0.1
516753,1,114,1,138.99,0.0
516753,2,105,3,118.99,0.0
516753,3,124,2,58.99,0.0
516753,4,136,2,28.99,0.0
516754,1,112,2,145.99,0.0
516754,2,137,1,27.99,0.0
516754,3,104,1,432.99,0.0
516754,4,131,2,19.99,0.0
516755,1,116,1,150.99,0.0
516756,1,118,1,88.99,0.0
516756,2,120,2,248.99,0.0
516757,1,113,2,197.99,0.0
516758,1,115,2,30.99,0.0
516759,1,122,1,63.99,0.2
516760,1,121,3,228.99,0.0
516761,1,130,2,17.99,0.0
516761,2,110,2,93.99,0.0
516761,3,137,1,32.99,0.0
516762,1,129,1,35.99,0.0
516762,2,123,2,68.99,0.0
516763,1,110,2,93.99,0.0
516764,1,109,2,68.99,0.0
516765,1,127,1,58.99,0.0
516766,1,123,2,79.99,0.0
516767,1,108,3,227.99,0.1
516768,1,125,2,31.99,0.0
516769,1,116,1,150.99,0.1
516770,1,126,1,78.99,0.0
516771,1,130,2,18.99,0.0
516772,1,113,1,170.99,0.0
516773,1,123,1,68.99,0.1
516774,1,112,1,178.99,0.0
516775,1,111,1,48.99,0.3
516776,1,113,2,170.99,0.0
516776,2,117,2,153.99,0.0
516776,3,125,1,25.99,0.0
516776,4,120,3,203.99,0.0
516777,1,107,1,198.99,0.0
516777,2,114,1,138.99,0.0
516778,1,122,2,78.99,0.0
516779,1,109,1,68.99,0.2
516779,2,112,3,178.99,0.2
516780,1,137,2,32.99,0.0
516781,1,137,3,27.99,0.0
516781,2,117,3,153.99,0.0
516781,3,112,1,145.99,0.0
516782,1,124,1,55.99,0.0
516783,1,130,1,18.99,0.0
516784,1,111,2,39.99,0.0
516784,2,110,1,80.99,0.0
516785,1,125,1,31.99,0.0
516786,1,123,1,79.99,0.0
516786,2,106,1,83.99,0.0
516787,1,131,3,22.99,0.0
516787,2,127,1,55.99,0.0
516788,1,119,1,63.99,0.0
516789,1,127,1,58.99,0.0
516789,2,118,3,88.99,0.0
516789,3,117,1,188.99,0.0
516790,1,131,3,24.99,0.0
516790,2,137,1,34.99,0.0
516790,3,118,1,88.99,0.0
516791,1,107,2,188.99,0.0
516791,2,116,3,150.99,0.0
516792,1,106,2,83.99,0.1
516792,2,129,3,41.99,0.1
516792,3,116,1,150.99,0.1
516792,4,125,1,29.99,0.1
516793,1,132,2,48.99,0.1
516793,2,126,1,78.99,0.1
516794,1,128,2,28.99,0.0
516795,1,128,1,28.99,0.0
516796,1,136,1,28.99,0.3
516796,2,117,2,188.99,0.3
516797,1,125,2,25.99,0.0
516797,2,127,3,47.99,0.0
516798,1,103,3,348.99,0.0
516799,1,114,1,112.99,0.1
516800,1,135,1,140.99,0.1
516800,2,123,2,79.99,0.1
516801,1,121,2,216.99,0.0
516801,2,115,1,36.99,0.0
516801,3,108,2,264.99,0.0
516802,1,103,2,348.99,0.0
516803,1,116,3,150.99,0.0
516804,1,120,2,248.99,0.0
516804,2,114,1,138.99,0.0
516805,1,113,2,208.99,0.0
516806,1,114,3,112.99,0.0
516807,1,126,2,63.99,0.0
516807,2,123,2,68.99,0.0
516808,1,123,1,84.99,0.3
516809,1,122,1,63.99,0.0
516810,1,114,2,112.99,0.0
516811,1,138,1,98.99,0.0
516811,2,133,2,118.99,0.0
516812,1,138,1,98.99,0.0
516812,2,118,1,88.99,0.0
516812,3,134,2,238.99,0.0
516813,1,106,1,88.99,0.0
516814,1,110,3,93.99,0.1
516815,1,122,2,74.99,0.0
516816,1,119,1,78.99,0.0
516816,2,101,3,288.99,0.0
516816,3,117,1,188.99,0.0
516817,1,137,2,34.99,0.0
516818,1,125,2,29.99,0.1
516818,2,118,1,83.99,0.1
516819,1,132,1,48.99,0.0
516819,2,131,1,24.99,0.0
516820,1,129,1,41.99,0.1
516821,1,138,1,98.99,0.1
516821,2,121,2,228.99,0.1
516821,3,123,2,84.99,0.1
516822,1,114,3,138.99,0.1
516822,2,109,1,68.99,0.1
516823,1,133,2,112.99,0.0
516824,1,111,2,48.99,0.0
516824,2,115,2,38.99,0.0
516825,1,125,1,31.99,0.0
516826,1,130,1,18.99,0.0
516827,1,101,1,288.99,0.1
516828,1,108,1,264.99,0.1
516829,1,129,2,44.99,0.0
516830,1,120,1,248.99,0.2
516830,2,116,1,158.99,0.2
516831,1,131,3,19.99,0.0
516832,1,107,1,162.99,0.0
516832,2,104,1,432.99,0.0
516832,3,117,2,153.99,0.0
516832,4,133,1,96.99,0.0
516832,5,112,2,145.99,0.0
516833,1,137,1,32.99,0.0
516833,2,117,1,178.99,0.0
516834,1,117,2,188.99,0.0
516834,2,120,2,248.99,0.0
516835,1,119,1,74.99,0.1
516836,1,120,3,248.99,0.2
516837,1,124,2,58.99,0.2
516837,2,113,2,208.99,0.2
516838,1,116,1,150.99,0.1
516838,2,120,1,235.99,0.1
516839,1,106,1,88.99,0.2
516839,2,122,1,78.99,0.2
516839,3,110,3,98.99,0.2
516840,1,103,1,330.99,0.1
516841,1,109,2,55.99,0.0
516842,1,120,2,248.99,0.0
516842,2,124,1,58.99,0.0
516842,3,114,1,138.99,0.0
516843,1,123,1,79.99,0.0
516843,2,106,1,83.99,0.0
516843,3,124,1,55.99,0.0
516844,1,108,3,278.99,0.1
516845,1,136,1,26.99,0.0
516846,1,105,3,118.99,0.0
516847,1,124,1,58.99,0.1
516847,2,107,3,198.99,0.1
516847,3,113,1,208.99,0.1
516848,1,128,1,22.99,0.0
516849,1,122,2,74.99,0.1
516849,2,116,1,150.99,0.1
516850,1,119,1,78.99,0.0
516851,1,131,1,22.99,0.1
516851,2,104,1,501.99,0.1
516852,1,122,2,78.99,0.1
516853,1,107,2,198.99,0.0
516853,2,115,2,38.99,0.0
516853,3,122,3,78.99,0.0
516853,4,116,1,158.99,0.0
516854,1,105,1,112.99,0.0
516854,2,130,3,17.99,0.0
516854,3,112,2,169.99,0.0
516855,1,121,2,228.99,0.0
516855,2,102,1,418.99,0.0
516856,1,133,1,96.99,0.0
516857,1,107,2,188.99,0.0
516858,1,107,2,198.99,0.0
516859,1,122,1,78.99,0.0
516860,1,129,1,44.99,0.0
516861,1,102,1,342.99,0.0
516862,1,130,1,18.99,0.0
516863,1,122,1,78.99,0.1
516864,1,111,2,48.99,0.0
516865,1,120,1,203.99,0.0
516865,2,124,2,47.99,0.0
516865,3,107,2,162.99,0.0
516866,1,125,1,31.99,0.3
516866,2,133,1,118.99,0.3
516867,1,122,1,63.99,0.0
516868,1,123,1,79.99,0.0
516868,2,116,1,150.99,0.0
516869,1,113,1,197.99,0.0
516870,1,121,1,228.99,0.0
516871,1,108,1,227.99,0.0
516872,1,138,1,98.99,0.0
516872,2,136,1,28.99,0.0
516872,3,120,3,248.99,0.0
516873,1,111,3,48.99,0.0
516873,2,110,1,98.99,0.0
516874,1,108,1,278.99,0.1
516875,1,122,2,78.99,0.0
516875,2,119,1,78.99,0.0
516875,3,111,2,48.99,0.0
516876,1,105,1,112.99,0.0
516876,2,120,1,235.99,0.0
516876,3,126,3,74.99,0.0
516877,1,136,2,22.99,0.0
516878,1,138,3,98.99,0.0
516879,1,124,1,58.99,0.3
516879,2,133,1,118.99,0.3
516879,3,121,2,228.99,0.3
516879,4,119,1,78.99,0.3
516880,1,118,1,88.99,0.0
516881,1,135,3,148.99,0.0
516881,2,126,1,78.99,0.0
516881,3,107,1,198.99,0.0
516881,4,118,3,88.99,0.0
516881,5,132,1,48.99,0.0
516882,1,104,1,528.99,0.1
516883,1,111,1,48.99,0.0
516883,2,119,1,78.99,0.0
516884,1,118,3,88.99,0.0
516885,1,111,1,48.99,0.0
516886,1,131,1,19.99,0.0
516886,2,116,2,129.99,0.0
516886,3,114,2,112.99,0.0
516886,4,120,2,203.99,0.0
516887,1,127,2,55.99,0.0
516887,2,122,3,74.99,0.0
516887,3,119,3,74.99,0.0
516887,4,126,1,74.99,0.0
516887,5,115,3,36.99,0.0
516888,1,132,1,48.99,0.0
516889,1,127,1,58.99,0.2
516889,2,129,2,44.99,0.2
516889,3,126,3,78.99,0.2
516889,4,125,3,31.99,0.2
516890,1,115,1,30.99,0.0
516891,1,132,1,45.99,0.0
516891,2,130,1,17.99,0.0
516891,3,101,3,273.99,0.0
516892,1,103,1,348.99,0.1
516893,1,125,2,29.99,0.0
516893,2,126,1,74.99,0.0
516894,1,121,1,216.99,0.0
516894,2,102,2,397.99,0.0
516894,3,134,1,226.99,0.0
516895,1,121,1,228.99,0.0
516896,1,137,2,32.99,0.2
516897,1,120,3,235.99,0.0
516897,2,123,1,79.99,0.0
516897,3,106,1,83.99,0.0
516898,1,113,2,170.99,0.0
516898,2,125,1,25.99,0.0
516898,3,121,1,186.99,0.0
516898,4,110,1,80.99,0.0
516899,1,132,1,45.99,0.2
516900,1,131,2,19.99,0.0
516901,1,105,1,96.99,0.0
516902,1,119,1,74.99,0.1
516903,1,117,2,188.99,0.2
516903,2,116,3,158.99,0.2
516903,3,137,2,34.99,0.2
516904,1,122,2,63.99,0.2
516904,2,134,3,194.99,0.2
516905,1,119,1,78.99,0.0
516905,2,130,1,18.99,0.0
516906,1,137,2,34.99,0.0
516907,1,105,1,118.99,0.0
516907,2,125,2,31.99,0.0
516908,1,136,1,28.99,0.2
516908,2,119,2,78.99,0.2
516908,3,131,1,24.99,0.2
516908,4,130,2,18.99,0.2
516908,5,121,1,228.99,0.2
516909,1,113,1,197.99,0.0
516909,2,111,1,45.99,0.0
516910,1,119,1,74.99,0.0
516910,2,120,1,235.99,0.0
516911,1,124,1,58.99,0.0
516911,2,134,2,238.99,0.0
516912,1,106,1,88.99,0.2
516912,2,123,1,84.99,0.2
516912,3,129,2,44.99,0.2
516912,4,132,2,48.99,0.2
516913,1,112,2,169.99,0.0
516914,1,110,3,98.99,0.0
516915,1,123,1,84.99,0.0
516916,1,105,2,112.99,0.0
516917,1,109,3,68.99,0.0
516918,1,134,1,226.99,0.0
516919,1,114,2,138.99,0.0
516920,1,114,1,112.99,0.0
516921,1,124,1,55.99,0.0
516921,2,129,1,41.99,0.0
516921,3,111,3,45.99,0.0
516922,1,124,2,58.99,0.2
516922,2,125,1,31.99,0.2
516922,3,132,3,48.99,0.2
516923,1,125,3,31.99,0.0
516924,1,115,2,36.99,0.0
516924,2,101,1,273.99,0.0
516925,1,106,1,83.99,0.0
516925,2,122,1,74.99,0.0
516926,1,111,1,45.99,0.2
516927,1,135,2,140.99,0.0
516927,2,138,2,93.99,0.0
516928,1,135,1,148.99,0.0
516929,1,121,1,228.99,0.0
516929,2,123,3,84.99,0.0
516930,1,118,1,88.99,0.0
516931,1,128,1,26.99,0.0
516931,2,108,2,264.99,0.0
516931,3,109,2,64.99,0.0
516932,1,113,1,170.99,0.2
516932,2,110,1,80.99,0.2
516933,1,114,2,138.99,0.2
516933,2,138,1,98.99,0.2
516934,1,120,1,235.99,0.0
516935,1,101,2,288.99,0.0
516936,1,134,1,226.99,0.0
516937,1,132,2,45.99,0.0
516938,1,101,1,235.99,0.3
516938,2,110,2,80.99,0.3
516939,1,125,3,31.99,0.2
516940,1,121,2,228.99,0.0
516941,1,115,1,38.99,0.1
516942,1,120,2,203.99,0.0
516943,1,103,2,285.99,0.0
516943,2,115,2,30.99,0.0
516944,1,102,1,418.99,0.0
516944,2,125,1,31.99,0.0
516945,1,119,1,74.99,0.0
516945,2,120,1,235.99,0.0
516946,1,133,1,118.99,0.1
516947,1,104,3,501.99,0.0
516947,2,132,1,45.99,0.0
516948,1,133,1,118.99,0.0
516949,1,107,2,198.99,0.0
516950,1,119,1,78.99,0.0
516950,2,118,2,88.99,0.0
516950,3,113,1,208.99,0.0
516951,1,121,1,228.99,0.0
516952,1,135,1,148.99,0.0
516953,1,125,1,25.99,0.0
516953,2,117,1,153.99,0.0
516954,1,122,3,78.99,0.0
516954,2,115,3,38.99,0.0
516955,1,137,1,34.99,0.0
516955,2,114,2,138.99,0.0
516956,1,123,1,84.99,0.0
516957,1,120,1,248.99,0.3
516958,1,129,1,44.99,0.0
516959,1,125,2,29.99,0.3
516960,1,105,1,118.99,0.0
516961,1,128,1,26.99,0.1
516961,2,125,1,29.99,0.1
516961,3,118,2,83.99,0.1
516962,1,126,1,78.99,0.0
516962,2,121,1,228.99,0.0
516962,3,112,1,178.99,0.0
516963,1,117,2,178.99,0.0
516963,2,133,1,112.99,0.0
516964,1,131,1,22.99,0.0
516964,2,119,1,74.99,0.0
516964,3,122,3,74.99,0.0
516965,1,103,1,348.99,0.0
516966,1,118,2,88.99,0.0
516967,1,101,2,288.99,0.0
516968,1,121,1,186.99,0.0
516969,1,115,1,38.99,0.1
516970,1,133,3,118.99,0.0
516971,1,113,1,170.99,0.0
516972,1,111,1,48.99,0.1
516973,1,115,1,38.99,0.0
516973,2,131,1,24.99,0.0
516973,3,113,1,208.99,0.0
516974,1,137,1,34.99,0.0
516975,1,109,3,64.99,0.1
516975,2,117,1,178.99,0.1
516976,1,114,2,131.99,0.0
516977,1,138,1,98.99,0.0
516978,1,133,1,112.99,0.0
516978,2,132,2,45.99,0.0
516979,1,104,2,528.99,0.0
516979,2,137,2,34.99,0.0
516980,1,112,1,178.99,0.0
516980,2,118,1,88.99,0.0
516981,1,132,1,48.99,0.1
516981,2,125,3,31.99,0.1
516981,3,116,1,158.99,0.1
516982,1,113,3,197.99,0.2
516983,1,135,1,140.99,0.0
516983,2,119,1,74.99,0.0
516983,3,109,1,64.99,0.0
516984,1,110,1,98.99,0.0
516985,1,114,3,131.99,0.0
516985,2,111,2,45.99,0.0
516985,3,109,2,64.99,0.0
516986,1,118,1,88.99,0.0
516987,1,124,1,47.99,0.2
516988,1,119,1,78.99,0.2
516988,2,125,3,31.99,0.2
516988,3,135,1,148.99,0.2
516989,1,128,2,26.99,0.0
516990,1,126,1,78.99,0.0
516991,1,122,1,74.99,0.0
516991,2,104,2,501.99,0.0
516991,3,112,1,169.99,0.0
516991,4,109,2,64.99,0.0
516991,5,117,2,178.99,0.0
516992,1,123,3,68.99,0.2
516993,1,122,2,74.99,0.0
516994,1,124,1,58.99,0.1
516994,2,136,2,28.99,0.1
516995,1,136,1,28.99,0.0
516996,1,132,2,48.99,0.0
516997,1,124,1,58.99,0.0
516997,2,121,2,228.99,0.0
516998,1,125,1,31.99,0.0
516998,2,131,2,24.99,0.0
516999,1,114,2,112.99,0.0
517000,1,130,1,17.99,0.0
517001,1,135,1,140.99,0.0
517002,1,130,2,18.99,0.1
517002,2,119,1,78.99,0.1
517002,3,111,2,48.99,0.1
517003,1,105,1,112.99,0.0
517003,2,114,1,131.99,0.0
517004,1,123,3,84.99,0.0
517004,2,106,2,88.99,0.0
517005,1,125,1,31.99,0.0
517005,2,103,1,348.99,0.0
517006,1,122,3,63.99,0.0
517006,2,123,2,68.99,0.0
517006,3,111,1,39.99,0.0
517007,1,137,1,34.99,0.0
517007,2,115,1,38.99,0.0
517007,3,120,2,248.99,0.0
517007,4,124,2,58.99,0.0
517008,1,114,3,131.99,0.0
517008,2,109,3,64.99,0.0
517008,3,119,1,74.99,0.0
517009,1,120,3,248.99,0.1
517010,1,109,2,68.99,0.0
517011,1,107,1,198.99,0.0
517012,1,123,1,84.99,0.0
517013,1,116,1,150.99,0.0
517013,2,112,2,169.99,0.0
517014,1,117,1,153.99,0.0
517015,1,131,3,22.99,0.0
517015,2,105,1,112.99,0.0
517016,1,111,1,48.99,0.0
517016,2,130,2,18.99,0.0
517016,3,110,1,98.99,0.0
517017,1,101,2,288.99,0.1
517018,1,121,3,216.99,0.0
517019,1,103,1,330.99,0.1
517020,1,124,1,55.99,0.3
517020,2,136,1,26.99,0.3
517021,1,116,1,158.99,0.0
517021,2,105,2,118.99,0.0
517021,3,138,1,98.99,0.0
517022,1,109,1,64.99,0.0
517023,1,101,2,288.99,0.2
517024,1,119,1,63.99,0.0
517025,1,131,1,22.99,0.0
517026,1,124,3,55.99,0.3
517026,2,122,1,74.99,0.3
517026,3,114,2,131.99,0.3
517027,1,124,1,58.99,0.0
517028,1,135,1,148.99,0.0
517029,1,134,2,194.99,0.0
517030,1,112,2,169.99,0.0
517031,1,126,3,78.99,0.0
517031,2,121,1,228.99,0.0
517032,1,133,1,112.99,0.0
517033,1,102,3,342.99,0.0
517034,1,122,3,78.99,0.0
517035,1,112,2,178.99,0.0
517035,2,106,2,88.99,0.0
517036,1,132,1,39.99,0.2
517036,2,124,1,47.99,0.2
517037,1,106,1,88.99,0.0
517037,2,103,1,348.99,0.0
517038,1,129,1,35.99,0.0
517038,2,134,2,194.99,0.0
517038,3,115,1,30.99,0.0
517039,1,117,1,178.99,0.0
517040,1,121,1,228.99,0.0
517041,1,114,3,112.99,0.2
517042,1,137,2,32.99,0.0
517042,2,110,1,93.99,0.0
517043,1,133,1,112.99,0.0
517044,1,103,3,285.99,0.0
517045,1,128,3,22.99,0.2
517045,2,109,1,55.99,0.2
517046,1,107,1,198.99,0.0
517046,2,134,2,238.99,0.0
517046,3,128,1,28.99,0.0
517046,4,108,1,278.99,0.0
517047,1,112,3,178.99,0.2
517047,2,113,1,208.99,0.2
517048,1,121,1,216.99,0.0
517049,1,110,1,98.99,0.0
517049,2,133,1,118.99,0.0
517050,1,116,1,158.99,0.1
517051,1,121,2,228.99,0.0
517052,1,117,2,153.99,0.1
517052,2,109,3,55.99,0.1
517053,1,126,3,74.99,0.1
517053,2,103,3,330.99,0.1
517054,1,135,1,148.99,0.0
517055,1,121,1,216.99,0.0
517055,2,110,2,93.99,0.0
517055,3,111,3,45.99,0.0
517055,4,118,3,83.99,0.0
517056,1,118,2,88.99,0.2
517057,1,109,2,68.99,0.1
517057,2,101,1,288.99,0.1
517058,1,103,3,330.99,0.0
517058,2,126,1,74.99,0.0
517059,1,117,1,188.99,0.0
517059,2,131,1,24.99,0.0
517060,1,132,2,45.99,0.0
517060,2,128,1,26.99,0.0
517061,1,112,1,178.99,0.0
517062,1,126,1,78.99,0.0
517062,2,119,1,78.99,0.0
517063,1,114,1,131.99,0.0
517063,2,132,1,45.99,0.0
517063,3,135,3,140.99,0.0
517063,4,123,2,79.99,0.0
517064,1,135,3,148.99,0.0
517064,2,115,2,38.99,0.0
517065,1,122,3,78.99,0.0
517065,2,123,3,84.99,0.0
517066,1,106,2,88.99,0.0
517066,2,112,1,178.99,0.0
517066,3,123,2,84.99,0.0
517067,1,123,1,84.99,0.0
517068,1,104,1,501.99,0.1
517068,2,108,1,264.99,0.1
517069,1,132,2,48.99,0.0
517069,2,124,2,58.99,0.0
517069,3,101,1,288.99,0.0
517070,1,114,1,138.99,0.0
517070,2,125,2,31.99,0.0
517070,3,119,3,78.99,0.0
517070,4,122,1,78.99,0.0
517070,5,124,1,58.99,0.0
517071,1,135,1,148.99,0.0
517071,2,109,1,68.99,0.0
517072,1,122,3,74.99,0.0
517073,1,105,2,118.99,0.2
517074,1,124,3,55.99,0.0
517074,2,127,1,55.99,0.0
517074,3,125,3,29.99,0.0
517074,4,126,1,74.99,0.0
517075,1,134,3,238.99,0.0
517075,2,114,1,138.99,0.0
517076,1,136,1,26.99,0.0
517077,1,120,1,248.99,0.0
517078,1,115,2,36.99,0.2
517078,2,110,2,93.99,0.2
517079,1,116,2,150.99,0.0
517079,2,113,2,197.99,0.0
517079,3,123,3,79.99,0.0
517080,1,113,1,170.99,0.0
517080,2,134,1,194.99,0.0
517081,1,121,1,228.99,0.2
517082,1,121,1,228.99,0.0
517083,1,116,1,158.99,0.2
517083,2,108,2,278.99,0.2
517084,1,132,2,39.99,0.2
517084,2,129,3,35.99,0.2
517085,1,106,2,88.99,0.0
517085,2,116,1,158.99,0.0
517086,1,120,1,248.99,0.0
517086,2,114,1,138.99,0.0
517086,3,127,2,58.99,0.0
517087,1,109,2,68.99,0.0
517087,2,119,1,78.99,0.0
517087,3,124,1,58.99,0.0
517088,1,112,3,178.99,0.0
517088,2,108,2,278.99,0.0
517089,1,126,1,74.99,0.0
517089,2,105,1,112.99,0.0
517090,1,101,1,288.99,0.0
517090,2,111,2,48.99,0.0
517091,1,124,1,55.99,0.0
517092,1,119,2,78.99,0.0
517093,1,107,1,198.99,0.0
517094,1,112,2,145.99,0.3
517094,2,122,3,63.99,0.3
517095,1,110,3,93.99,0.0
517096,1,113,1,170.99,0.2
517097,1,113,2,197.99,0.0
517098,1,115,1,38.99,0.0
517098,2,102,1,418.99,0.0
517098,3,107,3,198.99,0.0
517099,1,121,2,228.99,0.0
517100,1,120,2,235.99,0.1
517100,2,135,1,140.99,0.1
517101,1,117,2,153.99,0.0
517101,2,116,3,129.99,0.0
517101,3,113,3,170.99,0.0
517101,4,123,1,68.99,0.0
517102,1,121,1,186.99,0.0
517102,2,136,1,22.99,0.0
517103,1,119,1,78.99,0.0
517103,2,105,1,118.99,0.0
517104,1,121,2,186.99,0.0
517104,2,110,3,80.99,0.0
517104,3,111,3,39.99,0.0
517104,4,109,1,55.99,0.0
517105,1,123,1,79.99,0.0
517105,2,109,1,64.99,0.0
517105,3,128,1,26.99,0.0
517105,4,105,2,112.99,0.0
517105,5,132,2,45.99,0.0
517106,1,137,1,34.99,0.0
517107,1,127,1,58.99,0.0
517108,1,111,1,45.99,0.0
517109,1,127,1,58.99,0.1
517110,1,124,2,58.99,0.0
517111,1,122,1,78.99,0.0
517112,1,138,3,93.99,0.1
517113,1,106,3,83.99,0.1
517113,2,102,1,397.99,0.1
517114,1,114,3,131.99,0.1
517114,2,123,1,79.99,0.1
517115,1,103,1,348.99,0.0
517116,1,112,2,178.99,0.0
517116,2,120,1,248.99,0.0
517117,1,122,1,78.99,0.0
517117,2,121,2,228.99,0.0
517117,3,133,2,118.99,0.0
517118,1,123,1,84.99,0.0
517118,2,121,1,228.99,0.0
517119,1,124,1,58.99,0.0
517120,1,128,3,28.99,0.1
517120,2,112,2,178.99,0.1
517120,3,124,1,58.99,0.1
517121,1,136,1,28.99,0.1
517122,1,109,1,68.99,0.0
517123,1,111,1,48.99,0.0
517124,1,106,1,88.99,0.0
517125,1,114,1,138.99,0.1
517125,2,101,2,288.99,0.1
517126,1,119,3,78.99,0.0
517127,1,112,2,169.99,0.0
517127,2,110,3,93.99,0.0
517128,1,121,1,216.99,0.0
517129,1,114,2,138.99,0.0
517130,1,118,1,71.99,0.0
517130,2,124,1,47.99,0.0
517131,1,117,3,178.99,0.1
517131,2,106,2,83.99,0.1
517132,1,116,2,158.99,0.0
517132,2,108,2,278.99,0.0
517133,1,124,1,55.99,0.0
517134,1,106,1,83.99,0.1
517135,1,112,1,169.99,0.0
517135,2,137,1,32.99,0.0
517135,3,134,3,226.99,0.0
517135,4,118,2,83.99,0.0
517136,1,126,3,74.99,0.0
517137,1,133,1,118.99,0.0
517138,1,101,1,288.99,0.0
517139,1,122,2,78.99,0.1
517140,1,114,1,138.99,0.2
517140,2,115,1,38.99,0.2
517140,3,126,2,78.99,0.2
517141,1,114,2,138.99,0.3
517142,1,138,1,93.99,0.0
517143,1,115,2,38.99,0.0
517144,1,134,1,226.99,0.0
517144,2,117,1,178.99,0.0
517145,1,124,1,58.99,0.2
517146,1,113,1,170.99,0.0
517146,2,124,2,47.99,0.0
517146,3,120,1,203.99,0.0
517147,1,133,2,112.99,0.0
517148,1,134,1,238.99,0.0
517149,1,102,2,418.99,0.0
517150,1,107,2,162.99,0.0
517150,2,121,2,186.99,0.0
517150,3,135,1,121.99,0.0
517150,4,116,1,129.99,0.0
517151,1,125,2,31.99,0.0
517152,1,136,2,22.99,0.0
517153,1,132,3,48.99,0.0
517154,1,113,1,208.99,0.1
517155,1,117,2,153.99,0.0
517156,1,110,1,93.99,0.1
517157,1,124,2,58.99,0.3
517158,1,124,3,58.99,0.0
517159,1,109,2,68.99,0.1
517159,2,110,2,98.99,0.1
517160,1,114,2,138.99,0.0
517161,1,129,1,44.99,0.1
517162,1,122,3,63.99,0.0
517163,1,129,1,44.99,0.0
517164,1,122,1,78.99,0.0
517164,2,119,2,78.99,0.0
517165,1,128,1,28.99,0.0
517166,1,112,1,178.99,0.0
517167,1,129,1,35.99,0.2
517167,2,103,1,285.99,0.2
517168,1,129,1,41.99,0.1
517169,1,127,1,58.99,0.2
517169,2,136,2,28.99,0.2
517169,3,138,2,98.99,0.2
517169,4,128,1,28.99,0.2
517169,5,106,1,88.99,0.2
517170,1,115,2,38.99,0.0
517171,1,114,3,112.99,0.0
517172,1,122,1,63.99,0.0
517173,1,119,3,74.99,0.1
517174,1,119,3,78.99,0.1
517174,2,115,1,38.99,0.1
517174,3,138,2,98.99,0.1
517175,1,135,2,148.99,0.0
517176,1,126,1,78.99,0.1
517176,2,115,1,38.99,0.1
517176,3,110,1,98.99,0.1
517176,4,124,1,58.99,0.1
517176,5,108,3,278.99,0.1
517177,1,112,1,145.99,0.3
517177,2,124,2,47.99,0.3
517177,3,120,1,203.99,0.3
517177,4,137,1,27.99,0.3
517177,5,113,1,170.99,0.3
517178,1,121,1,186.99,0.0
517179,1,113,1,170.99,0.0
517180,1,114,1,131.99,0.0
517180,2,119,1,74.99,0.0
517180,3,117,2,178.99,0.0
517180,4,108,3,264.99,0.0
517180,5,125,1,29.99,0.0
517181,1,134,1,194.99,0.0
517181,2,116,1,129.99,0.0
517181,3,127,1,47.99,0.0
517181,4,110,1,80.99,0.0
517182,1,130,1,14.99,0.0
517182,2,115,3,30.99,0.0
517183,1,126,1,74.99,0.1
517184,1,114,1,138.99,0.0
517184,2,106,1,88.99,0.0
517185,1,101,2,235.99,0.0
517186,1,114,2,131.99,0.0
517186,2,124,1,55.99,0.0
517186,3,119,1,74.99,0.0
517186,4,113,1,197.99,0.0
517187,1,117,3,178.99,0.0
517188,1,114,1,138.99,0.1
517188,2,123,2,84.99,0.1
517189,1,119,1,78.99,0.0
517189,2,116,2,158.99,0.0
517190,1,135,1,140.99,0.1
517190,2,125,2,29.99,0.1
517191,1,133,1,118.99,0.0
517192,1,118,3,88.99,0.0
517192,2,124,2,58.99,0.0
517192,3,125,1,31.99,0.0
517192,4,121,2,228.99,0.0
517193,1,121,2,228.99,0.0
517193,2,134,1,238.99,0.0
517194,1,111,1,48.99,0.1
517195,1,108,2,278.99,0.0
517196,1,117,1,188.99,0.0
517197,1,122,1,78.99,0.0
517198,1,131,1,19.99,0.2
517199,1,107,2,188.99,0.0
517199,2,110,1,93.99,0.0
517200,1,114,1,138.99,0.0
517200,2,113,2,208.99,0.0
517200,3,130,3,18.99,0.0
517200,4,123,1,84.99,0.0
517201,1,116,2,158.99,0.0
517201,2,119,1,78.99,0.0
517202,1,105,1,112.99,0.0
517202,2,131,1,22.99,0.0
517202,3,122,3,74.99,0.0
517202,4,124,2,55.99,0.0
517203,1,116,3,158.99,0.2
517203,2,124,1,58.99,0.2
517204,1,125,1,29.99,0.0
517204,2,116,1,150.99,0.0
517204,3,134,3,226.99,0.0
517204,4,119,1,74.99,0.0
517204,5,129,1,41.99,0.0
517205,1,120,1,248.99,0.0
517206,1,117,1,178.99,0.0
517207,1,117,1,153.99,0.0
517208,1,101,3,235.99,0.0
517209,1,122,1,78.99,0.3
517209,2,132,2,48.99,0.3
517210,1,105,1,118.99,0.0
517211,1,115,1,30.99,0.0
517212,1,118,2,88.99,0.0
517212,2,133,1,118.99,0.0
517213,1,115,1,38.99,0.2
517213,2,114,2,138.99,0.2
517213,3,118,3,88.99,0.2
517213,4,127,1,58.99,0.2
517214,1,131,2,24.99,0.0
517214,2,116,1,158.99,0.0
517215,1,119,2,74.99,0.0
517216,1,126,1,63.99,0.0
517217,1,116,1,150.99,0.0
517217,2,128,1,26.99,0.0
517218,1,115,1,36.99,0.0
517218,2,101,1,273.99,0.0
517219,1,114,1,112.99,0.0
517220,1,131,3,24.99,0.0
517220,2,101,1,288.99,0.0
517220,3,128,1,28.99,0.0
517220,4,106,1,88.99,0.0
517221,1,124,1,55.99,0.0
517222,1,103,3,348.99,0.0
517222,2,110,2,98.99,0.0
517223,1,118,2,71.99,0.0
517224,1,128,2,28.99,0.0
517225,1,106,2,88.99,0.0
517225,2,102,2,418.99,0.0
517226,1,136,1,28.99,0.0
517227,1,123,2,84.99,0.0
517228,1,120,1,235.99,0.0
517228,2,115,3,36.99,0.0
517228,3,116,1,150.99,0.0
517228,4,122,1,74.99,0.0
517229,1,107,1,162.99,0.0
517229,2,133,1,96.99,0.0
517229,3,115,2,30.99,0.0
517229,4,111,1,39.99,0.0
517229,5,117,2,153.99,0.0
517230,1,115,2,38.99,0.0
517231,1,124,1,55.99,0.0
517231,2,122,1,74.99,0.0
517231,3,115,1,36.99,0.0
517232,1,137,1,27.99,0.0
517233,1,119,1,78.99,0.3
517233,2,111,1,48.99,0.3
517233,3,131,1,24.99,0.3
517233,4,114,1,138.99,0.3
517234,1,124,2,58.99,0.0
517234,2,125,1,31.99,0.0
517235,1,122,3,78.99,0.0
517236,1,121,2,216.99,0.0
517236,2,125,2,29.99,0.0
517236,3,137,1,32.99,0.0
517237,1,116,2,150.99,0.0
517237,2,124,1,55.99,0.0
517238,1,106,3,71.99,0.0
517239,1,118,1,83.99,0.0
517240,1,137,1,34.99,0.0
517241,1,118,1,88.99,0.3
517241,2,124,1,58.99,0.3
517242,1,115,3,38.99,0.0
517242,2,108,1,278.99,0.0
517242,3,113,3,208.99,0.0
517242,4,104,2,528.99,0.0
517243,1,116,3,158.99,0.1
517243,2,126,2,78.99,0.1
517243,3,127,1,58.99,0.1
517243,4,121,2,228.99,0.1
517244,1,119,1,78.99,0.0
517244,2,125,1,31.99,0.0
517245,1,119,2,78.99,0.0
517246,1,109,1,55.99,0.0
517247,1,112,1,145.99,0.0
517248,1,112,2,169.99,0.1
517248,2,113,1,197.99,0.1
517249,1,107,3,162.99,0.0
517249,2,121,2,186.99,0.0
517249,3,137,1,27.99,0.0
517250,1,120,1,203.99,0.0
517250,2,116,3,129.99,0.0
517250,3,119,1,63.99,0.0
517251,1,133,2,96.99,0.0
517251,2,102,1,342.99,0.0
517251,3,138,1,80.99,0.0
517251,4,136,1,22.99,0.0
517252,1,102,1,418.99,0.0
517253,1,115,1,36.99,0.1
517254,1,107,1,198.99,0.0
517254,2,115,3,38.99,0.0
517255,1,102,2,418.99,0.0
517255,2,122,2,78.99,0.0
517255,3,107,1,198.99,0.0
517256,1,125,2,25.99,0.0
517256,2,116,2,129.99,0.0
517256,3,123,1,68.99,0.0
517257,1,124,1,58.99,0.1
517257,2,113,1,208.99,0.1
517257,3,111,1,48.99,0.1
517258,1,123,1,68.99,0.0
517258,2,129,3,35.99,0.0
517258,3,120,1,203.99,0.0
517259,1,132,1,45.99,0.0
517259,2,121,1,216.99,0.0
517259,3,103,1,330.99,0.0
517259,4,116,2,150.99,0.0
517260,1,113,2,197.99,0.0
517261,1,109,3,64.99,0.1
517261,2,103,1,330.99,0.1
517262,1,130,3,18.99,0.0
517262,2,108,2,278.99,0.0
517262,3,133,3,118.99,0.0
517262,4,127,1,58.99,0.0
517262,5,135,1,148.99,0.0
517263,1,118,1,83.99,0.0
517264,1,132,3,39.99,0.1
517265,1,131,2,24.99,0.1
517265,2,124,1,58.99,0.1
517265,3,130,1,18.99,0.1
517266,1,129,1,44.99,0.1
517267,1,136,1,26.99,0.1
517267,2,117,2,178.99,0.1
517268,1,113,2,208.99,0.0
517268,2,109,1,68.99,0.0
517268,3,121,3,228.99,0.0
517268,4,126,1,78.99,0.0
517268,5,114,2,138.99,0.0
517269,1,104,3,432.99,0.2
517270,1,129,3,41.99,0.0
517271,1,115,3,30.99,0.0
517272,1,114,1,138.99,0.2
517272,2,128,2,28.99,0.2
517273,1,124,2,58.99,0.0
517274,1,112,1,169.99,0.0
517275,1,107,2,188.99,0.1
517275,2,118,3,83.99,0.1
517276,1,128,1,22.99,0.0
517277,1,120,1,248.99,0.0
517278,1,137,1,34.99,0.1
517279,1,123,2,79.99,0.0
517280,1,108,1,264.99,0.0
517280,2,132,2,45.99,0.0
517281,1,106,1,88.99,0.0
517282,1,129,1,41.99,0.0
517283,1,124,1,55.99,0.0
517283,2,104,1,501.99,0.0
517283,3,113,1,197.99,0.0
517284,1,124,3,58.99,0.0
517284,2,108,2,278.99,0.0
517284,3,121,2,228.99,0.0
517284,4,136,1,28.99,0.0
517285,1,129,1,44.99,0.0
517286,1,126,1,78.99,0.0
517287,1,134,1,238.99,0.0
517287,2,118,2,88.99,0.0
517288,1,124,1,58.99,0.0
517289,1,116,1,150.99,0.0
517289,2,101,1,273.99,0.0
517289,3,127,1,55.99,0.0
517289,4,117,2,178.99,0.0
517290,1,124,1,55.99,0.0
517291,1,113,3,197.99,0.1
517292,1,114,2,138.99,0.1
517293,1,110,1,98.99,0.1
517293,2,111,1,48.99,0.1
517294,1,110,2,98.99,0.3
517294,2,131,1,24.99,0.3
517294,3,137,2,34.99,0.3
517295,1,106,1,88.99,0.1
517296,1,117,2,188.99,0.0
517296,2,114,2,138.99,0.0
517297,1,112,2,178.99,0.1
517297,2,116,1,158.99,0.1
517298,1,136,3,26.99,0.0
517299,1,121,2,228.99,0.0
517299,2,119,2,78.99,0.0
517300,1,117,1,153.99,0.0
517300,2,115,2,30.99,0.0
517301,1,116,2,158.99,0.0
517301,2,136,2,28.99,0.0
517302,1,110,1,98.99,0.0
517302,2,126,1,78.99,0.0
517302,3,115,1,38.99,0.0
517303,1,123,3,79.99,0.0
517304,1,135,1,148.99,0.0
517304,2,108,1,278.99,0.0
517305,1,109,1,55.99,0.0
517305,2,124,2,47.99,0.0
517306,1,136,1,28.99,0.0
517306,2,112,1,178.99,0.0
517306,3,104,1,528.99,0.0
517307,1,103,1,330.99,0.0
517308,1,118,1,88.99,0.1
517308,2,111,2,48.99,0.1
517308,3,119,1,78.99,0.1
517309,1,109,2,68.99,0.0
517310,1,105,2,96.99,0.0
517311,1,124,2,58.99,0.1
517312,1,137,1,34.99,0.1
517312,2,112,2,178.99,0.1
517312,3,108,1,278.99,0.1
517313,1,101,2,235.99,0.0
517314,1,137,2,34.99,0.0
517314,2,101,2,288.99,0.0
517315,1,116,1,150.99,0.0
517316,1,118,1,83.99,0.0
517317,1,127,1,58.99,0.1
517317,2,114,3,138.99,0.1
517317,3,112,1,178.99,0.1
517318,1,105,1,118.99,0.1
517319,1,124,1,58.99,0.0
517319,2,112,1,178.99,0.0
517320,1,108,1,278.99,0.0
517321,1,118,2,71.99,0.0
517321,2,120,1,203.99,0.0
517322,1,103,1,348.99,0.0
517322,2,116,2,158.99,0.0
517322,3,113,1,208.99,0.0
517322,4,114,1,138.99,0.0
517323,1,126,1,74.99,0.0
517323,2,130,2,17.99,0.0
517324,1,112,1,178.99,0.0
517324,2,109,1,68.99,0.0
517325,1,121,2,228.99,0.0
517326,1,119,1,74.99,0.0
517327,1,129,1,44.99,0.0
517328,1,114,1,112.99,0.0
517329,1,130,2,18.99,0.3
517330,1,104,2,528.99,0.1
517330,2,106,1,88.99,0.1
517330,3,118,1,88.99,0.1
517331,1,119,2,78.99,0.0
517331,2,108,3,278.99,0.0
517331,3,116,2,158.99,0.0
517331,4,125,1,31.99,0.0
517332,1,107,1,198.99,0.0
517332,2,130,1,18.99,0.0
517332,3,131,2,24.99,0.0
517332,4,112,2,178.99,0.0
517333,1,115,2,38.99,0.0
517333,2,131,1,24.99,0.0
517333,3,101,1,288.99,0.0
517334,1,106,1,83.99,0.0
517335,1,104,2,528.99,0.0
517336,1,105,3,112.99,0.1
517336,2,120,2,235.99,0.1
517336,3,111,2,45.99,0.1
517336,4,117,2,178.99,0.1
517337,1,138,3,98.99,0.3
517338,1,111,1,45.99,0.1
517339,1,130,2,17.99,0.1
517340,1,122,2,78.99,0.0
517340,2,108,1,278.99,0.0
517341,1,131,1,24.99,0.0
517342,1,113,1,197.99,0.0
517343,1,108,1,227.99,0.0
517344,1,110,1,80.99,0.0
517345,1,110,1,93.99,0.0
517346,1,134,1,226.99,0.2
517346,2,125,1,29.99,0.2
517347,1,114,1,138.99,0.0
517348,1,114,1,138.99,0.0
517348,2,111,1,48.99,0.0
517348,3,110,1,98.99,0.0
517348,4,128,1,28.99,0.0
517348,5,125,2,31.99,0.0
517349,1,130,1,14.99,0.2
517350,1,138,1,98.99,0.0
517351,1,105,1,96.99,0.0
517352,1,102,1,342.99,0.0
517352,2,115,1,30.99,0.0
517353,1,110,3,93.99,0.0
517353,2,108,1,264.99,0.0
517353,3,121,3,216.99,0.0
517354,1,137,1,34.99,0.0
517354,2,125,2,31.99,0.0
517355,1,107,1,198.99,0.0
517356,1,106,1,88.99,0.3
517356,2,116,3,158.99,0.3
517357,1,129,2,44.99,0.0
517357,2,115,1,38.99,0.0
517357,3,103,3,348.99,0.0
517357,4,136,1,28.99,0.0
517358,1,121,1,228.99,0.0
517359,1,109,1,68.99,0.0
517359,2,125,1,31.99,0.0
517360,1,129,1,44.99,0.0
517361,1,115,1,30.99,0.0
517361,2,123,1,68.99,0.0
517362,1,124,2,47.99,0.1
517363,1,108,1,264.99,0.0
517363,2,103,1,330.99,0.0
517364,1,112,1,169.99,0.0
517364,2,132,1,45.99,0.0
517365,1,125,2,31.99,0.0
517366,1,107,2,162.99,0.0
517366,2,124,1,47.99,0.0
517367,1,122,1,78.99,0.0
517367,2,121,2,228.99,0.0
517367,3,113,1,208.99,0.0
517368,1,112,2,169.99,0.1
517368,2,137,3,32.99,0.1
517369,1,112,1,178.99,0.0
517369,2,129,3,44.99,0.0
517370,1,107,1,198.99,0.0
517371,1,122,1,74.99,0.0
517371,2,124,3,55.99,0.0
517372,1,120,1,235.99,0.0
517373,1,108,2,264.99,0.1
517373,2,105,1,112.99,0.1
517374,1,112,1,145.99,0.0
517375,1,131,1,24.99,0.2
517375,2,124,2,58.99,0.2
517375,3,132,1,48.99,0.2
517375,4,112,2,178.99,0.2
517376,1,121,1,228.99,0.1
517377,1,118,2,83.99,0.0
517378,1,113,1,197.99,0.1
517379,1,108,1,227.99,0.1
517380,1,118,1,83.99,0.0
517380,2,135,3,140.99,0.0
517380,3,133,3,112.99,0.0
517381,1,125,1,25.99,0.1
517381,2,135,2,121.99,0.1
517382,1,107,2,198.99,0.0
517382,2,106,3,88.99,0.0
517383,1,119,1,74.99,0.0
517384,1,115,3,30.99,0.0
517384,2,119,1,63.99,0.0
517385,1,101,1,288.99,0.1
517385,2,103,2,348.99,0.1
517385,3,136,1,28.99,0.1
517386,1,111,1,48.99,0.1
517386,2,134,1,238.99,0.1
517386,3,138,2,98.99,0.1
517386,4,123,2,84.99,0.1
517387,1,106,2,71.99,0.0
517388,1,105,1,112.99,0.0
517388,2,130,1,17.99,0.0
517389,1,113,1,208.99,0.3
517389,2,104,1,528.99,0.3
517390,1,120,1,248.99,0.0
517390,2,115,3,38.99,0.0
517391,1,104,3,528.99,0.0
517391,2,138,1,98.99,0.0
517392,1,109,1,64.99,0.0
517393,1,116,3,158.99,0.1
517394,1,123,1,84.99,0.0
517394,2,110,3,98.99,0.0
517395,1,117,2,188.99,0.0
517395,2,111,1,48.99,0.0
517396,1,138,1,98.99,0.0
517396,2,112,2,178.99,0.0
517397,1,131,2,24.99,0.0
517397,2,109,2,68.99,0.0
517398,1,127,2,58.99,0.0
517398,2,111,1,48.99,0.0
517399,1,114,2,138.99,0.0
517400,1,108,1,278.99,0.0
517401,1,101,1,288.99,0.0
517402,1,123,1,84.99,0.2
517403,1,130,2,18.99,0.0
517403,2,134,2,238.99,0.0
517403,3,113,2,208.99,0.0
517404,1,105,3,118.99,0.0
517404,2,125,1,31.99,0.0
517404,3,124,1,58.99,0.0
517404,4,126,1,78.99,0.0
517405,1,107,1,198.99,0.0
517405,2,121,1,228.99,0.0
517406,1,105,1,118.99,0.2
517407,1,101,1,288.99,0.1
517408,1,107,1,162.99,0.1
517409,1,123,3,84.99,0.0
517409,2,111,3,48.99,0.0
517409,3,120,1,248.99,0.0
517410,1,117,1,188.99,0.2
517410,2,107,1,198.99,0.2
517410,3,135,2,148.99,0.2
517411,1,111,1,48.99,0.0
517412,1,119,1,78.99,0.0
517413,1,105,1,118.99,0.3
517413,2,119,2,78.99,0.3
517414,1,118,2,83.99,0.1
517414,2,124,1,55.99,0.1
517414,3,112,1,169.99,0.1
517414,4,129,1,41.99,0.1
517414,5,138,1,93.99,0.1
517415,1,116,1,129.99,0.2
517416,1,127,2,58.99,0.1
517417,1,109,3,55.99,0.0
517417,2,118,1,71.99,0.0
517417,3,127,2,47.99,0.0
517417,4,104,2,432.99,0.0
517418,1,124,1,58.99,0.0
517419,1,110,1,80.99,0.0
517420,1,124,1,58.99,0.1
517420,2,115,2,38.99,0.1
517420,3,120,1,248.99,0.1
517421,1,107,1,162.99,0.0
517422,1,128,1,28.99,0.1
517423,1,120,1,235.99,0.0
517423,2,135,2,140.99,0.0
517423,3,123,1,79.99,0.0
517423,4,106,1,83.99,0.0
517423,5,124,1,55.99,0.0
517424,1,106,2,88.99,0.0
517425,1,108,1,227.99,0.0
517426,1,102,1,418.99,0.0
517427,1,127,2,55.99,0.0
517428,1,112,2,145.99,0.0
517429,1,121,2,228.99,0.1
517429,2,123,1,84.99,0.1
517429,3,137,1,34.99,0.1
517429,4,132,3,48.99,0.1
517429,5,115,2,38.99,0.1
517430,1,125,1,31.99,0.0
517431,1,120,3,248.99,0.0
517431,2,122,1,78.99,0.0
517432,1,112,2,169.99,0.0
517433,1,112,3,178.99,0.1
517433,2,127,3,58.99,0.1
517433,3,124,2,58.99,0.1
517434,1,130,2,18.99,0.0
517435,1,123,3,79.99,0.0
517435,2,116,1,150.99,0.0
517435,3,105,2,112.99,0.0
517436,1,124,1,58.99,0.0
517437,1,107,2,188.99,0.2
517438,1,112,3,178.99,0.0
517438,2,120,2,248.99,0.0
517439,1,103,1,330.99,0.0
517440,1,122,1,78.99,0.0
517441,1,134,1,194.99,0.0
517441,2,123,3,68.99,0.0
517441,3,104,1,432.99,0.0
517442,1,101,1,273.99,0.0
517443,1,126,1,74.99,0.0
517444,1,113,1,208.99,0.1
517445,1,119,1,74.99,0.0
517445,2,136,1,26.99,0.0
517446,1,119,3,78.99,0.0
517446,2,134,1,238.99,0.0
517446,3,114,1,138.99,0.0
517447,1,130,2,18.99,0.0
517447,2,126,1,78.99,0.0
517447,3,125,1,31.99,0.0
517447,4,121,1,228.99,0.0
517448,1,115,2,36.99,0.0
517449,1,107,1,198.99,0.0
517449,2,117,2,188.99,0.0
517450,1,123,3,84.99,0.1
517451,1,134,3,238.99,0.0
517451,2,116,1,158.99,0.0
517451,3,124,2,58.99,0.0
517451,4,112,2,178.99,0.0
517452,1,125,1,31.99,0.0
517452,2,121,1,228.99,0.0
517452,3,138,1,98.99,0.0
517452,4,133,3,118.99,0.0
517453,1,112,1,169.99,0.0
517454,1,112,2,178.99,0.2
517455,1,114,1,138.99,0.1
517455,2,121,1,228.99,0.1
517455,3,127,1,58.99,0.1
517455,4,108,2,278.99,0.1
517456,1,102,1,418.99,0.0
517456,2,125,3,31.99,0.0
517456,3,109,1,68.99,0.0
517457,1,110,1,98.99,0.0
517458,1,110,2,98.99,0.0
517458,2,116,2,158.99,0.0
517459,1,128,3,28.99,0.0
517459,2,134,2,238.99,0.0
517459,3,119,1,78.99,0.0
517460,1,124,3,58.99,0.0
517461,1,110,3,93.99,0.0
517462,1,120,2,248.99,0.0
517462,2,121,1,228.99,0.0
517463,1,118,1,88.99,0.0
517463,2,133,2,118.99,0.0
517463,3,138,2,98.99,0.0
517464,1,111,1,48.99,0.0
517465,1,116,2,158.99,0.2
517466,1,120,1,248.99,0.1
517466,2,126,1,78.99,0.1
517466,3,136,1,28.99,0.1
517466,4,125,1,31.99,0.1
517467,1,107,1,162.99,0.0
517467,2,112,1,145.99,0.0
517467,3,127,2,47.99,0.0
517468,1,125,2,31.99,0.0
517469,1,117,3,188.99,0.0
517470,1,133,2,118.99,0.0
517470,2,135,2,148.99,0.0
517470,3,134,3,238.99,0.0
517470,4,113,1,208.99,0.0
517471,1,109,2,68.99,0.2
517472,1,120,3,248.99,0.1
517472,2,122,1,78.99,0.1
517473,1,112,1,178.99,0.0
517473,2,116,3,158.99,0.0
517474,1,136,1,26.99,0.0
517474,2,111,2,45.99,0.0
517474,3,115,2,36.99,0.0
517475,1,115,3,38.99,0.0
517475,2,135,1,148.99,0.0
517476,1,104,1,432.99,0.0
517476,2,127,1,47.99,0.0
517476,3,103,1,285.99,0.0
517476,4,126,2,63.99,0.0
517477,1,136,1,28.99,0.0
517477,2,107,2,198.99,0.0
517477,3,111,1,48.99,0.0
517478,1,133,2,118.99,0.2
517478,2,102,1,418.99,0.2
517479,1,138,3,98.99,0.0
517479,2,122,3,78.99,0.0
517479,3,124,1,58.99,0.0
517480,1,121,3,228.99,0.0
517481,1,116,2,158.99,0.0
517481,2,103,1,348.99,0.0
517482,1,123,2,84.99,0.0
517483,1,137,2,34.99,0.0
517484,1,124,1,55.99,0.0
517485,1,130,1,18.99,0.0
517485,2,136,3,28.99,0.0
517485,3,106,2,88.99,0.0
517485,4,129,3,44.99,0.0
517486,1,111,1,48.99,0.0
517486,2,135,1,148.99,0.0
517487,1,126,1,78.99,0.0
517487,2,103,2,348.99,0.0
517488,1,105,1,118.99,0.0
517488,2,125,3,31.99,0.0
517489,1,114,1,138.99,0.2
517489,2,137,1,34.99,0.2
517490,1,118,1,83.99,0.0
517490,2,131,1,22.99,0.0
517490,3,109,3,64.99,0.0
517491,1,114,2,112.99,0.1
517491,2,136,3,22.99,0.1
517492,1,118,1,88.99,0.0
517493,1,125,1,31.99,0.2
517494,1,132,1,48.99,0.0
517494,2,119,1,78.99,0.0
517495,1,124,1,58.99,0.0
517495,2,119,2,78.99,0.0
517496,1,124,2,58.99,0.0
517496,2,137,1,34.99,0.0
517497,1,124,1,58.99,0.2
517498,1,111,1,48.99,0.0
517499,1,119,3,63.99,0.3
517499,2,110,2,80.99,0.3
517499,3,104,1,432.99,0.3
517499,4,124,3,47.99,0.3
517500,1,133,3,112.99,0.2
517501,1,128,1,26.99,0.1
517501,2,116,3,150.99,0.1
517501,3,121,2,216.99,0.1
517501,4,108,2,264.99,0.1
517502,1,125,3,31.99,0.0
517502,2,138,1,98.99,0.0
517502,3,111,1,48.99,0.0
517502,4,107,1,198.99,0.0
517503,1,105,1,112.99,0.1
517503,2,104,1,501.99,0.1
517504,1,102,2,418.99,0.3
517505,1,120,1,248.99,0.1
517506,1,120,2,248.99,0.2
517507,1,123,2,84.99,0.0
517507,2,119,2,78.99,0.0
517508,1,133,1,112.99,0.0
517509,1,105,3,96.99,0.0
517510,1,111,1,48.99,0.0
517511,1,121,1,228.99,0.0
517512,1,120,2,248.99,0.2
517512,2,124,3,58.99,0.2
517512,3,131,3,24.99,0.2
517513,1,116,2,158.99,0.1
517514,1,138,2,98.99,0.0
517515,1,107,1,198.99,0.0
517515,2,106,1,88.99,0.0
517515,3,121,1,228.99,0.0
517515,4,105,1,118.99,0.0
517516,1,106,2,88.99,0.0
517517,1,117,1,188.99,0.0
517518,1,103,1,285.99,0.0
517518,2,119,3,63.99,0.0
517518,3,106,1,71.99,0.0
517519,1,111,1,48.99,0.0
517520,1,122,2,78.99,0.0
517521,1,125,2,29.99,0.0
517521,2,122,1,74.99,0.0
517521,3,105,3,112.99,0.0
517522,1,122,1,74.99,0.0
517523,1,127,2,47.99,0.0
517523,2,123,2,68.99,0.0
517524,1,101,3,235.99,0.0
517525,1,120,2,248.99,0.0
517525,2,123,2,84.99,0.0
517525,3,135,2,148.99,0.0
517526,1,111,1,45.99,0.0
517526,2,121,1,216.99,0.0
517526,3,131,2,22.99,0.0
517526,4,128,2,26.99,0.0
517527,1,117,1,188.99,0.0
517527,2,119,1,78.99,0.0
517527,3,102,2,418.99,0.0
517528,1,107,1,162.99,0.0
517529,1,101,2,288.99,0.0
517529,2,113,2,208.99,0.0
517529,3,133,1,118.99,0.0
517529,4,118,2,88.99,0.0
517530,1,126,1,74.99,0.2
517531,1,130,3,18.99,0.0
517531,2,113,1,208.99,0.0
517532,1,115,1,30.99,0.1
517532,2,132,1,39.99,0.1
517533,1,131,2,24.99,0.0
517534,1,131,1,24.99,0.0
517535,1,126,1,78.99,0.0
517535,2,110,1,98.99,0.0
517535,3,115,3,38.99,0.0
517536,1,118,2,88.99,0.1
517537,1,107,2,198.99,0.0
517538,1,127,1,55.99,0.0
517538,2,124,1,55.99,0.0
517539,1,131,2,22.99,0.0
517539,2,110,3,93.99,0.0
517539,3,120,1,235.99,0.0
517539,4,113,1,197.99,0.0
517540,1,105,1,118.99,0.1
517540,2,123,3,84.99,0.1
517541,1,115,3,36.99,0.1
517541,2,120,3,235.99,0.1
517542,1,119,1,78.99,0.0
517542,2,124,2,58.99,0.0
517542,3,114,1,138.99,0.0
517542,4,122,1,78.99,0.0
517542,5,118,1,88.99,0.0
517543,1,105,1,118.99,0.0
517544,1,119,2,63.99,0.1
517545,1,110,1,98.99,0.0
517545,2,124,2,58.99,0.0
517546,1,114,1,112.99,0.0
517546,2,116,3,129.99,0.0
517547,1,108,2,227.99,0.1
517548,1,134,2,238.99,0.0
517549,1,119,1,78.99,0.1
517550,1,110,3,93.99,0.0
517550,2,128,1,26.99,0.0
517550,3,107,1,188.99,0.0
517551,1,117,1,178.99,0.0
517551,2,118,1,83.99,0.0
517552,1,120,1,235.99,0.0
517552,2,132,1,45.99,0.0
517553,1,111,3,45.99,0.0
517553,2,105,3,112.99,0.0
517554,1,110,1,98.99,0.1
517555,1,133,1,112.99,0.1
517556,1,118,1,88.99,0.0
517557,1,121,1,228.99,0.0
517557,2,117,1,188.99,0.0
517558,1,130,2,18.99,0.0
517558,2,125,2,31.99,0.0
517559,1,111,3,48.99,0.1
517560,1,123,3,84.99,0.0
517560,2,133,3,118.99,0.0
517560,3,110,1,98.99,0.0
517560,4,102,1,418.99,0.0
517560,5,129,1,44.99,0.0
517561,1,115,3,38.99,0.0
517562,1,135,1,121.99,0.1
517562,2,127,1,47.99,0.1
517562,3,122,1,63.99,0.1
517563,1,135,1,148.99,0.0
517563,2,101,2,288.99,0.0
517563,3,128,1,28.99,0.0
517564,1,116,2,158.99,0.0
517565,1,125,2,29.99,0.2
517565,2,118,2,83.99,0.2
517566,1,137,1,34.99,0.0
517566,2,129,2,44.99,0.0
517567,1,137,2,34.99,0.2
517567,2,120,1,248.99,0.2
517567,3,125,2,31.99,0.2
517568,1,123,1,79.99,0.0
517568,2,121,1,216.99,0.0
517569,1,116,1,150.99,0.2
517569,2,112,1,169.99,0.2
517570,1,101,2,273.99,0.0
517571,1,117,3,178.99,0.0
517571,2,131,1,22.99,0.0
517571,3,129,1,41.99,0.0
517572,1,118,1,71.99,0.0
517572,2,108,1,227.99,0.0
517573,1,131,2,19.99,0.1
517574,1,106,3,88.99,0.1
517575,1,112,3,178.99,0.0
517576,1,101,1,235.99,0.0
517577,1,120,2,235.99,0.1
517578,1,125,1,31.99,0.1
517578,2,101,1,288.99,0.1
517579,1,111,2,48.99,0.0
517580,1,104,1,432.99,0.0
517581,1,117,3,153.99,0.1
517582,1,119,2,78.99,0.2
517583,1,132,2,48.99,0.0
517584,1,119,1,74.99,0.0
517585,1,115,2,38.99,0.0
517585,2,126,2,78.99,0.0
517586,1,136,1,26.99,0.0
517587,1,110,3,93.99,0.0
517587,2,136,3,26.99,0.0
517588,1,117,1,188.99,0.0
517589,1,133,1,118.99,0.2
517589,2,123,2,84.99,0.2
517589,3,118,1,88.99,0.2
517590,1,106,1,88.99,0.0
517590,2,120,1,248.99,0.0
517590,3,105,2,118.99,0.0
517590,4,107,2,198.99,0.0
517591,1,106,1,88.99,0.0
517592,1,112,2,169.99,0.0
517593,1,136,1,22.99,0.0
517594,1,103,1,348.99,0.0
517595,1,124,1,58.99,0.0
517596,1,116,1,150.99,0.0
517597,1,122,1,63.99,0.1
517597,2,112,2,145.99,0.1
517598,1,134,1,226.99,0.1
517598,2,127,2,55.99,0.1
517599,1,118,1,88.99,0.0
517600,1,125,2,25.99,0.1
517600,2,135,1,121.99,0.1
517601,1,104,1,501.99,0.1
517602,1,121,2,216.99,0.0
517602,2,118,2,83.99,0.0
517602,3,124,1,55.99,0.0
517603,1,120,2,235.99,0.0
517604,1,106,1,83.99,0.0
517605,1,130,1,18.99,0.0
517606,1,118,1,71.99,0.0
517606,2,134,3,194.99,0.0
517607,1,110,1,93.99,0.0
517608,1,103,1,285.99,0.3
517608,2,110,2,80.99,0.3
517608,3,119,2,63.99,0.3
517609,1,125,2,31.99,0.0
517610,1,132,2,45.99,0.0
517611,1,112,1,169.99,0.1
517611,2,103,1,330.99,0.1
517612,1,116,1,158.99,0.0
517612,2,117,2,188.99,0.0
517612,3,107,1,198.99,0.0
517613,1,104,1,432.99,0.0
517613,2,136,1,22.99,0.0
517613,3,134,1,194.99,0.0
517614,1,133,1,96.99,0.0
517615,1,127,3,58.99,0.0
517616,1,125,1,25.99,0.0
517616,2,118,1,71.99,0.0
517617,1,116,1,150.99,0.2
517618,1,132,1,48.99,0.1
517618,2,115,1,38.99,0.1
517618,3,102,2,418.99,0.1
517619,1,129,2,44.99,0.0
517620,1,130,2,17.99,0.1
517620,2,104,2,501.99,0.1
517621,1,122,1,78.99,0.2
517622,1,111,1,48.99,0.0
517623,1,108,1,278.99,0.2
517623,2,130,1,18.99,0.2
517624,1,107,1,162.99,0.1
517624,2,113,1,170.99,0.1
517625,1,122,1,78.99,0.0
517626,1,123,1,79.99,0.0
517626,2,136,3,26.99,0.0
517626,3,131,2,22.99,0.0
517626,4,127,1,55.99,0.0
517626,5,137,1,32.99,0.0
517627,1,135,1,148.99,0.0
517627,2,128,1,28.99,0.0
517627,3,115,2,38.99,0.0
517627,4,120,3,248.99,0.0
517628,1,105,3,118.99,0.0
517628,2,115,2,38.99,0.0
517628,3,127,1,58.99,0.0
517628,4,117,1,188.99,0.0
517629,1,125,2,31.99,0.1
517630,1,123,1,79.99,0.0
517631,1,109,1,55.99,0.0
517632,1,120,1,235.99,0.0
517632,2,116,1,150.99,0.0
517632,3,108,1,264.99,0.0
517632,4,101,1,273.99,0.0
517633,1,124,3,58.99,0.1
517634,1,123,1,79.99,0.0
517634,2,104,2,501.99,0.0
517635,1,120,2,203.99,0.1
517636,1,136,1,26.99,0.0
517636,2,129,1,41.99,0.0
517637,1,138,3,93.99,0.0
517638,1,116,2,158.99,0.0
517638,2,119,1,78.99,0.0
517639,1,121,1,228.99,0.1
517639,2,108,2,278.99,0.1
517640,1,105,1,118.99,0.0
517640,2,112,1,178.99,0.0
517641,1,107,2,198.99,0.2
517642,1,101,1,273.99,0.2
517642,2,118,2,83.99,0.2
517642,3,119,1,74.99,0.2
517643,1,110,2,93.99,0.0
517643,2,122,1,74.99,0.0
517643,3,127,1,55.99,0.0
517644,1,119,1,78.99,0.0
517645,1,136,1,28.99,0.1
517646,1,125,1,29.99,0.0
517647,1,106,1,83.99,0.0
517648,1,138,3,98.99,0.0
517648,2,123,3,84.99,0.0
517648,3,124,1,58.99,0.0
517649,1,138,2,80.99,0.1
517650,1,122,1,78.99,0.0
517650,2,129,1,44.99,0.0
517651,1,101,1,288.99,0.0
517652,1,116,1,158.99,0.1
517652,2,129,1,44.99,0.1
517653,1,124,1,58.99,0.1
517653,2,116,1,158.99,0.1
517653,3,121,1,228.99,0.1
517653,4,111,2,48.99,0.1
517654,1,112,1,145.99,0.0
517655,1,122,1,74.99,0.2
517655,2,135,1,140.99,0.2
517656,1,107,1,188.99,0.0
517657,1,111,1,45.99,0.0
517658,1,133,2,118.99,0.0
517659,1,102,2,342.99,0.0
517659,2,127,1,47.99,0.0
517660,1,113,3,197.99,0.0
517660,2,138,2,93.99,0.0
517660,3,116,2,150.99,0.0
517660,4,111,1,45.99,0.0
517660,5,106,1,83.99,0.0
517661,1,116,3,158.99,0.0
517661,2,137,2,34.99,0.0
517661,3,115,3,38.99,0.0
517662,1,113,1,208.99,0.1
517662,2,122,1,78.99,0.1
517662,3,109,1,68.99,0.1
517663,1,138,1,80.99,0.0
517663,2,116,2,129.99,0.0
517663,3,136,1,22.99,0.0
517663,4,121,1,186.99,0.0
517664,1,108,2,264.99,0.0
517665,1,120,2,248.99,0.0
517666,1,102,2,418.99,0.0
517667,1,119,2,63.99,0.0
517668,1,113,1,208.99,0.0
517669,1,122,3,63.99,0.1
517669,2,132,1,39.99,0.1
517669,3,104,2,432.99,0.1
517670,1,132,1,45.99,0.0
517671,1,111,2,39.99,0.0
517671,2,119,2,63.99,0.0
517672,1,120,2,235.99,0.0
517672,2,115,2,36.99,0.0
517672,3,104,1,501.99,0.0
517673,1,118,1,83.99,0.2
517673,2,115,1,36.99,0.2
517674,1,134,3,238.99,0.2
517674,2,127,2,58.99,0.2
517674,3,121,2,228.99,0.2
517674,4,123,3,84.99,0.2
517675,1,131,2,24.99,0.0
517675,2,126,3,78.99,0.0
517676,1,119,3,74.99,0.0
517676,2,117,1,178.99,0.0
517676,3,116,1,150.99,0.0
517677,1,119,2,78.99,0.0
517678,1,123,3,79.99,0.0
517678,2,120,3,235.99,0.0
517679,1,115,2,36.99,0.3
517680,1,122,2,63.99,0.0
517680,2,129,1,35.99,0.0
517680,3,106,3,71.99,0.0
517680,4,131,1,19.99,0.0
517681,1,132,1,48.99,0.0
517681,2,123,1,84.99,0.0
517682,1,137,2,32.99,0.0
517683,1,119,3,63.99,0.0
517684,1,107,2,198.99,0.0
517685,1,131,1,22.99,0.2
517685,2,134,2,226.99,0.2
517686,1,105,1,118.99,0.1
517687,1,134,1,226.99,0.0
517687,2,127,1,55.99,0.0
517688,1,130,1,17.99,0.0
517689,1,122,2,78.99,0.2
517689,2,115,3,38.99,0.2
517690,1,115,3,38.99,0.0
517690,2,106,2,88.99,0.0
517691,1,114,2,138.99,0.0
517691,2,136,1,28.99,0.0
517691,3,109,1,68.99,0.0
517691,4,122,1,78.99,0.0
517692,1,103,2,348.99,0.1
517693,1,110,2,93.99,0.0
517694,1,122,2,74.99,0.1
517695,1,120,2,248.99,0.2
517695,2,103,1,348.99,0.2
517695,3,118,2,88.99,0.2
517696,1,136,2,22.99,0.1
517696,2,124,1,47.99,0.1
517696,3,117,1,153.99,0.1
517696,4,126,1,63.99,0.1
517696,5,134,3,194.99,0.1
517697,1,134,2,238.99,0.0
517697,2,130,1,18.99,0.0
517697,3,107,1,198.99,0.0
517698,1,137,1,34.99,0.1
517699,1,124,2,55.99,0.1
517700,1,112,1,145.99,0.2
517700,2,122,1,63.99,0.2
517701,1,127,1,47.99,0.0
517702,1,133,1,118.99,0.0
517702,2,131,2,24.99,0.0
517703,1,127,1,58.99,0.2
517704,1,116,1,158.99,0.0
517705,1,117,1,153.99,0.2
517706,1,128,1,26.99,0.0
517706,2,123,2,79.99,0.0
517707,1,123,3,68.99,0.0
517708,1,135,2,148.99,0.2
517709,1,127,3,58.99,0.2
517709,2,124,1,58.99,0.2
517710,1,134,1,238.99,0.0
517711,1,124,2,47.99,0.1
517712,1,134,1,238.99,0.0
517713,1,104,1,528.99,0.0
517714,1,132,2,39.99,0.0
517714,2,124,1,47.99,0.0
517714,3,122,3,63.99,0.0
517715,1,129,1,35.99,0.0
517715,2,107,2,162.99,0.0
517715,3,110,1,80.99,0.0
517715,4,104,3,432.99,0.0
517715,5,131,2,19.99,0.0
517716,1,137,2,27.99,0.0
517717,1,119,1,74.99,0.0
517718,1,134,3,238.99,0.0
517719,1,127,2,58.99,0.1
517719,2,123,2,84.99,0.1
517720,1,121,2,228.99,0.0
517720,2,128,1,28.99,0.0
517721,1,116,1,158.99,0.0
517721,2,135,2,148.99,0.0
517722,1,107,2,198.99,0.0
517722,2,121,1,228.99,0.0
517722,3,122,1,78.99,0.0
517722,4,101,3,288.99,0.0
517722,5,125,1,31.99,0.0
517723,1,133,1,112.99,0.1
517723,2,134,3,226.99,0.1
517724,1,130,2,18.99,0.2
517725,1,120,1,248.99,0.0
517726,1,110,2,80.99,0.0
517727,1,132,1,39.99,0.0
517728,1,126,2,78.99,0.0
517729,1,120,1,248.99,0.0
517729,2,115,1,38.99,0.0
517729,3,113,1,208.99,0.0
517729,4,138,2,98.99,0.0
517730,1,121,1,228.99,0.2
517730,2,118,1,88.99,0.2
517730,3,110,2,98.99,0.2
517730,4,134,1,238.99,0.2
517731,1,112,3,178.99,0.2
517731,2,127,1,58.99,0.2
517732,1,123,2,84.99,0.0
517732,2,110,3,98.99,0.0
517733,1,120,3,248.99,0.0
517734,1,112,1,169.99,0.0
517735,1,116,3,158.99,0.1
517736,1,131,2,22.99,0.0
517736,2,113,2,197.99,0.0
517737,1,132,3,48.99,0.0
517738,1,124,1,55.99,0.0
517739,1,119,1,78.99,0.1
517740,1,124,1,55.99,0.0
517741,1,116,2,150.99,0.0
517741,2,120,2,235.99,0.0
517742,1,117,1,188.99,0.0
517742,2,120,1,248.99,0.0
517743,1,115,1,36.99,0.0
517744,1,131,1,24.99,0.0
517745,1,114,1,138.99,0.0
517746,1,135,1,140.99,0.0
517746,2,131,3,22.99,0.0
517746,3,124,3,55.99,0.0
517747,1,105,2,118.99,0.0
517747,2,110,1,98.99,0.0
517748,1,121,1,216.99,0.0
517749,1,123,3,84.99,0.0
517750,1,109,1,68.99,0.1
517750,2,120,2,248.99,0.1
517751,1,131,1,24.99,0.0
517752,1,122,3,74.99,0.0
517753,1,112,3,178.99,0.2
517753,2,137,3,34.99,0.2
517753,3,125,1,31.99,0.2
517753,4,109,1,68.99,0.2
517754,1,130,1,18.99,0.0
517754,2,104,1,528.99,0.0
517755,1,136,2,28.99,0.0
517756,1,116,1,129.99,0.0
517756,2,118,2,71.99,0.0
517757,1,128,3,28.99,0.0
517758,1,134,2,238.99,0.0
517759,1,120,2,248.99,0.0
517759,2,135,3,148.99,0.0
517760,1,131,1,24.99,0.0
517761,1,106,2,83.99,0.0
517761,2,131,2,22.99,0.0
517762,1,112,2,145.99,0.0
517762,2,129,3,35.99,0.0
517763,1,123,1,84.99,0.2
517764,1,122,1,63.99,0.0
517764,2,117,2,153.99,0.0
517765,1,114,1,138.99,0.0
517765,2,119,2,78.99,0.0
517765,3,106,3,88.99,0.0
517766,1,104,2,528.99,0.0
517767,1,101,1,288.99,0.2
517767,2,133,1,118.99,0.2
517768,1,108,2,278.99,0.0
517768,2,118,1,88.99,0.0
517769,1,125,2,31.99,0.1
517769,2,126,1,78.99,0.1
517770,1,113,1,208.99,0.2
517771,1,108,1,278.99,0.1
517772,1,121,2,228.99,0.0
517772,2,116,3,158.99,0.0
517772,3,137,3,34.99,0.0
517772,4,114,1,138.99,0.0
517773,1,137,1,32.99,0.0
517774,1,130,1,18.99,0.0
517774,2,112,1,178.99,0.0
517775,1,120,2,248.99,0.0
517776,1,131,1,22.99,0.0
517776,2,123,3,79.99,0.0
517777,1,122,1,74.99,0.0
517778,1,131,1,24.99,0.0
517778,2,121,1,228.99,0.0
517778,3,117,1,188.99,0.0
517779,1,126,1,78.99,0.0
517780,1,110,1,93.99,0.3
517780,2,114,1,131.99,0.3
517780,3,113,2,197.99,0.3
517781,1,109,1,68.99,0.0
517782,1,122,1,63.99,0.0
517782,2,117,3,153.99,0.0
517783,1,125,1,31.99,0.0
517784,1,115,2,38.99,0.0
517785,1,134,1,194.99,0.2
517786,1,113,2,170.99,0.0
517786,2,120,1,203.99,0.0
517787,1,127,2,55.99,0.0
517788,1,126,1,74.99,0.0
517788,2,116,3,150.99,0.0
517788,3,123,1,79.99,0.0
517788,4,135,1,140.99,0.0
517789,1,102,1,397.99,0.0
517789,2,117,1,178.99,0.0
517790,1,117,2,153.99,0.0
517790,2,107,1,162.99,0.0
517791,1,118,1,88.99,0.0
517792,1,121,2,228.99,0.2
517792,2,129,2,44.99,0.2
517792,3,125,1,31.99,0.2
517793,1,112,1,178.99,0.1
517794,1,115,1,36.99,0.0
517795,1,125,1,31.99,0.0
517796,1,122,1,78.99,0.0
517796,2,114,3,138.99,0.0
517797,1,128,2,28.99,0.0
517798,1,114,1,131.99,0.0
517799,1,126,1,74.99,0.0
517800,1,137,1,32.99,0.0
517800,2,110,2,93.99,0.0
517800,3,124,1,55.99,0.0
517800,4,122,1,74.99,0.0
517800,5,135,2,140.99,0.0
517801,1,133,3,118.99,0.0
517802,1,116,2,158.99,0.0
517802,2,127,3,58.99,0.0
517803,1,132,1,45.99,0.0
517804,1,130,1,17.99,0.0
517804,2,120,1,235.99,0.0
517804,3,121,1,216.99,0.0
517804,4,116,2,150.99,0.0
517805,1,101,1,273.99,0.0
517806,1,129,3,41.99,0.3
517807,1,102,2,397.99,0.0
517808,1,137,1,34.99,0.0
517809,1,132,1,48.99,0.0
517810,1,116,2,158.99,0.0
517810,2,107,2,198.99,0.0
517810,3,112,1,178.99,0.0
517810,4,103,2,348.99,0.0
517811,1,128,1,28.99,0.0
517812,1,116,1,150.99,0.0
517812,2,108,1,264.99,0.0
517812,3,122,3,74.99,0.0
517813,1,105,2,118.99,0.1
517813,2,107,2,198.99,0.1
517813,3,113,1,208.99,0.1
517813,4,137,2,34.99,0.1
517814,1,119,1,63.99,0.2
517815,1,115,3,36.99,0.0
517816,1,118,1,71.99,0.1
517817,1,111,3,48.99,0.2
517817,2,121,1,228.99,0.2
517818,1,109,2,68.99,0.0
517818,2,110,1,98.99,0.0
517819,1,114,1,138.99,0.0
517819,2,119,3,78.99,0.0
517819,3,121,2,228.99,0.0
517820,1,115,2,38.99,0.2
517821,1,131,1,24.99,0.1
517822,1,108,1,278.99,0.0
517822,2,119,3,78.99,0.0
517823,1,124,1,58.99,0.1
517823,2,105,1,118.99,0.1
517824,1,130,1,17.99,0.0
517825,1,112,1,178.99,0.1
517826,1,118,1,88.99,0.0
517826,2,131,1,24.99,0.0
517826,3,119,1,78.99,0.0
517826,4,123,1,84.99,0.0
517827,1,128,1,28.99,0.0
517827,2,132,1,48.99,0.0
517828,1,108,1,278.99,0.0
517828,2,125,2,31.99,0.0
517829,1,112,2,169.99,0.0
517830,1,129,1,35.99,0.1
517830,2,114,2,112.99,0.1
517831,1,116,1,158.99,0.0
517831,2,107,2,198.99,0.0
517832,1,119,1,63.99,0.2
517833,1,114,1,138.99,0.0
517834,1,103,3,348.99,0.0
517835,1,107,2,198.99,0.2
517835,2,138,1,98.99,0.2
517835,3,137,1,34.99,0.2
517836,1,114,2,138.99,0.2
517837,1,138,1,93.99,0.0
517838,1,135,1,140.99,0.0
517839,1,113,1,170.99,0.0
517840,1,122,1,63.99,0.1
517840,2,120,2,203.99,0.1
517841,1,115,1,38.99,0.0
517841,2,129,3,44.99,0.0
517842,1,122,1,74.99,0.0
517843,1,128,3,28.99,0.0
517843,2,130,1,18.99,0.0
517844,1,129,1,41.99,0.0
517845,1,109,2,68.99,0.2
517845,2,130,1,18.99,0.2
517846,1,107,1,162.99,0.0
517847,1,113,3,208.99,0.2
517848,1,102,2,418.99,0.0
517849,1,135,3,121.99,0.0
517850,1,114,1,131.99,0.0
517851,1,121,2,228.99,0.1
517852,1,102,2,418.99,0.0
517853,1,103,3,348.99,0.0
517854,1,106,2,88.99,0.0
517854,2,137,1,34.99,0.0
517855,1,120,1,235.99,0.0
517855,2,122,1,74.99,0.0
517855,3,116,1,150.99,0.0
517856,1,108,1,278.99,0.0
517857,1,122,1,78.99,0.0
517858,1,113,1,197.99,0.0
517858,2,115,1,36.99,0.0
517859,1,114,2,138.99,0.1
517860,1,101,1,288.99,0.2
517860,2,124,3,58.99,0.2
517860,3,119,1,78.99,0.2
517861,1,121,3,186.99,0.1
517861,2,101,1,235.99,0.1
517861,3,112,2,145.99,0.1
517862,1,111,1,45.99,0.0
517863,1,121,2,216.99,0.0
517864,1,136,3,26.99,0.0
517864,2,118,1,83.99,0.0
517864,3,101,1,273.99,0.0
517864,4,122,2,74.99,0.0
517864,5,131,1,22.99,0.0
517865,1,116,3,129.99,0.1
517866,1,132,2,39.99,0.0
517866,2,126,1,63.99,0.0
517867,1,128,2,26.99,0.0
517867,2,108,2,264.99,0.0
517867,3,138,1,93.99,0.0
517868,1,118,2,88.99,0.0
517869,1,114,1,131.99,0.0
517869,2,138,1,93.99,0.0
517870,1,113,1,197.99,0.0
517870,2,128,1,26.99,0.0
517871,1,121,1,216.99,0.0
517872,1,133,2,118.99,0.0
517873,1,127,1,55.99,0.0
517873,2,122,1,74.99,0.0
517874,1,128,1,28.99,0.2
517874,2,115,3,38.99,0.2
517874,3,109,2,68.99,0.2
517874,4,123,2,84.99,0.2
517875,1,122,3,78.99,0.0
517876,1,120,3,235.99,0.3
517876,2,104,2,501.99,0.3
517877,1,113,3,208.99,0.0
517878,1,114,3,112.99,0.0
517879,1,114,1,138.99,0.0
517879,2,113,2,208.99,0.0
517879,3,129,2,44.99,0.0
517879,4,138,1,98.99,0.0
517879,5,120,2,248.99,0.0
517880,1,119,2,74.99,0.0
517881,1,114,1,131.99,0.0
517882,1,114,1,138.99,0.0
517882,2,119,1,78.99,0.0
517882,3,116,2,158.99,0.0
517882,4,125,2,31.99,0.0
517883,1,110,1,80.99,0.0
517884,1,117,1,153.99,0.0
517884,2,122,1,63.99,0.0
517885,1,123,3,84.99,0.1
517886,1,114,1,112.99,0.0
517886,2,113,1,170.99,0.0
517886,3,116,2,129.99,0.0
517886,4,132,1,39.99,0.0
517886,5,107,2,162.99,0.0
517887,1,115,2,38.99,0.0
517887,2,119,2,78.99,0.0
517888,1,114,2,138.99,0.0
517888,2,137,1,34.99,0.0
517889,1,117,1,178.99,0.0
517889,2,119,1,74.99,0.0
517890,1,120,2,248.99,0.1
517891,1,115,1,36.99,0.0
517891,2,128,1,26.99,0.0
517892,1,107,1,198.99,0.0
517892,2,123,1,84.99,0.0
517892,3,119,1,78.99,0.0
517893,1,129,2,35.99,0.2
517894,1,119,1,63.99,0.0
517895,1,128,1,28.99,0.0
517896,1,119,2,78.99,0.0
517896,2,126,1,78.99,0.0
517896,3,123,1,84.99,0.0
517897,1,134,2,226.99,0.0
517897,2,125,1,29.99,0.0
517897,3,110,1,93.99,0.0
517897,4,117,1,178.99,0.0
517898,1,113,1,197.99,0.0
517899,1,124,1,58.99,0.0
517900,1,108,3,227.99,0.0
517900,2,117,2,153.99,0.0
517900,3,113,1,170.99,0.0
517900,4,131,1,19.99,0.0
517900,5,136,1,22.99,0.0
517901,1,125,2,31.99,0.0
517902,1,122,1,78.99,0.0
517903,1,131,3,19.99,0.0
517903,2,125,1,25.99,0.0
517903,3,134,3,194.99,0.0
517903,4,138,1,80.99,0.0
517904,1,125,1,31.99,0.0
517904,2,115,1,38.99,0.0
517905,1,115,2,38.99,0.3
517906,1,105,1,112.99,0.0
517906,2,121,1,216.99,0.0
517906,3,129,2,41.99,0.0
517907,1,128,1,26.99,0.0
517908,1,117,1,188.99,0.0
517908,2,113,1,208.99,0.0
517909,1,108,1,264.99,0.0
517910,1,124,3,47.99,0.0
517911,1,113,1,208.99,0.0
517911,2,106,2,88.99,0.0
517911,3,119,2,78.99,0.0
517912,1,119,3,78.99,0.0
517912,2,121,1,228.99,0.0
517913,1,101,2,235.99,0.0
517914,1,107,1,188.99,0.0
517915,1,125,1,31.99,0.0
517916,1,111,1,48.99,0.0
517917,1,130,2,17.99,0.0
517917,2,123,1,79.99,0.0
517918,1,123,1,79.99,0.0
517918,2,102,1,397.99,0.0
517919,1,118,1,88.99,0.0
517920,1,114,3,138.99,0.0
517920,2,125,3,31.99,0.0
517920,3,119,2,78.99,0.0
517920,4,132,1,48.99,0.0
517921,1,133,1,118.99,0.1
517921,2,105,1,118.99,0.1
517922,1,125,1,31.99,0.1
517923,1,111,1,39.99,0.0
517924,1,134,1,238.99,0.0
517925,1,110,1,98.99,0.0
517925,2,114,3,138.99,0.0
517926,1,121,1,186.99,0.0
517926,2,109,1,55.99,0.0
517927,1,116,2,158.99,0.1
517927,2,126,1,78.99,0.1
517928,1,124,1,47.99,0.0
517929,1,112,2,169.99,0.0
517930,1,105,1,96.99,0.0
517931,1,103,1,348.99,0.0
517932,1,105,1,112.99,0.0
517933,1,134,2,226.99,0.2
517933,2,108,2,264.99,0.2
517934,1,132,1,45.99,0.0
517935,1,110,3,98.99,0.2
517936,1,121,2,228.99,0.1
517937,1,129,1,44.99,0.1
517938,1,123,3,79.99,0.0
517939,1,116,3,150.99,0.0
517939,2,121,2,216.99,0.0
517939,3,133,3,112.99,0.0
517940,1,109,1,64.99,0.0
517940,2,137,1,32.99,0.0
517940,3,113,2,197.99,0.0
517941,1,133,1,118.99,0.0
517942,1,115,1,30.99,0.2
517942,2,124,3,47.99,0.2
517942,3,116,1,129.99,0.2
517943,1,119,2,78.99,0.0
517943,2,137,1,34.99,0.0
517944,1,113,2,208.99,0.2
517944,2,111,1,48.99,0.2
517944,3,128,2,28.99,0.2
517944,4,136,1,28.99,0.2
517945,1,107,1,188.99,0.3
517946,1,133,2,112.99,0.0
517946,2,117,1,178.99,0.0
517946,3,122,1,74.99,0.0
517947,1,113,3,170.99,0.2
517947,2,129,1,35.99,0.2
517948,1,114,2,112.99,0.0
517949,1,111,1,48.99,0.2
517949,2,115,2,38.99,0.2
517949,3,106,1,88.99,0.2
517950,1,109,1,55.99,0.0
517951,1,119,1,74.99,0.0
517952,1,112,3,169.99,0.0
517952,2,119,1,74.99,0.0
517953,1,124,1,58.99,0.0
517953,2,130,1,18.99,0.0
517953,3,119,1,78.99,0.0
517953,4,135,1,148.99,0.0
517954,1,102,2,418.99,0.0
517954,2,120,2,248.99,0.0
517954,3,105,1,118.99,0.0
517955,1,106,2,88.99,0.0
517955,2,128,2,28.99,0.0
517956,1,116,2,129.99,0.3
517956,2,120,1,203.99,0.3
517957,1,112,2,178.99,0.2
517958,1,112,1,178.99,0.1
517958,2,111,1,48.99,0.1
517959,1,126,1,78.99,0.0
517960,1,125,1,25.99,0.0
517961,1,111,2,39.99,0.1
517962,1,106,1,88.99,0.0
517963,1,104,2,528.99,0.1
517964,1,122,1,63.99,0.0
517965,1,115,1,38.99,0.3
517966,1,107,1,198.99,0.0
517966,2,112,3,178.99,0.0
517967,1,127,2,55.99,0.0
517967,2,114,1,131.99,0.0
517967,3,123,1,79.99,0.0
517967,4,120,1,235.99,0.0
517968,1,124,1,58.99,0.0
517969,1,104,1,501.99,0.0
517970,1,111,1,48.99,0.0
517971,1,121,1,228.99,0.0
517971,2,112,3,178.99,0.0
517972,1,127,2,55.99,0.0
517973,1,127,1,55.99,0.0
517973,2,132,3,45.99,0.0
517973,3,111,3,45.99,0.0
517974,1,123,2,79.99,0.0
517974,2,127,2,55.99,0.0
517974,3,126,3,74.99,0.0
517975,1,138,2,80.99,0.0
517976,1,117,1,188.99,0.2
517977,1,134,1,238.99,0.0
517978,1,118,1,88.99,0.0
517979,1,110,2,80.99,0.0
517980,1,120,2,248.99,0.0
517980,2,135,1,148.99,0.0
517981,1,120,1,248.99,0.0
517982,1,115,1,30.99,0.0
517982,2,112,1,145.99,0.0
517983,1,116,1,150.99,0.2
517983,2,118,2,83.99,0.2
517984,1,122,1,63.99,0.0
517985,1,121,2,216.99,0.0
517986,1,136,1,28.99,0.0
517987,1,115,1,30.99,0.1
517988,1,118,1,83.99,0.0
517989,1,124,2,55.99,0.0
517989,2,118,2,83.99,0.0
517989,3,116,2,150.99,0.0
517990,1,111,1,48.99,0.0
517991,1,129,3,41.99,0.1
517991,2,123,1,79.99,0.1
517992,1,126,3,78.99,0.1
517993,1,131,3,22.99,0.0
517993,2,106,1,83.99,0.0
517994,1,125,2,25.99,0.2
517995,1,109,2,55.99,0.0
517996,1,110,1,98.99,0.2
517996,2,115,3,38.99,0.2
517996,3,128,1,28.99,0.2
517997,1,117,3,178.99,0.0
517997,2,115,2,36.99,0.0
517997,3,138,1,93.99,0.0
517998,1,107,1,162.99,0.0
517998,2,121,1,186.99,0.0
517999,1,119,2,78.99,0.1
517999,2,128,2,28.99,0.1
517999,3,113,1,208.99,0.1
517999,4,122,2,78.99,0.1
517999,5,116,1,158.99,0.1
518000,1,111,1,48.99,0.0
518001,1,116,2,158.99,0.0
518002,1,124,1,55.99,0.0
518002,2,120,1,235.99,0.0
518002,3,118,1,83.99,0.0
518003,1,116,1,158.99,0.0
518004,1,132,2,45.99,0.0
518004,2,128,1,26.99,0.0
518004,3,108,1,264.99,0.0
518005,1,114,3,131.99,0.0
518005,2,122,1,74.99,0.0
518005,3,129,2,41.99,0.0
518005,4,121,2,216.99,0.0
518006,1,119,2,74.99,0.0
518007,1,120,1,248.99,0.2
518007,2,124,2,58.99,0.2
518008,1,124,1,58.99,0.0
518009,1,136,1,26.99,0.0
518009,2,133,2,112.99,0.0
518010,1,115,1,38.99,0.0
518010,2,114,2,138.99,0.0
518010,3,124,1,58.99,0.0
518011,1,109,1,64.99,0.0
518011,2,125,1,29.99,0.0
518012,1,118,3,88.99,0.0
518012,2,109,2,68.99,0.0
518012,3,122,1,78.99,0.0
518013,1,112,1,169.99,0.0
518014,1,120,1,235.99,0.0
518014,2,119,1,74.99,0.0
518014,3,132,2,45.99,0.0
518015,1,118,2,88.99,0.1
518015,2,111,2,48.99,0.1
518016,1,122,1,78.99,0.0
518017,1,108,1,227.99,0.1
518018,1,132,1,45.99,0.1
518019,1,134,2,238.99,0.0
518019,2,114,2,138.99,0.0
518020,1,136,1,26.99,0.0
518021,1,107,1,188.99,0.3
518021,2,126,3,74.99,0.3
518021,3,110,2,93.99,0.3
518022,1,107,1,198.99,0.0
518023,1,103,1,285.99,0.2
518024,1,111,2,45.99,0.0
518024,2,122,2,74.99,0.0
518024,3,126,1,74.99,0.0
518025,1,120,1,248.99,0.1
518026,1,118,3,88.99,0.0
518027,1,128,2,28.99,0.0
518028,1,138,3,93.99,0.0
518029,1,120,1,203.99,0.0
518029,2,132,1,39.99,0.0
518029,3,113,3,170.99,0.0
518029,4,134,1,194.99,0.0
518030,1,119,1,78.99,0.0
518030,2,112,2,178.99,0.0
518031,1,121,2,186.99,0.0
518032,1,119,2,78.99,0.0
518032,2,123,1,84.99,0.0
518032,3,125,1,31.99,0.0
518032,4,120,1,248.99,0.0
518033,1,108,1,278.99,0.0
518034,1,125,3,31.99,0.0
518035,1,123,2,79.99,0.0
518036,1,120,2,203.99,0.0
518037,1,116,1,158.99,0.0
518038,1,106,1,83.99,0.2
518039,1,128,1,28.99,0.0
518040,1,117,2,188.99,0.0
518040,2,118,3,88.99,0.0
518041,1,102,1,397.99,0.0
518042,1,116,1,158.99,0.0
518043,1,102,1,418.99,0.0
518043,2,126,2,78.99,0.0
518043,3,132,1,48.99,0.0
518044,1,123,3,84.99,0.2
518044,2,118,1,88.99,0.2
518044,3,125,1,31.99,0.2
518045,1,104,1,528.99,0.0
518045,2,114,1,138.99,0.0
518045,3,111,1,48.99,0.0
518045,4,133,2,118.99,0.0
518046,1,122,1,78.99,0.0
518047,1,120,3,235.99,0.1
518048,1,127,1,58.99,0.2
518049,1,104,2,528.99,0.0
518049,2,124,1,58.99,0.0
518050,1,119,1,78.99,0.0
518051,1,105,1,112.99,0.0
518051,2,118,3,83.99,0.0
518052,1,123,2,84.99,0.1
518053,1,116,1,158.99,0.0
518053,2,135,1,148.99,0.0
518054,1,114,2,131.99,0.0
518054,2,129,1,41.99,0.0
518055,1,113,1,208.99,0.0
518055,2,128,2,28.99,0.0
518055,3,123,2,84.99,0.0
518056,1,132,2,48.99,0.2
518057,1,111,1,48.99,0.0
518058,1,127,2,58.99,0.0
518059,1,117,1,188.99,0.1
518059,2,119,1,78.99,0.1
518060,1,110,3,98.99,0.2
518061,1,130,1,17.99,0.0
518062,1,121,3,228.99,0.0
518063,1,116,2,158.99,0.0
518064,1,112,2,145.99,0.2
518065,1,106,2,83.99,0.0
518065,2,126,2,74.99,0.0
518066,1,123,1,79.99,0.0
518066,2,120,1,235.99,0.0
518066,3,132,1,45.99,0.0
518066,4,127,1,55.99,0.0
518067,1,133,2,96.99,0.0
518067,2,121,2,186.99,0.0
518068,1,119,2,78.99,0.0
518069,1,121,1,186.99,0.0
518070,1,130,1,18.99,0.1
518070,2,106,1,88.99,0.1
518071,1,114,3,138.99,0.0
518071,2,119,1,78.99,0.0
518072,1,130,1,18.99,0.1
518073,1,112,2,178.99,0.2
518074,1,117,3,178.99,0.0
518075,1,113,2,170.99,0.0
518076,1,109,1,68.99,0.0
518077,1,104,3,432.99,0.0
518077,2,120,1,203.99,0.0
518077,3,124,1,47.99,0.0
518077,4,108,1,227.99,0.0
518078,1,126,2,78.99,0.0
518079,1,113,1,208.99,0.1
518080,1,113,1,208.99,0.2
518080,2,120,1,248.99,0.2
518080,3,125,1,31.99,0.2
518081,1,123,3,84.99,0.2
518082,1,114,1,138.99,0.0
518083,1,119,1,78.99,0.0
518083,2,125,1,31.99,0.0
518084,1,109,3,68.99,0.0
518084,2,107,3,198.99,0.0
518085,1,112,1,178.99,0.0
518086,1,131,3,22.99,0.0
518087,1,119,2,78.99,0.0
518088,1,124,1,55.99,0.0
518088,2,118,3,83.99,0.0
518088,3,113,3,197.99,0.0
518089,1,129,1,35.99,0.0
518090,1,127,1,58.99,0.0
518090,2,116,1,158.99,0.0
518091,1,107,1,162.99,0.0
518092,1,126,1,63.99,0.0
518092,2,125,2,25.99,0.0
518092,3,104,3,432.99,0.0
518093,1,110,2,93.99,0.0
518093,2,119,1,74.99,0.0
518094,1,128,3,22.99,0.2
518095,1,115,1,38.99,0.1
518096,1,112,2,145.99,0.0
518097,1,117,2,188.99,0.0
518098,1,109,3,68.99,0.0
518098,2,113,1,208.99,0.0
518099,1,131,1,24.99,0.0
518099,2,104,2,528.99,0.0
518100,1,124,3,47.99,0.1
518101,1,120,1,235.99,0.0
518102,1,132,3,48.99,0.0
518102,2,125,3,31.99,0.0
518103,1,136,1,28.99,0.0
518104,1,124,1,58.99,0.0
518104,2,132,1,48.99,0.0
518105,1,137,1,34.99,0.0
518105,2,126,3,78.99,0.0
518106,1,135,3,140.99,0.1
518106,2,106,1,83.99,0.1
518107,1,117,2,153.99,0.0
518108,1,137,1,32.99,0.1
518108,2,114,1,131.99,0.1
518109,1,132,2,48.99,0.0
518110,1,117,2,188.99,0.0
518111,1,105,3,118.99,0.0
518112,1,109,1,64.99,0.0
518112,2,114,1,131.99,0.0
518113,1,109,2,68.99,0.1
518113,2,108,2,278.99,0.1
518114,1,115,1,36.99,0.2
518114,2,123,1,79.99,0.2
518115,1,134,3,238.99,0.3
518116,1,119,1,74.99,0.0
518117,1,110,3,98.99,0.0
518118,1,114,1,112.99,0.0
518119,1,121,1,186.99,0.0
518119,2,110,1,80.99,0.0
518119,3,137,3,27.99,0.0
518119,4,119,1,63.99,0.0
518120,1,107,2,198.99,0.0
518120,2,106,3,88.99,0.0
518121,1,125,1,31.99,0.1
518122,1,137,2,34.99,0.0
518122,2,102,1,418.99,0.0
518122,3,107,1,198.99,0.0
518122,4,119,1,78.99,0.0
518123,1,108,2,278.99,0.3
518123,2,112,1,178.99,0.3
518124,1,107,2,188.99,0.2
518125,1,122,1,63.99,0.0
518126,1,125,1,29.99,0.2
518127,1,125,2,31.99,0.0
518128,1,125,2,31.99,0.0
518129,1,130,1,18.99,0.0
518130,1,133,1,118.99,0.0
518130,2,127,2,58.99,0.0
518130,3,110,1,98.99,0.0
518131,1,124,1,58.99,0.0
518131,2,116,2,158.99,0.0
518132,1,116,3,158.99,0.0
518133,1,112,1,178.99,0.1
518133,2,119,1,78.99,0.1
518134,1,113,3,170.99,0.0
518135,1,111,1,45.99,0.1
518136,1,112,3,145.99,0.0
518137,1,108,2,278.99,0.2
518137,2,102,2,418.99,0.2
518138,1,123,1,84.99,0.0
518139,1,138,1,98.99,0.0
518139,2,109,1,68.99,0.0
518140,1,122,2,78.99,0.0
518141,1,118,3,88.99,0.1
518141,2,109,1,68.99,0.1
518141,3,124,1,58.99,0.1
518141,4,114,2,138.99,0.1
518142,1,115,1,30.99,0.0
518142,2,112,2,145.99,0.0
518143,1,120,1,248.99,0.0
518144,1,130,1,18.99,0.0
518145,1,123,3,84.99,0.0
518145,2,128,1,28.99,0.0
518145,3,101,1,288.99,0.0
518146,1,123,2,84.99,0.0
518147,1,115,1,38.99,0.0
518147,2,119,1,78.99,0.0
518148,1,131,1,24.99,0.2
518149,1,113,1,197.99,0.0
518149,2,125,2,29.99,0.0
518150,1,106,2,71.99,0.0
518151,1,116,1,150.99,0.0
518151,2,135,1,140.99,0.0
518151,3,123,2,79.99,0.0
518151,4,101,2,273.99,0.0
518151,5,133,1,112.99,0.0
518152,1,111,2,45.99,0.0
518152,2,134,1,226.99,0.0
518153,1,114,2,131.99,0.0
518154,1,114,1,138.99,0.0
518154,2,117,1,188.99,0.0
518154,3,128,1,28.99,0.0
518154,4,107,1,198.99,0.0
518154,5,123,2,84.99,0.0
518155,1,137,2,34.99,0.0
518155,2,132,1,48.99,0.0
518155,3,120,2,248.99,0.0
518155,4,122,1,78.99,0.0
518156,1,136,1,28.99,0.0
518157,1,121,2,186.99,0.0
518158,1,136,3,22.99,0.0
518159,1,138,3,98.99,0.0
518159,2,119,2,78.99,0.0
518159,3,120,1,248.99,0.0
518159,4,137,2,34.99,0.0
518160,1,126,1,78.99,0.2
518160,2,129,1,44.99,0.2
518161,1,116,1,150.99,0.3
518162,1,110,1,93.99,0.3
518163,1,110,1,98.99,0.2
518164,1,109,2,68.99,0.0
518164,2,120,1,248.99,0.0
518164,3,107,1,198.99,0.0
518165,1,116,1,158.99,0.0
518166,1,123,2,84.99,0.0
518167,1,106,1,88.99,0.1
518168,1,113,2,197.99,0.0
518169,1,138,2,93.99,0.0
518169,2,136,2,26.99,0.0
518170,1,124,2,55.99,0.0
518171,1,106,1,88.99,0.0
518171,2,108,1,278.99,0.0
518172,1,132,1,45.99,0.0
518173,1,114,1,131.99,0.1
518173,2,135,1,140.99,0.1
518173,3,108,2,264.99,0.1
518173,4,124,1,55.99,0.1
518174,1,124,2,58.99,0.0
518174,2,130,2,18.99,0.0
518175,1,118,1,71.99,0.2
518176,1,119,2,74.99,0.2
518176,2,125,1,29.99,0.2
518177,1,123,1,84.99,0.1
518178,1,132,1,45.99,0.0
518179,1,134,1,226.99,0.0
518179,2,122,2,74.99,0.0
518179,3,103,1,330.99,0.0
518180,1,134,1,226.99,0.0
518181,1,121,1,228.99,0.0
518182,1,108,3,278.99,0.0
518182,2,120,2,248.99,0.0
518183,1,125,3,31.99,0.0
518184,1,120,1,248.99,0.1
518184,2,112,1,178.99,0.1
518184,3,118,1,88.99,0.1
518184,4,137,2,34.99,0.1
518184,5,110,1,98.99,0.1
518185,1,131,3,22.99,0.0
518185,2,132,1,45.99,0.0
518186,1,133,2,112.99,0.0
518186,2,114,1,131.99,0.0
518187,1,104,2,501.99,0.0
518187,2,117,1,178.99,0.0
518187,3,106,1,83.99,0.0
518188,1,108,2,264.99,0.0
518188,2,105,1,112.99,0.0
518189,1,120,2,203.99,0.2
518189,2,112,1,145.99,0.2
518190,1,118,1,88.99,0.0
518191,1,133,2,112.99,0.0
518192,1,101,1,288.99,0.0
518192,2,116,1,158.99,0.0
518193,1,115,1,38.99,0.0
518193,2,101,3,288.99,0.0
518193,3,133,1,118.99,0.0
518194,1,122,3,78.99,0.0
518195,1,112,1,178.99,0.0
518195,2,127,1,58.99,0.0
518195,3,101,1,288.99,0.0
518196,1,118,1,88.99,0.0
518197,1,124,1,58.99,0.0
518198,1,122,1,78.99,0.0
518198,2,138,2,98.99,0.0
518198,3,120,2,248.99,0.0
518199,1,114,1,138.99,0.0
518200,1,126,1,74.99,0.1
518200,2,115,3,36.99,0.1
518200,3,122,1,74.99,0.1
518201,1,129,1,35.99,0.0
518201,2,111,1,39.99,0.0
518202,1,127,1,58.99,0.0
518203,1,113,2,208.99,0.2
518204,1,137,1,34.99,0.2
518204,2,105,1,118.99,0.2
518204,3,124,2,58.99,0.2
518205,1,122,1,78.99,0.1
518205,2,134,2,238.99,0.1
518206,1,114,1,138.99,0.0
518206,2,102,1,418.99,0.0
518206,3,120,2,248.99,0.0
518206,4,110,1,98.99,0.0
518206,5,119,1,78.99,0.0
518207,1,124,3,58.99,0.2
518207,2,136,3,28.99,0.2
518207,3,125,1,31.99,0.2
518208,1,120,2,203.99,0.1
518208,2,106,2,71.99,0.1
518208,3,130,1,14.99,0.1
518209,1,132,1,48.99,0.0
518210,1,114,3,138.99,0.0
518211,1,118,2,88.99,0.0
518212,1,106,1,83.99,0.0
518212,2,117,3,178.99,0.0
518213,1,129,1,44.99,0.0
518213,2,120,1,248.99,0.0
518213,3,136,1,28.99,0.0
518214,1,123,2,84.99,0.0
518215,1,117,1,178.99,0.1
518216,1,132,1,48.99,0.0
518216,2,115,1,38.99,0.0
518216,3,124,1,58.99,0.0
518216,4,135,1,148.99,0.0
518217,1,121,1,228.99,0.0
518217,2,120,2,248.99,0.0
518218,1,125,1,29.99,0.2
518219,1,106,2,83.99,0.0
518219,2,128,1,26.99,0.0
518219,3,130,1,17.99,0.0
518219,4,125,1,29.99,0.0
518219,5,111,3,45.99,0.0
518220,1,113,2,170.99,0.0
518221,1,136,1,28.99,0.1
518222,1,127,1,58.99,0.0
518223,1,118,1,88.99,0.3
518223,2,102,2,418.99,0.3
518223,3,130,1,18.99,0.3
518224,1,133,3,118.99,0.0
518225,1,119,1,63.99,0.0
518225,2,114,2,112.99,0.0
518225,3,116,3,129.99,0.0
518225,4,124,1,47.99,0.0
518226,1,103,1,330.99,0.0
518227,1,120,3,235.99,0.1
518227,2,112,1,169.99,0.1
518228,1,111,1,48.99,0.0
518229,1,120,1,248.99,0.2
518229,2,125,1,31.99,0.2
518230,1,120,2,248.99,0.0
518231,1,101,2,288.99,0.0
518231,2,116,3,158.99,0.0
518231,3,109,2,68.99,0.0
518232,1,125,1,31.99,0.0
518233,1,114,2,131.99,0.2
518233,2,127,1,55.99,0.2
518233,3,126,1,74.99,0.2
518234,1,107,2,162.99,0.0
518235,1,119,1,74.99,0.0
518236,1,106,3,88.99,0.2
518237,1,116,1,158.99,0.0
518237,2,118,1,88.99,0.0
518237,3,103,1,348.99,0.0
518237,4,120,1,248.99,0.0
518237,5,105,3,118.99,0.0
518238,1,111,3,48.99,0.0
518238,2,121,1,228.99,0.0
518239,1,123,2,79.99,0.0
518240,1,101,1,288.99,0.2
518241,1,118,1,83.99,0.2
518241,2,129,2,41.99,0.2
518241,3,121,1,216.99,0.2
518242,1,127,1,55.99,0.0
518242,2,138,3,93.99,0.0
518243,1,125,1,31.99,0.0
518243,2,121,2,228.99,0.0
518244,1,131,1,24.99,0.0
518244,2,116,2,158.99,0.0
518245,1,134,1,238.99,0.0
518246,1,105,1,118.99,0.0
518247,1,123,1,84.99,0.0
518247,2,101,1,288.99,0.0
518248,1,123,1,84.99,0.0
518249,1,124,3,58.99,0.0
518250,1,126,3,78.99,0.0
518251,1,107,3,162.99,0.0
518251,2,117,1,153.99,0.0
518252,1,111,1,45.99,0.2
518253,1,113,3,170.99,0.2
518254,1,124,1,55.99,0.0
518255,1,101,1,288.99,0.0
518256,1,124,1,55.99,0.0
518257,1,117,3,178.99,0.1
518257,2,131,2,22.99,0.1
518258,1,119,1,74.99,0.1
518258,2,129,2,41.99,0.1
518258,3,111,1,45.99,0.1
518259,1,128,1,28.99,0.0
518260,1,134,1,238.99,0.1
518261,1,107,1,188.99,0.0
518261,2,123,2,79.99,0.0
518261,3,122,1,74.99,0.0
518261,4,129,1,41.99,0.0
518261,5,125,3,29.99,0.0
518262,1,122,1,63.99,0.0
518262,2,119,2,63.99,0.0
518262,3,118,1,71.99,0.0
518263,1,107,3,188.99,0.0
518264,1,137,2,32.99,0.0
518265,1,123,1,68.99,0.0
518266,1,123,1,84.99,0.0
518267,1,109,1,68.99,0.0
518267,2,108,1,278.99,0.0
518267,3,114,2,138.99,0.0
518268,1,124,2,58.99,0.2
518269,1,115,1,30.99,0.0
518270,1,121,1,228.99,0.0
518271,1,116,1,129.99,0.0
518272,1,122,3,78.99,0.0
518272,2,130,1,18.99,0.0
518273,1,118,3,83.99,0.1
518274,1,106,1,88.99,0.0
518274,2,120,2,248.99,0.0
518275,1,134,1,238.99,0.0
518275,2,121,2,228.99,0.0
518275,3,112,1,178.99,0.0
518276,1,127,1,55.99,0.0
518277,1,124,2,58.99,0.0
518277,2,104,1,528.99,0.0
518278,1,104,3,528.99,0.0
518279,1,132,1,48.99,0.0
518280,1,116,3,158.99,0.0
518280,2,132,2,48.99,0.0
518281,1,113,1,208.99,0.0
518281,2,103,2,348.99,0.0
518281,3,114,1,138.99,0.0
518282,1,127,1,58.99,0.0
518282,2,122,2,78.99,0.0
518283,1,120,1,235.99,0.0
518284,1,104,2,432.99,0.0
518284,2,124,1,47.99,0.0
518285,1,123,2,79.99,0.1
518286,1,126,1,78.99,0.1
518287,1,107,1,198.99,0.1
518288,1,120,2,248.99,0.2
518288,2,117,1,188.99,0.2
518288,3,107,2,198.99,0.2
518289,1,127,3,58.99,0.0
518290,1,117,1,178.99,0.0
518290,2,122,1,74.99,0.0
518291,1,111,1,39.99,0.2
518292,1,113,1,170.99,0.0
518293,1,101,2,288.99,0.0
518293,2,104,2,528.99,0.0
518293,3,131,1,24.99,0.0
518294,1,115,1,36.99,0.0
518294,2,117,2,178.99,0.0
518294,3,113,2,197.99,0.0
518294,4,132,1,45.99,0.0
518295,1,130,1,18.99,0.0
518295,2,129,1,44.99,0.0
518296,1,136,2,28.99,0.1
518296,2,122,2,78.99,0.1
518297,1,110,1,93.99,0.0
518297,2,107,2,188.99,0.0
518298,1,119,1,63.99,0.2
518298,2,112,1,145.99,0.2
518298,3,111,1,39.99,0.2
518299,1,105,1,112.99,0.1
518299,2,116,2,150.99,0.1
518300,1,119,2,74.99,0.0
518300,2,116,3,150.99,0.0
518301,1,110,1,98.99,0.0
518302,1,111,2,48.99,0.0
518303,1,123,1,68.99,0.0
518304,1,106,1,83.99,0.0
518305,1,112,2,178.99,0.1
518306,1,119,2,74.99,0.0
518306,2,109,1,64.99,0.0
518307,1,137,2,32.99,0.0
518308,1,127,1,55.99,0.0
518308,2,111,3,45.99,0.0
518308,3,126,1,74.99,0.0
518308,4,106,2,83.99,0.0
518309,1,128,1,28.99,0.1
518309,2,122,1,78.99,0.1
518310,1,135,3,148.99,0.0
518311,1,123,2,84.99,0.0
518311,2,125,1,31.99,0.0
518311,3,114,1,138.99,0.0
518311,4,102,1,418.99,0.0
518312,1,124,1,58.99,0.0
518312,2,117,1,188.99,0.0
518313,1,107,2,198.99,0.0
518314,1,110,3,80.99,0.2
518314,2,121,1,186.99,0.2
518314,3,112,1,145.99,0.2
518314,4,124,3,47.99,0.2
518314,5,103,2,285.99,0.2
518315,1,122,2,63.99,0.0
518315,2,107,2,162.99,0.0
518316,1,125,1,31.99,0.0
518316,2,113,2,208.99,0.0
518316,3,117,1,188.99,0.0
518316,4,123,3,84.99,0.0
518316,5,101,1,288.99,0.0
518317,1,107,1,188.99,0.3
518318,1,112,3,145.99,0.0
518319,1,119,1,63.99,0.0
518319,2,129,3,35.99,0.0
518320,1,106,2,88.99,0.0
518320,2,124,1,58.99,0.0
518321,1,137,2,27.99,0.0
518321,2,106,2,71.99,0.0
518321,3,103,3,285.99,0.0
518322,1,108,1,264.99,0.0
518322,2,123,1,79.99,0.0
518323,1,115,1,38.99,0.0
518324,1,114,3,131.99,0.0
518324,2,115,1,36.99,0.0
518324,3,109,2,64.99,0.0
518325,1,111,2,45.99,0.2
518326,1,112,1,178.99,0.1
518326,2,105,3,118.99,0.1
518327,1,122,1,78.99,0.0
518328,1,138,1,93.99,0.0
518328,2,111,2,45.99,0.0
518328,3,135,2,140.99,0.0
518328,4,110,1,93.99,0.0
518328,5,122,1,74.99,0.0
518329,1,125,1,25.99,0.1
518329,2,116,1,129.99,0.1
518330,1,117,1,178.99,0.2
518331,1,112,2,169.99,0.0
518331,2,114,1,131.99,0.0
518332,1,124,1,55.99,0.0
518332,2,113,1,197.99,0.0
518333,1,111,1,39.99,0.1
518334,1,122,2,74.99,0.0
518335,1,119,1,78.99,0.0
518336,1,112,1,178.99,0.0
518336,2,122,2,78.99,0.0
518337,1,121,2,228.99,0.0
518337,2,119,2,78.99,0.0
518338,1,135,1,140.99,0.0
518339,1,120,2,248.99,0.0
518339,2,105,1,118.99,0.0
518340,1,136,2,28.99,0.1
518340,2,137,2,34.99,0.1
518340,3,123,3,84.99,0.1
518341,1,132,1,48.99,0.0
518342,1,110,1,98.99,0.2
518343,1,134,1,226.99,0.0
518344,1,121,1,228.99,0.1
518344,2,119,2,78.99,0.1
518344,3,113,3,208.99,0.1
518345,1,121,1,216.99,0.0
518345,2,116,1,150.99,0.0
518346,1,128,1,28.99,0.3
518347,1,125,3,29.99,0.0
518348,1,119,3,78.99,0.3
518348,2,120,1,248.99,0.3
518349,1,132,3,48.99,0.0
518350,1,102,3,418.99,0.0
518350,2,108,1,278.99,0.0
518351,1,120,1,248.99,0.0
518352,1,110,2,93.99,0.0
518353,1,104,2,528.99,0.2
518354,1,121,2,186.99,0.0
518355,1,117,3,188.99,0.0
518355,2,112,2,178.99,0.0
518355,3,107,2,198.99,0.0
518356,1,106,2,83.99,0.1
518357,1,120,2,248.99,0.1
518357,2,137,1,34.99,0.1
518358,1,121,2,216.99,0.2
518359,1,120,1,203.99,0.0
518360,1,109,1,64.99,0.0
518361,1,124,2,58.99,0.0
518362,1,112,1,178.99,0.0
518362,2,127,1,58.99,0.0
518363,1,107,1,198.99,0.0
518364,1,117,1,178.99,0.2
518364,2,119,2,74.99,0.2
518364,3,113,2,197.99,0.2
518365,1,108,1,227.99,0.0
518365,2,114,1,112.99,0.0
518365,3,119,2,63.99,0.0
518365,4,113,2,170.99,0.0
518365,5,112,1,145.99,0.0
518366,1,106,1,88.99,0.0
518367,1,113,2,208.99,0.0
518368,1,135,1,140.99,0.0
518368,2,126,2,74.99,0.0
518368,3,121,1,216.99,0.0
518369,1,115,1,36.99,0.0
518369,2,132,1,45.99,0.0
518370,1,135,1,148.99,0.0
518371,1,117,3,178.99,0.0
518372,1,111,2,45.99,0.0
518372,2,118,1,83.99,0.0
518373,1,110,1,98.99,0.2
518374,1,121,1,228.99,0.1
518375,1,133,2,96.99,0.0
518376,1,103,2,348.99,0.0
518376,2,110,1,98.99,0.0
518377,1,101,1,288.99,0.0
518377,2,115,1,38.99,0.0
518378,1,118,3,71.99,0.0
518379,1,105,3,118.99,0.0
518379,2,134,2,238.99,0.0
518380,1,133,2,118.99,0.0
518380,2,102,1,418.99,0.0
518381,1,119,3,78.99,0.0
518381,2,121,1,228.99,0.0
518381,3,114,2,138.99,0.0
518382,1,124,1,55.99,0.0
518383,1,117,2,178.99,0.0
518384,1,116,1,158.99,0.2
518385,1,124,1,58.99,0.1
518385,2,109,1,68.99,0.1
518385,3,131,1,24.99,0.1
518386,1,117,1,188.99,0.1
518386,2,133,1,118.99,0.1
518387,1,131,1,19.99,0.0
518388,1,114,2,138.99,0.1
518388,2,118,2,88.99,0.1
518389,1,116,3,158.99,0.0
518389,2,101,1,288.99,0.0
518390,1,118,2,83.99,0.0
518390,2,109,2,64.99,0.0
518391,1,117,1,188.99,0.1
518391,2,110,1,98.99,0.1
518392,1,124,2,58.99,0.0
518393,1,133,1,118.99,0.0
518394,1,114,1,138.99,0.1
518394,2,107,1,198.99,0.1
518394,3,119,2,78.99,0.1
518394,4,128,1,28.99,0.1
518395,1,119,1,74.99,0.0
518395,2,134,1,226.99,0.0
518396,1,107,2,198.99,0.1
518397,1,120,3,248.99,0.0
518397,2,119,1,78.99,0.0
518398,1,125,1,29.99,0.3
518398,2,117,2,178.99,0.3
518399,1,134,1,226.99,0.0
518400,1,116,1,158.99,0.0
518400,2,134,1,238.99,0.0
518400,3,133,3,118.99,0.0
518400,4,113,1,208.99,0.0
518400,5,109,2,68.99,0.0
518401,1,112,1,169.99,0.0
518402,1,120,3,248.99,0.0
518402,2,123,3,84.99,0.0
518403,1,121,2,228.99,0.2
518404,1,130,1,18.99,0.0
518405,1,130,2,17.99,0.0
518406,1,112,1,178.99,0.0
518406,2,137,2,34.99,0.0
518407,1,112,2,178.99,0.2
518408,1,110,1,80.99,0.0
518409,1,123,1,84.99,0.0
518409,2,112,1,178.99,0.0
518410,1,120,1,248.99,0.0
518411,1,102,2,397.99,0.1
518411,2,105,1,112.99,0.1
518412,1,104,1,528.99,0.0
518413,1,135,3,148.99,0.0
518414,1,115,2,36.99,0.0
518414,2,122,2,74.99,0.0
518415,1,121,1,228.99,0.1
518415,2,120,1,248.99,0.1
518416,1,135,3,140.99,0.0
518416,2,105,1,112.99,0.0
518416,3,124,1,55.99,0.0
518416,4,120,1,235.99,0.0
518416,5,127,1,55.99,0.0
518417,1,103,1,285.99,0.1
518417,2,130,1,14.99,0.1
518418,1,130,2,18.99,0.0
518419,1,111,2,48.99,0.0
518420,1,121,2,228.99,0.0
518421,1,121,1,216.99,0.0
518422,1,126,1,78.99,0.0
518422,2,132,2,48.99,0.0
518422,3,122,1,78.99,0.0
518423,1,123,1,84.99,0.0
518424,1,120,1,248.99,0.2
518425,1,122,2,74.99,0.0
518425,2,123,1,79.99,0.0
518425,3,120,3,235.99,0.0
518426,1,115,1,38.99,0.2
518426,2,128,2,28.99,0.2
518427,1,119,1,78.99,0.0
518428,1,102,2,418.99,0.0
518428,2,114,3,138.99,0.0
518429,1,118,3,88.99,0.0
518430,1,137,2,34.99,0.1
518431,1,126,3,78.99,0.0
518432,1,110,3,80.99,0.0
518432,2,123,3,68.99,0.0
518432,3,112,2,145.99,0.0
518433,1,122,1,78.99,0.0
518433,2,119,3,78.99,0.0
518433,3,130,2,18.99,0.0
518434,1,118,1,88.99,0.0
518434,2,122,1,78.99,0.0
518435,1,137,1,34.99,0.0
518436,1,123,1,84.99,0.1
518436,2,113,1,208.99,0.1
518437,1,108,2,227.99,0.0
518437,2,129,1,35.99,0.0
518438,1,108,1,264.99,0.0
518438,2,132,1,45.99,0.0
518439,1,135,2,148.99,0.0
518440,1,114,2,138.99,0.0
518441,1,130,2,17.99,0.0
518441,2,126,1,74.99,0.0
518442,1,123,1,79.99,0.0
518443,1,103,1,348.99,0.0
518444,1,122,1,78.99,0.2
518444,2,123,2,84.99,0.2
518444,3,135,1,148.99,0.2
518445,1,104,1,528.99,0.2
518446,1,109,1,68.99,0.1
518446,2,122,1,78.99,0.1
518446,3,105,2,118.99,0.1
518446,4,115,1,38.99,0.1
518447,1,120,3,248.99,0.1
518448,1,109,3,55.99,0.0
518449,1,123,3,84.99,0.0
518450,1,113,2,208.99,0.0
518450,2,135,1,148.99,0.0
518450,3,126,2,78.99,0.0
518450,4,114,1,138.99,0.0
518451,1,138,1,98.99,0.0
518452,1,128,1,28.99,0.1
518452,2,134,1,238.99,0.1
518453,1,114,2,138.99,0.1
518453,2,125,2,31.99,0.1
518453,3,128,1,28.99,0.1
518454,1,122,2,78.99,0.0
518454,2,125,1,31.99,0.0
518454,3,116,2,158.99,0.0
518454,4,132,2,48.99,0.0
518455,1,126,2,78.99,0.1
518456,1,119,2,74.99,0.0
518456,2,130,2,17.99,0.0
518456,3,131,1,22.99,0.0
518456,4,138,2,93.99,0.0
518457,1,129,1,35.99,0.0
518458,1,127,2,55.99,0.1
518458,2,125,2,29.99,0.1
518459,1,124,1,55.99,0.1
518459,2,110,2,93.99,0.1
518459,3,115,1,36.99,0.1
518460,1,119,1,78.99,0.0
518461,1,136,1,28.99,0.0
518461,2,138,1,98.99,0.0
518461,3,112,3,178.99,0.0
518461,4,131,2,24.99,0.0
518461,5,117,3,188.99,0.0
518462,1,132,3,39.99,0.3
518463,1,117,2,188.99,0.0
518463,2,113,2,208.99,0.0
518464,1,112,2,178.99,0.1
518465,1,121,1,228.99,0.2
518465,2,130,2,18.99,0.2
518465,3,101,1,288.99,0.2
518466,1,124,3,47.99,0.1
518467,1,126,1,63.99,0.0
518467,2,116,2,129.99,0.0
518468,1,102,2,418.99,0.0
518469,1,123,1,84.99,0.0
518469,2,137,1,34.99,0.0
518470,1,125,1,31.99,0.0
518470,2,108,1,278.99,0.0
518471,1,129,1,41.99,0.0
518471,2,137,1,32.99,0.0
518472,1,107,2,198.99,0.0
518472,2,110,3,98.99,0.0
518473,1,120,3,248.99,0.0
518474,1,132,2,45.99,0.2
518475,1,113,1,208.99,0.0
518475,2,132,3,48.99,0.0
518476,1,130,1,18.99,0.0
518476,2,109,1,68.99,0.0
518476,3,115,1,38.99,0.0
518476,4,118,2,88.99,0.0
518477,1,129,1,41.99,0.0
518477,2,123,2,79.99,0.0
518478,1,107,1,198.99,0.0
518478,2,110,1,98.99,0.0
518478,3,115,2,38.99,0.0
518479,1,137,3,34.99,0.2
518479,2,103,1,348.99,0.2
518480,1,108,2,278.99,0.0
518480,2,120,1,248.99,0.0
518480,3,107,1,198.99,0.0
518481,1,111,1,48.99,0.0
518481,2,119,1,78.99,0.0
518481,3,123,3,84.99,0.0
518482,1,105,1,118.99,0.0
518482,2,110,2,98.99,0.0
518483,1,119,2,78.99,0.0
518484,1,118,1,83.99,0.2
518484,2,128,1,26.99,0.2
518485,1,104,2,501.99,0.1
518485,2,108,2,264.99,0.1
518486,1,104,1,528.99,0.0
518487,1,104,1,501.99,0.0
518488,1,111,1,48.99,0.0
518489,1,117,2,178.99,0.0
518489,2,121,3,216.99,0.0
518489,3,135,1,140.99,0.0
518489,4,115,1,36.99,0.0
518490,1,138,1,98.99,0.0
518491,1,126,2,74.99,0.0
518492,1,125,3,31.99,0.0
518493,1,108,1,278.99,0.2
518493,2,102,1,418.99,0.2
518494,1,133,2,112.99,0.0
518495,1,112,2,178.99,0.0
518496,1,102,1,418.99,0.0
518497,1,110,1,93.99,0.0
518497,2,132,2,45.99,0.0
518498,1,133,2,96.99,0.0
518498,2,111,2,39.99,0.0
518499,1,125,1,31.99,0.2
518500,1,117,2,188.99,0.0
518500,2,108,1,278.99,0.0
518500,3,123,1,84.99,0.0
518500,4,109,1,68.99,0.0
518500,5,130,2,18.99,0.0
518501,1,111,3,48.99,0.0
518502,1,131,1,22.99,0.0
518503,1,116,1,158.99,0.0
518504,1,131,1,19.99,0.0
518504,2,136,1,22.99,0.0
518504,3,112,2,145.99,0.0
518504,4,117,1,153.99,0.0
518505,1,128,1,26.99,0.2
518505,2,106,1,83.99,0.2
518506,1,136,2,26.99,0.0
518507,1,130,1,17.99,0.0
518508,1,127,3,47.99,0.0
518508,2,115,1,30.99,0.0
518508,3,135,2,121.99,0.0
518509,1,106,1,71.99,0.1
518509,2,128,1,22.99,0.1
518510,1,113,2,208.99,0.0
518511,1,106,1,83.99,0.0
518511,2,123,1,79.99,0.0
518512,1,114,1,112.99,0.0
518513,1,125,1,29.99,0.2
518513,2,120,1,235.99,0.2
518513,3,119,1,74.99,0.2
518514,1,112,1,145.99,0.3
518515,1,114,1,112.99,0.1
518515,2,121,1,186.99,0.1
518516,1,132,1,48.99,0.0
518517,1,108,2,278.99,0.0
518518,1,125,1,31.99,0.2
518519,1,119,1,78.99,0.1
518519,2,107,1,198.99,0.1
518520,1,106,1,88.99,0.2
518520,2,122,2,78.99,0.2
518520,3,114,3,138.99,0.2
518520,4,132,1,48.99,0.2
518521,1,118,2,71.99,0.2
518522,1,123,1,84.99,0.0
518523,1,136,1,28.99,0.0
518524,1,130,3,17.99,0.3
518524,2,129,1,41.99,0.3
518524,3,136,2,26.99,0.3
518524,4,104,2,501.99,0.3
518525,1,112,2,169.99,0.0
518526,1,118,2,88.99,0.1
518527,1,128,1,22.99,0.0
518528,1,113,2,197.99,0.0
518529,1,121,2,228.99,0.1
518530,1,105,1,96.99,0.0
518530,2,126,2,63.99,0.0
518531,1,118,3,88.99,0.0
518531,2,122,1,78.99,0.0
518532,1,124,1,47.99,0.1
518533,1,125,2,29.99,0.0
518533,2,134,2,226.99,0.0
518534,1,129,1,44.99,0.0
518534,2,134,1,238.99,0.0
518535,1,137,1,32.99,0.1
518536,1,117,2,178.99,0.0
518536,2,137,3,32.99,0.0
518536,3,128,3,26.99,0.0
518537,1,108,1,278.99,0.0
518537,2,117,1,188.99,0.0
518537,3,123,1,84.99,0.0
518538,1,122,1,74.99,0.1
518539,1,113,2,197.99,0.0
518540,1,116,2,150.99,0.0
518541,1,107,1,198.99,0.0
518541,2,125,3,31.99,0.0
518542,1,136,1,26.99,0.1
518543,1,123,2,84.99,0.1
518544,1,136,3,28.99,0.0
518544,2,116,1,158.99,0.0
518545,1,133,2,112.99,0.0
518546,1,126,2,74.99,0.1
518547,1,133,2,118.99,0.1
518548,1,125,3,31.99,0.0
518549,1,130,2,14.99,0.0
518549,2,101,3,235.99,0.0
518549,3,115,1,30.99,0.0
518550,1,133,1,96.99,0.0
518551,1,102,2,342.99,0.2
518551,2,134,3,194.99,0.2
518551,3,109,3,55.99,0.2
518552,1,115,1,36.99,0.0
518552,2,122,1,74.99,0.0
518552,3,120,3,235.99,0.0
518553,1,108,1,278.99,0.0
518553,2,131,1,24.99,0.0
518553,3,121,1,228.99,0.0
518553,4,105,2,118.99,0.0
518554,1,131,1,19.99,0.0
518554,2,132,1,39.99,0.0
518555,1,111,1,45.99,0.0
518555,2,135,1,140.99,0.0
518556,1,120,3,248.99,0.2
518557,1,117,2,153.99,0.0
518558,1,118,1,88.99,0.1
518559,1,106,2,88.99,0.2
518560,1,122,1,74.99,0.0
518561,1,109,1,68.99,0.0
518562,1,130,3,14.99,0.0
518562,2,129,1,35.99,0.0
518563,1,120,1,235.99,0.0
518564,1,125,2,25.99,0.0
518564,2,114,2,112.99,0.0
518565,1,128,1,28.99,0.1
518566,1,106,1,83.99,0.0
518567,1,120,1,203.99,0.1
518568,1,119,1,74.99,0.2
518569,1,113,2,197.99,0.0
518570,1,106,2,83.99,0.0
518570,2,114,1,131.99,0.0
518570,3,131,1,22.99,0.0
518570,4,105,1,112.99,0.0
518570,5,107,2,188.99,0.0
518571,1,130,2,17.99,0.0
518571,2,104,2,501.99,0.0
518572,1,107,3,188.99,0.0
518573,1,134,2,238.99,0.0
518573,2,112,2,178.99,0.0
518574,1,104,3,528.99,0.0
518574,2,129,1,44.99,0.0
518575,1,131,2,22.99,0.0
518575,2,111,1,45.99,0.0
518576,1,124,2,55.99,0.1
518577,1,113,3,170.99,0.0
518578,1,138,1,98.99,0.0
518579,1,104,2,432.99,0.0
518580,1,123,1,84.99,0.0
518581,1,123,1,84.99,0.0
518582,1,105,3,118.99,0.0
518582,2,120,1,248.99,0.0
518582,3,119,1,78.99,0.0
518582,4,102,1,418.99,0.0
518583,1,117,1,188.99,0.0
518584,1,113,1,197.99,0.3
518585,1,119,2,74.99,0.2
518585,2,124,2,55.99,0.2
518585,3,118,1,83.99,0.2
518586,1,119,1,74.99,0.0
518586,2,116,2,150.99,0.0
518587,1,132,2,48.99,0.0
518588,1,124,1,58.99,0.1
518589,1,123,1,84.99,0.2
518589,2,106,1,88.99,0.2
518589,3,115,1,38.99,0.2
518590,1,130,1,17.99,0.0
518591,1,125,1,31.99,0.0
518591,2,127,2,58.99,0.0
518592,1,130,1,18.99,0.2
518593,1,110,2,98.99,0.0
518593,2,118,1,88.99,0.0
518594,1,122,2,78.99,0.0
518595,1,136,1,28.99,0.1
518595,2,123,1,84.99,0.1
518596,1,132,1,48.99,0.2
518596,2,123,1,84.99,0.2
518597,1,112,2,169.99,0.0
518598,1,104,1,501.99,0.0
518599,1,104,2,432.99,0.1
518600,1,135,2,140.99,0.0
518601,1,119,1,74.99,0.0
518602,1,102,1,418.99,0.0
518602,2,112,2,178.99,0.0
518603,1,126,3,78.99,0.0
518604,1,133,1,118.99,0.0
518604,2,118,1,88.99,0.0
518605,1,118,1,71.99,0.0
518605,2,126,2,63.99,0.0
518606,1,124,3,58.99,0.0
518607,1,122,1,78.99,0.0
518608,1,125,1,25.99,0.0
518609,1,125,2,31.99,0.0
518609,2,101,3,288.99,0.0
518610,1,120,1,248.99,0.0
518611,1,114,1,131.99,0.0
518611,2,122,1,74.99,0.0
518612,1,121,2,228.99,0.0
518613,1,119,1,78.99,0.0
518614,1,120,1,203.99,0.2
518614,2,124,1,47.99,0.2
518615,1,107,2,162.99,0.1
518615,2,101,1,235.99,0.1
518616,1,130,2,18.99,0.0
518617,1,111,1,45.99,0.0
518617,2,136,3,26.99,0.0
518617,3,115,1,36.99,0.0
518618,1,121,2,228.99,0.2
518619,1,118,3,88.99,0.0
518619,2,133,1,118.99,0.0
518620,1,124,1,58.99,0.0
518621,1,119,1,78.99,0.0
518621,2,110,2,98.99,0.0
518621,3,125,2,31.99,0.0
518621,4,129,1,44.99,0.0
518621,5,126,1,78.99,0.0
518622,1,127,2,55.99,0.0
518622,2,109,1,64.99,0.0
518623,1,128,1,28.99,0.0
518624,1,133,1,112.99,0.0
518625,1,131,1,19.99,0.0
518625,2,138,3,80.99,0.0
518626,1,135,1,148.99,0.0
518626,2,138,2,98.99,0.0
518627,1,124,2,55.99,0.0
518627,2,137,3,32.99,0.0
518628,1,101,1,288.99,0.0
518628,2,128,2,28.99,0.0
518629,1,128,2,26.99,0.0
518630,1,119,1,63.99,0.1
518630,2,127,1,47.99,0.1
518630,3,135,2,121.99,0.1
518631,1,114,2,138.99,0.0
518631,2,111,3,48.99,0.0
518632,1,131,1,22.99,0.0
518633,1,119,3,63.99,0.0
518634,1,118,1,71.99,0.0
518635,1,119,1,63.99,0.0
518635,2,135,1,121.99,0.0
518635,3,112,1,145.99,0.0
518636,1,120,2,235.99,0.3
518637,1,111,1,48.99,0.0
518637,2,120,1,248.99,0.0
518637,3,112,2,178.99,0.0
518638,1,133,2,112.99,0.0
518639,1,120,1,203.99,0.2
518640,1,103,1,348.99,0.1
518640,2,132,3,48.99,0.1
518641,1,124,1,58.99,0.0
518642,1,110,1,80.99,0.1
518642,2,107,2,162.99,0.1
518642,3,122,2,63.99,0.1
518642,4,121,1,186.99,0.1
518643,1,107,1,188.99,0.0
518644,1,119,2,63.99,0.0
518644,2,120,1,203.99,0.0
518644,3,137,2,27.99,0.0
518644,4,132,1,39.99,0.0
518645,1,138,1,98.99,0.1
518645,2,120,1,248.99,0.1
518646,1,137,1,27.99,0.0
518646,2,124,1,47.99,0.0
518646,3,110,1,80.99,0.0
518646,4,125,1,25.99,0.0
518647,1,103,2,348.99,0.0
518648,1,126,2,63.99,0.0
518648,2,116,2,129.99,0.0
518649,1,118,1,88.99,0.1
518649,2,117,2,188.99,0.1
518650,1,116,2,158.99,0.0
518650,2,118,1,88.99,0.0
518651,1,127,1,58.99,0.0
518651,2,107,1,198.99,0.0
518652,1,116,2,129.99,0.0
518652,2,103,1,285.99,0.0
518652,3,136,1,22.99,0.0
518652,4,134,2,194.99,0.0
518652,5,131,2,19.99,0.0
518653,1,112,2,169.99,0.0
518653,2,103,2,330.99,0.0
518653,3,122,2,74.99,0.0
518654,1,117,2,188.99,0.0
518655,1,113,1,197.99,0.0
518655,2,118,1,83.99,0.0
518655,3,119,1,74.99,0.0
518655,4,123,2,79.99,0.0
518655,5,136,3,26.99,0.0
518656,1,119,1,78.99,0.1
518657,1,112,1,145.99,0.0
518658,1,126,1,78.99,0.0
518659,1,121,3,228.99,0.1
518660,1,117,1,188.99,0.2
518661,1,117,3,178.99,0.0
518661,2,114,3,131.99,0.0
518661,3,104,1,501.99,0.0
518661,4,134,2,226.99,0.0
518662,1,122,1,63.99,0.0
518662,2,119,1,63.99,0.0
518662,3,134,1,194.99,0.0
518663,1,103,3,330.99,0.0
518664,1,136,3,28.99,0.0
518664,2,114,3,138.99,0.0
518665,1,104,2,432.99,0.1
518666,1,116,1,158.99,0.2
518667,1,117,3,188.99,0.0
518667,2,112,1,178.99,0.0
518667,3,128,1,28.99,0.0
518667,4,110,1,98.99,0.0
518668,1,109,1,64.99,0.0
518669,1,122,1,74.99,0.0
518670,1,124,1,58.99,0.0
518670,2,115,1,38.99,0.0
518671,1,128,1,28.99,0.0
518671,2,137,3,34.99,0.0
518672,1,111,1,39.99,0.0
518673,1,116,3,158.99,0.0
518674,1,107,2,198.99,0.0
518674,2,118,3,88.99,0.0
518674,3,136,1,28.99,0.0
518675,1,117,2,153.99,0.2
518676,1,117,1,153.99,0.2
518676,2,118,1,71.99,0.2
518676,3,101,1,235.99,0.2
518676,4,127,1,47.99,0.2
518677,1,135,1,140.99,0.0
518677,2,112,1,169.99,0.0
518678,1,108,2,227.99,0.0
518678,2,116,1,129.99,0.0
518679,1,115,3,30.99,0.2
518680,1,131,1,24.99,0.0
518681,1,127,1,47.99,0.0
518681,2,126,1,63.99,0.0
518682,1,113,2,170.99,0.0
518682,2,117,1,153.99,0.0
518683,1,122,1,78.99,0.1
518683,2,110,2,98.99,0.1
518684,1,112,1,169.99,0.0
518685,1,119,1,78.99,0.2
518685,2,112,1,178.99,0.2
518686,1,113,1,197.99,0.0
518686,2,125,1,29.99,0.0
518687,1,136,1,28.99,0.0
518687,2,126,1,78.99,0.0
518687,3,131,2,24.99,0.0
518688,1,120,1,203.99,0.0
518689,1,130,1,14.99,0.1
518690,1,119,1,74.99,0.0
518691,1,110,1,98.99,0.0
518692,1,110,2,80.99,0.1
518692,2,103,1,285.99,0.1
518692,3,116,1,129.99,0.1
518692,4,101,2,235.99,0.1
518692,5,115,2,30.99,0.1
518693,1,132,2,48.99,0.0
518693,2,124,2,58.99,0.0
518693,3,112,1,178.99,0.0
518693,4,105,3,118.99,0.0
518694,1,104,1,432.99,0.2
518695,1,101,1,288.99,0.0
518696,1,109,2,68.99,0.2
518697,1,118,1,83.99,0.0
518698,1,116,1,129.99,0.0
518699,1,134,1,238.99,0.0
518699,2,111,1,48.99,0.0
518700,1,112,2,178.99,0.0
518701,1,121,1,228.99,0.0
518702,1,115,1,30.99,0.0
518703,1,132,2,48.99,0.0
518703,2,123,2,84.99,0.0
518703,3,117,1,188.99,0.0
518703,4,126,1,78.99,0.0
518704,1,110,2,98.99,0.0
518704,2,119,2,78.99,0.0
518704,3,125,1,31.99,0.0
518704,4,114,1,138.99,0.0
518705,1,120,1,248.99,0.0
518706,1,119,1,78.99,0.0
518706,2,101,2,288.99,0.0
518707,1,109,3,68.99,0.1
518707,2,132,1,48.99,0.1
518708,1,130,1,17.99,0.0
518709,1,121,3,228.99,0.0
518710,1,114,1,112.99,0.0
518711,1,110,1,98.99,0.0
518712,1,102,1,342.99,0.0
518713,1,114,2,112.99,0.0
518714,1,132,3,45.99,0.2
518714,2,133,1,112.99,0.2
518714,3,119,2,74.99,0.2
518715,1,107,3,188.99,0.1
518715,2,112,1,169.99,0.1
518715,3,120,1,235.99,0.1
518716,1,118,1,83.99,0.0
518716,2,121,3,216.99,0.0
518717,1,120,2,235.99,0.0
518718,1,119,1,63.99,0.1
518719,1,113,2,208.99,0.0
518720,1,116,2,150.99,0.0
518720,2,129,2,41.99,0.0
518721,1,103,1,348.99,0.0
518721,2,123,2,84.99,0.0
518722,1,130,2,17.99,0.0
518722,2,125,2,29.99,0.0
518722,3,116,2,150.99,0.0
518723,1,135,1,148.99,0.0
518724,1,111,1,39.99,0.0
518725,1,110,3,93.99,0.2
518726,1,114,1,112.99,0.2
518726,2,118,1,71.99,0.2
518726,3,133,2,96.99,0.2
518727,1,121,2,186.99,0.0
518727,2,131,2,19.99,0.0
518727,3,138,1,80.99,0.0
518727,4,119,2,63.99,0.0
518728,1,124,2,58.99,0.0
518728,2,125,1,31.99,0.0
518729,1,124,3,58.99,0.0
518730,1,116,1,150.99,0.0
518730,2,137,3,32.99,0.0
518731,1,134,1,238.99,0.2
518731,2,136,1,28.99,0.2
518732,1,117,3,188.99,0.0
518732,2,123,1,84.99,0.0
518733,1,107,3,198.99,0.0
518734,1,111,2,48.99,0.1
518734,2,125,1,31.99,0.1
518734,3,113,2,208.99,0.1
518735,1,116,1,129.99,0.0
518736,1,119,1,78.99,0.1
518737,1,116,3,150.99,0.0
518737,2,113,1,197.99,0.0
518737,3,136,1,26.99,0.0
518738,1,128,3,22.99,0.0
518738,2,115,2,30.99,0.0
518739,1,120,3,248.99,0.0
518739,2,135,2,148.99,0.0
518740,1,116,2,158.99,0.0
518740,2,102,2,418.99,0.0
518741,1,105,3,118.99,0.3
518741,2,123,1,84.99,0.3
518742,1,137,2,27.99,0.0
518743,1,137,1,34.99,0.0
518744,1,125,2,29.99,0.1
518744,2,106,1,83.99,0.1
518745,1,136,1,28.99,0.0
518746,1,110,1,98.99,0.0
518747,1,137,2,34.99,0.0
518747,2,116,1,158.99,0.0
518748,1,119,1,74.99,0.0
518749,1,130,3,17.99,0.0
518749,2,111,1,45.99,0.0
518749,3,135,1,140.99,0.0
518749,4,133,3,112.99,0.0
518749,5,123,1,79.99,0.0
518750,1,136,2,28.99,0.0
518750,2,123,1,84.99,0.0
518751,1,122,2,74.99,0.0
518751,2,119,2,74.99,0.0
518751,3,116,3,150.99,0.0
518751,4,112,2,169.99,0.0
518752,1,126,1,74.99,0.0
518752,2,101,3,273.99,0.0
518752,3,111,3,45.99,0.0
518752,4,130,1,17.99,0.0
518752,5,121,1,216.99,0.0
518753,1,127,2,58.99,0.0
518754,1,105,1,118.99,0.0
518755,1,115,3,30.99,0.0
518756,1,125,1,29.99,0.0
518757,1,116,2,150.99,0.1
518758,1,120,2,235.99,0.1
518759,1,109,2,68.99,0.0
518759,2,101,1,288.99,0.0
518759,3,119,1,78.99,0.0
518760,1,117,1,178.99,0.0
518760,2,108,1,264.99,0.0
518760,3,118,1,83.99,0.0
518760,4,101,3,273.99,0.0
518761,1,132,2,45.99,0.0
518762,1,106,1,88.99,0.0
518763,1,131,1,24.99,0.0
518764,1,118,1,83.99,0.2
518765,1,113,2,208.99,0.0
518765,2,107,3,198.99,0.0
518765,3,112,1,178.99,0.0
518766,1,114,1,138.99,0.2
518767,1,118,1,83.99,0.2
518768,1,120,1,248.99,0.0
518768,2,126,3,78.99,0.0
518769,1,137,2,34.99,0.1
518770,1,124,1,58.99,0.1
518771,1,119,1,78.99,0.0
518772,1,120,1,248.99,0.0
518773,1,115,1,38.99,0.0
518774,1,120,1,235.99,0.0
518774,2,111,2,45.99,0.0
518775,1,133,1,118.99,0.0
518776,1,118,2,83.99,0.0
518777,1,118,3,83.99,0.0
518778,1,125,1,25.99,0.1
518778,2,106,2,71.99,0.1
518778,3,112,1,145.99,0.1
518778,4,114,1,112.99,0.1
518779,1,108,2,264.99,0.0
518779,2,125,2,29.99,0.0
518780,1,125,2,31.99,0.0
518780,2,113,2,208.99,0.0
518780,3,131,1,24.99,0.0
518780,4,134,1,238.99,0.0
518781,1,111,1,45.99,0.0
518781,2,108,2,264.99,0.0
518782,1,121,1,216.99,0.0
518783,1,103,1,330.99,0.0
518783,2,134,1,226.99,0.0
518784,1,133,1,96.99,0.0
518784,2,116,1,129.99,0.0
518785,1,138,1,98.99,0.0
518785,2,120,1,248.99,0.0
518786,1,112,3,178.99,0.0
518786,2,132,1,48.99,0.0
518787,1,119,2,74.99,0.1
518788,1,107,1,188.99,0.0
518788,2,101,2,273.99,0.0
518788,3,111,2,45.99,0.0
518789,1,116,1,158.99,0.0
518790,1,131,3,24.99,0.0
518790,2,120,1,248.99,0.0
518790,3,117,3,188.99,0.0
518791,1,114,2,112.99,0.0
518791,2,112,1,145.99,0.0
518792,1,117,3,178.99,0.1
518792,2,110,1,93.99,0.1
518793,1,113,2,208.99,0.1
518793,2,125,1,31.99,0.1
518793,3,108,2,278.99,0.1
518793,4,119,1,78.99,0.1
518793,5,122,3,78.99,0.1
518794,1,124,1,58.99,0.0
518795,1,121,1,228.99,0.0
518796,1,127,2,47.99,0.0
518796,2,114,1,112.99,0.0
518796,3,105,1,96.99,0.0
518797,1,110,2,80.99,0.0
518797,2,126,3,63.99,0.0
518798,1,113,2,208.99,0.0
518799,1,112,2,169.99,0.0
518800,1,124,160,55.99,0.3
518800,2,116,234,150.99,0.3
518800,3,117,90,178.99,0.3
518801,1,113,1,170.99,0.0
518801,2,124,2,47.99,0.0
518801,3,103,2,285.99,0.0
518802,1,122,1,74.99,0.0
518802,2,119,1,74.99,0.0
518802,3,113,1,197.99,0.0
518802,4,134,1,226.99,0.0
518803,1,124,1,58.99,0.0
518803,2,125,1,31.99,0.0
518803,3,120,1,248.99,0.0
518804,1,102,1,418.99,0.0
518804,2,122,1,78.99,0.0
518804,3,113,1,208.99,0.0
518805,1,105,3,118.99,0.0
518806,1,102,2,418.99,0.0
518807,1,112,1,178.99,0.0
518808,1,103,1,348.99,0.0
518808,2,101,1,288.99,0.0
518809,1,136,2,28.99,0.0
518809,2,112,1,178.99,0.0
518810,1,134,1,238.99,0.0
518810,2,104,2,528.99,0.0
518811,1,117,2,153.99,0.0
518812,1,119,1,78.99,0.0
518812,2,122,1,78.99,0.0
518812,3,120,1,248.99,0.0
518813,1,113,1,208.99,0.0
518814,1,102,1,418.99,0.0
518815,1,119,1,74.99,0.0
518815,2,124,1,55.99,0.0
518816,1,127,3,47.99,0.3
518816,2,137,3,27.99,0.3
518817,1,117,1,153.99,0.0
518818,1,111,1,48.99,0.0
518818,2,125,1,31.99,0.0
518819,1,135,1,121.99,0.0
518819,2,136,2,22.99,0.0
518820,1,101,1,273.99,0.0
518821,1,113,1,170.99,0.0
518821,2,119,2,63.99,0.0
518822,1,115,1,30.99,0.0
518822,2,122,1,63.99,0.0
518823,1,122,1,78.99,0.0
518824,1,117,1,188.99,0.0
518824,2,109,1,68.99,0.0
518825,1,106,3,88.99,0.0
518825,2,137,1,34.99,0.0
518826,1,122,1,78.99,0.0
518826,2,136,1,28.99,0.0
518827,1,136,1,28.99,0.2
518827,2,132,1,48.99,0.2
518828,1,137,2,32.99,0.0
518828,2,105,1,112.99,0.0
518828,3,138,2,93.99,0.0
518829,1,119,1,78.99,0.0
518829,2,116,1,158.99,0.0
518830,1,115,1,38.99,0.0
518830,2,114,1,138.99,0.0
518831,1,124,1,58.99,0.0
518831,2,131,1,24.99,0.0
518832,1,128,1,28.99,0.2
518832,2,116,1,158.99,0.2
518833,1,125,2,31.99,0.0
518834,1,113,1,197.99,0.0
518835,1,123,3,84.99,0.0
518836,1,127,1,47.99,0.0
518837,1,125,1,31.99,0.0
518838,1,102,2,418.99,0.0
518838,2,126,1,78.99,0.0
518838,3,131,1,24.99,0.0
518838,4,117,1,188.99,0.0
518838,5,114,1,138.99,0.0
518839,1,106,2,83.99,0.0
518840,1,130,1,17.99,0.0
518840,2,117,1,178.99,0.0
518841,1,138,1,98.99,0.0
518841,2,107,3,198.99,0.0
518842,1,116,2,158.99,0.0
518842,2,136,1,28.99,0.0
518843,1,104,2,501.99,0.0
518844,1,114,2,131.99,0.3
518844,2,118,1,83.99,0.3
518845,1,102,3,397.99,0.0
518845,2,108,1,264.99,0.0
518845,3,112,1,169.99,0.0
518845,4,124,1,55.99,0.0
518845,5,120,2,235.99,0.0
518846,1,107,1,198.99,0.3
518847,1,114,1,112.99,0.0
518847,2,118,2,71.99,0.0
518847,3,125,2,25.99,0.0
518847,4,119,2,63.99,0.0
518848,1,103,2,348.99,0.1
518849,1,132,1,48.99,0.1
518849,2,106,1,88.99,0.1
518849,3,120,2,248.99,0.1
518850,1,115,2,36.99,0.0
518851,1,116,2,158.99,0.0
518851,2,117,2,188.99,0.0
518852,1,110,1,98.99,0.0
518853,1,131,1,19.99,0.0
518854,1,118,3,83.99,0.0
518855,1,129,1,41.99,0.0
518856,1,115,1,38.99,0.0
518856,2,121,3,228.99,0.0
518856,3,122,1,78.99,0.0
518857,1,102,2,342.99,0.0
518857,2,125,1,25.99,0.0
518857,3,122,1,63.99,0.0
518857,4,109,3,55.99,0.0
518857,5,120,1,203.99,0.0
518858,1,120,2,235.99,0.0
518858,2,123,1,79.99,0.0
518858,3,128,2,26.99,0.0
518858,4,135,2,140.99,0.0
518858,5,119,1,74.99,0.0
518859,1,114,1,138.99,0.0
518860,1,113,1,197.99,0.0
518861,1,127,1,58.99,0.0
518861,2,112,2,178.99,0.0
518862,1,106,1,71.99,0.1
518862,2,114,1,112.99,0.1
518863,1,103,2,348.99,0.0
518864,1,122,1,63.99,0.0
518865,1,132,2,48.99,0.0
518866,1,115,1,36.99,0.1
518867,1,121,1,228.99,0.1
518868,1,117,1,188.99,0.0
518868,2,113,1,208.99,0.0
518869,1,119,1,78.99,0.0
518869,2,127,3,58.99,0.0
518870,1,106,1,88.99,0.1
518870,2,104,1,528.99,0.1
518871,1,127,3,55.99,0.3
518871,2,130,2,17.99,0.3
518871,3,123,2,79.99,0.3
518871,4,121,1,216.99,0.3
518872,1,124,2,58.99,0.0
518872,2,111,1,48.99,0.0
518873,1,125,1,31.99,0.0
518873,2,101,1,288.99,0.0
518874,1,125,1,25.99,0.0
518875,1,111,3,45.99,0.0
518875,2,102,1,397.99,0.0
518876,1,126,1,63.99,0.0
518877,1,122,1,78.99,0.0
518878,1,118,2,88.99,0.1
518878,2,109,3,68.99,0.1
518878,3,133,2,118.99,0.1
518879,1,125,2,31.99,0.0
518879,2,116,1,158.99,0.0
518880,1,136,1,22.99,0.0
518881,1,104,1,501.99,0.2
518881,2,110,1,93.99,0.2
518882,1,113,3,208.99,0.1
518882,2,125,2,31.99,0.1
518883,1,124,161,55.99,0.0
518884,1,114,2,112.99,0.0
518885,1,125,2,31.99,0.2
518886,1,106,3,88.99,0.2
518886,2,122,2,78.99,0.2
518886,3,125,1,31.99,0.2
518887,1,107,1,198.99,0.0
518888,1,113,2,208.99,0.3
518889,1,128,3,28.99,0.0
518890,1,113,2,208.99,0.2
518891,1,107,1,198.99,0.1
518892,1,110,1,98.99,0.1
518893,1,120,3,248.99,0.1
518893,2,118,2,88.99,0.1
518894,1,116,1,158.99,0.2
518895,1,134,1,238.99,0.2
518896,1,127,2,55.99,0.1
518896,2,113,1,197.99,0.1
518897,1,137,1,34.99,0.1
518898,1,127,1,58.99,0.0
518899,1,112,3,169.99,0.3
518900,1,110,2,98.99,0.0
518900,2,112,3,178.99,0.0
518901,1,122,1,74.99,0.0
518901,2,124,2,55.99,0.0
518902,1,106,1,88.99,0.0
518902,2,118,1,88.99,0.0
518902,3,119,2,78.99,0.0
518902,4,128,1,28.99,0.0
518902,5,117,2,188.99,0.0
518903,1,117,1,188.99,0.0
518904,1,116,1,150.99,0.0
518905,1,125,2,29.99,0.0
518905,2,113,1,197.99,0.0
518906,1,122,2,74.99,0.0
518907,1,124,2,47.99,0.3
518908,1,123,3,84.99,0.0
518908,2,117,2,188.99,0.0
518909,1,114,2,138.99,0.3
518909,2,101,1,288.99,0.3
518909,3,124,3,58.99,0.3
518910,1,125,1,31.99,0.0
518911,1,113,1,197.99,0.0
518911,2,116,2,150.99,0.0
518912,1,106,1,88.99,0.3
518913,1,120,1,203.99,0.0
518914,1,108,2,278.99,0.0
518914,2,111,1,48.99,0.0
518915,1,109,1,64.99,0.0
518915,2,113,2,197.99,0.0
518916,1,114,1,112.99,0.0
518916,2,120,1,203.99,0.0
518917,1,127,1,58.99,0.0
518917,2,121,1,228.99,0.0
518918,1,115,3,30.99,0.0
518918,2,129,3,35.99,0.0
518919,1,124,1,58.99,0.0
518920,1,116,1,158.99,0.0
518921,1,138,1,98.99,0.0
518922,1,113,2,197.99,0.0
518923,1,116,1,158.99,0.0
518923,2,136,1,28.99,0.0
518924,1,108,1,278.99,0.0
518925,1,128,2,28.99,0.1
518926,1,103,2,285.99,0.0
518926,2,116,1,129.99,0.0
518927,1,115,3,36.99,0.0
518927,2,110,2,93.99,0.0
518928,1,117,1,188.99,0.1
518929,1,107,1,198.99,0.2
518929,2,128,2,28.99,0.2
518930,1,112,1,169.99,0.0
518930,2,116,1,150.99,0.0
518930,3,122,2,74.99,0.0
518931,1,118,1,88.99,0.0
518931,2,125,1,31.99,0.0
518932,1,132,1,48.99,0.0
518932,2,117,1,188.99,0.0
518932,3,107,2,198.99,0.0
518932,4,118,1,88.99,0.0
518932,5,109,2,68.99,0.0
518933,1,136,1,28.99,0.0
518934,1,109,1,64.99,0.0
518934,2,104,2,501.99,0.0
518935,1,136,2,28.99,0.0
518936,1,111,2,48.99,0.0
518937,1,128,2,28.99,0.1
518937,2,121,3,228.99,0.1
518938,1,104,2,528.99,0.1
518938,2,124,2,58.99,0.1
518939,1,125,1,31.99,0.2
518940,1,114,2,131.99,0.1
518940,2,110,3,93.99,0.1
518940,3,122,1,74.99,0.1
518941,1,106,1,71.99,0.0
518942,1,119,1,63.99,0.0
518942,2,106,2,71.99,0.0
518942,3,131,3,19.99,0.0
518943,1,125,1,25.99,0.2
518944,1,112,2,178.99,0.0
518944,2,113,2,208.99,0.0
518944,3,108,1,278.99,0.0
518945,1,127,1,55.99,0.2
518946,1,115,1,38.99,0.2
518946,2,110,2,98.99,0.2
518947,1,135,1,148.99,0.1
518948,1,120,2,248.99,0.0
518948,2,106,1,88.99,0.0
518948,3,124,2,58.99,0.0
518948,4,113,2,208.99,0.0
518948,5,123,1,84.99,0.0
518949,1,126,3,74.99,0.0
518950,1,105,1,96.99,0.0
518950,2,103,3,285.99,0.0
518951,1,131,1,24.99,0.1
518951,2,126,2,78.99,0.1
518952,1,118,1,71.99,0.1
518953,1,106,2,83.99,0.0
518954,1,109,1,64.99,0.0
518954,2,133,1,112.99,0.0
518955,1,123,1,68.99,0.0
518955,2,138,1,80.99,0.0
518955,3,119,2,63.99,0.0
518956,1,108,2,264.99,0.0
518956,2,126,1,74.99,0.0
518957,1,133,2,118.99,0.0
518958,1,118,1,71.99,0.0
518958,2,137,2,27.99,0.0
518959,1,119,2,74.99,0.0
518959,2,101,3,273.99,0.0
518960,1,122,1,78.99,0.3
518961,1,119,3,78.99,0.0
518962,1,122,1,74.99,0.0
518963,1,124,1,58.99,0.0
518964,1,133,1,118.99,0.0
518965,1,131,3,24.99,0.0
518966,1,126,1,63.99,0.0
518966,2,125,1,25.99,0.0
518967,1,102,1,418.99,0.2
518967,2,118,3,88.99,0.2
518968,1,124,2,58.99,0.1
518968,2,113,2,208.99,0.1
518969,1,133,1,96.99,0.0
518969,2,124,1,47.99,0.0
518970,1,111,2,45.99,0.1
518971,1,125,1,25.99,0.0
518971,2,137,2,27.99,0.0
518971,3,111,2,39.99,0.0
518972,1,108,1,264.99,0.0
518973,1,105,1,118.99,0.0
518973,2,117,3,188.99,0.0
518973,3,126,1,78.99,0.0
518974,1,106,1,83.99,0.1
518974,2,133,1,112.99,0.1
518974,3,125,1,29.99,0.1
518975,1,121,3,216.99,0.0
518976,1,115,2,30.99,0.0
518977,1,119,1,63.99,0.0
518977,2,123,1,68.99,0.0
518978,1,108,3,264.99,0.1
518978,2,106,1,83.99,0.1
518979,1,101,2,288.99,0.1
518979,2,118,3,88.99,0.1
518979,3,110,1,98.99,0.1
518980,1,106,2,88.99,0.1
518980,2,116,1,158.99,0.1
518980,3,123,2,84.99,0.1
518981,1,131,1,24.99,0.0
518982,1,121,1,216.99,0.0
518983,1,130,2,18.99,0.0
518984,1,136,1,28.99,0.0
518985,1,125,2,29.99,0.0
518986,1,127,1,55.99,0.1
518987,1,123,3,84.99,0.2
518988,1,116,2,150.99,0.0
518988,2,106,1,83.99,0.0
518989,1,109,2,68.99,0.1
518990,1,112,2,178.99,0.0
518991,1,121,2,228.99,0.3
518992,1,136,3,22.99,0.0
518992,2,122,1,63.99,0.0
518992,3,121,1,186.99,0.0
518992,4,116,1,129.99,0.0
518993,1,122,1,78.99,0.0
518994,1,132,1,48.99,0.1
518994,2,120,1,248.99,0.1
518994,3,114,1,138.99,0.1
518994,4,124,1,58.99,0.1
518994,5,109,1,68.99,0.1
518995,1,110,1,98.99,0.0
518995,2,118,1,88.99,0.0
518996,1,111,2,48.99,0.0
518996,2,130,3,18.99,0.0
518996,3,133,1,118.99,0.0
518997,1,124,2,58.99,0.3
518998,1,119,2,78.99,0.2
518999,1,123,2,79.99,0.0
518999,2,114,1,131.99,0.0
519000,1,114,2,138.99,0.0
519000,2,101,1,288.99,0.0
519001,1,103,2,348.99,0.0
519002,1,121,1,186.99,0.1
519002,2,122,1,63.99,0.1
519003,1,125,1,31.99,0.0
519003,2,129,1,44.99,0.0
519003,3,106,1,88.99,0.0
519003,4,111,3,48.99,0.0
519003,5,127,1,58.99,0.0
519004,1,119,1,74.99,0.0
519005,1,109,1,68.99,0.0
519005,2,113,3,208.99,0.0
519005,3,136,2,28.99,0.0
519005,4,133,1,118.99,0.0
519005,5,131,2,24.99,0.0
519006,1,102,2,418.99,0.0
519007,1,110,1,98.99,0.1
519008,1,120,2,248.99,0.0
519009,1,121,3,228.99,0.0
519009,2,122,3,78.99,0.0
519010,1,103,1,348.99,0.0
519011,1,113,2,208.99,0.0
519012,1,112,1,145.99,0.0
519012,2,115,1,30.99,0.0
519012,3,121,2,186.99,0.0
519013,1,107,2,198.99,0.0
519014,1,115,1,38.99,0.0
519014,2,112,1,178.99,0.0
519015,1,118,1,88.99,0.3
519016,1,117,3,178.99,0.0
519017,1,111,1,45.99,0.0
519017,2,115,1,36.99,0.0
519018,1,131,2,24.99,0.0
519018,2,126,2,78.99,0.0
519018,3,115,1,38.99,0.0
519019,1,118,1,88.99,0.0
519019,2,121,2,228.99,0.0
519019,3,116,1,158.99,0.0
519019,4,107,3,198.99,0.0
519019,5,138,1,98.99,0.0
519020,1,133,2,96.99,0.1
519020,2,122,1,63.99,0.1
519020,3,121,1,186.99,0.1
519021,1,121,2,228.99,0.0
519021,2,114,1,138.99,0.0
519022,1,118,1,88.99,0.0
519023,1,108,2,264.99,0.0
519023,2,117,1,178.99,0.0
519024,1,115,2,30.99,0.0
519024,2,119,1,63.99,0.0
519024,3,127,1,47.99,0.0
519025,1,121,1,186.99,0.0
519025,2,108,1,227.99,0.0
519025,3,104,3,432.99,0.0
519025,4,124,1,47.99,0.0
519025,5,129,1,35.99,0.0
519026,1,123,1,79.99,0.0
519026,2,125,1,29.99,0.0
519027,1,118,1,88.99,0.0
519027,2,120,2,248.99,0.0
519027,3,124,1,58.99,0.0
519028,1,104,3,432.99,0.0
519028,2,134,1,194.99,0.0
519028,3,130,2,14.99,0.0
519029,1,111,2,45.99,0.0
519030,1,106,2,88.99,0.0
519030,2,117,1,188.99,0.0
519031,1,115,2,30.99,0.2
519032,1,124,3,58.99,0.2
519033,1,125,1,29.99,0.0
519033,2,130,2,17.99,0.0
519034,1,121,1,228.99,0.0
519035,1,111,1,45.99,0.0
519035,2,115,1,36.99,0.0
519035,3,127,2,55.99,0.0
519036,1,113,1,170.99,0.2
519036,2,138,2,80.99,0.2
519037,1,133,3,118.99,0.1
519037,2,113,2,208.99,0.1
519037,3,128,2,28.99,0.1
519038,1,113,3,197.99,0.1
519038,2,112,1,169.99,0.1
519038,3,132,1,45.99,0.1
519038,4,115,1,36.99,0.1
519038,5,111,2,45.99,0.1
519039,1,129,2,44.99,0.0
519040,1,118,3,88.99,0.0
519041,1,101,2,288.99,0.0
519041,2,112,1,178.99,0.0
519042,1,120,1,248.99,0.0
519043,1,124,3,58.99,0.0
519044,1,101,1,273.99,0.0
519044,2,114,1,131.99,0.0
519044,3,112,1,169.99,0.0
519044,4,119,2,74.99,0.0
519045,1,116,1,158.99,0.0
519045,2,115,3,38.99,0.0
519045,3,128,1,28.99,0.0
519045,4,127,3,58.99,0.0
519046,1,115,2,38.99,0.0
519046,2,107,2,198.99,0.0
519046,3,131,2,24.99,0.0
519047,1,124,1,58.99,0.0
519047,2,136,2,28.99,0.0
519048,1,118,2,71.99,0.0
519049,1,105,1,112.99,0.3
519050,1,135,2,121.99,0.0
519051,1,117,1,178.99,0.1
519052,1,115,3,38.99,0.3
519053,1,104,1,528.99,0.1
519053,2,131,1,24.99,0.1
519053,3,127,1,58.99,0.1
519054,1,110,1,98.99,0.2
519055,1,108,2,278.99,0.0
519056,1,135,1,121.99,0.1
519057,1,125,1,31.99,0.1
519057,2,101,2,288.99,0.1
519058,1,117,1,178.99,0.0
519058,2,121,3,216.99,0.0
519059,1,118,2,88.99,0.0
519059,2,116,2,158.99,0.0
519059,3,123,1,84.99,0.0
519060,1,128,3,28.99,0.0
519060,2,124,1,58.99,0.0
519061,1,134,2,238.99,0.0
519061,2,103,3,348.99,0.0
519062,1,122,1,74.99,0.3
519062,2,108,2,264.99,0.3
519062,3,128,1,26.99,0.3
519063,1,132,1,48.99,0.2
519063,2,133,3,118.99,0.2
519064,1,111,1,48.99,0.0
519065,1,133,3,118.99,0.0
519066,1,117,1,178.99,0.0
519066,2,123,2,79.99,0.0
519067,1,127,1,58.99,0.0
519067,2,124,1,58.99,0.0
519068,1,120,1,235.99,0.0
519068,2,125,2,29.99,0.0
519068,3,127,2,55.99,0.0
519068,4,136,1,26.99,0.0
519068,5,122,1,74.99,0.0
519069,1,125,2,29.99,0.0
519069,2,115,1,36.99,0.0
519069,3,107,2,188.99,0.0
519069,4,111,1,45.99,0.0
519069,5,132,1,45.99,0.0
519070,1,129,2,41.99,0.1
519070,2,128,1,26.99,0.1
519070,3,121,1,216.99,0.1
519071,1,111,1,39.99,0.0
519071,2,113,1,170.99,0.0
519071,3,116,1,129.99,0.0
519072,1,118,2,83.99,0.0
519073,1,134,1,238.99,0.0
519074,1,126,1,78.99,0.0
519075,1,108,1,278.99,0.0
519076,1,123,2,68.99,0.2
519076,2,118,1,71.99,0.2
519077,1,118,3,88.99,0.0
519077,2,110,1,98.99,0.0
519078,1,107,1,198.99,0.0
519079,1,123,2,68.99,0.2
519079,2,116,1,129.99,0.2
519079,3,106,1,71.99,0.2
519080,1,131,1,22.99,0.0
519081,1,122,2,74.99,0.0
519081,2,111,2,45.99,0.0
519082,1,115,1,36.99,0.0
519083,1,122,1,63.99,0.2
519083,2,114,1,112.99,0.2
519084,1,117,1,153.99,0.1
519084,2,135,1,121.99,0.1
519085,1,122,1,78.99,0.2
519086,1,130,2,18.99,0.0
519087,1,101,2,288.99,0.1
519088,1,119,1,78.99,0.0
519089,1,128,1,28.99,0.0
519089,2,136,1,28.99,0.0
519089,3,125,1,31.99,0.0
519090,1,125,3,31.99,0.2
519090,2,104,2,528.99,0.2
519091,1,129,2,44.99,0.0
519091,2,109,2,68.99,0.0
519092,1,114,3,138.99,0.0
519092,2,121,2,228.99,0.0
519093,1,136,1,28.99,0.0
519093,2,120,1,248.99,0.0
519094,1,104,1,528.99,0.1
519094,2,118,3,88.99,0.1
519095,1,118,3,71.99,0.0
519096,1,110,1,93.99,0.1
519096,2,112,1,169.99,0.1
519097,1,118,2,83.99,0.0
519098,1,131,1,19.99,0.0
519099,1,124,2,58.99,0.1
519099,2,135,2,148.99,0.1
519100,1,101,1,288.99,0.0
519100,2,121,1,228.99,0.0
519100,3,103,2,348.99,0.0
519101,1,122,3,63.99,0.0
519101,2,114,1,112.99,0.0
519102,1,124,1,55.99,0.0
519103,1,128,3,28.99,0.0
519103,2,121,1,228.99,0.0
519103,3,110,1,98.99,0.0
519103,4,105,2,118.99,0.0
519104,1,117,3,188.99,0.1
519105,1,118,1,88.99,0.1
519106,1,136,1,28.99,0.0
519107,1,115,1,30.99,0.0
519107,2,120,3,203.99,0.0
519107,3,110,1,80.99,0.0
519107,4,117,1,153.99,0.0
519108,1,101,2,288.99,0.1
519109,1,119,1,78.99,0.0
519109,2,123,3,84.99,0.0
519110,1,128,1,22.99,0.0
519110,2,118,1,71.99,0.0
519111,1,125,1,25.99,0.1
519112,1,128,1,28.99,0.0
519113,1,107,1,162.99,0.0
519113,2,118,1,71.99,0.0
519114,1,108,1,264.99,0.0
519115,1,109,1,64.99,0.0
519115,2,114,2,131.99,0.0
519115,3,121,1,216.99,0.0
519116,1,137,2,32.99,0.0
519116,2,135,3,140.99,0.0
519117,1,108,1,264.99,0.3
519118,1,138,1,98.99,0.0
519119,1,117,1,178.99,0.0
519119,2,108,1,264.99,0.0
519119,3,138,1,93.99,0.0
519119,4,128,2,26.99,0.0
519119,5,125,1,29.99,0.0
519120,1,121,1,228.99,0.1
519120,2,103,1,348.99,0.1
519120,3,129,2,44.99,0.1
519121,1,120,2,203.99,0.2
519122,1,126,2,74.99,0.0
519123,1,120,1,235.99,0.0
519124,1,106,1,71.99,0.0
519125,1,117,2,153.99,0.0
519126,1,105,1,118.99,0.0
519127,1,109,1,68.99,0.0
519127,2,130,2,18.99,0.0
519127,3,124,1,58.99,0.0
519128,1,138,2,80.99,0.1
519129,1,126,2,78.99,0.1
519130,1,135,1,148.99,0.0
519131,1,136,3,22.99,0.2
519132,1,118,1,83.99,0.0
519132,2,126,1,74.99,0.0
519132,3,115,1,36.99,0.0
519132,4,101,1,273.99,0.0
519133,1,119,1,78.99,0.0
519133,2,112,3,178.99,0.0
519133,3,108,1,278.99,0.0
519134,1,124,1,55.99,0.3
519135,1,124,1,47.99,0.1
519135,2,127,2,47.99,0.1
519135,3,118,1,71.99,0.1
519135,4,112,2,145.99,0.1
519135,5,122,1,63.99,0.1
519136,1,125,1,31.99,0.0
519136,2,118,1,88.99,0.0
519137,1,132,1,45.99,0.1
519137,2,117,3,178.99,0.1
519137,3,120,2,235.99,0.1
519138,1,116,1,150.99,0.0
519138,2,135,1,140.99,0.0
519139,1,114,2,138.99,0.0
519140,1,132,2,45.99,0.0
519140,2,113,1,197.99,0.0
519141,1,131,1,22.99,0.0
519141,2,120,1,235.99,0.0
519141,3,115,3,36.99,0.0
519142,1,134,1,238.99,0.1
519142,2,120,2,248.99,0.1
519142,3,123,1,84.99,0.1
519142,4,107,1,198.99,0.1
519143,1,125,2,31.99,0.0
519143,2,118,1,88.99,0.0
519143,3,104,1,528.99,0.0
519144,1,120,1,248.99,0.0
519145,1,124,1,47.99,0.0
519146,1,116,1,158.99,0.0
519146,2,136,2,28.99,0.0
519147,1,137,1,27.99,0.0
519148,1,111,2,48.99,0.0
519148,2,101,1,288.99,0.0
519149,1,110,3,98.99,0.0
519150,1,126,2,63.99,0.0
519150,2,110,2,80.99,0.0
519151,1,130,2,18.99,0.0
519151,2,138,1,98.99,0.0
519151,3,115,2,38.99,0.0
519152,1,119,2,78.99,0.0
519153,1,110,1,80.99,0.0
519154,1,115,2,38.99,0.2
519155,1,108,2,278.99,0.1
519156,1,119,2,63.99,0.0
519156,2,124,1,47.99,0.0
519157,1,138,1,93.99,0.0
519157,2,108,1,264.99,0.0
519158,1,124,1,55.99,0.1
519158,2,121,3,216.99,0.1
519158,3,127,1,55.99,0.1
519159,1,118,1,83.99,0.0
519160,1,125,1,31.99,0.0
519161,1,123,3,79.99,0.0
519161,2,125,1,29.99,0.0
519161,3,138,1,93.99,0.0
519161,4,113,1,197.99,0.0
519162,1,127,1,58.99,0.3
519162,2,128,1,28.99,0.3
519162,3,122,1,78.99,0.3
519162,4,113,1,208.99,0.3
519162,5,135,2,148.99,0.3
519163,1,123,1,84.99,0.0
519163,2,136,2,28.99,0.0
519164,1,109,1,68.99,0.0
519164,2,113,2,208.99,0.0
519164,3,122,2,78.99,0.0
519165,1,113,1,197.99,0.1
519166,1,134,3,238.99,0.0
519167,1,131,1,22.99,0.0
519167,2,121,3,216.99,0.0
519167,3,130,2,17.99,0.0
519168,1,110,3,93.99,0.3
519169,1,123,3,68.99,0.0
519170,1,113,1,208.99,0.0
519170,2,118,1,88.99,0.0
519171,1,116,1,158.99,0.2
519171,2,114,1,138.99,0.2
519172,1,126,3,74.99,0.0
519173,1,112,3,178.99,0.0
519173,2,117,2,188.99,0.0
519174,1,135,1,148.99,0.0
519174,2,102,2,418.99,0.0
519175,1,125,1,25.99,0.0
519176,1,112,2,178.99,0.1
519176,2,118,2,88.99,0.1
519177,1,125,1,25.99,0.0
519177,2,124,1,47.99,0.0
519178,1,117,1,188.99,0.0
519179,1,121,1,228.99,0.1
519180,1,120,2,248.99,0.0
519181,1,101,1,235.99,0.1
519182,1,130,1,18.99,0.1
519183,1,134,1,238.99,0.0
519184,1,123,1,79.99,0.0
519185,1,119,1,63.99,0.0
519185,2,116,1,129.99,0.0
519186,1,123,2,68.99,0.0
519186,2,138,1,80.99,0.0
519186,3,121,2,186.99,0.0
519187,1,133,2,96.99,0.0
519188,1,132,1,48.99,0.0
519188,2,109,1,68.99,0.0
519188,3,112,1,178.99,0.0
519189,1,103,1,330.99,0.1
519190,1,124,2,58.99,0.0
519190,2,131,1,24.99,0.0
519191,1,135,2,140.99,0.0
519191,2,130,2,17.99,0.0
519192,1,129,2,41.99,0.1
519192,2,116,2,150.99,0.1
519193,1,137,3,32.99,0.0
519194,1,133,1,118.99,0.1
519195,1,111,3,45.99,0.0
519196,1,122,1,78.99,0.2
519197,1,105,1,96.99,0.2
519198,1,113,1,208.99,0.0
519199,1,138,3,93.99,0.0
519199,2,115,1,36.99,0.0
519200,1,118,2,88.99,0.0
519201,1,110,1,98.99,0.0
519201,2,114,2,138.99,0.0
519202,1,113,1,208.99,0.1
519203,1,110,1,98.99,0.1
519203,2,112,1,178.99,0.1
519204,1,124,2,58.99,0.0
519204,2,115,2,38.99,0.0
519205,1,126,2,74.99,0.2
519206,1,108,1,278.99,0.2
519206,2,113,1,208.99,0.2
519206,3,137,2,34.99,0.2
519207,1,120,2,248.99,0.2
519208,1,124,1,58.99,0.0
519209,1,117,2,178.99,0.1
519209,2,118,1,83.99,0.1
519210,1,114,1,131.99,0.0
519210,2,111,2,45.99,0.0
519211,1,119,2,74.99,0.0
519212,1,111,2,48.99,0.1
519212,2,110,1,98.99,0.1
519212,3,130,2,18.99,0.1
519212,4,122,1,78.99,0.1
519213,1,136,1,28.99,0.0
519213,2,128,1,28.99,0.0
519214,1,119,2,63.99,0.0
519215,1,123,2,84.99,0.0
519216,1,125,2,25.99,0.0
519217,1,102,1,342.99,0.3
519218,1,116,2,158.99,0.0
519218,2,133,2,118.99,0.0
519218,3,121,3,228.99,0.0
519218,4,127,2,58.99,0.0
519219,1,119,1,78.99,0.0
519220,1,115,2,30.99,0.1
519221,1,118,3,83.99,0.2
519222,1,114,1,112.99,0.0
519223,1,121,1,216.99,0.0
519224,1,112,1,169.99,0.2
519224,2,109,2,64.99,0.2
519224,3,126,1,74.99,0.2
519224,4,113,1,197.99,0.2
519225,1,135,3,148.99,0.0
519226,1,101,1,273.99,0.0
519226,2,109,1,64.99,0.0
519227,1,122,1,78.99,0.1
519228,1,112,2,178.99,0.0
519229,1,125,1,31.99,0.1
519230,1,105,2,118.99,0.0
519230,2,138,1,98.99,0.0
519231,1,107,1,198.99,0.1
519231,2,126,2,78.99,0.1
519232,1,111,2,48.99,0.0
519232,2,102,2,418.99,0.0
519233,1,115,1,38.99,0.0
519234,1,113,1,208.99,0.0
519234,2,129,1,44.99,0.0
519234,3,111,2,48.99,0.0
519235,1,119,2,74.99,0.0
519235,2,108,1,264.99,0.0
519235,3,118,3,83.99,0.0
519235,4,121,1,216.99,0.0
519236,1,118,3,71.99,0.0
519237,1,127,1,58.99,0.2
519237,2,138,1,98.99,0.2
519237,3,108,1,278.99,0.2
519237,4,117,1,188.99,0.2
519238,1,126,1,74.99,0.0
519239,1,102,1,418.99,0.0
519239,2,115,1,38.99,0.0
519240,1,112,3,169.99,0.2
519240,2,137,1,32.99,0.2
519240,3,114,2,131.99,0.2
519240,4,106,3,83.99,0.2
519241,1,116,1,150.99,0.0
519241,2,106,2,83.99,0.0
519241,3,126,1,74.99,0.0
519241,4,101,1,273.99,0.0
519242,1,123,1,84.99,0.3
519243,1,132,1,48.99,0.0
519243,2,138,1,98.99,0.0
519243,3,110,2,98.99,0.0
519244,1,121,2,228.99,0.1
519244,2,118,1,88.99,0.1
519245,1,126,1,78.99,0.0
519246,1,107,2,198.99,0.1
519247,1,107,1,188.99,0.1
519248,1,121,1,228.99,0.0
519249,1,136,1,26.99,0.0
519249,2,128,1,26.99,0.0
519250,1,122,3,78.99,0.0
519250,2,134,1,238.99,0.0
519251,1,122,1,74.99,0.0
519252,1,101,1,288.99,0.2
519252,2,120,1,248.99,0.2
519253,1,135,1,121.99,0.2
519253,2,116,1,129.99,0.2
519253,3,121,2,186.99,0.2
519253,4,125,1,25.99,0.2
519253,5,101,1,235.99,0.2
519254,1,103,1,330.99,0.0
519254,2,125,2,29.99,0.0
519254,3,124,2,55.99,0.0
519255,1,121,1,228.99,0.2
519255,2,109,3,68.99,0.2
519255,3,131,1,24.99,0.2
519256,1,105,1,118.99,0.0
519257,1,119,1,63.99,0.0
519258,1,101,1,288.99,0.0
519259,1,120,3,235.99,0.0
519259,2,122,2,74.99,0.0
519260,1,123,1,79.99,0.0
519260,2,130,1,17.99,0.0
519260,3,134,1,226.99,0.0
519261,1,119,2,78.99,0.0
519262,1,111,1,45.99,0.0
519263,1,123,1,84.99,0.2
519264,1,109,1,68.99,0.0
519265,1,134,1,226.99,0.2
519266,1,113,1,208.99,0.0
519267,1,101,2,288.99,0.0
519268,1,116,1,150.99,0.0
519268,2,115,1,36.99,0.0
519268,3,124,1,55.99,0.0
519269,1,122,2,78.99,0.1
519270,1,104,2,432.99,0.1
519270,2,112,1,145.99,0.1
519270,3,101,3,235.99,0.1
519271,1,108,1,278.99,0.0
519272,1,103,1,330.99,0.0
519272,2,119,1,74.99,0.0
519273,1,138,1,93.99,0.3
519274,1,128,3,28.99,0.0
519275,1,119,1,78.99,0.0
519276,1,102,1,342.99,0.1
519277,1,113,1,197.99,0.1
519277,2,105,1,112.99,0.1
519278,1,122,2,78.99,0.0
519279,1,136,3,28.99,0.1
519280,1,123,1,84.99,0.3
519280,2,137,1,34.99,0.3
519280,3,111,1,48.99,0.3
519281,1,114,1,131.99,0.1
519282,1,112,1,178.99,0.0
519282,2,114,1,138.99,0.0
519283,1,113,2,208.99,0.3
519283,2,101,1,288.99,0.3
519283,3,102,1,418.99,0.3
519283,4,130,2,18.99,0.3
519284,1,102,2,418.99,0.3
519285,1,127,2,58.99,0.2
519285,2,110,2,98.99,0.2
519285,3,133,1,118.99,0.2
519285,4,114,1,138.99,0.2
519285,5,126,2,78.99,0.2
519286,1,135,1,148.99,0.0
519287,1,128,1,22.99,0.2
519287,2,111,2,39.99,0.2
519287,3,119,2,63.99,0.2
519287,4,113,3,170.99,0.2
519288,1,120,1,248.99,0.0
519289,1,132,1,45.99,0.0
519290,1,123,2,84.99,0.0
519291,1,128,2,22.99,0.0
519292,1,114,2,131.99,0.0
519292,2,133,3,112.99,0.0
519293,1,110,1,93.99,0.0
519294,1,115,1,36.99,0.0
519294,2,111,3,45.99,0.0
519294,3,136,1,26.99,0.0
519295,1,127,3,58.99,0.2
519295,2,124,2,58.99,0.2
519295,3,118,2,88.99,0.2
519295,4,133,1,118.99,0.2
519296,1,127,2,58.99,0.0
519297,1,128,1,28.99,0.0
519298,1,125,3,31.99,0.0
519298,2,132,1,48.99,0.0
519298,3,123,1,84.99,0.0
519298,4,102,1,418.99,0.0
519299,1,102,1,418.99,0.0
519300,1,109,1,68.99,0.2
519300,2,113,1,208.99,0.2
519301,1,121,3,186.99,0.2
519302,1,106,3,83.99,0.0
519303,1,114,1,138.99,0.3
519304,1,129,3,44.99,0.1
519304,2,122,1,78.99,0.1
519305,1,107,1,198.99,0.1
519305,2,112,2,178.99,0.1
519305,3,121,3,228.99,0.1
519306,1,121,1,186.99,0.0
519307,1,116,3,150.99,0.1
519307,2,114,2,131.99,0.1
519307,3,124,1,55.99,0.1
519308,1,114,2,138.99,0.0
519309,1,124,2,55.99,0.0
519310,1,135,1,121.99,0.0
519311,1,122,2,78.99,0.0
519311,2,134,1,238.99,0.0
519311,3,135,1,148.99,0.0
519311,4,108,1,278.99,0.0
519312,1,120,2,248.99,0.1
519312,2,125,1,31.99,0.1
519313,1,121,1,216.99,0.0
519313,2,113,1,197.99,0.0
519314,1,109,1,68.99,0.0
519315,1,116,2,158.99,0.0
519316,1,114,1,138.99,0.2
519316,2,113,1,208.99,0.2
519317,1,113,2,170.99,0.0
519318,1,109,3,68.99,0.0
519318,2,134,3,238.99,0.0
519319,1,115,3,30.99,0.0
519320,1,119,1,78.99,0.0
519321,1,128,2,28.99,0.0
519322,1,119,3,78.99,0.2
519323,1,116,1,158.99,0.0
519324,1,130,2,18.99,0.1
519325,1,115,1,38.99,0.0
519325,2,103,2,348.99,0.0
519325,3,134,3,238.99,0.0
519325,4,117,2,188.99,0.0
519326,1,119,1,78.99,0.3
519327,1,102,3,418.99,0.1
519328,1,109,2,68.99,0.0
519329,1,127,1,55.99,0.0
519330,1,122,1,78.99,0.0
519331,1,106,2,83.99,0.0
519331,2,123,2,79.99,0.0
519332,1,109,2,55.99,0.0
519332,2,124,3,47.99,0.0
519332,3,126,1,63.99,0.0
519333,1,107,2,198.99,0.0
519333,2,120,3,248.99,0.0
519333,3,125,2,31.99,0.0
519333,4,127,1,58.99,0.0
519333,5,128,1,28.99,0.0
519334,1,134,1,238.99,0.2
519334,2,116,1,158.99,0.2
519334,3,118,1,88.99,0.2
519334,4,114,1,138.99,0.2
519334,5,121,1,228.99,0.2
519335,1,131,2,24.99,0.0
519335,2,126,3,78.99,0.0
519335,3,109,1,68.99,0.0
519335,4,115,1,38.99,0.0
519335,5,132,1,48.99,0.0
519336,1,118,2,83.99,0.0
519337,1,130,1,14.99,0.0
519337,2,108,1,227.99,0.0
519337,3,112,2,145.99,0.0
519338,1,117,2,153.99,0.0
519339,1,106,2,88.99,0.0
519339,2,122,1,78.99,0.0
519339,3,117,1,188.99,0.0
519339,4,113,1,208.99,0.0
519340,1,120,1,235.99,0.2
519341,1,124,2,58.99,0.0
519342,1,125,1,31.99,0.0
519343,1,126,3,78.99,0.0
519343,2,134,1,238.99,0.0
519344,1,107,1,188.99,0.0
519344,2,102,3,397.99,0.0
519344,3,124,2,55.99,0.0
519345,1,136,3,28.99,0.0
519346,1,132,1,48.99,0.1
519347,1,132,1,45.99,0.1
519348,1,131,1,19.99,0.0
519348,2,120,2,203.99,0.0
519349,1,136,2,22.99,0.0
519349,2,123,1,68.99,0.0
519350,1,123,3,79.99,0.0
519350,2,115,3,36.99,0.0
519351,1,118,1,83.99,0.0
519352,1,104,1,528.99,0.0
519352,2,114,3,138.99,0.0
519353,1,117,1,188.99,0.0
519354,1,109,1,68.99,0.0
519355,1,105,1,112.99,0.0
519355,2,106,1,83.99,0.0
519355,3,111,3,45.99,0.0
519356,1,133,3,118.99,0.1
519356,2,129,1,44.99,0.1
519357,1,117,1,188.99,0.0
519357,2,133,1,118.99,0.0
519358,1,101,1,235.99,0.0
519358,2,129,1,35.99,0.0
519358,3,126,1,63.99,0.0
519359,1,134,2,226.99,0.0
519360,1,120,1,248.99,0.1
519360,2,121,2,228.99,0.1
519360,3,124,2,58.99,0.1
519360,4,133,2,118.99,0.1
519361,1,133,2,118.99,0.2
519361,2,116,1,158.99,0.2
519361,3,105,2,118.99,0.2
519362,1,102,3,418.99,0.0
519362,2,127,2,58.99,0.0
519362,3,129,2,44.99,0.0
519363,1,101,1,235.99,0.0
519364,1,117,1,188.99,0.0
519364,2,122,1,78.99,0.0
519365,1,114,2,138.99,0.0
519366,1,134,2,238.99,0.1
519366,2,102,3,418.99,0.1
519367,1,104,2,528.99,0.0
519368,1,114,2,138.99,0.1
519369,1,101,1,273.99,0.0
519369,2,130,1,17.99,0.0
519369,3,107,2,188.99,0.0
519369,4,124,2,55.99,0.0
519370,1,111,2,45.99,0.0
519370,2,123,1,79.99,0.0
519371,1,109,2,64.99,0.0
519372,1,118,2,88.99,0.1
519373,1,114,1,138.99,0.3
519374,1,115,1,38.99,0.0
519375,1,128,2,28.99,0.0
519375,2,124,3,58.99,0.0
519376,1,122,1,78.99,0.1
519377,1,101,1,273.99,0.0
519377,2,118,2,83.99,0.0
519377,3,125,1,29.99,0.0
519378,1,137,1,27.99,0.0
519378,2,119,1,63.99,0.0
519379,1,117,1,178.99,0.0
519379,2,130,2,17.99,0.0
519380,1,128,2,28.99,0.0
519380,2,127,1,58.99,0.0
519381,1,114,2,112.99,0.0
519382,1,108,2,278.99,0.0
519382,2,107,1,198.99,0.0
519383,1,119,1,78.99,0.0
519383,2,129,1,44.99,0.0
519383,3,136,3,28.99,0.0
519384,1,121,1,186.99,0.0
519385,1,126,3,78.99,0.0
519385,2,122,1,78.99,0.0
519386,1,130,1,18.99,0.2
519387,1,115,1,38.99,0.0
519388,1,118,1,71.99,0.1
519389,1,120,1,248.99,0.0
519389,2,130,2,18.99,0.0
519390,1,121,1,228.99,0.2
519391,1,119,1,78.99,0.1
519391,2,131,2,24.99,0.1
519392,1,110,2,98.99,0.0
519392,2,115,2,38.99,0.0
519392,3,118,2,88.99,0.0
519392,4,133,2,118.99,0.0
519393,1,127,1,47.99,0.2
519393,2,116,1,129.99,0.2
519394,1,117,1,178.99,0.0
519394,2,119,1,74.99,0.0
519395,1,135,2,121.99,0.2
519396,1,126,1,78.99,0.0
519396,2,110,1,98.99,0.0
519397,1,111,1,48.99,0.0
519397,2,106,1,88.99,0.0
519398,1,120,1,248.99,0.3
519398,2,118,2,88.99,0.3
519399,1,138,1,98.99,0.0
519399,2,121,2,228.99,0.0
519400,1,122,2,63.99,0.0
519401,1,137,2,34.99,0.0
519402,1,106,1,83.99,0.2
519403,1,112,1,178.99,0.2
519404,1,108,2,278.99,0.0
519404,2,105,1,118.99,0.0
519404,3,109,3,68.99,0.0
519405,1,117,1,178.99,0.0
519405,2,134,1,226.99,0.0
519405,3,121,1,216.99,0.0
519406,1,128,1,26.99,0.0
519406,2,123,1,79.99,0.0
519406,3,104,1,501.99,0.0
519406,4,121,1,216.99,0.0
519407,1,129,1,44.99,0.0
519408,1,112,1,145.99,0.0
519409,1,127,1,58.99,0.0
519409,2,118,1,88.99,0.0
519409,3,105,1,118.99,0.0
519409,4,103,1,348.99,0.0
519410,1,108,2,264.99,0.0
519411,1,134,2,194.99,0.0
519412,1,130,1,18.99,0.0
519412,2,120,2,248.99,0.0
519413,1,126,2,74.99,0.0
519413,2,128,2,26.99,0.0
519413,3,112,1,169.99,0.0
519413,4,129,1,41.99,0.0
519414,1,115,1,38.99,0.0
519414,2,105,1,118.99,0.0
519415,1,127,2,55.99,0.0
519415,2,103,1,330.99,0.0
519416,1,128,1,26.99,0.0
519416,2,112,1,169.99,0.0
519417,1,120,1,203.99,0.0
519418,1,106,2,83.99,0.0
519419,1,122,1,74.99,0.0
519419,2,116,1,150.99,0.0
519420,1,137,1,32.99,0.0
519420,2,113,2,197.99,0.0
519421,1,125,2,31.99,0.0
519421,2,107,1,198.99,0.0
519422,1,121,3,216.99,0.2
519422,2,123,2,79.99,0.2
519423,1,109,2,64.99,0.0
519423,2,112,3,169.99,0.0
519423,3,115,1,36.99,0.0
519424,1,113,1,208.99,0.0
519425,1,117,1,188.99,0.1
519425,2,115,1,38.99,0.1
519425,3,125,1,31.99,0.1
519425,4,121,1,228.99,0.1
519426,1,110,1,98.99,0.0
519427,1,138,1,98.99,0.0
519428,1,125,1,31.99,0.0
519429,1,116,1,150.99,0.2
519430,1,120,2,235.99,0.3
519430,2,136,2,26.99,0.3
519430,3,118,1,83.99,0.3
519431,1,108,2,278.99,0.0
519432,1,131,2,19.99,0.0
519433,1,114,2,138.99,0.1
519433,2,133,3,118.99,0.1
519434,1,131,2,19.99,0.0
519435,1,122,2,74.99,0.0
519435,2,116,2,150.99,0.0
519436,1,138,2,98.99,0.2
519436,2,108,1,278.99,0.2
519437,1,120,1,235.99,0.0
519438,1,112,1,178.99,0.0
519438,2,122,1,78.99,0.0
519439,1,133,3,112.99,0.0
519439,2,108,2,264.99,0.0
519439,3,107,1,188.99,0.0
519439,4,116,3,150.99,0.0
519440,1,124,1,58.99,0.0
519440,2,127,1,58.99,0.0
519441,1,109,2,55.99,0.1
519441,2,124,1,47.99,0.1
519442,1,113,2,170.99,0.0
519442,2,120,3,203.99,0.0
519443,1,132,3,45.99,0.0
519443,2,125,1,29.99,0.0
519444,1,137,2,27.99,0.0
519445,1,117,1,178.99,0.0
519445,2,125,1,29.99,0.0
519446,1,117,1,188.99,0.0
519446,2,120,1,248.99,0.0
519447,1,121,1,216.99,0.0
519448,1,107,3,198.99,0.0
519449,1,120,1,248.99,0.0
519449,2,125,1,31.99,0.0
519449,3,102,3,418.99,0.0
519449,4,128,2,28.99,0.0
519450,1,113,1,208.99,0.0
519450,2,106,3,88.99,0.0
519451,1,108,1,227.99,0.1
519452,1,111,1,48.99,0.0
519452,2,125,1,31.99,0.0
519453,1,124,1,58.99,0.1
519454,1,132,1,48.99,0.1
519455,1,128,2,28.99,0.0
519456,1,117,2,188.99,0.3
519457,1,122,1,74.99,0.0
519457,2,111,2,45.99,0.0
519457,3,129,2,41.99,0.0
519458,1,119,1,74.99,0.0
519459,1,118,3,83.99,0.0
519460,1,124,1,55.99,0.0
519460,2,122,1,74.99,0.0
519461,1,128,3,28.99,0.0
519462,1,116,2,158.99,0.0
519463,1,123,3,84.99,0.1
519463,2,106,2,88.99,0.1
519464,1,118,1,88.99,0.2
519464,2,112,3,178.99,0.2
519465,1,118,1,88.99,0.0
519465,2,111,1,48.99,0.0
519466,1,113,3,208.99,0.0
519467,1,120,2,248.99,0.0
519467,2,111,1,48.99,0.0
519468,1,125,1,25.99,0.0
519469,1,120,1,235.99,0.0
519469,2,113,1,197.99,0.0
519470,1,121,1,216.99,0.0
519471,1,115,1,38.99,0.0
519471,2,108,1,278.99,0.0
519471,3,107,2,198.99,0.0
519472,1,112,1,169.99,0.0
519473,1,111,1,39.99,0.0
519473,2,121,1,186.99,0.0
519473,3,112,3,145.99,0.0
519474,1,110,1,98.99,0.0
519474,2,132,1,48.99,0.0
519475,1,109,1,68.99,0.0
519475,2,131,2,24.99,0.0
519476,1,136,1,28.99,0.0
519476,2,110,1,98.99,0.0
519477,1,116,2,150.99,0.2
519477,2,126,3,74.99,0.2
519477,3,104,1,501.99,0.2
519478,1,113,1,208.99,0.3
519479,1,126,1,74.99,0.0
519480,1,106,1,83.99,0.0
519481,1,124,2,58.99,0.0
519481,2,119,1,78.99,0.0
519482,1,113,1,170.99,0.0
519482,2,121,1,186.99,0.0
519483,1,120,1,235.99,0.0
519484,1,119,2,78.99,0.2
519485,1,131,1,19.99,0.0
519485,2,127,2,47.99,0.0
519485,3,126,2,63.99,0.0
519485,4,129,1,35.99,0.0
519485,5,118,2,71.99,0.0
519486,1,119,1,78.99,0.0
519486,2,114,2,138.99,0.0
519487,1,118,2,88.99,0.1
519487,2,124,2,58.99,0.1
519487,3,123,2,84.99,0.1
519488,1,124,1,55.99,0.1
519489,1,106,3,88.99,0.0
519490,1,133,1,112.99,0.0
519491,1,133,1,118.99,0.0
519492,1,124,2,55.99,0.1
519493,1,121,1,228.99,0.1
519493,2,125,1,31.99,0.1
519493,3,136,1,28.99,0.1
519494,1,136,2,26.99,0.0
519495,1,102,1,418.99,0.0
519495,2,136,1,28.99,0.0
519495,3,104,1,528.99,0.0
519496,1,123,3,84.99,0.2
519497,1,119,1,78.99,0.0
519497,2,117,1,188.99,0.0
519497,3,137,2,34.99,0.0
519498,1,113,2,208.99,0.0
519499,1,124,2,58.99,0.0
519500,1,125,1,29.99,0.0
519501,1,115,1,38.99,0.0
519501,2,116,2,158.99,0.0
519502,1,137,1,34.99,0.1
519503,1,117,3,188.99,0.0
519503,2,124,3,58.99,0.0
519504,1,107,1,198.99,0.0
519505,1,125,1,29.99,0.0
519506,1,114,2,138.99,0.0
519506,2,106,2,88.99,0.0
519506,3,136,2,28.99,0.0
519507,1,119,2,74.99,0.0
519507,2,117,1,178.99,0.0
519507,3,125,1,29.99,0.0
519508,1,121,3,216.99,0.1
519509,1,102,2,418.99,0.2
519509,2,135,1,148.99,0.2
519510,1,115,1,38.99,0.0
519511,1,124,1,55.99,0.2
519511,2,113,1,197.99,0.2
519512,1,134,2,226.99,0.2
519513,1,118,1,88.99,0.0
519513,2,136,1,28.99,0.0
519514,1,125,2,31.99,0.0
519514,2,113,1,208.99,0.0
519515,1,115,1,38.99,0.0
519516,1,112,1,169.99,0.1
519517,1,125,3,25.99,0.1
519517,2,103,2,285.99,0.1
519517,3,101,1,235.99,0.1
519518,1,117,3,188.99,0.1
519519,1,128,2,28.99,0.0
519520,1,111,2,39.99,0.0
519521,1,117,2,188.99,0.0
519522,1,125,3,31.99,0.0
519522,2,118,3,88.99,0.0
519523,1,118,1,83.99,0.0
519523,2,115,1,36.99,0.0
519523,3,132,1,45.99,0.0
519524,1,104,1,528.99,0.0
519524,2,127,1,58.99,0.0
519525,1,123,1,79.99,0.1
519526,1,116,1,158.99,0.0
519526,2,111,2,48.99,0.0
519526,3,102,2,418.99,0.0
519526,4,136,2,28.99,0.0
519527,1,131,2,22.99,0.0
519527,2,124,1,55.99,0.0
519527,3,101,2,273.99,0.0
519527,4,127,1,55.99,0.0
519528,1,106,1,88.99,0.0
519529,1,114,2,138.99,0.0
519529,2,119,2,78.99,0.0
519530,1,102,3,342.99,0.0
519531,1,120,1,248.99,0.0
519532,1,134,1,238.99,0.0
519532,2,123,1,84.99,0.0
519532,3,112,1,178.99,0.0
519532,4,124,1,58.99,0.0
519533,1,125,1,31.99,0.0
519534,1,114,1,138.99,0.0
519535,1,126,1,78.99,0.0
519536,1,112,2,145.99,0.0
519536,2,127,1,47.99,0.0
519537,1,122,1,78.99,0.1
519538,1,111,2,39.99,0.0
519538,2,135,3,121.99,0.0
519538,3,112,3,145.99,0.0
519539,1,121,3,228.99,0.0
519540,1,119,1,78.99,0.2
519540,2,111,3,48.99,0.2
519541,1,124,3,55.99,0.0
519541,2,119,1,74.99,0.0
519541,3,117,1,178.99,0.0
519542,1,117,1,188.99,0.0
519542,2,123,1,84.99,0.0
519543,1,116,1,150.99,0.1
519543,2,129,1,41.99,0.1
519543,3,117,1,178.99,0.1
519543,4,132,3,45.99,0.1
519544,1,132,1,48.99,0.1
519544,2,117,1,188.99,0.1
519545,1,125,2,29.99,0.0
519546,1,133,1,96.99,0.1
519546,2,117,2,153.99,0.1
519546,3,103,2,285.99,0.1
519547,1,109,1,68.99,0.1
519547,2,105,2,118.99,0.1
519547,3,111,2,48.99,0.1
519547,4,124,3,58.99,0.1
519548,1,110,2,80.99,0.0
519549,1,120,1,248.99,0.1
519550,1,105,3,112.99,0.0
519550,2,119,2,74.99,0.0
519551,1,125,1,29.99,0.0
519552,1,116,1,150.99,0.0
519552,2,114,3,131.99,0.0
519552,3,123,2,79.99,0.0
519553,1,129,2,44.99,0.1
519553,2,109,3,68.99,0.1
519553,3,116,1,158.99,0.1
519553,4,106,1,88.99,0.1
519554,1,123,1,84.99,0.0
519554,2,107,1,198.99,0.0
519555,1,108,2,278.99,0.0
519555,2,123,2,84.99,0.0
519555,3,122,2,78.99,0.0
519555,4,114,1,138.99,0.0
519555,5,117,1,188.99,0.0
519556,1,121,1,216.99,0.0
519556,2,120,1,235.99,0.0
519557,1,106,1,83.99,0.0
519557,2,125,1,29.99,0.0
519558,1,130,1,18.99,0.0
519558,2,125,1,31.99,0.0
519559,1,116,1,158.99,0.0
519559,2,125,3,31.99,0.0
519559,3,106,1,88.99,0.0
519560,1,119,1,78.99,0.1
519561,1,110,2,80.99,0.1
519561,2,109,2,55.99,0.1
519561,3,105,2,96.99,0.1
519562,1,130,1,17.99,0.0
519563,1,123,2,79.99,0.0
519564,1,134,1,226.99,0.0
519564,2,116,1,150.99,0.0
519565,1,115,1,36.99,0.0
519565,2,109,1,64.99,0.0
519566,1,103,2,330.99,0.0
519566,2,120,1,235.99,0.0
519567,1,118,3,83.99,0.0
519568,1,120,1,203.99,0.0
519568,2,106,3,71.99,0.0
519569,1,121,1,228.99,0.0
519570,1,124,1,58.99,0.0
519570,2,111,2,48.99,0.0
519571,1,102,1,342.99,0.1
519571,2,125,1,25.99,0.1
519571,3,133,2,96.99,0.1
519571,4,112,3,145.99,0.1
519572,1,119,2,78.99,0.0
519573,1,110,2,98.99,0.0
519574,1,104,2,432.99,0.0
519574,2,134,1,194.99,0.0
519574,3,113,1,170.99,0.0
519574,4,126,1,63.99,0.0
519575,1,138,1,98.99,0.0
519576,1,132,1,45.99,0.1
519577,1,119,1,63.99,0.0
519578,1,137,1,34.99,0.0
519578,2,129,1,44.99,0.0
519578,3,136,1,28.99,0.0
519579,1,125,1,31.99,0.0
519579,2,110,1,98.99,0.0
519579,3,124,1,58.99,0.0
519579,4,119,3,78.99,0.0
519580,1,119,1,78.99,0.0
519581,1,119,1,74.99,0.0
519582,1,126,1,63.99,0.0
519582,2,121,3,186.99,0.0
519582,3,123,3,68.99,0.0
519583,1,133,1,118.99,0.0
519583,2,112,1,178.99,0.0
519584,1,125,3,31.99,0.0
519585,1,126,2,78.99,0.2
519585,2,127,1,58.99,0.2
519586,1,107,2,198.99,0.0
519587,1,113,1,197.99,0.0
519587,2,120,2,235.99,0.0
519587,3,122,1,74.99,0.0
519587,4,112,1,169.99,0.0
519588,1,132,1,48.99,0.0
519588,2,104,2,528.99,0.0
519589,1,115,1,36.99,0.0
519589,2,105,1,112.99,0.0
519589,3,118,2,83.99,0.0
519590,1,128,2,26.99,0.2
519591,1,129,2,41.99,0.0
519592,1,119,1,74.99,0.2
519593,1,110,1,98.99,0.0
519594,1,111,2,39.99,0.0
519594,2,120,1,203.99,0.0
519595,1,120,3,235.99,0.1
519595,2,116,1,150.99,0.1
519596,1,135,1,148.99,0.0
519597,1,102,1,418.99,0.0
519598,1,106,2,88.99,0.0
519598,2,101,1,288.99,0.0
519599,1,107,2,198.99,0.3
519600,1,136,1,28.99,0.2
519601,1,124,2,58.99,0.0
519601,2,122,1,78.99,0.0
519601,3,103,2,348.99,0.0
519601,4,138,2,98.99,0.0
519602,1,134,2,226.99,0.0
519602,2,102,1,397.99,0.0
519603,1,118,1,83.99,0.0
519604,1,101,2,235.99,0.0
519605,1,122,1,74.99,0.0
519605,2,114,2,131.99,0.0
519606,1,130,1,18.99,0.0
519607,1,117,3,188.99,0.0
519607,2,119,2,78.99,0.0
519608,1,118,3,83.99,0.0
519609,1,111,2,48.99,0.0
519609,2,108,3,278.99,0.0
519610,1,120,2,203.99,0.2
519611,1,125,1,25.99,0.0
519611,2,121,1,186.99,0.0
519612,1,111,1,45.99,0.0
519613,1,128,1,22.99,0.0
519614,1,103,2,285.99,0.2
519614,2,114,3,112.99,0.2
519615,1,128,3,28.99,0.0
519616,1,133,1,118.99,0.0
519617,1,133,1,118.99,0.1
519617,2,114,3,138.99,0.1
519617,3,108,1,278.99,0.1
519618,1,123,2,84.99,0.0
519619,1,118,1,83.99,0.0
519620,1,111,2,48.99,0.0
519620,2,129,3,44.99,0.0
519621,1,119,1,78.99,0.0
519622,1,113,2,208.99,0.0
519623,1,122,1,78.99,0.0
519623,2,120,3,248.99,0.0
519624,1,106,2,88.99,0.1
519624,2,137,1,34.99,0.1
519625,1,133,1,118.99,0.1
519625,2,125,1,31.99,0.1
519625,3,127,1,58.99,0.1
519626,1,116,1,150.99,0.0
519627,1,128,3,28.99,0.1
519627,2,125,3,31.99,0.1
519628,1,103,3,330.99,0.0
519628,2,117,1,178.99,0.0
519628,3,110,1,93.99,0.0
519629,1,108,3,278.99,0.0
519630,1,124,2,47.99,0.1
519631,1,131,1,22.99,0.0
519631,2,111,2,45.99,0.0
519632,1,124,1,58.99,0.1
519633,1,107,3,198.99,0.0
519634,1,109,1,68.99,0.0
519634,2,116,1,158.99,0.0
519634,3,124,3,58.99,0.0
519635,1,130,2,14.99,0.0
519636,1,118,2,83.99,0.0
519637,1,117,1,188.99,0.0
519637,2,138,1,98.99,0.0
519637,3,125,2,31.99,0.0
519637,4,107,1,198.99,0.0
519637,5,122,2,78.99,0.0
519638,1,124,1,55.99,0.0
519638,2,126,1,74.99,0.0
519639,1,112,3,178.99,0.0
519639,2,122,1,78.99,0.0
519639,3,123,2,84.99,0.0
519639,4,121,3,228.99,0.0
519640,1,113,1,208.99,0.0
519640,2,125,3,31.99,0.0
519641,1,127,1,58.99,0.2
519642,1,103,1,330.99,0.0
519643,1,113,1,197.99,0.0
519643,2,123,1,79.99,0.0
519644,1,118,2,83.99,0.0
519644,2,106,2,83.99,0.0
519644,3,136,2,26.99,0.0
519645,1,106,2,83.99,0.1
519645,2,132,2,45.99,0.1
519646,1,117,2,178.99,0.0
519647,1,105,3,118.99,0.3
519648,1,119,1,78.99,0.0
519648,2,112,3,178.99,0.0
519648,3,131,3,24.99,0.0
519648,4,114,2,138.99,0.0
519648,5,115,3,38.99,0.0
519649,1,130,1,14.99,0.0
519649,2,137,2,27.99,0.0
519649,3,125,3,25.99,0.0
519650,1,117,1,153.99,0.0
519650,2,103,2,285.99,0.0
519651,1,119,1,78.99,0.0
519652,1,125,3,31.99,0.0
519652,2,111,1,48.99,0.0
519653,1,104,1,432.99,0.3
519653,2,107,1,162.99,0.3
519654,1,103,1,330.99,0.2
519655,1,108,2,278.99,0.1
519656,1,116,1,158.99,0.0
519657,1,117,1,188.99,0.0
519658,1,120,1,248.99,0.0
519659,1,120,1,248.99,0.0
519659,2,102,2,418.99,0.0
519660,1,108,1,278.99,0.1
519661,1,123,1,68.99,0.3
519661,2,114,2,112.99,0.3
519661,3,138,3,80.99,0.3
519662,1,114,1,112.99,0.0
519663,1,101,1,273.99,0.1
519663,2,131,1,22.99,0.1
519664,1,122,2,78.99,0.0
519664,2,132,2,48.99,0.0
519665,1,133,3,96.99,0.0
519665,2,104,1,432.99,0.0
519665,3,120,1,203.99,0.0
519665,4,114,2,112.99,0.0
519666,1,111,3,39.99,0.0
519666,2,128,3,22.99,0.0
519667,1,110,1,80.99,0.0
519668,1,115,3,38.99,0.1
519669,1,125,1,29.99,0.0
519669,2,111,3,45.99,0.0
519670,1,133,1,118.99,0.0
519671,1,131,1,24.99,0.0
519672,1,132,2,39.99,0.1
519673,1,102,1,418.99,0.0
519673,2,107,2,198.99,0.0
519674,1,106,1,83.99,0.1
519675,1,131,2,24.99,0.2
519675,2,108,1,278.99,0.2
519676,1,137,2,32.99,0.0
519676,2,121,1,216.99,0.0
519677,1,104,2,501.99,0.1
519677,2,124,1,55.99,0.1
519677,3,113,1,197.99,0.1
519677,4,122,1,74.99,0.1
519677,5,132,1,45.99,0.1
519678,1,108,1,278.99,0.1
519678,2,110,1,98.99,0.1
519679,1,113,1,208.99,0.0
519680,1,132,2,45.99,0.0
519680,2,128,1,26.99,0.0
519680,3,125,2,29.99,0.0
519680,4,127,1,55.99,0.0
519681,1,133,3,118.99,0.0
519681,2,115,1,38.99,0.0
519681,3,112,2,178.99,0.0
519682,1,125,1,25.99,0.0
519683,1,131,2,22.99,0.0
519683,2,123,2,79.99,0.0
519684,1,112,2,178.99,0.0
519684,2,120,1,248.99,0.0
519685,1,124,1,47.99,0.3
519685,2,131,2,19.99,0.3
519685,3,122,1,63.99,0.3
519686,1,123,1,84.99,0.0
519686,2,101,2,288.99,0.0
519687,1,103,1,330.99,0.0
519687,2,110,1,93.99,0.0
519687,3,121,3,216.99,0.0
519687,4,115,3,36.99,0.0
519687,5,127,1,55.99,0.0
519688,1,123,1,68.99,0.0
519689,1,135,2,140.99,0.0
519690,1,108,1,278.99,0.0
519691,1,112,1,178.99,0.0
519692,1,122,3,78.99,0.1
519692,2,132,1,48.99,0.1
519692,3,138,1,98.99,0.1
519693,1,120,3,248.99,0.0
519693,2,122,1,78.99,0.0
519694,1,132,1,39.99,0.3
519695,1,116,2,158.99,0.0
519695,2,107,1,198.99,0.0
519695,3,102,2,418.99,0.0
519696,1,123,2,79.99,0.0
519697,1,112,1,178.99,0.0
519698,1,116,1,158.99,0.3
519699,1,121,3,216.99,0.2
519700,1,133,1,118.99,0.0
519701,1,124,2,55.99,0.1
519702,1,125,1,25.99,0.1
519703,1,123,1,68.99,0.0
519704,1,111,3,48.99,0.1
519704,2,113,1,208.99,0.1
519704,3,132,1,48.99,0.1
519705,1,123,2,79.99,0.0
519705,2,115,2,36.99,0.0
519705,3,120,1,235.99,0.0
519706,1,130,3,18.99,0.0
519706,2,114,3,138.99,0.0
519707,1,101,3,288.99,0.0
519708,1,122,1,78.99,0.0
519708,2,123,3,84.99,0.0
519708,3,114,1,138.99,0.0
519708,4,120,1,248.99,0.0
519709,1,114,2,138.99,0.1
519710,1,138,1,98.99,0.0
519710,2,126,3,78.99,0.0
519711,1,124,3,55.99,0.1
519712,1,120,1,203.99,0.0
519713,1,124,3,47.99,0.0
519714,1,116,1,158.99,0.0
519715,1,125,1,31.99,0.0
519715,2,109,3,68.99,0.0
519715,3,101,2,288.99,0.0
519716,1,107,1,198.99,0.0
519716,2,136,1,28.99,0.0
519716,3,115,1,38.99,0.0
519716,4,121,1,228.99,0.0
519716,5,106,1,88.99,0.0
519717,1,121,1,186.99,0.0
519717,2,117,1,153.99,0.0
519717,3,107,2,162.99,0.0
519718,1,135,1,148.99,0.0
519718,2,103,2,348.99,0.0
519719,1,121,1,216.99,0.0
519720,1,109,2,64.99,0.0
519720,2,102,2,397.99,0.0
519721,1,110,1,80.99,0.0
519721,2,117,3,153.99,0.0
519722,1,108,1,264.99,0.0
519723,1,120,1,203.99,0.0
519723,2,119,3,63.99,0.0
519724,1,131,3,24.99,0.2
519725,1,111,1,45.99,0.1
519725,2,119,1,74.99,0.1
519725,3,125,3,29.99,0.1
519726,1,120,3,235.99,0.1
519727,1,111,1,48.99,0.0
519728,1,112,2,178.99,0.1
519729,1,114,2,138.99,0.0
519729,2,118,1,88.99,0.0
519729,3,112,2,178.99,0.0
519730,1,120,1,248.99,0.1
519730,2,129,1,44.99,0.1
519731,1,119,2,78.99,0.0
519732,1,121,1,186.99,0.0
519733,1,107,1,188.99,0.0
519733,2,101,1,273.99,0.0
519734,1,115,2,38.99,0.2
519735,1,108,1,278.99,0.0
519736,1,122,1,78.99,0.0
519736,2,120,2,248.99,0.0
519736,3,112,1,178.99,0.0
519737,1,133,1,118.99,0.1
519738,1,137,2,34.99,0.0
519738,2,111,3,48.99,0.0
519739,1,114,2,131.99,0.0
519739,2,127,2,55.99,0.0
519740,1,102,2,342.99,0.2
519740,2,117,3,153.99,0.2
519741,1,122,1,63.99,0.3
519742,1,134,1,238.99,0.0
519743,1,115,1,30.99,0.0
519744,1,126,2,78.99,0.2
519745,1,118,2,71.99,0.1
519746,1,104,2,528.99,0.0
519746,2,114,3,138.99,0.0
519747,1,113,2,208.99,0.0
519747,2,132,2,48.99,0.0
519747,3,125,1,31.99,0.0
519747,4,119,1,78.99,0.0
519748,1,120,1,203.99,0.0
519748,2,122,1,63.99,0.0
519748,3,105,2,96.99,0.0
519749,1,126,1,63.99,0.0
519750,1,121,1,216.99,0.0
519750,2,122,1,74.99,0.0
519750,3,138,1,93.99,0.0
519750,4,115,1,36.99,0.0
519751,1,124,2,58.99,0.0
519751,2,118,1,88.99,0.0
519751,3,135,3,148.99,0.0
519752,1,108,1,227.99,0.0
519753,1,107,2,198.99,0.0
519754,1,133,1,96.99,0.0
519755,1,115,1,38.99,0.0
519755,2,119,3,78.99,0.0
519756,1,137,3,27.99,0.3
519757,1,120,1,248.99,0.0
519758,1,131,2,24.99,0.2
519758,2,123,1,84.99,0.2
519758,3,124,2,58.99,0.2
519758,4,136,3,28.99,0.2
519758,5,121,1,228.99,0.2
519759,1,129,1,44.99,0.0
519760,1,108,2,264.99,0.0
519760,2,121,2,216.99,0.0
519761,1,116,1,158.99,0.1
519761,2,120,3,248.99,0.1
519761,3,124,1,58.99,0.1
519761,4,125,1,31.99,0.1
519762,1,110,3,93.99,0.2
519763,1,111,3,48.99,0.0
519763,2,120,2,248.99,0.0
519764,1,121,1,228.99,0.0
519764,2,122,1,78.99,0.0
519765,1,126,1,78.99,0.0
519765,2,110,1,98.99,0.0
519765,3,129,3,44.99,0.0
519765,4,113,2,208.99,0.0
519765,5,119,1,78.99,0.0
519766,1,128,2,28.99,0.2
519766,2,125,1,31.99,0.2
519766,3,119,1,78.99,0.2
519767,1,116,1,158.99,0.0
519767,2,106,1,88.99,0.0
519768,1,112,1,178.99,0.0
519768,2,135,1,148.99,0.0
519768,3,116,1,158.99,0.0
519769,1,119,2,78.99,0.1
519770,1,112,1,169.99,0.1
519770,2,126,1,74.99,0.1
519771,1,107,1,198.99,0.2
519772,1,101,2,288.99,0.3
519772,2,107,2,198.99,0.3
519773,1,112,1,169.99,0.0
519773,2,121,2,216.99,0.0
519773,3,125,1,29.99,0.0
519773,4,114,2,131.99,0.0
519774,1,136,1,28.99,0.0
519775,1,119,2,78.99,0.0
519775,2,108,3,278.99,0.0
519776,1,126,1,78.99,0.0
519777,1,113,1,197.99,0.0
519778,1,119,2,78.99,0.0
519778,2,118,3,88.99,0.0
519778,3,138,1,98.99,0.0
519778,4,133,2,118.99,0.0
519778,5,115,2,38.99,0.0
519779,1,124,2,58.99,0.0
519780,1,118,1,88.99,0.0
519781,1,109,1,68.99,0.0
519781,2,114,2,138.99,0.0
519782,1,133,3,96.99,0.0
519782,2,122,3,63.99,0.0
519783,1,137,2,32.99,0.0
519783,2,113,1,197.99,0.0
519784,1,122,2,63.99,0.0
519784,2,133,1,96.99,0.0
519785,1,134,3,238.99,0.1
519786,1,123,2,84.99,0.0
519786,2,111,3,48.99,0.0
519787,1,113,1,208.99,0.0
519788,1,109,2,64.99,0.1
519789,1,114,1,131.99,0.1
519790,1,118,1,88.99,0.2
519790,2,124,2,58.99,0.2
519791,1,136,1,28.99,0.0
519791,2,122,2,78.99,0.0
519792,1,124,3,58.99,0.0
519793,1,117,1,178.99,0.0
519793,2,121,3,216.99,0.0
519794,1,110,1,93.99,0.2
519794,2,138,1,93.99,0.2
519795,1,113,1,208.99,0.1
519796,1,106,2,88.99,0.0
519797,1,124,3,47.99,0.0
519797,2,117,3,153.99,0.0
519798,1,110,3,98.99,0.0
519798,2,134,1,238.99,0.0
519799,1,114,1,112.99,0.0
519800,1,105,1,96.99,0.0
519801,1,110,2,93.99,0.0
519802,1,138,1,93.99,0.1
519802,2,124,2,55.99,0.1
519802,3,131,1,22.99,0.1
519803,1,119,1,78.99,0.0
519804,1,101,1,288.99,0.0
519805,1,121,1,216.99,0.0
519806,1,115,1,38.99,0.1
519806,2,125,2,31.99,0.1
519807,1,133,1,96.99,0.2
519808,1,104,1,501.99,0.2
519809,1,113,2,208.99,0.0
519809,2,116,1,158.99,0.0
519809,3,102,1,418.99,0.0
519809,4,131,2,24.99,0.0
519809,5,111,3,48.99,0.0
519810,1,133,1,118.99,0.0
519810,2,101,1,288.99,0.0
519810,3,111,1,48.99,0.0
519811,1,129,2,44.99,0.0
519812,1,138,1,98.99,0.0
519812,2,119,2,78.99,0.0
519813,1,124,1,58.99,0.3
519813,2,135,1,148.99,0.3
519814,1,128,1,22.99,0.0
519815,1,114,2,138.99,0.2
519815,2,127,1,58.99,0.2
519816,1,113,2,170.99,0.0
519816,2,114,1,112.99,0.0
519816,3,122,1,63.99,0.0
519816,4,120,2,203.99,0.0
519817,1,119,2,78.99,0.1
519817,2,104,1,528.99,0.1
519817,3,116,1,158.99,0.1
519817,4,124,1,58.99,0.1
519818,1,132,3,45.99,0.0
519819,1,123,1,68.99,0.0
519819,2,129,2,35.99,0.0
519820,1,113,1,208.99,0.0
519820,2,124,1,58.99,0.0
519821,1,106,2,83.99,0.0
519822,1,133,1,112.99,0.0
519822,2,128,1,26.99,0.0
519822,3,129,1,41.99,0.0
519823,1,134,2,226.99,0.3
519824,1,117,1,178.99,0.0
519824,2,112,1,169.99,0.0
519825,1,119,3,74.99,0.0
519826,1,120,2,235.99,0.0
519827,1,107,1,198.99,0.0
519827,2,121,1,228.99,0.0
519828,1,111,2,45.99,0.0
519829,1,107,2,198.99,0.1
519829,2,110,1,98.99,0.1
519830,1,104,2,528.99,0.1
519831,1,124,3,58.99,0.0
519832,1,101,2,288.99,0.0
519833,1,136,2,28.99,0.1
519833,2,119,1,78.99,0.1
519833,3,117,1,188.99,0.1
519834,1,125,2,29.99,0.0
519835,1,131,1,24.99,0.2
519836,1,110,1,98.99,0.0
519837,1,132,1,39.99,0.0
519837,2,123,1,68.99,0.0
519837,3,115,3,30.99,0.0
519838,1,124,3,47.99,0.2
519839,1,115,2,36.99,0.0
519839,2,119,1,74.99,0.0
519840,1,131,2,24.99,0.0
519840,2,124,3,58.99,0.0
519840,3,121,2,228.99,0.0
519841,1,132,1,48.99,0.0
519841,2,120,1,248.99,0.0
519841,3,122,1,78.99,0.0
519842,1,132,2,45.99,0.0
519843,1,116,1,129.99,0.1
519844,1,125,1,29.99,0.1
519845,1,117,3,153.99,0.0
519845,2,102,2,342.99,0.0
519846,1,125,2,29.99,0.2
519846,2,101,1,273.99,0.2
519846,3,136,1,26.99,0.2
519846,4,123,1,79.99,0.2
519846,5,135,1,140.99,0.2
519847,1,113,1,208.99,0.0
519847,2,117,1,188.99,0.0
519847,3,112,2,178.99,0.0
519848,1,117,1,188.99,0.0
519849,1,118,1,88.99,0.2
519850,1,120,2,248.99,0.2
519850,2,102,3,418.99,0.2
519851,1,132,1,48.99,0.0
519851,2,121,1,228.99,0.0
519851,3,109,1,68.99,0.0
519851,4,110,2,98.99,0.0
519852,1,124,3,58.99,0.0
519852,2,101,1,288.99,0.0
519853,1,108,1,278.99,0.2
519853,2,115,1,38.99,0.2
519854,1,114,1,131.99,0.2
519855,1,129,1,44.99,0.3
519856,1,116,1,158.99,0.0
519856,2,112,1,178.99,0.0
519857,1,119,1,74.99,0.0
519858,1,112,2,178.99,0.0
519858,2,104,2,528.99,0.0
519858,3,105,2,118.99,0.0
519859,1,106,3,88.99,0.1
519860,1,122,1,78.99,0.1
519860,2,128,1,28.99,0.1
519860,3,107,3,198.99,0.1
519861,1,122,1,78.99,0.0
519861,2,120,1,248.99,0.0
519861,3,134,3,238.99,0.0
519861,4,116,1,158.99,0.0
519862,1,107,1,188.99,0.1
519863,1,124,1,58.99,0.1
519863,2,108,3,278.99,0.1
519864,1,106,1,88.99,0.0
519864,2,110,2,98.99,0.0
519865,1,109,1,68.99,0.0
519866,1,127,1,58.99,0.0
519867,1,138,2,98.99,0.3
519868,1,110,1,98.99,0.0
519868,2,125,1,31.99,0.0
519868,3,118,1,88.99,0.0
519869,1,113,1,170.99,0.0
519869,2,134,2,194.99,0.0
519870,1,109,3,68.99,0.0
519870,2,136,2,28.99,0.0
519871,1,122,3,78.99,0.1
519872,1,109,3,55.99,0.0
519873,1,101,3,288.99,0.0
519873,2,116,3,158.99,0.0
519874,1,126,3,78.99,0.1
519875,1,108,1,278.99,0.0
519875,2,114,2,138.99,0.0
519875,3,119,1,78.99,0.0
519876,1,120,1,248.99,0.0
519877,1,113,1,208.99,0.0
519878,1,128,3,22.99,0.0
519879,1,124,1,58.99,0.2
519879,2,122,1,78.99,0.2
519880,1,117,2,188.99,0.0
519881,1,102,2,342.99,0.0
519881,2,120,1,203.99,0.0
519881,3,115,2,30.99,0.0
519882,1,122,2,78.99,0.0
519882,2,119,3,78.99,0.0
519882,3,102,2,418.99,0.0
519883,1,119,3,74.99,0.1
519884,1,132,1,48.99,0.1
519885,1,105,2,112.99,0.0
519886,1,133,1,118.99,0.0
519887,1,110,1,98.99,0.0
519887,2,125,2,31.99,0.0
519887,3,112,1,178.99,0.0
519887,4,138,1,98.99,0.0
519887,5,117,1,188.99,0.0
519888,1,131,1,22.99,0.0
519888,2,132,2,45.99,0.0
519888,3,120,3,235.99,0.0
519888,4,106,1,83.99,0.0
519889,1,125,2,29.99,0.0
519889,2,128,1,26.99,0.0
519890,1,117,2,188.99,0.0
519891,1,134,3,194.99,0.2
519891,2,125,1,25.99,0.2
519892,1,101,2,273.99,0.0
519892,2,106,2,83.99,0.0
519893,1,117,3,188.99,0.0
519893,2,106,1,88.99,0.0
519893,3,132,1,48.99,0.0
519894,1,137,1,27.99,0.0
519894,2,114,1,112.99,0.0
519895,1,124,2,58.99,0.3
519896,1,123,3,79.99,0.0
519896,2,111,1,45.99,0.0
519897,1,123,2,68.99,0.0
519897,2,116,1,129.99,0.0
519898,1,127,2,58.99,0.0
519898,2,105,2,118.99,0.0
519899,1,109,2,64.99,0.0
519900,1,119,1,63.99,0.0
519900,2,126,2,63.99,0.0
519901,1,125,1,31.99,0.0
519902,1,101,1,273.99,0.0
519902,2,118,3,83.99,0.0
519903,1,130,2,17.99,0.0
519903,2,108,1,264.99,0.0
519903,3,135,1,140.99,0.0
519903,4,124,1,55.99,0.0
519904,1,109,1,68.99,0.0
519904,2,127,1,58.99,0.0
519904,3,124,1,58.99,0.0
519904,4,112,2,178.99,0.0
519905,1,118,1,83.99,0.0
519906,1,117,3,153.99,0.0
519907,1,119,1,78.99,0.0
519908,1,119,2,74.99,0.1
519908,2,133,2,112.99,0.1
519908,3,111,1,45.99,0.1
519909,1,128,2,28.99,0.0
519909,2,114,2,138.99,0.0
519910,1,121,3,228.99,0.0
519911,1,107,3,162.99,0.3
519912,1,109,1,55.99,0.0
519913,1,120,1,248.99,0.2
519913,2,101,1,288.99,0.2
519914,1,118,2,71.99,0.0
519914,2,121,1,186.99,0.0
519914,3,106,3,71.99,0.0
519915,1,113,1,208.99,0.0
519916,1,113,2,208.99,0.0
519916,2,120,1,248.99,0.0
519916,3,138,2,98.99,0.0
519916,4,112,1,178.99,0.0
519916,5,132,2,48.99,0.0
519917,1,102,3,397.99,0.0
519917,2,115,1,36.99,0.0
519917,3,122,1,74.99,0.0
519917,4,124,1,55.99,0.0
519918,1,109,1,68.99,0.0
519919,1,129,1,44.99,0.0
519919,2,120,3,248.99,0.0
519919,3,123,1,84.99,0.0
519919,4,118,2,88.99,0.0
519920,1,124,1,47.99,0.0
519920,2,114,1,112.99,0.0
519921,1,112,1,178.99,0.0
519921,2,108,2,278.99,0.0
519922,1,114,2,138.99,0.1
519923,1,121,2,228.99,0.0
519923,2,122,3,78.99,0.0
519923,3,124,1,58.99,0.0
519923,4,101,1,288.99,0.0
519924,1,134,1,194.99,0.0
519924,2,115,1,30.99,0.0
519924,3,111,1,39.99,0.0
519924,4,125,1,25.99,0.0
519925,1,126,1,74.99,0.0
519926,1,125,2,31.99,0.1
519926,2,128,2,28.99,0.1
519926,3,112,1,178.99,0.1
519927,1,115,1,38.99,0.0
519927,2,130,3,18.99,0.0
519928,1,123,1,84.99,0.0
519928,2,111,2,48.99,0.0
519929,1,101,3,288.99,0.0
519929,2,108,2,278.99,0.0
519929,3,120,2,248.99,0.0
519930,1,112,1,145.99,0.0
519930,2,118,1,71.99,0.0
519931,1,114,1,138.99,0.0
519931,2,136,1,28.99,0.0
519932,1,125,1,31.99,0.2
519933,1,111,1,48.99,0.0
519934,1,135,1,148.99,0.0
519934,2,121,1,228.99,0.0
519935,1,124,1,58.99,0.0
519935,2,125,2,31.99,0.0
519935,3,131,1,24.99,0.0
519936,1,134,1,238.99,0.1
519936,2,104,3,528.99,0.1
519937,1,113,2,208.99,0.2
519938,1,113,2,197.99,0.0
519939,1,116,1,158.99,0.0
519940,1,123,2,84.99,0.0
519941,1,117,2,178.99,0.0
519941,2,137,2,32.99,0.0
519941,3,111,1,45.99,0.0
519941,4,123,2,79.99,0.0
519942,1,108,2,278.99,0.0
519942,2,110,3,98.99,0.0
519942,3,112,2,178.99,0.0
519943,1,124,1,55.99,0.1
519944,1,115,2,38.99,0.0
519944,2,107,3,198.99,0.0
519945,1,115,2,38.99,0.3
519946,1,109,2,68.99,0.0
519947,1,116,2,129.99,0.0
519947,2,124,2,47.99,0.0
519947,3,117,1,153.99,0.0
519947,4,111,1,39.99,0.0
519948,1,137,1,27.99,0.0
519948,2,127,2,47.99,0.0
519948,3,138,1,80.99,0.0
519949,1,133,2,118.99,0.0
519949,2,127,1,58.99,0.0
519950,1,118,1,88.99,0.0
519951,1,115,3,38.99,0.0
519952,1,121,1,228.99,0.0
519953,1,117,2,188.99,0.2
519953,2,125,1,31.99,0.2
519954,1,108,3,278.99,0.0
519955,1,107,1,198.99,0.0
519956,1,117,1,188.99,0.0
519957,1,120,2,248.99,0.0
519957,2,108,3,278.99,0.0
519958,1,125,1,31.99,0.0
519958,2,135,2,148.99,0.0
519958,3,131,2,24.99,0.0
519959,1,116,1,150.99,0.0
519960,1,129,1,44.99,0.0
519961,1,116,2,158.99,0.1
519961,2,129,1,44.99,0.1
519962,1,126,1,63.99,0.1
519963,1,120,1,248.99,0.0
519963,2,122,2,78.99,0.0
519964,1,107,1,188.99,0.0
519964,2,130,1,17.99,0.0
519965,1,108,1,227.99,0.2
519966,1,107,1,198.99,0.0
519966,2,102,1,418.99,0.0
519967,1,110,1,98.99,0.0
519968,1,111,1,45.99,0.2
519969,1,134,1,226.99,0.0
519970,1,118,3,88.99,0.0
519971,1,119,1,74.99,0.0
519971,2,118,3,83.99,0.0
519971,3,125,1,29.99,0.0
519972,1,113,1,197.99,0.0
519973,1,107,1,198.99,0.1
519974,1,132,1,45.99,0.0
519975,1,107,1,188.99,0.0
519976,1,115,1,38.99,0.0
519976,2,133,1,118.99,0.0
519977,1,119,1,63.99,0.3
519977,2,117,1,153.99,0.3
519978,1,108,1,278.99,0.1
519979,1,122,3,78.99,0.0
519979,2,125,1,31.99,0.0
519979,3,102,2,418.99,0.0
519980,1,132,3,48.99,0.0
519981,1,111,1,48.99,0.1
519981,2,134,1,238.99,0.1
519982,1,104,1,432.99,0.0
519982,2,125,1,25.99,0.0
519983,1,105,1,118.99,0.0
519984,1,102,2,418.99,0.0
519985,1,121,3,216.99,0.0
519985,2,102,1,397.99,0.0
519985,3,134,1,226.99,0.0
519986,1,132,1,45.99,0.0
519987,1,131,1,22.99,0.0
519988,1,124,2,55.99,0.0
519988,2,122,1,74.99,0.0
519988,3,125,2,29.99,0.0
519989,1,105,2,118.99,0.0
519989,2,117,3,188.99,0.0
519989,3,120,1,248.99,0.0
519989,4,109,3,68.99,0.0
519990,1,111,3,45.99,0.0
519990,2,125,1,29.99,0.0
519990,3,110,1,93.99,0.0
519990,4,121,1,216.99,0.0
519990,5,118,3,83.99,0.0
519991,1,131,1,22.99,0.1
519991,2,128,2,26.99,0.1
519992,1,123,2,79.99,0.2
519992,2,136,1,26.99,0.2
519993,1,123,3,84.99,0.0
519993,2,128,1,28.99,0.0
519993,3,111,1,48.99,0.0
519994,1,136,1,28.99,0.0
519994,2,133,3,118.99,0.0
519995,1,136,3,22.99,0.0
519996,1,138,2,93.99,0.1
519996,2,111,2,45.99,0.1
519997,1,115,1,36.99,0.0
519997,2,114,1,131.99,0.0
519998,1,126,2,78.99,0.0
519998,2,106,2,88.99,0.0
519999,1,103,1,285.99,0.0
519999,2,119,1,63.99,0.0
520000,1,121,2,228.99,0.2
520001,1,115,1,36.99,0.0
520002,1,102,1,397.99,0.2
520003,1,101,1,273.99,0.0
520004,1,123,2,84.99,0.0
520005,1,111,2,39.99,0.3
520005,2,124,1,47.99,0.3
520006,1,116,2,158.99,0.0
520007,1,103,2,330.99,0.2
520008,1,128,1,28.99,0.0
520008,2,119,2,78.99,0.0
520008,3,124,3,58.99,0.0
520008,4,112,1,178.99,0.0
520009,1,117,1,188.99,0.0
520010,1,119,1,78.99,0.0
520010,2,131,1,24.99,0.0
520010,3,114,1,138.99,0.0
520010,4,118,1,88.99,0.0
520010,5,113,1,208.99,0.0
520011,1,120,1,248.99,0.2
520011,2,117,2,188.99,0.2
520011,3,125,2,31.99,0.2
520012,1,133,3,118.99,0.0
520013,1,123,3,68.99,0.0
520013,2,129,2,35.99,0.0
520014,1,136,1,28.99,0.1
520014,2,115,3,38.99,0.1
520015,1,103,3,285.99,0.0
520015,2,120,1,203.99,0.0
520015,3,107,3,162.99,0.0
520016,1,119,1,78.99,0.3
520017,1,120,1,248.99,0.0
520018,1,114,1,131.99,0.0
520018,2,105,1,112.99,0.0
520018,3,117,1,178.99,0.0
520018,4,118,1,83.99,0.0
520018,5,136,1,26.99,0.0
520019,1,135,1,121.99,0.0
520020,1,134,1,194.99,0.0
520021,1,115,3,36.99,0.1
520021,2,121,2,216.99,0.1
520021,3,130,2,17.99,0.1
520022,1,120,1,248.99,0.0
520023,1,123,3,79.99,0.0
520023,2,128,2,26.99,0.0
520023,3,134,2,226.99,0.0
520023,4,101,3,273.99,0.0
520023,5,135,1,140.99,0.0
520024,1,125,1,31.99,0.0
520024,2,108,2,278.99,0.0
520025,1,107,2,162.99,0.0
520026,1,112,1,178.99,0.1
520026,2,122,2,78.99,0.1
520026,3,126,1,78.99,0.1
520027,1,127,1,55.99,0.0
520028,1,120,2,235.99,0.0
520029,1,119,2,74.99,0.0
520029,2,112,1,169.99,0.0
520029,3,115,1,36.99,0.0
520029,4,131,3,22.99,0.0
520030,1,114,2,131.99,0.1
520030,2,121,2,216.99,0.1
520030,3,103,1,330.99,0.1
520031,1,109,2,68.99,0.0
520032,1,124,1,58.99,0.2
520033,1,112,2,178.99,0.0
520033,2,137,1,34.99,0.0
520033,3,136,1,28.99,0.0
520034,1,123,2,79.99,0.0
520035,1,120,2,203.99,0.2
520036,1,134,2,238.99,0.0
520037,1,121,1,186.99,0.0
520038,1,116,1,158.99,0.0
520038,2,129,1,44.99,0.0
520039,1,130,2,17.99,0.0
520040,1,117,1,178.99,0.0
520041,1,130,2,14.99,0.0
520042,1,137,1,34.99,0.0
520043,1,114,2,131.99,0.0
520043,2,127,1,55.99,0.0
520044,1,130,2,18.99,0.0
520045,1,112,2,145.99,0.0
520045,2,119,3,63.99,0.0
520045,3,122,1,63.99,0.0
520045,4,106,2,71.99,0.0
520046,1,126,1,78.99,0.2
520046,2,116,3,158.99,0.2
520046,3,110,1,98.99,0.2
520047,1,111,1,48.99,0.0
520047,2,112,1,178.99,0.0
520048,1,120,2,248.99,0.0
520048,2,107,1,198.99,0.0
520048,3,137,1,34.99,0.0
520049,1,112,1,178.99,0.0
520050,1,118,1,83.99,0.0
520051,1,114,2,131.99,0.0
520051,2,129,2,41.99,0.0
520051,3,133,3,112.99,0.0
520051,4,131,1,22.99,0.0
520052,1,108,2,227.99,0.0
520053,1,107,1,162.99,0.3
520054,1,118,1,83.99,0.0
520054,2,128,3,26.99,0.0
520055,1,105,121,112.99,0.0
520055,2,110,196,93.99,0.0
520056,1,137,2,34.99,0.0
520057,1,118,1,83.99,0.0
520057,2,124,1,55.99,0.0
520057,3,132,3,45.99,0.0
520057,4,109,2,64.99,0.0
520058,1,121,1,228.99,0.2
520059,1,125,1,31.99,0.0
520059,2,131,1,24.99,0.0
520059,3,114,1,138.99,0.0
520060,1,114,2,138.99,0.1
520060,2,125,1,31.99,0.1
520061,1,116,1,150.99,0.0
520061,2,115,1,36.99,0.0
520062,1,108,1,278.99,0.0
520062,2,116,1,158.99,0.0
520063,1,119,1,78.99,0.2
520064,1,127,3,58.99,0.2
520065,1,109,1,68.99,0.0
520065,2,125,1,31.99,0.0
520066,1,120,2,235.99,0.0
520066,2,110,1,93.99,0.0
520066,3,108,2,264.99,0.0
520066,4,116,3,150.99,0.0
520067,1,126,2,78.99,0.0
520068,1,120,3,235.99,0.1
520069,1,114,1,138.99,0.1
520069,2,122,2,78.99,0.1
520069,3,115,2,38.99,0.1
520069,4,130,1,18.99,0.1
520070,1,108,1,278.99,0.0
520071,1,116,2,150.99,0.0
520071,2,120,2,235.99,0.0
520071,3,131,2,22.99,0.0
520071,4,124,1,55.99,0.0
520072,1,133,1,112.99,0.0
520072,2,113,1,197.99,0.0
520073,1,137,1,32.99,0.2
520074,1,117,2,188.99,0.3
520074,2,123,1,84.99,0.3
520074,3,103,1,348.99,0.3
520075,1,129,2,41.99,0.0
520076,1,118,2,88.99,0.1
520077,1,109,3,68.99,0.0
520077,2,112,2,178.99,0.0
520078,1,116,3,158.99,0.0
520079,1,113,1,170.99,0.0
520079,2,127,1,47.99,0.0
520080,1,125,2,31.99,0.1
520080,2,119,3,78.99,0.1
520080,3,109,1,68.99,0.1
520080,4,128,1,28.99,0.1
520080,5,133,2,118.99,0.1
520081,1,101,1,288.99,0.0
520082,1,113,1,208.99,0.0
520083,1,111,2,39.99,0.2
520084,1,120,1,235.99,0.0
520085,1,117,1,188.99,0.0
520085,2,129,1,44.99,0.0
520086,1,109,1,55.99,0.0
520087,1,125,1,29.99,0.2
520087,2,110,3,93.99,0.2
520087,3,131,1,22.99,0.2
520087,4,134,1,226.99,0.2
520087,5,117,1,178.99,0.2
520088,1,111,2,48.99,0.0
520088,2,113,1,208.99,0.0
520088,3,120,1,248.99,0.0
520089,1,116,1,129.99,0.0
520089,2,126,1,63.99,0.0
520090,1,132,1,45.99,0.0
520090,2,125,1,29.99,0.0
520090,3,138,1,93.99,0.0
520090,4,113,1,197.99,0.0
520091,1,114,1,138.99,0.1
520092,1,123,1,84.99,0.3
520093,1,101,1,235.99,0.0
520094,1,101,1,288.99,0.0
520094,2,117,1,188.99,0.0
520095,1,124,2,55.99,0.0
520095,2,123,1,79.99,0.0
520095,3,113,1,197.99,0.0
520096,1,119,1,78.99,0.0
520097,1,112,2,169.99,0.0
520097,2,132,2,45.99,0.0
520097,3,117,1,178.99,0.0
520097,4,137,1,32.99,0.0
520098,1,128,2,26.99,0.0
520099,1,108,1,264.99,0.0
520100,1,119,3,78.99,0.0
520101,1,114,3,131.99,0.3
520102,1,128,1,28.99,0.0
520102,2,106,2,88.99,0.0
520103,1,136,2,22.99,0.0
520103,2,112,1,145.99,0.0
520104,1,119,2,74.99,0.3
520105,1,136,2,28.99,0.0
520106,1,111,3,48.99,0.0
520107,1,130,1,18.99,0.0
520108,1,126,1,74.99,0.1
520108,2,121,2,216.99,0.1
520109,1,127,2,55.99,0.0
520109,2,114,3,131.99,0.0
520110,1,122,2,78.99,0.0
520110,2,131,1,24.99,0.0
520111,1,107,1,188.99,0.0
520111,2,123,1,79.99,0.0
520112,1,107,2,162.99,0.0
520112,2,118,1,71.99,0.0
520112,3,136,2,22.99,0.0
520113,1,108,1,278.99,0.0
520113,2,119,1,78.99,0.0
520113,3,124,1,58.99,0.0
520114,1,122,1,74.99,0.0
520114,2,118,1,83.99,0.0
520115,1,120,3,235.99,0.0
520115,2,108,1,264.99,0.0
520115,3,113,2,197.99,0.0
520116,1,117,3,188.99,0.1
520117,1,130,1,18.99,0.0
520118,1,135,1,148.99,0.2
520118,2,131,1,24.99,0.2
520118,3,103,1,348.99,0.2
520118,4,102,2,418.99,0.2
520118,5,132,2,48.99,0.2
520119,1,134,1,238.99,0.2
520120,1,119,2,78.99,0.1
520120,2,108,1,278.99,0.1
520120,3,118,3,88.99,0.1
520120,4,127,1,58.99,0.1
520120,5,112,1,178.99,0.1
520121,1,112,1,178.99,0.0
520122,1,120,1,248.99,0.0
520123,1,123,1,79.99,0.0
520123,2,122,1,74.99,0.0
520124,1,122,1,74.99,0.0
520124,2,109,2,64.99,0.0
520125,1,114,1,138.99,0.0
520125,2,120,1,248.99,0.0
520126,1,106,3,88.99,0.1
520126,2,136,1,28.99,0.1
520126,3,123,1,84.99,0.1
520127,1,105,2,96.99,0.1
520127,2,138,3,80.99,0.1
520127,3,130,1,14.99,0.1
520128,1,121,1,186.99,0.0
520128,2,111,1,39.99,0.0
520128,3,123,1,68.99,0.0
520128,4,112,1,145.99,0.0
520128,5,109,1,55.99,0.0
520129,1,125,1,25.99,0.0
520129,2,115,2,30.99,0.0
520130,1,113,1,208.99,0.0
520130,2,119,1,78.99,0.0
520131,1,102,3,397.99,0.1
520131,2,131,1,22.99,0.1
520132,1,120,1,248.99,0.0
520133,1,129,1,44.99,0.2
520134,1,110,1,93.99,0.0
520134,2,121,2,216.99,0.0
520135,1,121,1,216.99,0.0
520135,2,127,1,55.99,0.0
520136,1,135,2,148.99,0.0
520137,1,122,1,78.99,0.0
520137,2,104,1,528.99,0.0
520137,3,120,2,248.99,0.0
520138,1,130,1,18.99,0.0
520139,1,118,1,88.99,0.0
520140,1,123,2,84.99,0.0
520140,2,116,1,158.99,0.0
520141,1,112,2,169.99,0.0
520142,1,111,2,45.99,0.0
520142,2,130,1,17.99,0.0
520143,1,120,2,235.99,0.2
520144,1,122,1,63.99,0.0
520144,2,112,3,145.99,0.0
520144,3,116,2,129.99,0.0
520145,1,135,2,148.99,0.2
520145,2,114,1,138.99,0.2
520146,1,104,2,528.99,0.0
520147,1,108,1,264.99,0.0
520148,1,117,3,188.99,0.2
520148,2,111,1,48.99,0.2
520149,1,127,1,58.99,0.0
520149,2,133,1,118.99,0.0
520150,1,125,2,29.99,0.0
520150,2,120,1,235.99,0.0
520151,1,108,1,264.99,0.0
520152,1,129,1,44.99,0.1
520152,2,107,1,198.99,0.1
520153,1,122,1,63.99,0.0
520153,2,130,2,14.99,0.0
520154,1,127,2,58.99,0.0
520154,2,118,1,88.99,0.0
520155,1,129,1,35.99,0.0
520155,2,122,1,63.99,0.0
520156,1,136,1,28.99,0.1
520156,2,137,1,34.99,0.1
520156,3,113,3,208.99,0.1
520157,1,107,1,188.99,0.1
520158,1,118,1,83.99,0.1
520158,2,131,2,22.99,0.1
520158,3,107,2,188.99,0.1
520159,1,116,1,150.99,0.2
520160,1,130,1,17.99,0.0
520161,1,133,3,112.99,0.1
520162,1,119,1,63.99,0.0
520163,1,129,2,44.99,0.0
520163,2,124,2,58.99,0.0
520163,3,125,1,31.99,0.0
520164,1,119,1,63.99,0.0
520165,1,114,1,131.99,0.0
520165,2,105,3,112.99,0.0
520166,1,122,1,78.99,0.0
520167,1,124,2,58.99,0.0
520168,1,130,1,18.99,0.2
520168,2,123,2,84.99,0.2
520169,1,104,2,528.99,0.0
520170,1,124,1,58.99,0.1
520170,2,135,1,148.99,0.1
520171,1,128,2,26.99,0.2
520171,2,116,1,150.99,0.2
520172,1,115,2,38.99,0.0
520173,1,103,1,348.99,0.0
520173,2,107,1,198.99,0.0
520174,1,131,2,24.99,0.0
520175,1,105,1,118.99,0.0
520175,2,106,1,88.99,0.0
520176,1,117,1,188.99,0.0
520176,2,127,3,58.99,0.0
520177,1,117,1,178.99,0.0
520178,1,128,2,28.99,0.2
520178,2,117,1,188.99,0.2
520178,3,132,1,48.99,0.2
520179,1,110,1,93.99,0.1
520180,1,121,3,216.99,0.0
520181,1,114,2,112.99,0.0
520182,1,122,1,78.99,0.0
520183,1,119,1,74.99,0.0
520183,2,118,2,83.99,0.0
520183,3,112,1,169.99,0.0
520183,4,125,1,29.99,0.0
520183,5,122,2,74.99,0.0
520184,1,127,2,55.99,0.0
520184,2,123,1,79.99,0.0
520184,3,120,2,235.99,0.0
520184,4,121,1,216.99,0.0
520184,5,129,1,41.99,0.0
520185,1,135,1,148.99,0.0
520186,1,132,1,48.99,0.0
520187,1,136,1,28.99,0.0
520187,2,109,2,68.99,0.0
520187,3,121,1,228.99,0.0
520188,1,121,1,228.99,0.0
520189,1,114,1,112.99,0.1
520189,2,115,1,30.99,0.1
520190,1,109,2,64.99,0.0
520191,1,126,1,78.99,0.0
520192,1,116,2,150.99,0.0
520192,2,112,3,169.99,0.0
520192,3,117,2,178.99,0.0
520193,1,138,2,80.99,0.0
520194,1,124,2,58.99,0.0
520194,2,138,1,98.99,0.0
520195,1,106,2,71.99,0.0
520196,1,119,1,78.99,0.1
520196,2,114,2,138.99,0.1
520197,1,115,1,36.99,0.0
520198,1,102,1,418.99,0.0
520199,1,122,3,78.99,0.2
520200,1,125,1,31.99,0.1
520201,1,113,3,208.99,0.0
520201,2,103,2,348.99,0.0
520202,1,119,2,63.99,0.2
520203,1,118,2,88.99,0.1
520203,2,121,1,228.99,0.1
520203,3,129,2,44.99,0.1
520203,4,125,3,31.99,0.1
520204,1,135,3,148.99,0.2
520204,2,117,1,188.99,0.2
520205,1,137,1,34.99,0.1
520205,2,125,2,31.99,0.1
520205,3,116,2,158.99,0.1
520205,4,127,1,58.99,0.1
520206,1,131,1,22.99,0.0
520206,2,115,2,36.99,0.0
520207,1,114,1,138.99,0.0
520208,1,122,2,74.99,0.0
520209,1,106,1,88.99,0.0
520210,1,106,1,83.99,0.0
520211,1,109,2,55.99,0.3
520211,2,126,1,63.99,0.3
520211,3,128,1,22.99,0.3
520212,1,126,3,78.99,0.0
520212,2,105,1,118.99,0.0
520212,3,116,1,158.99,0.0
520212,4,125,1,31.99,0.0
520213,1,105,1,118.99,0.3
520213,2,130,1,18.99,0.3
520214,1,121,2,216.99,0.1
520214,2,134,1,226.99,0.1
520215,1,117,3,153.99,0.0
520216,1,106,1,88.99,0.0
520216,2,102,2,418.99,0.0
520217,1,109,1,68.99,0.0
520218,1,101,1,288.99,0.0
520219,1,122,1,78.99,0.0
520219,2,135,3,148.99,0.0
520220,1,137,1,34.99,0.0
520220,2,118,1,88.99,0.0
520220,3,115,1,38.99,0.0
520221,1,135,3,140.99,0.0
520222,1,131,1,24.99,0.0
520223,1,130,1,17.99,0.0
520224,1,111,1,48.99,0.1
520224,2,131,3,24.99,0.1
520225,1,108,2,278.99,0.0
520226,1,116,3,150.99,0.0
520226,2,120,1,235.99,0.0
520226,3,108,2,264.99,0.0
520227,1,114,1,131.99,0.0
520228,1,113,1,197.99,0.0
520228,2,120,1,235.99,0.0
520229,1,123,1,79.99,0.0
520230,1,106,2,83.99,0.0
520230,2,117,3,178.99,0.0
520230,3,129,1,41.99,0.0
520231,1,116,3,158.99,0.0
520232,1,121,1,228.99,0.0
520233,1,137,1,32.99,0.0
520233,2,119,1,74.99,0.0
520234,1,138,2,93.99,0.0
520235,1,112,2,178.99,0.0
520236,1,119,3,74.99,0.0
520237,1,123,2,84.99,0.0
520237,2,128,1,28.99,0.0
520238,1,110,1,98.99,0.3
520239,1,113,2,197.99,0.0
520239,2,125,2,29.99,0.0
520239,3,116,2,150.99,0.0
520239,4,128,3,26.99,0.0
520240,1,109,2,64.99,0.0
520241,1,118,2,83.99,0.1
520241,2,120,1,235.99,0.1
520241,3,137,3,32.99,0.1
520241,4,103,1,330.99,0.1
520242,1,107,1,162.99,0.1
520242,2,127,1,47.99,0.1
520243,1,114,1,131.99,0.1
520244,1,130,1,17.99,0.1
520244,2,133,1,112.99,0.1
520245,1,135,3,148.99,0.0
520246,1,104,3,528.99,0.0
520247,1,120,1,248.99,0.0
520247,2,121,1,228.99,0.0
520248,1,106,1,88.99,0.0
520249,1,103,2,348.99,0.0
520250,1,112,2,178.99,0.1
520251,1,122,1,78.99,0.0
520252,1,134,1,226.99,0.1
520253,1,116,2,150.99,0.0
520253,2,109,1,64.99,0.0
520254,1,109,1,55.99,0.1
520255,1,115,1,30.99,0.0
520255,2,129,2,35.99,0.0
520255,3,111,1,39.99,0.0
520255,4,122,1,63.99,0.0
520255,5,133,1,96.99,0.0
520256,1,137,3,34.99,0.0
520256,2,117,1,188.99,0.0
520256,3,122,2,78.99,0.0
520257,1,122,2,74.99,0.2
520257,2,108,1,264.99,0.2
520257,3,105,1,112.99,0.2
520257,4,103,1,330.99,0.2
520258,1,123,3,84.99,0.0
520259,1,127,2,47.99,0.0
520259,2,121,2,186.99,0.0
520259,3,110,1,80.99,0.0
520260,1,120,2,248.99,0.0
520261,1,114,1,138.99,0.2
520261,2,132,1,48.99,0.2
520261,3,124,1,58.99,0.2
520261,4,135,1,148.99,0.2
520262,1,130,2,18.99,0.0
520263,1,127,1,58.99,0.3
520263,2,104,1,528.99,0.3
520264,1,121,1,228.99,0.0
520264,2,127,1,58.99,0.0
520265,1,113,1,197.99,0.0
520265,2,120,3,235.99,0.0
520266,1,134,1,238.99,0.0
520267,1,128,3,26.99,0.0
520267,2,125,1,29.99,0.0
520267,3,126,2,74.99,0.0
520268,1,103,3,330.99,0.0
520268,2,117,1,178.99,0.0
520269,1,134,1,238.99,0.0
520269,2,125,1,31.99,0.0
520269,3,124,2,58.99,0.0
520269,4,122,1,78.99,0.0
520270,1,112,2,145.99,0.0
520271,1,122,1,78.99,0.0
520272,1,119,1,78.99,0.1
520273,1,126,2,78.99,0.0
520274,1,129,2,35.99,0.0
520275,1,123,1,84.99,0.0
520275,2,136,1,28.99,0.0
520276,1,113,1,208.99,0.1
520276,2,118,1,88.99,0.1
520276,3,123,1,84.99,0.1
520276,4,117,2,188.99,0.1
520277,1,122,2,78.99,0.0
520277,2,118,1,88.99,0.0
520278,1,121,1,228.99,0.0
520278,2,118,1,88.99,0.0
520278,3,102,2,418.99,0.0
520279,1,135,1,140.99,0.0
520279,2,101,2,273.99,0.0
520280,1,132,2,45.99,0.0
520280,2,126,2,74.99,0.0
520280,3,128,1,26.99,0.0
520280,4,116,3,150.99,0.0
520281,1,112,1,178.99,0.0
520282,1,124,1,55.99,0.0
520282,2,123,1,79.99,0.0
520283,1,117,1,153.99,0.0
520283,2,130,1,14.99,0.0
520283,3,118,1,71.99,0.0
520283,4,108,1,227.99,0.0
520284,1,125,1,25.99,0.0
520285,1,113,1,170.99,0.0
520286,1,120,1,235.99,0.0
520287,1,111,2,48.99,0.2
520288,1,102,3,397.99,0.0
520288,2,116,1,150.99,0.0
520288,3,132,2,45.99,0.0
520288,4,105,3,112.99,0.0
520288,5,124,1,55.99,0.0
520289,1,108,2,227.99,0.1
520290,1,123,1,79.99,0.1
520291,1,129,1,35.99,0.1
520292,1,106,1,83.99,0.0
520293,1,132,2,48.99,0.1
520293,2,138,1,98.99,0.1
520294,1,115,3,38.99,0.0
520294,2,126,1,78.99,0.0
520294,3,102,2,418.99,0.0
520294,4,123,2,84.99,0.0
520294,5,125,1,31.99,0.0
520295,1,138,1,93.99,0.0
520295,2,115,3,36.99,0.0
520296,1,113,1,197.99,0.0
520297,1,102,1,397.99,0.0
520298,1,121,1,228.99,0.0
520298,2,118,1,88.99,0.0
520299,1,123,1,79.99,0.0
520300,1,117,3,178.99,0.0
520301,1,138,1,98.99,0.0
520302,1,105,2,96.99,0.3
520302,2,129,1,35.99,0.3
520302,3,112,1,145.99,0.3
520303,1,118,1,83.99,0.0
520303,2,126,1,74.99,0.0
520303,3,119,1,74.99,0.0
520304,1,129,2,44.99,0.1
520304,2,134,3,238.99,0.1
520305,1,115,1,30.99,0.0
520305,2,120,1,203.99,0.0
520306,1,123,3,84.99,0.0
520306,2,125,2,31.99,0.0
520306,3,127,3,58.99,0.0
520306,4,133,1,118.99,0.0
520307,1,118,2,88.99,0.0
520307,2,119,2,78.99,0.0
520307,3,126,1,78.99,0.0
520307,4,138,3,98.99,0.0
520307,5,135,3,148.99,0.0
520308,1,122,1,78.99,0.0
520309,1,120,1,248.99,0.1
520309,2,125,1,31.99,0.1
520309,3,114,1,138.99,0.1
520310,1,132,2,45.99,0.1
520310,2,114,1,131.99,0.1
520310,3,120,2,235.99,0.1
520310,4,111,1,45.99,0.1
520310,5,136,1,26.99,0.1
520311,1,118,1,83.99,0.0
520311,2,137,3,32.99,0.0
520311,3,108,2,264.99,0.0
520311,4,119,1,74.99,0.0
520311,5,126,1,74.99,0.0
520312,1,118,2,88.99,0.0
520312,2,105,1,118.99,0.0
520312,3,109,1,68.99,0.0
520313,1,124,1,58.99,0.0
520313,2,137,1,34.99,0.0
520314,1,107,1,198.99,0.0
520314,2,112,1,178.99,0.0
520315,1,125,2,31.99,0.1
520316,1,120,1,235.99,0.0
520317,1,131,1,24.99,0.0
520317,2,115,1,38.99,0.0
520318,1,116,1,150.99,0.0
520319,1,118,2,83.99,0.0
520320,1,117,1,188.99,0.0
520320,2,111,1,48.99,0.0
520321,1,138,2,98.99,0.1
520321,2,131,2,24.99,0.1
520322,1,118,1,88.99,0.0
520322,2,131,1,24.99,0.0
520322,3,120,1,248.99,0.0
520322,4,130,1,18.99,0.0
520323,1,119,3,78.99,0.0
520323,2,112,1,178.99,0.0
520323,3,135,1,148.99,0.0
520324,1,106,1,88.99,0.0
520325,1,111,3,45.99,0.2
520325,2,118,1,83.99,0.2
520326,1,124,1,55.99,0.0
520326,2,123,3,79.99,0.0
520326,3,125,1,29.99,0.0
520327,1,102,2,342.99,0.1
520328,1,119,1,63.99,0.0
520328,2,106,1,71.99,0.0
520329,1,110,1,80.99,0.1
520329,2,104,3,432.99,0.1
520330,1,111,1,48.99,0.1
520331,1,120,2,235.99,0.1
520332,1,105,1,118.99,0.0
520333,1,119,1,78.99,0.1
520334,1,129,2,44.99,0.0
520334,2,133,2,118.99,0.0
520334,3,136,1,28.99,0.0
520334,4,114,1,138.99,0.0
520334,5,104,1,528.99,0.0
520335,1,124,2,58.99,0.3
520336,1,134,1,226.99,0.0
520336,2,114,1,131.99,0.0
520337,1,127,1,58.99,0.0
520338,1,110,1,93.99,0.2
520339,1,128,2,28.99,0.0
520340,1,110,1,80.99,0.0
520341,1,136,3,28.99,0.0
520342,1,101,1,288.99,0.1
520342,2,103,1,348.99,0.1
520343,1,133,2,118.99,0.0
520343,2,128,3,28.99,0.0
520344,1,108,2,278.99,0.0
520344,2,113,1,208.99,0.0
520345,1,120,1,248.99,0.2
520345,2,124,1,58.99,0.2
520345,3,105,2,118.99,0.2
520346,1,101,2,288.99,0.0
520347,1,109,1,55.99,0.0
520348,1,138,1,98.99,0.0
520348,2,120,1,248.99,0.0
520349,1,111,2,48.99,0.2
520350,1,123,1,84.99,0.0
520351,1,119,2,74.99,0.0
520351,2,114,3,131.99,0.0
520351,3,116,1,150.99,0.0
520351,4,108,1,264.99,0.0
520351,5,122,1,74.99,0.0
520352,1,123,2,84.99,0.0
520353,1,125,1,31.99,0.1
520354,1,112,3,178.99,0.0
520355,1,122,2,74.99,0.0
520355,2,112,3,169.99,0.0
520355,3,105,1,112.99,0.0
520355,4,106,1,83.99,0.0
520355,5,110,3,93.99,0.0
520356,1,108,1,278.99,0.0
520357,1,130,1,18.99,0.1
520357,2,101,1,288.99,0.1
520357,3,112,2,178.99,0.1
520358,1,112,1,178.99,0.1
520358,2,110,1,98.99,0.1
520358,3,121,1,228.99,0.1
520359,1,128,2,22.99,0.0
520359,2,119,1,63.99,0.0
520360,1,113,1,208.99,0.0
520361,1,106,3,88.99,0.0
520362,1,121,1,216.99,0.1
520362,2,118,1,83.99,0.1
520362,3,127,1,55.99,0.1
520363,1,115,3,36.99,0.0
520364,1,125,1,31.99,0.0
520365,1,111,1,48.99,0.2
520366,1,114,1,138.99,0.0
520366,2,134,2,238.99,0.0
520367,1,118,2,88.99,0.0
520368,1,102,2,418.99,0.3
520368,2,113,2,208.99,0.3
520369,1,118,1,88.99,0.2
520369,2,133,1,118.99,0.2
520370,1,120,1,235.99,0.0
520371,1,121,3,228.99,0.0
520371,2,133,1,118.99,0.0
520372,1,128,1,28.99,0.0
520373,1,118,1,88.99,0.0
520374,1,125,1,29.99,0.0
520374,2,137,2,32.99,0.0
520374,3,115,3,36.99,0.0
520374,4,107,1,188.99,0.0
520375,1,126,1,74.99,0.0
520376,1,109,1,64.99,0.1
520377,1,115,1,36.99,0.0
520378,1,127,1,58.99,0.2
520378,2,119,1,78.99,0.2
520379,1,117,1,188.99,0.2
520380,1,132,2,48.99,0.2
520381,1,127,1,58.99,0.0
520381,2,112,1,178.99,0.0
520381,3,129,1,44.99,0.0
520382,1,122,3,63.99,0.0
520383,1,128,2,28.99,0.0
520384,1,114,2,131.99,0.2
520385,1,120,1,235.99,0.0
520386,1,123,1,84.99,0.2
520386,2,137,1,34.99,0.2
520386,3,119,3,78.99,0.2
520387,1,136,1,28.99,0.0
520387,2,129,2,44.99,0.0
520387,3,119,2,78.99,0.0
520388,1,125,1,31.99,0.1
520388,2,122,1,78.99,0.1
520389,1,135,2,140.99,0.2
520390,1,116,3,158.99,0.0
520390,2,122,2,78.99,0.0
520391,1,103,1,348.99,0.0
520392,1,127,2,58.99,0.0
520393,1,121,1,228.99,0.0
520393,2,114,2,138.99,0.0
520394,1,126,1,74.99,0.0
520395,1,106,2,71.99,0.0
520395,2,126,1,63.99,0.0
520395,3,103,1,285.99,0.0
520395,4,136,3,22.99,0.0
520396,1,135,1,148.99,0.0
520397,1,121,1,228.99,0.0
520398,1,109,1,64.99,0.0
520399,1,137,3,34.99,0.0
520400,1,119,1,74.99,0.0
520401,1,116,2,158.99,0.3
520402,1,120,3,248.99,0.1
520403,1,115,1,30.99,0.1
520403,2,117,3,153.99,0.1
520403,3,125,1,25.99,0.1
520404,1,112,1,178.99,0.1
520404,2,124,2,58.99,0.1
520405,1,123,2,68.99,0.2
520405,2,111,3,39.99,0.2
520406,1,109,2,55.99,0.0
520406,2,119,2,63.99,0.0
520406,3,125,1,25.99,0.0
520407,1,131,2,24.99,0.0
520407,2,108,1,278.99,0.0
520408,1,122,3,74.99,0.0
520409,1,114,1,131.99,0.1
520410,1,125,2,31.99,0.2
520411,1,131,3,22.99,0.1
520412,1,112,3,178.99,0.2
520412,2,113,1,208.99,0.2
520412,3,103,3,348.99,0.2
520412,4,107,2,198.99,0.2
520413,1,120,3,235.99,0.0
520413,2,137,2,32.99,0.0
520414,1,118,1,83.99,0.0
520415,1,121,1,216.99,0.0
520415,2,125,1,29.99,0.0
520416,1,122,1,78.99,0.2
520417,1,113,1,197.99,0.0
520417,2,111,2,45.99,0.0
520418,1,118,3,71.99,0.0
520418,2,124,1,47.99,0.0
520419,1,116,3,150.99,0.0
520419,2,137,1,32.99,0.0
520419,3,107,1,188.99,0.0
520419,4,126,1,74.99,0.0
520419,5,111,1,45.99,0.0
520420,1,132,3,45.99,0.0
520421,1,117,3,188.99,0.0
520421,2,135,1,148.99,0.0
520421,3,138,1,98.99,0.0
520422,1,103,1,330.99,0.0
520423,1,130,2,17.99,0.0
520423,2,122,1,74.99,0.0
520424,1,121,1,186.99,0.0
520424,2,107,1,162.99,0.0
520424,3,130,3,14.99,0.0
520425,1,136,1,26.99,0.0
520426,1,127,2,58.99,0.1
520426,2,116,3,158.99,0.1
520427,1,111,1,48.99,0.0
520428,1,124,2,55.99,0.1
520428,2,115,1,36.99,0.1
520428,3,116,1,150.99,0.1
520428,4,130,1,17.99,0.1
520428,5,111,3,45.99,0.1
520429,1,106,1,88.99,0.0
520429,2,134,1,238.99,0.0
520429,3,118,3,88.99,0.0
520429,4,136,2,28.99,0.0
520430,1,112,2,178.99,0.0
520430,2,123,2,84.99,0.0
520431,1,113,2,197.99,0.0
520431,2,115,1,36.99,0.0
520432,1,117,1,188.99,0.0
520433,1,122,2,74.99,0.1
520433,2,110,1,93.99,0.1
520434,1,101,3,273.99,0.0
520435,1,122,2,74.99,0.1
520436,1,113,1,208.99,0.0
520437,1,127,1,58.99,0.1
520438,1,123,1,68.99,0.0
520438,2,106,1,71.99,0.0
520439,1,127,2,58.99,0.0
520439,2,114,2,138.99,0.0
520439,3,112,1,178.99,0.0
520439,4,125,1,31.99,0.0
520439,5,106,3,88.99,0.0
520440,1,121,1,228.99,0.2
520440,2,113,3,208.99,0.2
520440,3,119,1,78.99,0.2
520440,4,132,2,48.99,0.2
520441,1,137,2,34.99,0.0
520442,1,126,1,78.99,0.2
520443,1,126,2,74.99,0.0
520444,1,128,1,28.99,0.2
520444,2,121,3,228.99,0.2
520444,3,133,2,118.99,0.2
520444,4,102,3,418.99,0.2
520445,1,134,1,194.99,0.0
520445,2,102,2,342.99,0.0
520445,3,108,2,227.99,0.0
520445,4,123,3,68.99,0.0
520445,5,104,1,432.99,0.0
520446,1,115,1,38.99,0.0
520447,1,128,2,28.99,0.2
520448,1,127,1,58.99,0.0
520449,1,109,1,68.99,0.0
520449,2,106,2,88.99,0.0
520450,1,107,1,198.99,0.0
520451,1,124,1,58.99,0.0
520452,1,124,3,58.99,0.2
520452,2,119,1,78.99,0.2
520453,1,121,3,186.99,0.0
520453,2,132,1,39.99,0.0
520454,1,136,1,28.99,0.0
520455,1,102,1,418.99,0.0
520456,1,104,2,528.99,0.0
520456,2,121,3,228.99,0.0
520457,1,123,1,84.99,0.1
520457,2,127,1,58.99,0.1
520457,3,134,1,238.99,0.1
520457,4,131,3,24.99,0.1
520458,1,126,2,78.99,0.0
520458,2,119,2,78.99,0.0
520458,3,120,1,248.99,0.0
520459,1,110,3,93.99,0.0
520460,1,128,3,28.99,0.0
520460,2,125,2,31.99,0.0
520460,3,101,1,288.99,0.0
520460,4,117,2,188.99,0.0
520461,1,123,2,68.99,0.2
520462,1,121,1,228.99,0.3
520463,1,124,2,55.99,0.0
520464,1,109,2,55.99,0.0
520465,1,120,2,248.99,0.0
520465,2,127,2,58.99,0.0
520465,3,122,1,78.99,0.0
520465,4,134,1,238.99,0.0
520466,1,124,2,58.99,0.2
520466,2,120,1,248.99,0.2
520467,1,129,1,44.99,0.0
520467,2,107,1,198.99,0.0
520468,1,121,1,228.99,0.0
520469,1,120,2,248.99,0.1
520469,2,125,2,31.99,0.1
520470,1,106,1,83.99,0.0
520470,2,125,1,29.99,0.0
520471,1,112,1,178.99,0.0
520471,2,131,2,24.99,0.0
520472,1,119,1,78.99,0.0
520473,1,123,1,68.99,0.0
520473,2,125,1,25.99,0.0
520474,1,116,2,150.99,0.0
520475,1,119,1,74.99,0.3
520476,1,115,2,38.99,0.1
520476,2,122,1,78.99,0.1
520477,1,117,2,188.99,0.0
520477,2,124,3,58.99,0.0
520477,3,126,2,78.99,0.0
520478,1,122,3,78.99,0.1
520479,1,106,3,83.99,0.1
520479,2,124,1,55.99,0.1
520479,3,118,1,83.99,0.1
520480,1,108,1,278.99,0.0
520481,1,131,3,24.99,0.0
520482,1,108,1,278.99,0.0
520482,2,128,3,28.99,0.0
520482,3,116,1,158.99,0.0
520482,4,109,2,68.99,0.0
520483,1,113,3,197.99,0.0
520484,1,126,2,78.99,0.0
520484,2,128,2,28.99,0.0
520484,3,116,3,158.99,0.0
520484,4,138,1,98.99,0.0
520485,1,111,1,48.99,0.3
520485,2,120,1,248.99,0.3
520486,1,115,1,36.99,0.1
520487,1,134,1,194.99,0.0
520488,1,104,2,528.99,0.0
520489,1,134,2,226.99,0.0
520490,1,121,2,186.99,0.2
520490,2,116,1,129.99,0.2
520490,3,103,3,285.99,0.2
520490,4,110,1,80.99,0.2
520490,5,111,1,39.99,0.2
520491,1,124,1,55.99,0.0
520492,1,107,2,198.99,0.1
520492,2,133,1,118.99,0.1
520492,3,130,1,18.99,0.1
520492,4,118,2,88.99,0.1
520492,5,119,1,78.99,0.1
520493,1,124,2,55.99,0.2
520494,1,135,1,148.99,0.0
520495,1,122,3,74.99,0.1
520496,1,126,1,63.99,0.1
520496,2,136,3,22.99,0.1
520497,1,118,1,88.99,0.0
520498,1,123,1,79.99,0.0
520498,2,133,2,112.99,0.0
520498,3,111,1,45.99,0.0
520499,1,127,1,55.99,0.0
520499,2,116,1,150.99,0.0
520500,1,134,1,194.99,0.1
520501,1,133,2,118.99,0.2
520501,2,125,1,31.99,0.2
520502,1,113,1,208.99,0.2
520503,1,123,1,84.99,0.1
520504,1,119,1,78.99,0.2
520505,1,103,2,348.99,0.0
520506,1,121,1,228.99,0.0
520507,1,125,2,31.99,0.0
520507,2,137,3,34.99,0.0
520508,1,103,2,330.99,0.0
520509,1,106,1,83.99,0.0
520509,2,107,1,188.99,0.0
520510,1,132,1,48.99,0.0
520511,1,117,2,188.99,0.0
520512,1,123,2,79.99,0.1
520513,1,108,1,278.99,0.0
520514,1,122,1,63.99,0.0
520515,1,121,1,228.99,0.2
520516,1,131,2,24.99,0.0
520517,1,118,1,88.99,0.2
520517,2,104,1,528.99,0.2
520518,1,117,1,188.99,0.1
520519,1,132,2,39.99,0.0
520520,1,129,3,41.99,0.2
520521,1,123,2,68.99,0.0
520522,1,125,1,25.99,0.1
520522,2,119,3,63.99,0.1
520523,1,136,1,26.99,0.0
520523,2,124,1,55.99,0.0
520524,1,121,1,228.99,0.0
520525,1,113,1,197.99,0.2
520525,2,125,3,29.99,0.2
520525,3,137,1,32.99,0.2
520526,1,124,1,55.99,0.0
520526,2,125,3,29.99,0.0
520526,3,113,1,197.99,0.0
520526,4,127,3,55.99,0.0
520527,1,119,3,78.99,0.0
520527,2,122,1,78.99,0.0
520527,3,104,2,528.99,0.0
520528,1,119,1,78.99,0.1
520529,1,118,2,83.99,0.2
520529,2,121,1,216.99,0.2
520530,1,137,2,32.99,0.0
520530,2,105,1,112.99,0.0
520530,3,130,2,17.99,0.0
520530,4,116,3,150.99,0.0
520531,1,101,1,273.99,0.0
520532,1,103,3,285.99,0.0
520532,2,110,1,80.99,0.0
520533,1,101,1,288.99,0.3
520533,2,109,2,68.99,0.3
520533,3,102,1,418.99,0.3
520534,1,107,2,188.99,0.0
520535,1,107,1,198.99,0.0
520536,1,115,3,36.99,0.0
520536,2,121,2,216.99,0.0
520536,3,120,1,235.99,0.0
520536,4,129,1,41.99,0.0
520536,5,117,1,178.99,0.0
520537,1,129,1,35.99,0.0
520537,2,119,1,63.99,0.0
520537,3,107,1,162.99,0.0
520537,4,111,2,39.99,0.0
520538,1,102,1,418.99,0.0
520538,2,137,3,34.99,0.0
520539,1,131,1,24.99,0.0
520539,2,122,1,78.99,0.0
520540,1,135,1,140.99,0.0
520541,1,119,2,74.99,0.0
520542,1,136,2,28.99,0.0
520542,2,101,1,288.99,0.0
520543,1,136,2,28.99,0.2
520544,1,104,1,501.99,0.0
520544,2,123,1,79.99,0.0
520544,3,124,1,55.99,0.0
520544,4,122,3,74.99,0.0
520544,5,101,1,273.99,0.0
520545,1,119,1,78.99,0.2
520546,1,108,2,264.99,0.0
520547,1,131,2,22.99,0.0
520547,2,112,1,169.99,0.0
520548,1,125,1,31.99,0.0
520549,1,105,3,112.99,0.2
520549,2,123,1,79.99,0.2
520549,3,118,2,83.99,0.2
520550,1,123,1,84.99,0.1
520550,2,104,2,528.99,0.1
520551,1,128,1,28.99,0.1
520552,1,112,1,178.99,0.0
520553,1,126,1,63.99,0.0
520554,1,129,1,41.99,0.0
520554,2,102,3,397.99,0.0
520555,1,138,2,93.99,0.0
520556,1,115,1,30.99,0.0
520556,2,105,3,96.99,0.0
520557,1,136,1,22.99,0.0
520557,2,107,2,162.99,0.0
520557,3,130,1,14.99,0.0
520557,4,113,1,170.99,0.0
520558,1,120,1,248.99,0.0
520559,1,137,1,34.99,0.0
520560,1,114,1,138.99,0.0
520560,2,107,2,198.99,0.0
520561,1,105,1,112.99,0.0
520561,2,108,2,264.99,0.0
520562,1,117,1,153.99,0.0
520563,1,114,1,131.99,0.0
520564,1,134,3,226.99,0.0
520564,2,114,1,131.99,0.0
520564,3,119,1,74.99,0.0
520564,4,122,1,74.99,0.0
520565,1,119,1,74.99,0.0
520566,1,137,2,34.99,0.0
520567,1,112,1,145.99,0.3
520568,1,129,1,44.99,0.0
520569,1,108,2,264.99,0.0
520570,1,113,1,208.99,0.0
520571,1,122,1,78.99,0.0
520572,1,129,2,41.99,0.0
520573,1,136,3,26.99,0.1
520573,2,119,1,74.99,0.1
520573,3,134,1,226.99,0.1
520574,1,122,3,78.99,0.0
520574,2,125,1,31.99,0.0
520575,1,108,2,278.99,0.0
520575,2,115,2,38.99,0.0
520576,1,115,3,38.99,0.0
520576,2,125,2,31.99,0.0
520576,3,117,1,188.99,0.0
520577,1,105,1,118.99,0.0
520577,2,121,1,228.99,0.0
520577,3,116,2,158.99,0.0
520577,4,113,1,208.99,0.0
520578,1,109,2,68.99,0.0
520579,1,113,1,197.99,0.0
520579,2,126,2,74.99,0.0
520579,3,130,1,17.99,0.0
520580,1,130,2,17.99,0.0
520581,1,101,1,288.99,0.0
520582,1,106,1,83.99,0.0
520582,2,138,1,93.99,0.0
520583,1,103,2,330.99,0.0
520583,2,122,1,74.99,0.0
520583,3,120,1,235.99,0.0
520584,1,108,1,278.99,0.0
520585,1,103,1,348.99,0.0
520585,2,123,1,84.99,0.0
520585,3,111,2,48.99,0.0
520586,1,137,2,34.99,0.0
520587,1,115,2,38.99,0.0
520588,1,133,1,118.99,0.2
520589,1,114,2,131.99,0.0
520589,2,129,1,41.99,0.0
520589,3,116,1,150.99,0.0
520590,1,121,2,228.99,0.1
520590,2,111,2,48.99,0.1
520590,3,124,2,58.99,0.1
520590,4,120,2,248.99,0.1
520590,5,119,3,78.99,0.1
520591,1,121,1,228.99,0.1
520591,2,114,2,138.99,0.1
520592,1,137,1,27.99,0.0
520592,2,114,3,112.99,0.0
520592,3,133,1,96.99,0.0
520593,1,137,1,34.99,0.0
520594,1,138,1,80.99,0.0
520594,2,116,1,129.99,0.0
520595,1,124,3,58.99,0.0
520596,1,118,2,83.99,0.0
520597,1,119,2,78.99,0.0
520597,2,108,1,278.99,0.0
520597,3,125,2,31.99,0.0
520598,1,123,1,84.99,0.1
520598,2,122,1,78.99,0.1
520599,1,125,2,31.99,0.2
520600,1,110,2,98.99,0.0
520601,1,116,3,158.99,0.0
520602,1,122,1,63.99,0.0
520602,2,114,1,112.99,0.0
520602,3,131,1,19.99,0.0
520602,4,124,3,47.99,0.0
520602,5,132,1,39.99,0.0
520603,1,129,1,44.99,0.0
520603,2,124,2,58.99,0.0
520603,3,125,2,31.99,0.0
520603,4,112,2,178.99,0.0
520603,5,116,1,158.99,0.0
520604,1,133,2,118.99,0.0
520604,2,117,1,188.99,0.0
520604,3,126,3,78.99,0.0
520604,4,115,2,38.99,0.0
520605,1,110,2,93.99,0.0
520605,2,116,2,150.99,0.0
520606,1,128,1,28.99,0.0
520607,1,122,1,78.99,0.2
520608,1,119,3,78.99,0.0
520609,1,133,1,118.99,0.0
520609,2,136,1,28.99,0.0
520609,3,111,2,48.99,0.0
520610,1,103,2,330.99,0.0
520611,1,114,2,138.99,0.1
520611,2,110,2,98.99,0.1
520612,1,137,3,34.99,0.0
520612,2,105,1,118.99,0.0
520612,3,116,1,158.99,0.0
520612,4,109,2,68.99,0.0
520612,5,108,1,278.99,0.0
520613,1,114,2,138.99,0.0
520613,2,112,2,178.99,0.0
520614,1,124,2,58.99,0.0
520614,2,119,1,78.99,0.0
520614,3,107,1,198.99,0.0
520615,1,106,1,83.99,0.1
520616,1,122,1,74.99,0.0
520616,2,120,1,235.99,0.0
520616,3,130,1,17.99,0.0
520617,1,113,1,197.99,0.0
520618,1,133,1,118.99,0.0
520618,2,115,2,38.99,0.0
520619,1,137,1,27.99,0.1
520619,2,122,2,63.99,0.1
520620,1,109,2,64.99,0.2
520620,2,104,2,501.99,0.2
520621,1,119,1,78.99,0.0
520622,1,103,3,348.99,0.0
520622,2,104,3,528.99,0.0
520623,1,107,1,188.99,0.1
520623,2,113,1,197.99,0.1
520624,1,116,1,129.99,0.3
520625,1,125,1,29.99,0.0
520625,2,120,3,235.99,0.0
520626,1,124,2,58.99,0.1
520627,1,107,1,198.99,0.0
520628,1,123,1,84.99,0.0
520629,1,130,1,18.99,0.0
520630,1,118,2,71.99,0.0
520631,1,124,2,58.99,0.0
520632,1,133,3,118.99,0.0
520632,2,126,3,78.99,0.0
520633,1,117,2,188.99,0.0
520633,2,101,2,288.99,0.0
520633,3,125,1,31.99,0.0
520634,1,111,2,48.99,0.0
520635,1,119,2,63.99,0.0
520635,2,130,2,14.99,0.0
520636,1,116,2,158.99,0.2
520637,1,116,1,158.99,0.0
520637,2,122,1,78.99,0.0
520638,1,129,2,41.99,0.0
520639,1,111,1,45.99,0.2
520640,1,118,3,83.99,0.0
520641,1,127,1,58.99,0.0
520642,1,122,2,63.99,0.0
520643,1,132,2,48.99,0.3
520643,2,131,1,24.99,0.3
520644,1,104,2,432.99,0.1
520645,1,120,3,203.99,0.2
520646,1,108,1,264.99,0.0
520647,1,134,2,238.99,0.0
520647,2,118,2,88.99,0.0
520648,1,108,3,278.99,0.0
520649,1,111,2,48.99,0.0
520650,1,113,1,208.99,0.0
520651,1,110,2,98.99,0.3
520652,1,114,2,138.99,0.0
520653,1,119,1,78.99,0.2
520654,1,105,1,96.99,0.0
520655,1,115,1,38.99,0.0
520656,1,127,1,58.99,0.0
520656,2,132,1,48.99,0.0
520657,1,108,1,264.99,0.1
520657,2,112,1,169.99,0.1
520657,3,110,1,93.99,0.1
520658,1,112,2,145.99,0.0
520658,2,110,2,80.99,0.0
520659,1,118,2,83.99,0.0
520659,2,126,1,74.99,0.0
520659,3,130,1,17.99,0.0
520660,1,134,1,226.99,0.1
520661,1,127,1,58.99,0.0
520661,2,125,2,31.99,0.0
520662,1,120,3,235.99,0.1
520662,2,123,1,79.99,0.1
520663,1,125,1,31.99,0.1
520663,2,111,2,48.99,0.1
520663,3,121,2,228.99,0.1
520664,1,136,2,28.99,0.0
520664,2,123,3,84.99,0.0
520665,1,138,1,98.99,0.1
520666,1,124,1,58.99,0.1
520667,1,114,2,138.99,0.1
520668,1,112,2,178.99,0.0
520668,2,119,3,78.99,0.0
520669,1,103,1,330.99,0.0
520669,2,124,3,55.99,0.0
520670,1,113,2,208.99,0.0
520671,1,138,2,98.99,0.0
520672,1,104,1,528.99,0.2
520673,1,112,2,145.99,0.3
520673,2,115,1,30.99,0.3
520674,1,115,2,38.99,0.0
520675,1,116,1,150.99,0.0
520676,1,129,1,44.99,0.2
520677,1,112,1,169.99,0.0
520678,1,102,1,342.99,0.0
520679,1,113,1,197.99,0.0
520680,1,121,1,228.99,0.0
520681,1,131,1,22.99,0.1
520681,2,116,2,150.99,0.1
520682,1,135,2,148.99,0.0
520682,2,108,1,278.99,0.0
520682,3,137,1,34.99,0.0
520683,1,124,1,58.99,0.0
520683,2,101,1,288.99,0.0
520684,1,103,1,330.99,0.0
520685,1,131,3,19.99,0.1
520685,2,104,3,432.99,0.1
520685,3,136,1,22.99,0.1
520685,4,118,1,71.99,0.1
520686,1,118,1,83.99,0.2
520687,1,107,1,188.99,0.0
520688,1,112,3,178.99,0.0
520688,2,132,2,48.99,0.0
520689,1,127,1,58.99,0.0
520690,1,136,1,26.99,0.0
520691,1,121,1,228.99,0.0
520691,2,125,1,31.99,0.0
520692,1,136,2,28.99,0.0
520693,1,131,1,22.99,0.0
520693,2,121,1,216.99,0.0
520694,1,123,1,84.99,0.0
520695,1,134,1,194.99,0.0
520696,1,118,1,88.99,0.0
520696,2,111,2,48.99,0.0
520696,3,105,1,118.99,0.0
520696,4,109,3,68.99,0.0
520697,1,111,1,48.99,0.0
520697,2,122,1,78.99,0.0
520698,1,135,1,148.99,0.2
520699,1,118,2,88.99,0.1
520700,1,126,1,78.99,0.0
520700,2,106,3,88.99,0.0
520701,1,124,2,47.99,0.0
520701,2,118,1,71.99,0.0
520702,1,128,2,22.99,0.0
520703,1,131,1,22.99,0.0
520704,1,124,1,47.99,0.1
520705,1,122,1,78.99,0.0
520706,1,116,3,158.99,0.0
520706,2,114,1,138.99,0.0
520707,1,113,3,208.99,0.0
520708,1,114,2,138.99,0.0
520709,1,109,1,68.99,0.0
520710,1,126,2,74.99,0.0
520711,1,121,2,228.99,0.0
520711,2,120,1,248.99,0.0
520712,1,102,2,418.99,0.0
520713,1,104,3,528.99,0.0
520714,1,128,2,28.99,0.2
520714,2,102,2,418.99,0.2
520715,1,135,1,148.99,0.0
520716,1,125,2,29.99,0.1
520717,1,118,2,88.99,0.0
520718,1,120,1,203.99,0.0
520719,1,118,2,83.99,0.1
520720,1,125,1,25.99,0.1
520721,1,114,1,131.99,0.0
520721,2,137,3,32.99,0.0
520721,3,118,3,83.99,0.0
520721,4,133,1,112.99,0.0
520721,5,120,2,235.99,0.0
520722,1,132,3,48.99,0.2
520723,1,131,2,24.99,0.2
520723,2,115,1,38.99,0.2
520723,3,120,1,248.99,0.2
520724,1,111,1,48.99,0.0
520724,2,116,1,158.99,0.0
