return_id,order_id,product_id,return_date,qty_returned,reason
1,500054,126,2025-01-12,1,Changed mind
2,500036,118,2025-01-15,1,Not as described
3,500004,109,2025-01-17,1,Defective
4,500035,119,2025-01-17,1,Wrong size
5,500108,124,2025-01-17,3,Wrong size
6,500092,116,2025-01-17,1,Wrong size
7,500052,115,2025-01-18,2,Wrong size
8,500181,112,2025-01-19,1,Wrong size
9,500068,117,2025-01-20,1,Wrong size
10,500119,106,2025-01-22,3,Not as described
11,500007,117,2025-01-22,1,Defective
12,500231,121,2025-01-22,3,Wrong size
13,500005,108,2025-01-23,1,Defective
14,500216,120,2025-01-24,2,Wrong size
15,500222,135,2025-01-24,1,Not as described
16,500067,115,2025-01-24,1,Wrong size
17,500029,108,2025-01-25,1,Defective
18,500273,121,2025-01-25,1,Changed mind
19,500123,120,2025-01-25,1,Wrong size
20,500211,117,2025-01-25,1,Uncomfortable
21,500139,135,2025-01-26,1,Defective
22,500129,116,2025-01-28,1,Wrong size
23,500068,117,2025-01-29,1,Wrong size
24,500225,138,2025-01-29,1,Not as described
25,500046,135,2025-01-30,2,Not as described
26,500266,123,2025-01-30,1,Not as described
27,500247,120,2025-01-31,1,Changed mind
28,500165,112,2025-01-31,1,Uncomfortable
29,500123,120,2025-01-31,1,Wrong size
30,500046,102,2025-02-01,1,Defective
31,500067,115,2025-02-01,1,Uncomfortable
32,500292,108,2025-02-02,1,Changed mind
33,500293,138,2025-02-03,1,Arrived damaged
34,500035,119,2025-02-03,1,Not as described
35,500330,113,2025-02-03,1,Wrong size
36,500337,123,2025-02-04,1,Not as described
37,500216,122,2025-02-04,1,Not as described
38,500375,116,2025-02-04,1,Wrong size
39,500355,124,2025-02-04,1,Not as described
40,500111,114,2025-02-05,1,Defective
41,500092,116,2025-02-05,1,Defective
42,500203,134,2025-02-05,2,Changed mind
43,500303,122,2025-02-06,2,Wrong size
44,500302,125,2025-02-06,1,Not as described
45,500129,116,2025-02-06,1,Wrong size
46,500267,121,2025-02-06,1,Wrong size
47,500193,135,2025-02-07,3,Arrived damaged
48,500004,109,2025-02-07,1,Not as described
49,500206,113,2025-02-07,3,Wrong size
50,500174,112,2025-02-07,1,Wrong size
51,500392,125,2025-02-08,1,Changed mind
52,500382,111,2025-02-08,1,Arrived damaged
53,500244,123,2025-02-09,1,Wrong size
54,500340,119,2025-02-09,1,Wrong size
55,500350,117,2025-02-09,1,Wrong size
56,500492,104,2025-02-10,1,Arrived damaged
57,500313,136,2025-02-10,1,Defective
58,500331,137,2025-02-11,1,Arrived damaged
59,500504,117,2025-02-12,1,Uncomfortable
60,500222,135,2025-02-12,1,Defective
61,500486,117,2025-02-13,1,Uncomfortable
62,500407,129,2025-02-13,1,Arrived damaged
63,500478,124,2025-02-14,1,Wrong size
64,500292,122,2025-02-14,2,Wrong size
65,500282,123,2025-02-14,2,Wrong size
66,500475,122,2025-02-15,2,Wrong size
67,500405,130,2025-02-15,1,Not as described
68,500605,121,2025-02-15,3,Not as described
69,500054,126,2025-02-15,1,Not as described
70,500280,116,2025-02-17,1,Wrong size
71,500293,115,2025-02-18,1,Defective
72,500458,122,2025-02-19,2,Changed mind
73,500430,116,2025-02-20,1,Wrong size
74,500532,115,2025-02-20,1,Defective
75,500545,119,2025-02-21,2,Wrong size
76,500553,114,2025-02-21,3,Uncomfortable
77,500472,134,2025-02-21,1,Defective
78,500668,133,2025-02-21,2,Changed mind
79,500381,124,2025-02-22,2,Changed mind
80,500698,125,2025-02-23,1,Not as described
81,500585,102,2025-02-24,1,Arrived damaged
82,500693,107,2025-02-24,1,Not as described
83,500736,138,2025-02-24,2,Changed mind
84,500471,116,2025-02-24,1,Uncomfortable
85,500611,114,2025-02-24,1,Wrong size
86,500781,138,2025-02-25,1,Arrived damaged
87,500392,125,2025-02-25,1,Not as described
88,500794,114,2025-02-26,1,Wrong size
89,500505,110,2025-02-27,1,Not as described
90,500741,137,2025-02-27,1,Changed mind
91,500760,107,2025-02-27,1,Not as described
92,500608,117,2025-02-27,1,Wrong size
93,500528,132,2025-02-28,1,Changed mind
94,500454,120,2025-02-28,1,Changed mind
95,500531,108,2025-02-28,2,Changed mind
96,500331,137,2025-02-28,1,Changed mind
97,500717,110,2025-03-01,1,Not as described
98,500602,116,2025-03-01,1,Uncomfortable
99,500375,116,2025-03-01,1,Uncomfortable
100,500508,102,2025-03-01,1,Changed mind
101,500826,123,2025-03-03,1,Changed mind
102,500603,130,2025-03-04,1,Changed mind
103,500720,101,2025-03-05,1,Changed mind
104,500740,130,2025-03-05,1,Defective
105,500953,101,2025-03-06,2,Not as described
106,500879,125,2025-03-07,1,Not as described
107,500809,130,2025-03-07,1,Arrived damaged
108,500558,117,2025-03-07,1,Defective
109,500628,114,2025-03-08,1,Defective
110,500566,112,2025-03-08,2,Wrong size
111,500963,107,2025-03-09,1,Arrived damaged
112,500914,119,2025-03-09,1,Changed mind
113,501002,116,2025-03-09,3,Wrong size
114,500592,125,2025-03-10,2,Changed mind
115,500579,127,2025-03-10,1,Changed mind
116,500478,124,2025-03-10,2,Wrong size
117,500705,121,2025-03-10,2,Wrong size
118,500826,120,2025-03-11,1,Wrong size
119,500905,119,2025-03-11,1,Wrong size
120,500813,102,2025-03-11,1,Defective
121,501040,118,2025-03-11,1,Wrong size
122,500642,122,2025-03-12,1,Wrong size
123,500942,115,2025-03-12,1,Uncomfortable
124,501026,118,2025-03-12,1,Not as described
125,501085,125,2025-03-12,1,Wrong size
126,500861,112,2025-03-12,1,Wrong size
127,500772,135,2025-03-12,3,Defective
128,500602,116,2025-03-13,2,Uncomfortable
129,500994,127,2025-03-13,1,Not as described
130,500834,108,2025-03-13,1,Not as described
131,500904,120,2025-03-14,1,Changed mind
132,501141,120,2025-03-15,2,Wrong size
133,501108,124,2025-03-15,1,Wrong size
134,501077,123,2025-03-16,1,Not as described
135,501008,113,2025-03-16,1,Wrong size
136,501119,132,2025-03-16,1,Defective
137,500902,113,2025-03-16,2,Uncomfortable
138,500881,113,2025-03-17,2,Defective
139,500718,117,2025-03-17,2,Defective
140,501160,120,2025-03-17,1,Changed mind
141,500994,115,2025-03-17,1,Wrong size
142,500924,121,2025-03-18,1,Not as described
143,501147,119,2025-03-18,1,Wrong size
144,500504,117,2025-03-18,2,Defective
145,500900,120,2025-03-19,1,Changed mind
146,500585,102,2025-03-19,1,Defective
147,500717,110,2025-03-19,2,Not as described
148,500798,116,2025-03-19,1,Uncomfortable
149,500997,117,2025-03-19,3,Wrong size
150,500931,117,2025-03-19,1,Wrong size
151,501049,131,2025-03-19,1,Arrived damaged
152,500841,118,2025-03-19,1,Wrong size
153,501113,121,2025-03-19,1,Changed mind
154,500891,108,2025-03-19,1,Changed mind
155,500941,124,2025-03-19,1,Changed mind
156,501015,123,2025-03-20,1,Wrong size
157,501188,110,2025-03-20,1,Defective
158,501032,115,2025-03-20,1,Uncomfortable
159,501137,125,2025-03-20,1,Changed mind
160,500926,106,2025-03-20,1,Changed mind
161,500947,115,2025-03-20,1,Wrong size
162,500927,138,2025-03-20,1,Defective
163,501217,114,2025-03-21,1,Wrong size
164,501008,114,2025-03-21,1,Wrong size
165,501116,114,2025-03-22,1,Wrong size
166,501285,137,2025-03-22,1,Not as described
167,501146,125,2025-03-23,1,Changed mind
168,501293,116,2025-03-23,1,Uncomfortable
169,500813,102,2025-03-23,1,Defective
170,500824,120,2025-03-23,1,Wrong size
171,501269,103,2025-03-24,1,Arrived damaged
172,501376,120,2025-03-24,3,Wrong size
173,501387,127,2025-03-25,1,Changed mind
174,501198,114,2025-03-25,1,Defective
175,501190,121,2025-03-25,1,Wrong size
176,500741,137,2025-03-25,1,Arrived damaged
177,500924,121,2025-03-25,1,Changed mind
178,501150,121,2025-03-26,1,Changed mind
179,500986,115,2025-03-26,2,Uncomfortable
180,501093,137,2025-03-27,3,Changed mind
181,500904,125,2025-03-27,1,Changed mind
182,500942,115,2025-03-27,1,Uncomfortable
183,501447,114,2025-03-27,1,Uncomfortable
184,501215,114,2025-03-28,2,Wrong size
185,500826,123,2025-03-28,1,Changed mind
186,501082,118,2025-03-28,1,Wrong size
187,500909,101,2025-03-28,1,Arrived damaged
188,501330,120,2025-03-28,1,Wrong size
189,501248,135,2025-03-29,3,Changed mind
190,501075,115,2025-03-29,1,Wrong size
191,501463,115,2025-03-29,1,Defective
192,501001,118,2025-03-29,1,Changed mind
193,501000,119,2025-03-29,2,Not as described
194,501293,136,2025-03-30,1,Arrived damaged
195,501240,103,2025-03-30,2,Not as described
196,501446,108,2025-03-30,1,Arrived damaged
197,501063,121,2025-03-30,1,Not as described
198,500879,125,2025-03-30,1,Changed mind
199,501147,119,2025-03-31,1,Not as described
200,500977,114,2025-03-31,1,Uncomfortable
201,501432,111,2025-04-01,1,Defective
202,500994,115,2025-04-01,1,Wrong size
203,501528,117,2025-04-01,1,Wrong size
204,501133,109,2025-04-02,1,Not as described
205,501588,121,2025-04-02,1,Changed mind
206,501577,113,2025-04-02,1,Uncomfortable
207,501077,123,2025-04-02,1,Changed mind
208,500931,117,2025-04-02,1,Wrong size
209,501384,109,2025-04-03,2,Defective
210,501530,137,2025-04-04,1,Arrived damaged
211,501629,106,2025-04-04,1,Arrived damaged
212,501611,102,2025-04-04,1,Defective
213,501407,125,2025-04-04,1,Changed mind
214,500834,108,2025-04-04,1,Changed mind
215,501423,119,2025-04-04,2,Wrong size
216,501101,121,2025-04-04,1,Changed mind
217,501521,122,2025-04-04,2,Wrong size
218,501563,102,2025-04-05,1,Arrived damaged
219,501074,134,2025-04-05,1,Not as described
220,501330,120,2025-04-06,2,Wrong size
221,501109,107,2025-04-06,1,Not as described
222,501501,123,2025-04-06,1,Wrong size
223,501234,114,2025-04-06,2,Defective
224,501580,114,2025-04-06,3,Wrong size
225,501163,125,2025-04-06,3,Changed mind
226,501290,107,2025-04-06,1,Arrived damaged
227,501536,116,2025-04-07,2,Defective
228,501593,114,2025-04-07,2,Wrong size
229,501661,115,2025-04-07,1,Wrong size
230,501284,119,2025-04-07,1,Changed mind
231,501268,123,2025-04-07,1,Wrong size
232,501026,118,2025-04-08,1,Wrong size
233,501146,125,2025-04-08,1,Wrong size
234,501465,123,2025-04-08,3,Not as described
235,501328,123,2025-04-08,1,Wrong size
236,501510,121,2025-04-08,2,Not as described
237,501555,121,2025-04-09,1,Not as described
238,501534,111,2025-04-09,1,Defective
239,501277,120,2025-04-09,3,Wrong size
240,501296,129,2025-04-09,1,Arrived damaged
241,501746,119,2025-04-09,1,Wrong size
242,501627,121,2025-04-09,3,Changed mind
243,501728,119,2025-04-09,1,Not as described
244,501409,121,2025-04-09,1,Wrong size
245,501817,117,2025-04-10,1,Uncomfortable
246,501207,108,2025-04-10,1,Changed mind
247,501704,138,2025-04-10,1,Defective
248,501507,114,2025-04-11,1,Wrong size
249,501666,104,2025-04-12,2,Not as described
250,501497,113,2025-04-12,1,Wrong size
251,501659,121,2025-04-12,1,Not as described
252,501538,113,2025-04-13,1,Defective
253,501395,122,2025-04-13,1,Wrong size
254,501830,110,2025-04-13,3,Defective
255,501597,115,2025-04-13,2,Wrong size
256,501784,124,2025-04-13,1,Wrong size
257,501543,117,2025-04-14,1,Wrong size
258,501629,121,2025-04-14,1,Not as described
259,501722,117,2025-04-15,3,Wrong size
260,501807,113,2025-04-15,1,Defective
261,501864,118,2025-04-15,1,Not as described
262,501790,118,2025-04-15,1,Wrong size
263,501792,113,2025-04-15,1,Wrong size
264,501636,113,2025-04-15,1,Defective
265,501444,118,2025-04-15,1,Wrong size
266,501546,114,2025-04-15,1,Wrong size
267,501625,113,2025-04-16,1,Uncomfortable
268,501738,110,2025-04-16,1,Defective
269,501040,118,2025-04-17,1,Not as described
270,501825,121,2025-04-17,1,Changed mind
271,501727,123,2025-04-17,2,Changed mind
272,501629,125,2025-04-17,1,Changed mind
273,502050,136,2025-04-18,1,Defective
274,501108,124,2025-04-18,1,Changed mind
275,501767,122,2025-04-18,1,Wrong size
276,501447,112,2025-04-19,3,Defective
277,501915,130,2025-04-19,2,Arrived damaged
278,502062,114,2025-04-20,1,Defective
279,501591,122,2025-04-20,1,Wrong size
280,501116,114,2025-04-20,1,Uncomfortable
281,501494,114,2025-04-21,1,Wrong size
282,501160,120,2025-04-21,2,Wrong size
283,502088,115,2025-04-22,1,Wrong size
284,501771,106,2025-04-22,1,Arrived damaged
285,501610,114,2025-04-22,1,Uncomfortable
286,501530,137,2025-04-24,1,Changed mind
287,501985,127,2025-04-25,1,Defective
288,501626,124,2025-04-25,1,Not as described
289,502085,133,2025-04-25,1,Changed mind
290,501895,124,2025-04-26,1,Wrong size
291,501642,117,2025-04-26,1,Defective
292,502212,135,2025-04-26,1,Arrived damaged
293,501432,111,2025-04-26,2,Changed mind
294,501629,121,2025-04-26,2,Wrong size
295,501723,120,2025-04-26,1,Changed mind
296,501667,112,2025-04-26,1,Defective
297,501934,115,2025-04-27,1,Wrong size
298,502057,121,2025-04-27,1,Changed mind
299,501953,117,2025-04-27,2,Wrong size
300,501924,113,2025-04-27,1,Wrong size
301,501805,125,2025-04-27,1,Wrong size
302,502303,125,2025-04-27,1,Wrong size
303,502188,112,2025-04-27,2,Uncomfortable
304,501740,114,2025-04-27,1,Defective
305,502002,101,2025-04-28,1,Defective
306,502337,118,2025-04-28,1,Wrong size
307,501759,133,2025-04-28,1,Defective
308,501757,122,2025-04-28,1,Not as described
309,502085,127,2025-04-28,2,Defective
310,501951,111,2025-04-29,1,Arrived damaged
311,502264,124,2025-04-29,1,Changed mind
312,502095,116,2025-04-29,2,Uncomfortable
313,502107,119,2025-04-29,1,Changed mind
314,502070,111,2025-04-29,1,Not as described
315,502038,122,2025-04-29,3,Changed mind
316,501743,102,2025-04-29,1,Not as described
317,502098,102,2025-04-30,1,Arrived damaged
318,502022,114,2025-04-30,3,Uncomfortable
319,502032,123,2025-04-30,1,Changed mind
320,501807,113,2025-04-30,1,Uncomfortable
321,501501,123,2025-04-30,2,Changed mind
322,501816,119,2025-04-30,1,Changed mind
323,502197,113,2025-05-01,1,Defective
324,502062,109,2025-05-01,1,Arrived damaged
325,501829,112,2025-05-01,3,Wrong size
326,502080,122,2025-05-01,1,Not as described
327,501832,113,2025-05-01,2,Uncomfortable
328,502421,110,2025-05-02,1,Arrived damaged
329,501661,115,2025-05-02,2,Uncomfortable
330,501855,116,2025-05-02,1,Defective
331,502080,121,2025-05-02,1,Changed mind
332,502175,118,2025-05-03,2,Wrong size
333,502197,125,2025-05-03,1,Wrong size
334,502203,115,2025-05-03,1,Wrong size
335,502483,124,2025-05-03,1,Wrong size
336,502240,113,2025-05-03,2,Wrong size
337,502275,138,2025-05-03,1,Changed mind
338,501898,108,2025-05-03,1,Arrived damaged
339,502346,123,2025-05-03,1,Wrong size
340,501940,112,2025-05-03,2,Uncomfortable
341,502170,117,2025-05-03,2,Defective
342,501446,108,2025-05-03,1,Arrived damaged
343,502283,138,2025-05-04,1,Arrived damaged
344,502209,138,2025-05-05,1,Changed mind
345,501957,117,2025-05-05,1,Wrong size
346,501904,122,2025-05-05,3,Not as described
347,502532,124,2025-05-05,1,Not as described
348,502092,114,2025-05-05,2,Uncomfortable
349,502520,118,2025-05-06,1,Wrong size
350,501864,118,2025-05-06,1,Wrong size
351,502402,120,2025-05-06,1,Wrong size
352,502576,135,2025-05-06,1,Not as described
353,502477,120,2025-05-07,1,Changed mind
354,502302,109,2025-05-07,1,Arrived damaged
355,502015,133,2025-05-07,3,Not as described
356,501728,119,2025-05-07,1,Not as described
357,502227,118,2025-05-07,1,Wrong size
358,502355,125,2025-05-07,1,Wrong size
359,502080,121,2025-05-07,2,Changed mind
360,502396,112,2025-05-08,1,Defective
361,502302,124,2025-05-08,1,Not as described
362,502565,112,2025-05-08,2,Defective
363,502334,122,2025-05-08,1,Wrong size
364,502062,114,2025-05-08,1,Uncomfortable
365,502119,115,2025-05-09,2,Uncomfortable
366,502429,110,2025-05-09,1,Not as described
367,502325,113,2025-05-09,1,Wrong size
368,502324,102,2025-05-09,1,Arrived damaged
369,502245,108,2025-05-09,1,Not as described
370,502673,117,2025-05-10,1,Wrong size
371,502413,117,2025-05-10,1,Defective
372,502546,133,2025-05-10,1,Arrived damaged
373,502039,115,2025-05-10,1,Wrong size
374,502583,107,2025-05-10,1,Arrived damaged
375,502239,114,2025-05-10,3,Defective
376,502552,117,2025-05-11,3,Uncomfortable
377,502637,102,2025-05-11,1,Arrived damaged
378,502641,109,2025-05-11,1,Defective
379,502068,109,2025-05-11,1,Not as described
380,502304,105,2025-05-11,1,Arrived damaged
381,502205,117,2025-05-11,1,Uncomfortable
382,502599,121,2025-05-12,1,Wrong size
383,502463,122,2025-05-12,1,Wrong size
384,502506,119,2025-05-12,1,Wrong size
385,502057,112,2025-05-12,2,Uncomfortable
386,501704,138,2025-05-12,1,Not as described
387,502675,113,2025-05-12,1,Uncomfortable
388,502592,114,2025-05-13,1,Wrong size
389,502398,116,2025-05-13,2,Wrong size
390,502172,130,2025-05-14,1,Not as described
391,502401,133,2025-05-14,1,Changed mind
392,502543,115,2025-05-14,3,Wrong size
393,502466,121,2025-05-15,1,Not as described
394,502164,120,2025-05-16,1,Not as described
395,502484,116,2025-05-16,2,Uncomfortable
396,502719,116,2025-05-16,1,Defective
397,501790,118,2025-05-17,2,Changed mind
398,502736,123,2025-05-17,1,Wrong size
399,502248,122,2025-05-17,1,Wrong size
400,501738,110,2025-05-17,1,Changed mind
401,502062,109,2025-05-17,1,Arrived damaged
402,502245,108,2025-05-17,1,Arrived damaged
403,502085,133,2025-05-18,1,Not as described
404,502867,119,2025-05-18,1,Changed mind
405,502790,126,2025-05-18,1,Defective
406,502890,107,2025-05-18,1,Changed mind
407,502197,113,2025-05-18,2,Uncomfortable
408,502329,113,2025-05-19,1,Wrong size
409,502937,127,2025-05-19,1,Not as described
410,502387,115,2025-05-19,1,Wrong size
411,502530,130,2025-05-19,1,Arrived damaged
412,502846,116,2025-05-19,2,Uncomfortable
413,502901,114,2025-05-20,1,Wrong size
414,502646,112,2025-05-20,2,Uncomfortable
415,502924,121,2025-05-20,1,Wrong size
416,502416,112,2025-05-20,3,Uncomfortable
417,502427,127,2025-05-20,2,Arrived damaged
418,503028,114,2025-05-21,1,Uncomfortable
419,502513,122,2025-05-21,3,Wrong size
420,503025,124,2025-05-21,1,Wrong size
421,502820,110,2025-05-21,3,Changed mind
422,503015,116,2025-05-21,1,Wrong size
423,502726,121,2025-05-22,1,Wrong size
424,502626,115,2025-05-22,2,Defective
425,502744,124,2025-05-22,1,Wrong size
426,503017,117,2025-05-22,1,Uncomfortable
427,502532,124,2025-05-23,1,Not as described
428,502981,124,2025-05-23,1,Changed mind
429,502409,120,2025-05-23,1,Not as described
430,502637,120,2025-05-23,1,Wrong size
431,502402,120,2025-05-24,2,Wrong size
432,503089,112,2025-05-24,1,Wrong size
433,502878,116,2025-05-24,1,Defective
434,503170,128,2025-05-25,1,Changed mind
435,502303,125,2025-05-25,1,Not as described
436,502971,112,2025-05-25,1,Uncomfortable
437,502694,121,2025-05-25,2,Changed mind
438,502543,106,2025-05-25,1,Not as described
439,503130,110,2025-05-25,1,Changed mind
440,503049,112,2025-05-25,1,Uncomfortable
441,502544,110,2025-05-26,3,Arrived damaged
442,502872,119,2025-05-26,1,Wrong size
443,502462,134,2025-05-26,1,Changed mind
444,502617,111,2025-05-26,1,Changed mind
445,503209,112,2025-05-26,1,Defective
446,503168,125,2025-05-27,2,Wrong size
447,502725,118,2025-05-27,1,Wrong size
448,502947,113,2025-05-27,1,Wrong size
449,502682,117,2025-05-27,1,Wrong size
450,502050,136,2025-05-27,1,Defective
451,502772,121,2025-05-28,2,Wrong size
452,502605,123,2025-05-28,1,Changed mind
453,502907,119,2025-05-28,1,Wrong size
454,503119,116,2025-05-28,2,Defective
455,503059,120,2025-05-28,1,Wrong size
456,502546,133,2025-05-28,1,Not as described
457,502325,113,2025-05-29,1,Uncomfortable
458,502203,115,2025-05-29,1,Defective
459,502483,124,2025-05-29,1,Wrong size
460,503331,112,2025-05-30,1,Defective
461,502771,119,2025-05-30,1,Not as described
462,502832,115,2025-05-31,1,Defective
463,502429,110,2025-05-31,2,Defective
464,502466,121,2025-05-31,2,Changed mind
465,503300,113,2025-05-31,3,Uncomfortable
466,502209,138,2025-05-31,1,Changed mind
467,503015,112,2025-06-01,1,Wrong size
468,502302,124,2025-06-01,1,Not as described
469,502786,119,2025-06-01,1,Changed mind
470,502736,123,2025-06-01,1,Wrong size
471,503082,137,2025-06-01,1,Not as described
472,503234,106,2025-06-01,1,Changed mind
473,502658,120,2025-06-02,1,Wrong size
474,503061,108,2025-06-02,1,Changed mind
475,503062,121,2025-06-02,1,Changed mind
476,502802,113,2025-06-02,3,Uncomfortable
477,502970,105,2025-06-03,2,Defective
478,502791,113,2025-06-03,1,Wrong size
479,502830,118,2025-06-03,1,Changed mind
480,503245,123,2025-06-03,1,Wrong size
481,503340,116,2025-06-03,1,Wrong size
482,502520,118,2025-06-04,1,Wrong size
483,503260,115,2025-06-04,3,Wrong size
484,503380,116,2025-06-04,1,Wrong size
485,503452,128,2025-06-04,1,Arrived damaged
486,503065,118,2025-06-05,1,Wrong size
487,503538,111,2025-06-05,2,Defective
488,503191,127,2025-06-05,2,Defective
489,503010,107,2025-06-05,1,Changed mind
490,503339,118,2025-06-05,1,Wrong size
491,502963,128,2025-06-05,1,Not as described
492,502337,118,2025-06-05,1,Wrong size
493,503573,137,2025-06-06,1,Not as described
494,503085,123,2025-06-06,1,Wrong size
495,502576,135,2025-06-06,1,Defective
496,503229,116,2025-06-06,1,Defective
497,503313,135,2025-06-06,3,Changed mind
498,502912,123,2025-06-07,1,Changed mind
499,502991,112,2025-06-07,2,Defective
500,503352,120,2025-06-08,1,Wrong size
501,503343,106,2025-06-08,1,Not as described
502,503277,107,2025-06-08,1,Arrived damaged
503,503595,110,2025-06-08,2,Changed mind
504,502719,116,2025-06-08,1,Wrong size
505,502922,122,2025-06-08,1,Wrong size
506,502901,114,2025-06-08,1,Defective
507,502908,113,2025-06-09,2,Defective
508,503594,117,2025-06-09,1,Wrong size
509,502867,124,2025-06-09,2,Not as described
510,503065,121,2025-06-09,2,Wrong size
511,503623,121,2025-06-09,1,Wrong size
512,503321,114,2025-06-09,1,Wrong size
513,503255,107,2025-06-09,1,Arrived damaged
514,503408,116,2025-06-09,1,Defective
515,503204,130,2025-06-10,1,Arrived damaged
516,503214,120,2025-06-10,1,Wrong size
517,503511,125,2025-06-10,1,Not as described
518,503525,119,2025-06-10,1,Wrong size
519,503742,116,2025-06-11,1,Wrong size
520,502506,119,2025-06-11,1,Wrong size
521,503028,114,2025-06-11,1,Wrong size
522,503613,122,2025-06-12,1,Wrong size
523,503153,115,2025-06-12,1,Defective
524,503387,102,2025-06-12,1,Changed mind
525,502958,131,2025-06-12,1,Changed mind
526,503710,123,2025-06-12,2,Wrong size
527,503025,124,2025-06-12,2,Wrong size
528,503615,118,2025-06-12,1,Wrong size
529,503418,114,2025-06-13,1,Wrong size
530,503282,116,2025-06-13,2,Wrong size
531,503558,114,2025-06-13,1,Defective
532,503831,117,2025-06-13,2,Wrong size
533,503387,122,2025-06-13,1,Wrong size
534,503479,122,2025-06-13,2,Wrong size
535,503209,112,2025-06-13,2,Uncomfortable
536,503724,115,2025-06-14,1,Wrong size
537,503875,113,2025-06-14,1,Uncomfortable
538,502673,117,2025-06-14,1,Wrong size
539,502641,109,2025-06-14,1,Changed mind
540,503905,122,2025-06-15,1,Wrong size
541,503414,115,2025-06-15,1,Wrong size
542,503379,117,2025-06-15,1,Wrong size
543,503725,123,2025-06-15,2,Wrong size
544,503937,123,2025-06-16,2,Wrong size
545,503486,115,2025-06-16,1,Uncomfortable
546,503292,126,2025-06-17,1,Defective
547,503751,119,2025-06-17,1,Wrong size
548,503670,124,2025-06-17,1,Wrong size
549,503891,135,2025-06-17,1,Arrived damaged
550,503964,121,2025-06-18,1,Wrong size
551,503509,107,2025-06-18,1,Not as described
552,504002,133,2025-06-18,1,Arrived damaged
553,503325,118,2025-06-18,1,Wrong size
554,503551,107,2025-06-18,1,Arrived damaged
555,502890,107,2025-06-18,1,Not as described
556,503662,119,2025-06-18,1,Wrong size
557,503804,116,2025-06-18,1,Uncomfortable
558,503755,123,2025-06-18,1,Wrong size
559,503984,127,2025-06-19,1,Not as described
560,503015,112,2025-06-19,1,Uncomfortable
561,503234,120,2025-06-19,1,Wrong size
562,502981,124,2025-06-19,1,Changed mind
563,503871,114,2025-06-20,1,Wrong size
564,503978,119,2025-06-20,1,Wrong size
565,503583,116,2025-06-20,1,Wrong size
566,503579,117,2025-06-20,1,Defective
567,503780,130,2025-06-21,1,Defective
568,503928,119,2025-06-21,1,Not as described
569,503771,128,2025-06-21,1,Not as described
570,503277,107,2025-06-21,1,Arrived damaged
571,504073,107,2025-06-21,1,Defective
572,503884,117,2025-06-22,3,Wrong size
573,503017,117,2025-06-22,1,Defective
574,503962,119,2025-06-22,1,Wrong size
575,504163,121,2025-06-22,3,Wrong size
576,503620,124,2025-06-22,1,Not as described
577,503860,112,2025-06-22,3,Wrong size
578,504188,115,2025-06-22,1,Defective
579,503830,136,2025-06-22,1,Changed mind
580,503963,122,2025-06-22,2,Not as described
581,503289,103,2025-06-22,1,Changed mind
582,504097,136,2025-06-23,2,Defective
583,503433,113,2025-06-23,1,Wrong size
584,504136,105,2025-06-23,3,Defective
585,504051,110,2025-06-23,1,Not as described
586,503983,107,2025-06-23,1,Arrived damaged
587,503794,120,2025-06-23,2,Wrong size
588,504280,116,2025-06-24,2,Defective
589,504043,116,2025-06-24,1,Defective
590,504106,113,2025-06-24,2,Wrong size
591,503687,120,2025-06-24,1,Wrong size
592,503544,124,2025-06-24,1,Changed mind
593,503626,119,2025-06-24,1,Wrong size
594,503737,114,2025-06-24,1,Uncomfortable
595,504118,134,2025-06-25,2,Arrived damaged
596,504055,114,2025-06-25,1,Uncomfortable
597,504053,108,2025-06-25,1,Defective
598,504214,109,2025-06-25,1,Defective
599,504259,124,2025-06-25,1,Changed mind
600,504281,116,2025-06-25,1,Defective
601,504117,121,2025-06-25,1,Wrong size
602,503995,128,2025-06-25,2,Not as described
603,503934,113,2025-06-25,1,Uncomfortable
604,503986,103,2025-06-26,1,Arrived damaged
605,503749,128,2025-06-26,1,Defective
606,503665,110,2025-06-26,2,Arrived damaged
607,503798,124,2025-06-27,1,Wrong size
608,504153,114,2025-06-27,3,Uncomfortable
609,503624,117,2025-06-27,1,Wrong size
610,503982,105,2025-06-27,1,Changed mind
611,504268,123,2025-06-27,2,Not as described
612,504393,122,2025-06-27,1,Changed mind
613,503234,106,2025-06-27,1,Defective
614,503753,118,2025-06-27,1,Wrong size
615,503972,133,2025-06-27,1,Not as described
616,503575,116,2025-06-28,1,Wrong size
617,504068,121,2025-06-28,1,Changed mind
618,503170,128,2025-06-28,1,Arrived damaged
619,503642,113,2025-06-28,3,Uncomfortable
620,503089,112,2025-06-28,2,Wrong size
621,503670,124,2025-06-28,1,Changed mind
622,504312,106,2025-06-28,1,Not as described
623,503486,115,2025-06-28,1,Wrong size
624,503525,119,2025-06-29,2,Wrong size
625,504056,118,2025-06-29,1,Wrong size
626,503627,133,2025-06-29,1,Defective
627,503781,118,2025-06-29,3,Wrong size
628,503634,102,2025-06-29,2,Defective
629,504252,133,2025-06-29,1,Arrived damaged
630,503902,114,2025-06-29,1,Uncomfortable
631,504365,106,2025-06-30,2,Not as described
632,504171,119,2025-06-30,1,Changed mind
633,503130,110,2025-06-30,1,Not as described
634,503891,135,2025-06-30,1,Arrived damaged
635,503615,118,2025-06-30,1,Not as described
636,504458,122,2025-07-01,1,Wrong size
637,504161,122,2025-07-01,1,Not as described
638,504507,123,2025-07-01,3,Changed mind
639,504475,121,2025-07-01,1,Not as described
640,503725,136,2025-07-02,1,Changed mind
641,504011,117,2025-07-02,1,Defective
642,504584,127,2025-07-02,3,Defective
643,504599,117,2025-07-03,1,Defective
644,504328,123,2025-07-03,1,Not as described
645,504340,112,2025-07-03,1,Wrong size
646,504486,125,2025-07-03,1,Wrong size
647,504097,115,2025-07-03,1,Wrong size
648,504660,125,2025-07-04,1,Changed mind
649,503724,115,2025-07-04,1,Uncomfortable
650,504679,133,2025-07-04,1,Arrived damaged
651,504529,124,2025-07-04,1,Not as described
652,504491,118,2025-07-04,1,Not as described
653,504464,104,2025-07-04,1,Changed mind
654,504439,118,2025-07-04,2,Changed mind
655,503994,135,2025-07-04,1,Not as described
656,504215,124,2025-07-04,1,Changed mind
657,504042,131,2025-07-04,3,Changed mind
658,504622,112,2025-07-04,1,Wrong size
659,504031,102,2025-07-05,3,Changed mind
660,504661,121,2025-07-05,1,Changed mind
661,504204,113,2025-07-05,1,Wrong size
662,503414,115,2025-07-05,2,Uncomfortable
663,504688,118,2025-07-05,2,Not as described
664,504564,115,2025-07-05,1,Uncomfortable
665,504471,113,2025-07-05,2,Uncomfortable
666,504453,115,2025-07-05,1,Defective
667,503816,107,2025-07-06,1,Defective
668,504416,116,2025-07-06,1,Wrong size
669,504739,113,2025-07-06,1,Uncomfortable
670,503895,116,2025-07-06,3,Wrong size
671,504076,125,2025-07-06,1,Not as described
672,504452,113,2025-07-07,1,Wrong size
673,504409,108,2025-07-07,1,Defective
674,504295,111,2025-07-07,1,Defective
675,504174,119,2025-07-08,1,Wrong size
676,503974,122,2025-07-08,1,Wrong size
677,504339,106,2025-07-08,1,Not as described
678,504495,115,2025-07-08,1,Wrong size
679,504545,127,2025-07-08,1,Not as described
680,504457,101,2025-07-08,1,Not as described
681,504143,121,2025-07-09,1,Not as described
682,504043,116,2025-07-09,1,Wrong size
683,504798,113,2025-07-09,1,Uncomfortable
684,504035,114,2025-07-09,1,Wrong size
685,504140,125,2025-07-10,1,Not as described
686,503771,128,2025-07-10,1,Not as described
687,504424,116,2025-07-10,2,Wrong size
688,504637,117,2025-07-10,1,Defective
689,504312,106,2025-07-11,2,Arrived damaged
690,504935,125,2025-07-11,2,Changed mind
691,504161,122,2025-07-11,1,Changed mind
692,504419,115,2025-07-11,1,Defective
693,504686,122,2025-07-11,1,Wrong size
694,504295,111,2025-07-11,1,Changed mind
695,504896,117,2025-07-11,1,Wrong size
696,504343,103,2025-07-11,2,Changed mind
697,504562,121,2025-07-12,1,Wrong size
698,504097,115,2025-07-12,1,Uncomfortable
699,504736,130,2025-07-12,1,Changed mind
700,504484,121,2025-07-12,1,Wrong size
701,504599,136,2025-07-13,1,Defective
702,503982,105,2025-07-13,1,Defective
703,503755,123,2025-07-13,1,Wrong size
704,504056,118,2025-07-13,1,Wrong size
705,504740,116,2025-07-13,1,Defective
706,504855,122,2025-07-13,1,Changed mind
707,504762,116,2025-07-13,1,Wrong size
708,504049,117,2025-07-13,2,Defective
709,504219,125,2025-07-14,1,Wrong size
710,504575,115,2025-07-14,3,Uncomfortable
711,504896,104,2025-07-14,1,Changed mind
712,504992,116,2025-07-14,1,Wrong size
713,504361,123,2025-07-14,2,Not as described
714,504301,123,2025-07-14,1,Changed mind
715,504826,123,2025-07-14,1,Not as described
716,504307,122,2025-07-14,1,Wrong size
717,503594,117,2025-07-14,1,Defective
718,504250,128,2025-07-14,1,Not as described
719,504587,108,2025-07-15,3,Arrived damaged
720,504973,112,2025-07-15,1,Uncomfortable
721,504303,122,2025-07-15,1,Changed mind
722,504317,125,2025-07-15,1,Wrong size
723,504823,103,2025-07-15,1,Changed mind
724,504619,114,2025-07-16,1,Uncomfortable
725,505056,111,2025-07-16,1,Arrived damaged
726,504523,114,2025-07-16,2,Wrong size
727,504702,113,2025-07-16,1,Defective
728,504732,125,2025-07-16,2,Not as described
729,504774,112,2025-07-16,1,Uncomfortable
730,504761,116,2025-07-17,3,Wrong size
731,505066,117,2025-07-17,1,Defective
732,505014,114,2025-07-17,1,Defective
733,504188,115,2025-07-17,2,Wrong size
734,505041,116,2025-07-17,2,Wrong size
735,504268,118,2025-07-17,1,Not as described
736,504769,110,2025-07-18,1,Changed mind
737,504972,102,2025-07-18,1,Changed mind
738,504775,113,2025-07-18,2,Wrong size
739,505130,119,2025-07-18,1,Not as described
740,504689,115,2025-07-18,3,Defective
741,504535,120,2025-07-18,1,Not as described
742,504409,108,2025-07-18,1,Arrived damaged
743,504117,121,2025-07-18,1,Wrong size
744,504525,120,2025-07-19,3,Wrong size
745,504393,122,2025-07-19,1,Wrong size
746,504303,104,2025-07-19,1,Not as described
747,504599,136,2025-07-19,1,Not as described
748,505152,108,2025-07-19,1,Arrived damaged
749,504991,112,2025-07-19,1,Uncomfortable
750,504599,117,2025-07-19,1,Wrong size
751,504363,116,2025-07-20,1,Wrong size
752,505083,113,2025-07-20,1,Wrong size
753,504426,116,2025-07-20,1,Wrong size
754,504501,137,2025-07-20,1,Changed mind
755,504391,110,2025-07-20,2,Arrived damaged
756,504529,124,2025-07-21,1,Wrong size
757,505242,127,2025-07-21,1,Not as described
758,504073,107,2025-07-21,1,Arrived damaged
759,505045,103,2025-07-21,3,Defective
760,504600,134,2025-07-21,1,Defective
761,505044,114,2025-07-22,1,Wrong size
762,505255,118,2025-07-22,2,Not as described
763,504055,114,2025-07-22,1,Uncomfortable
764,505024,133,2025-07-22,1,Defective
765,505249,123,2025-07-22,1,Wrong size
766,504566,114,2025-07-22,2,Wrong size
767,504609,123,2025-07-22,2,Wrong size
768,504583,113,2025-07-22,3,Wrong size
769,505082,122,2025-07-22,1,Changed mind
770,503962,119,2025-07-22,1,Not as described
771,504204,113,2025-07-23,2,Defective
772,504214,109,2025-07-23,1,Defective
773,504252,133,2025-07-23,1,Not as described
774,503972,133,2025-07-23,1,Defective
775,504892,117,2025-07-23,3,Defective
776,505161,113,2025-07-23,1,Wrong size
777,504849,113,2025-07-23,1,Wrong size
778,505208,117,2025-07-23,1,Wrong size
779,504619,114,2025-07-23,1,Uncomfortable
780,504767,118,2025-07-23,1,Wrong size
781,504582,112,2025-07-23,2,Wrong size
782,505331,125,2025-07-24,1,Wrong size
783,504565,103,2025-07-24,1,Not as described
784,505121,101,2025-07-24,2,Arrived damaged
785,504981,112,2025-07-24,1,Uncomfortable
786,504768,116,2025-07-24,1,Wrong size
787,504666,111,2025-07-25,1,Arrived damaged
788,505263,116,2025-07-25,1,Uncomfortable
789,504068,121,2025-07-25,1,Not as described
790,504011,117,2025-07-25,1,Wrong size
791,504655,124,2025-07-25,1,Wrong size
792,505027,125,2025-07-25,1,Wrong size
793,504590,123,2025-07-26,1,Wrong size
794,504959,125,2025-07-26,1,Not as described
795,505379,121,2025-07-26,1,Not as described
796,504628,115,2025-07-26,1,Uncomfortable
797,505010,121,2025-07-27,1,Wrong size
798,505308,117,2025-07-27,2,Uncomfortable
799,505197,116,2025-07-27,1,Uncomfortable
800,505297,121,2025-07-27,1,Changed mind
801,505078,114,2025-07-28,3,Wrong size
802,505424,112,2025-07-28,1,Defective
803,504886,117,2025-07-28,1,Defective
804,504718,104,2025-07-29,1,Not as described
805,505271,123,2025-07-29,1,Wrong size
806,504760,120,2025-07-29,1,Wrong size
807,505031,120,2025-07-29,3,Wrong size
808,504686,122,2025-07-30,1,Wrong size
809,505517,123,2025-07-30,1,Wrong size
810,504935,123,2025-07-30,1,Not as described
811,505531,123,2025-07-31,1,Wrong size
812,504562,121,2025-07-31,1,Wrong size
813,505271,132,2025-07-31,1,Defective
814,505238,136,2025-07-31,3,Arrived damaged
815,504934,104,2025-07-31,1,Defective
816,505580,120,2025-07-31,1,Wrong size
817,505133,123,2025-07-31,1,Wrong size
818,505410,103,2025-08-01,1,Arrived damaged
819,505564,102,2025-08-01,1,Arrived damaged
820,504458,122,2025-08-01,1,Not as described
821,505470,113,2025-08-01,1,Wrong size
822,505584,103,2025-08-01,1,Defective
823,505147,131,2025-08-02,1,Changed mind
824,505209,125,2025-08-02,1,Not as described
825,505367,119,2025-08-03,1,Wrong size
826,505441,122,2025-08-03,1,Wrong size
827,505102,118,2025-08-03,2,Wrong size
828,505378,111,2025-08-03,1,Defective
829,504935,113,2025-08-03,1,Wrong size
830,505199,134,2025-08-04,1,Not as described
831,505442,114,2025-08-04,1,Defective
832,505716,117,2025-08-04,1,Uncomfortable
833,504988,108,2025-08-04,1,Changed mind
834,505078,126,2025-08-04,2,Not as described
835,505066,112,2025-08-04,1,Wrong size
836,505479,125,2025-08-04,1,Not as described
837,505297,117,2025-08-05,3,Uncomfortable
838,505161,113,2025-08-05,1,Wrong size
839,505501,114,2025-08-06,1,Wrong size
840,505463,121,2025-08-06,1,Not as described
841,505755,125,2025-08-06,2,Wrong size
842,505386,125,2025-08-06,1,Not as described
843,504991,112,2025-08-06,1,Uncomfortable
844,505653,122,2025-08-06,1,Wrong size
845,504984,112,2025-08-06,1,Wrong size
846,505675,114,2025-08-06,2,Wrong size
847,505151,115,2025-08-06,1,Wrong size
848,505308,119,2025-08-06,1,Wrong size
849,505424,110,2025-08-06,1,Defective
850,505279,114,2025-08-07,3,Defective
851,504981,112,2025-08-07,2,Wrong size
852,505541,118,2025-08-08,1,Not as described
853,505073,117,2025-08-08,1,Uncomfortable
854,505611,125,2025-08-08,3,Wrong size
855,505190,113,2025-08-08,1,Wrong size
856,505367,117,2025-08-08,3,Wrong size
857,505247,116,2025-08-08,3,Wrong size
858,505806,108,2025-08-08,1,Arrived damaged
859,505704,112,2025-08-09,1,Uncomfortable
860,505595,122,2025-08-09,2,Wrong size
861,505071,114,2025-08-09,1,Wrong size
862,505405,117,2025-08-09,3,Uncomfortable
863,505403,105,2025-08-09,2,Not as described
864,505249,110,2025-08-09,2,Arrived damaged
865,504622,112,2025-08-09,1,Wrong size
866,504660,125,2025-08-09,1,Wrong size
867,505209,125,2025-08-10,1,Wrong size
868,505868,121,2025-08-10,1,Changed mind
869,505155,125,2025-08-11,1,Wrong size
870,505646,104,2025-08-11,3,Arrived damaged
871,504774,112,2025-08-11,1,Wrong size
872,505669,127,2025-08-11,1,Not as described
873,505734,115,2025-08-11,1,Wrong size
874,505771,115,2025-08-11,1,Uncomfortable
875,504739,113,2025-08-12,1,Wrong size
876,505416,117,2025-08-12,1,Wrong size
877,505324,125,2025-08-12,1,Not as described
878,505933,112,2025-08-12,3,Defective
879,505731,138,2025-08-12,1,Changed mind
880,505950,124,2025-08-12,1,Wrong size
881,505441,122,2025-08-12,1,Wrong size
882,505674,114,2025-08-12,1,Uncomfortable
883,505516,119,2025-08-13,1,Wrong size
884,505968,117,2025-08-13,1,Wrong size
885,505794,117,2025-08-13,1,Uncomfortable
886,504823,103,2025-08-14,1,Not as described
887,505932,118,2025-08-14,1,Changed mind
888,505706,125,2025-08-14,1,Wrong size
889,505588,125,2025-08-14,1,Changed mind
890,505772,123,2025-08-14,1,Wrong size
891,506017,113,2025-08-15,1,Wrong size
892,505835,123,2025-08-15,1,Wrong size
893,505531,114,2025-08-15,1,Defective
894,505868,123,2025-08-15,1,Not as described
895,505792,110,2025-08-16,1,Defective
896,505764,113,2025-08-16,1,Uncomfortable
897,505663,109,2025-08-16,1,Defective
898,505874,113,2025-08-16,2,Wrong size
899,505694,112,2025-08-16,1,Uncomfortable
900,505479,125,2025-08-17,1,Changed mind
901,505969,112,2025-08-17,2,Wrong size
902,505152,108,2025-08-17,1,Defective
903,506037,117,2025-08-17,1,Defective
904,505804,122,2025-08-18,1,Changed mind
905,506144,135,2025-08-18,1,Defective
906,505868,106,2025-08-18,1,Not as described
907,506062,111,2025-08-18,1,Arrived damaged
908,505936,114,2025-08-18,1,Uncomfortable
909,505446,106,2025-08-18,1,Defective
910,505401,122,2025-08-18,1,Not as described
911,505376,106,2025-08-18,3,Not as described
912,505637,116,2025-08-18,1,Defective
913,505868,124,2025-08-19,2,Not as described
914,505787,116,2025-08-19,1,Wrong size
915,505706,125,2025-08-19,2,Wrong size
916,506223,122,2025-08-20,1,Changed mind
917,506001,134,2025-08-20,2,Not as described
918,505331,125,2025-08-20,1,Changed mind
919,506116,114,2025-08-20,2,Defective
920,506254,116,2025-08-20,1,Defective
921,505712,130,2025-08-20,1,Not as described
922,506233,116,2025-08-20,1,Defective
923,505588,125,2025-08-20,1,Not as described
924,505752,112,2025-08-21,1,Wrong size
925,506094,119,2025-08-21,1,Wrong size
926,505980,111,2025-08-21,1,Not as described
927,506236,132,2025-08-21,1,Not as described
928,505541,118,2025-08-21,1,Wrong size
929,506260,131,2025-08-21,2,Defective
930,505620,114,2025-08-21,1,Uncomfortable
931,505297,121,2025-08-22,1,Wrong size
932,505539,113,2025-08-22,1,Uncomfortable
933,505524,118,2025-08-22,1,Changed mind
934,506199,115,2025-08-22,1,Defective
935,505969,130,2025-08-22,1,Not as described
936,506143,111,2025-08-22,1,Not as described
937,506341,121,2025-08-22,1,Wrong size
938,505851,122,2025-08-22,1,Changed mind
939,505669,127,2025-08-23,1,Arrived damaged
940,506067,123,2025-08-23,1,Wrong size
941,506126,118,2025-08-23,1,Wrong size
942,505501,114,2025-08-23,1,Defective
943,505633,111,2025-08-23,2,Defective
944,505600,123,2025-08-23,1,Changed mind
945,506081,115,2025-08-23,1,Uncomfortable
946,505952,119,2025-08-24,1,Changed mind
947,506161,119,2025-08-24,1,Changed mind
948,506105,134,2025-08-24,1,Arrived damaged
949,506399,113,2025-08-24,1,Defective
950,506046,112,2025-08-24,1,Wrong size
951,506187,123,2025-08-25,1,Wrong size
952,506094,112,2025-08-25,2,Wrong size
953,505410,103,2025-08-25,1,Defective
954,505564,102,2025-08-25,1,Changed mind
955,505442,114,2025-08-25,1,Defective
956,506024,102,2025-08-25,1,Not as described
957,505919,129,2025-08-25,1,Defective
958,506196,112,2025-08-26,1,Defective
959,506087,120,2025-08-26,1,Not as described
960,505816,114,2025-08-26,2,Defective
961,506266,118,2025-08-26,3,Not as described
962,506355,134,2025-08-26,1,Changed mind
963,506408,126,2025-08-26,1,Not as described
964,506319,122,2025-08-26,1,Wrong size
965,505794,117,2025-08-27,2,Defective
966,506285,133,2025-08-28,2,Arrived damaged
967,506294,129,2025-08-28,2,Changed mind
968,506446,118,2025-08-28,1,Wrong size
969,506313,102,2025-08-28,1,Arrived damaged
970,505832,116,2025-08-28,1,Uncomfortable
971,506081,119,2025-08-29,2,Wrong size
972,506297,120,2025-08-29,1,Not as described
973,506452,115,2025-08-29,2,Defective
974,505263,116,2025-08-30,2,Defective
975,506422,117,2025-08-30,1,Defective
976,505653,122,2025-08-30,1,Not as described
977,506516,122,2025-08-30,1,Not as described
978,506282,127,2025-08-30,1,Not as described
979,506024,102,2025-08-30,1,Changed mind
980,506054,113,2025-08-30,1,Defective
981,505969,130,2025-08-30,2,Arrived damaged
982,506578,118,2025-08-31,1,Wrong size
983,506346,116,2025-08-31,1,Uncomfortable
984,506329,113,2025-08-31,1,Wrong size
985,505901,115,2025-08-31,1,Wrong size
986,505900,115,2025-08-31,1,Defective
987,506250,124,2025-08-31,1,Wrong size
988,506053,135,2025-09-01,2,Defective
989,506163,107,2025-09-01,3,Not as described
990,506120,125,2025-09-01,1,Wrong size
991,505584,103,2025-09-01,1,Defective
992,506579,123,2025-09-02,3,Changed mind
993,505386,125,2025-09-02,1,Changed mind
994,506045,110,2025-09-02,1,Changed mind
995,505932,118,2025-09-02,1,Changed mind
996,506360,113,2025-09-02,3,Defective
997,505734,115,2025-09-02,1,Wrong size
998,506189,132,2025-09-03,1,Arrived damaged
999,506395,123,2025-09-03,1,Not as described
1000,506563,122,2025-09-03,1,Wrong size
1001,506338,102,2025-09-03,1,Changed mind
1002,506196,112,2025-09-03,1,Uncomfortable
1003,506624,119,2025-09-03,1,Wrong size
1004,506008,108,2025-09-04,2,Arrived damaged
1005,506650,114,2025-09-04,1,Defective
1006,506511,116,2025-09-04,1,Defective
1007,506415,125,2025-09-04,1,Wrong size
1008,506060,106,2025-09-04,1,Arrived damaged
1009,506227,113,2025-09-04,1,Uncomfortable
1010,506139,116,2025-09-04,1,Defective
1011,506620,120,2025-09-04,1,Not as described
1012,506187,112,2025-09-04,1,Wrong size
1013,506768,134,2025-09-05,1,Not as described
1014,506585,136,2025-09-05,1,Changed mind
1015,506653,138,2025-09-05,1,Changed mind
1016,506056,122,2025-09-05,1,Changed mind
1017,506508,119,2025-09-05,1,Wrong size
1018,506552,118,2025-09-06,1,Changed mind
1019,506653,116,2025-09-06,1,Wrong size
1020,506691,113,2025-09-06,2,Uncomfortable
1021,506177,137,2025-09-06,1,Not as described
1022,506295,118,2025-09-06,1,Wrong size
1023,506119,126,2025-09-07,1,Not as described
1024,505771,115,2025-09-07,1,Wrong size
1025,506620,125,2025-09-07,1,Wrong size
1026,506107,128,2025-09-07,1,Not as described
1027,506823,118,2025-09-07,1,Changed mind
1028,506824,106,2025-09-07,2,Changed mind
1029,506146,124,2025-09-07,2,Wrong size
1030,506553,118,2025-09-07,1,Wrong size
1031,506191,122,2025-09-07,3,Changed mind
1032,506690,125,2025-09-08,1,Not as described
1033,506080,136,2025-09-08,1,Not as described
1034,506094,119,2025-09-08,1,Not as described
1035,505694,112,2025-09-08,1,Wrong size
1036,506564,135,2025-09-08,1,Changed mind
1037,506773,121,2025-09-08,2,Wrong size
1038,506955,116,2025-09-09,1,Defective
1039,506628,115,2025-09-09,1,Defective
1040,506632,112,2025-09-09,1,Wrong size
1041,506554,106,2025-09-09,1,Changed mind
1042,506946,120,2025-09-09,1,Wrong size
1043,506595,109,2025-09-09,2,Not as described
1044,506556,114,2025-09-10,1,Wrong size
1045,506250,124,2025-09-10,1,Changed mind
1046,505980,111,2025-09-10,1,Arrived damaged
1047,506706,125,2025-09-10,1,Not as described
1048,506713,112,2025-09-10,1,Defective
1049,506354,118,2025-09-10,1,Not as described
1050,506693,112,2025-09-11,1,Wrong size
1051,506793,116,2025-09-11,1,Uncomfortable
1052,506240,114,2025-09-11,1,Wrong size
1053,506341,121,2025-09-12,1,Wrong size
1054,506676,115,2025-09-12,1,Uncomfortable
1055,505868,106,2025-09-12,1,Changed mind
1056,506871,112,2025-09-12,1,Uncomfortable
1057,506248,119,2025-09-12,1,Wrong size
1058,506889,122,2025-09-12,1,Changed mind
1059,505868,123,2025-09-13,1,Wrong size
1060,506511,121,2025-09-13,1,Wrong size
1061,506239,105,2025-09-13,1,Not as described
1062,506348,114,2025-09-13,1,Wrong size
1063,506236,132,2025-09-14,1,Not as described
1064,507125,103,2025-09-14,1,Arrived damaged
1065,506297,120,2025-09-14,1,Not as described
1066,506454,118,2025-09-15,1,Wrong size
1067,506745,114,2025-09-16,1,Wrong size
1068,506969,116,2025-09-16,2,Wrong size
1069,506639,111,2025-09-16,1,Not as described
1070,506706,114,2025-09-16,1,Wrong size
1071,506520,131,2025-09-16,1,Defective
1072,507063,134,2025-09-16,1,Changed mind
1073,506407,114,2025-09-17,1,Wrong size
1074,507009,115,2025-09-17,2,Uncomfortable
1075,506725,118,2025-09-17,1,Wrong size
1076,506708,106,2025-09-17,2,Arrived damaged
1077,507033,123,2025-09-17,1,Not as described
1078,506781,121,2025-09-17,1,Not as described
1079,506930,114,2025-09-17,1,Wrong size
1080,506564,135,2025-09-17,1,Arrived damaged
1081,507221,116,2025-09-17,2,Wrong size
1082,506539,105,2025-09-17,1,Not as described
1083,507063,121,2025-09-18,1,Wrong size
1084,506464,111,2025-09-18,1,Defective
1085,507223,106,2025-09-19,1,Changed mind
1086,506556,114,2025-09-19,1,Wrong size
1087,506505,125,2025-09-19,3,Changed mind
1088,506568,117,2025-09-19,1,Uncomfortable
1089,506582,120,2025-09-19,1,Not as described
1090,506960,109,2025-09-20,2,Arrived damaged
1091,507169,118,2025-09-20,1,Not as described
1092,506620,125,2025-09-20,1,Wrong size
1093,506563,122,2025-09-20,1,Not as described
1094,506995,126,2025-09-21,1,Not as described
1095,507112,124,2025-09-21,1,Wrong size
1096,507127,118,2025-09-21,1,Not as described
1097,507284,116,2025-09-21,1,Wrong size
1098,506559,104,2025-09-21,1,Changed mind
1099,506874,117,2025-09-21,1,Wrong size
1100,507213,123,2025-09-21,1,Not as described
1101,507260,121,2025-09-21,1,Not as described
1102,506998,121,2025-09-21,1,Changed mind
1103,506925,121,2025-09-21,3,Wrong size
1104,507139,113,2025-09-22,1,Wrong size
1105,507308,116,2025-09-22,1,Uncomfortable
1106,507177,136,2025-09-22,1,Arrived damaged
1107,506422,117,2025-09-22,1,Defective
1108,506573,101,2025-09-22,1,Not as described
1109,506632,112,2025-09-22,1,Wrong size
1110,507132,125,2025-09-23,1,Not as described
1111,506773,136,2025-09-23,1,Not as described
1112,506903,117,2025-09-23,1,Wrong size
1113,507423,131,2025-09-24,1,Arrived damaged
1114,507177,117,2025-09-24,1,Wrong size
1115,507259,105,2025-09-24,1,Arrived damaged
1116,507275,113,2025-09-24,2,Wrong size
1117,506144,135,2025-09-24,1,Changed mind
1118,507364,112,2025-09-24,1,Uncomfortable
1119,507301,106,2025-09-24,2,Not as described
1120,506761,122,2025-09-24,1,Changed mind
1121,507210,109,2025-09-25,2,Changed mind
1122,507229,115,2025-09-25,1,Uncomfortable
1123,507160,124,2025-09-25,1,Changed mind
1124,507367,117,2025-09-25,3,Wrong size
1125,506346,116,2025-09-25,1,Wrong size
1126,506511,116,2025-09-25,1,Wrong size
1127,506628,115,2025-09-26,1,Defective
1128,507122,112,2025-09-26,1,Wrong size
1129,506706,114,2025-09-26,1,Wrong size
1130,506701,136,2025-09-26,1,Arrived damaged
1131,507417,114,2025-09-27,1,Uncomfortable
1132,507097,124,2025-09-27,1,Wrong size
1133,506874,118,2025-09-27,1,Changed mind
1134,507295,117,2025-09-27,3,Wrong size
1135,507495,116,2025-09-28,1,Defective
1136,507230,117,2025-09-28,2,Wrong size
1137,506787,113,2025-09-28,1,Wrong size
1138,507537,121,2025-09-28,1,Changed mind
1139,507078,112,2025-09-28,3,Defective
1140,507037,116,2025-09-29,1,Defective
1141,507422,113,2025-09-29,3,Wrong size
1142,507175,112,2025-09-29,1,Defective
1143,506992,136,2025-09-30,1,Not as described
1144,507405,114,2025-09-30,1,Uncomfortable
1145,507165,115,2025-09-30,1,Uncomfortable
1146,506624,119,2025-09-30,1,Wrong size
1147,507248,119,2025-09-30,1,Changed mind
1148,506552,118,2025-10-01,1,Wrong size
1149,506896,117,2025-10-01,1,Wrong size
1150,507384,117,2025-10-01,2,Wrong size
1151,507412,113,2025-10-01,1,Defective
1152,507255,113,2025-10-01,1,Uncomfortable
1153,507293,115,2025-10-01,1,Wrong size
1154,507206,130,2025-10-01,1,Not as described
1155,507098,122,2025-10-01,1,Wrong size
1156,507165,122,2025-10-01,1,Wrong size
1157,507161,127,2025-10-01,1,Not as described
1158,507012,108,2025-10-01,1,Changed mind
1159,506693,112,2025-10-01,2,Wrong size
1160,506938,115,2025-10-02,1,Uncomfortable
1161,506871,112,2025-10-02,1,Wrong size
1162,507009,111,2025-10-02,1,Not as described
1163,507491,117,2025-10-02,1,Defective
1164,507122,112,2025-10-02,1,Wrong size
1165,507324,136,2025-10-02,1,Not as described
1166,507550,104,2025-10-02,1,Not as described
1167,507288,125,2025-10-02,1,Wrong size
1168,507502,119,2025-10-03,1,Not as described
1169,507331,113,2025-10-03,1,Wrong size
1170,507097,124,2025-10-03,1,Changed mind
1171,507446,115,2025-10-03,1,Wrong size
1172,507226,124,2025-10-03,1,Changed mind
1173,507422,112,2025-10-04,1,Uncomfortable
1174,507782,135,2025-10-04,1,Changed mind
1175,507255,113,2025-10-04,1,Wrong size
1176,507215,112,2025-10-05,3,Wrong size
1177,507184,107,2025-10-05,3,Changed mind
1178,507713,122,2025-10-05,3,Not as described
1179,506768,134,2025-10-05,1,Not as described
1180,507100,115,2025-10-05,1,Defective
1181,507464,132,2025-10-06,1,Changed mind
1182,507379,118,2025-10-06,1,Not as described
1183,507687,114,2025-10-06,1,Uncomfortable
1184,507231,134,2025-10-06,2,Not as described
1185,507799,112,2025-10-06,1,Defective
1186,507691,120,2025-10-06,1,Wrong size
1187,507063,134,2025-10-06,2,Not as described
1188,507098,121,2025-10-06,1,Not as described
1189,507728,112,2025-10-06,2,Defective
1190,507356,117,2025-10-07,2,Defective
1191,507576,120,2025-10-07,1,Changed mind
1192,507222,123,2025-10-07,1,Wrong size
1193,507650,107,2025-10-07,1,Changed mind
1194,506653,116,2025-10-07,2,Wrong size
1195,507818,110,2025-10-08,1,Changed mind
1196,507543,107,2025-10-08,1,Not as described
1197,507745,115,2025-10-08,1,Wrong size
1198,507120,136,2025-10-08,1,Arrived damaged
1199,506823,118,2025-10-08,1,Not as described
1200,507673,121,2025-10-09,2,Not as described
1201,507710,130,2025-10-09,1,Changed mind
1202,507639,120,2025-10-09,1,Wrong size
1203,507578,122,2025-10-09,1,Changed mind
1204,507858,112,2025-10-09,1,Uncomfortable
1205,507265,102,2025-10-09,1,Arrived damaged
1206,507570,116,2025-10-10,1,Defective
1207,506793,116,2025-10-10,1,Uncomfortable
1208,507802,125,2025-10-10,1,Changed mind
1209,507968,122,2025-10-10,3,Wrong size
1210,507915,123,2025-10-10,1,Wrong size
1211,507438,101,2025-10-11,1,Not as described
1212,507957,115,2025-10-11,1,Uncomfortable
1213,507259,105,2025-10-11,2,Arrived damaged
1214,507570,117,2025-10-11,1,Uncomfortable
1215,507430,113,2025-10-11,2,Wrong size
1216,507357,124,2025-10-11,3,Not as described
1217,507858,122,2025-10-11,1,Wrong size
1218,506690,125,2025-10-11,1,Wrong size
1219,507422,112,2025-10-12,2,Wrong size
1220,507764,135,2025-10-12,1,Not as described
1221,507692,125,2025-10-12,1,Wrong size
1222,507423,131,2025-10-12,1,Changed mind
1223,507293,115,2025-10-12,1,Wrong size
1224,507686,134,2025-10-12,1,Changed mind
1225,507365,119,2025-10-12,1,Changed mind
1226,507838,122,2025-10-13,1,Not as described
1227,507769,110,2025-10-13,1,Not as described
1228,507431,117,2025-10-13,1,Uncomfortable
1229,507331,113,2025-10-13,1,Wrong size
1230,508069,120,2025-10-14,1,Wrong size
1231,507707,129,2025-10-14,1,Arrived damaged
1232,507464,103,2025-10-14,1,Defective
1233,507177,117,2025-10-14,1,Wrong size
1234,508032,110,2025-10-14,1,Not as described
1235,507807,124,2025-10-15,1,Wrong size
1236,507805,112,2025-10-15,2,Defective
1237,507837,115,2025-10-15,2,Wrong size
1238,507527,111,2025-10-16,1,Defective
1239,507552,130,2025-10-16,1,Arrived damaged
1240,507845,133,2025-10-16,1,Arrived damaged
1241,507848,123,2025-10-16,1,Wrong size
1242,507868,101,2025-10-16,1,Changed mind
1243,508052,109,2025-10-16,1,Arrived damaged
1244,507971,124,2025-10-17,1,Not as described
1245,507959,119,2025-10-17,1,Wrong size
1246,507707,108,2025-10-17,2,Not as described
1247,508176,111,2025-10-17,1,Arrived damaged
1248,507477,118,2025-10-18,1,Changed mind
1249,507811,112,2025-10-18,1,Wrong size
1250,507773,118,2025-10-18,1,Changed mind
1251,507822,124,2025-10-19,3,Wrong size
1252,508156,124,2025-10-19,1,Changed mind
1253,508043,112,2025-10-20,3,Uncomfortable
1254,507930,118,2025-10-20,1,Not as described
1255,507063,121,2025-10-20,1,Changed mind
1256,507775,117,2025-10-20,1,Wrong size
1257,508105,114,2025-10-20,1,Defective
1258,507824,107,2025-10-21,1,Defective
1259,508253,114,2025-10-21,1,Wrong size
1260,507769,110,2025-10-21,1,Not as described
1261,508338,112,2025-10-21,1,Uncomfortable
1262,507112,124,2025-10-21,1,Changed mind
1263,507125,103,2025-10-22,2,Defective
1264,507865,123,2025-10-22,1,Wrong size
1265,507610,121,2025-10-22,1,Not as described
1266,508374,116,2025-10-23,1,Wrong size
1267,507977,120,2025-10-23,1,Not as described
1268,508319,125,2025-10-23,1,Wrong size
1269,508371,105,2025-10-23,1,Defective
1270,508229,108,2025-10-23,1,Defective
1271,508012,138,2025-10-23,2,Changed mind
1272,507970,118,2025-10-23,1,Not as described
1273,507769,116,2025-10-23,1,Uncomfortable
1274,507537,121,2025-10-23,2,Wrong size
1275,507308,116,2025-10-23,1,Defective
1276,508194,111,2025-10-24,1,Defective
1277,507848,117,2025-10-24,1,Uncomfortable
1278,508003,129,2025-10-24,1,Changed mind
1279,507930,119,2025-10-24,1,Wrong size
1280,508459,113,2025-10-24,2,Defective
1281,508451,112,2025-10-25,2,Defective
1282,508087,125,2025-10-25,1,Wrong size
1283,507834,113,2025-10-25,2,Uncomfortable
1284,508353,121,2025-10-25,1,Changed mind
1285,507639,120,2025-10-26,2,Not as described
1286,508469,117,2025-10-26,1,Defective
1287,508108,117,2025-10-26,1,Uncomfortable
1288,508434,113,2025-10-27,1,Defective
1289,507650,107,2025-10-27,1,Defective
1290,508136,136,2025-10-27,2,Defective
1291,508419,119,2025-10-27,1,Changed mind
1292,508237,122,2025-10-27,1,Wrong size
1293,508023,120,2025-10-27,1,Changed mind
1294,507976,115,2025-10-27,1,Wrong size
1295,507977,120,2025-10-27,1,Wrong size
1296,508050,118,2025-10-27,1,Wrong size
1297,508516,109,2025-10-27,1,Not as described
1298,507502,119,2025-10-28,1,Changed mind
1299,508356,116,2025-10-28,1,Uncomfortable
1300,508215,133,2025-10-28,1,Not as described
1301,507858,112,2025-10-28,1,Uncomfortable
1302,508221,112,2025-10-28,2,Uncomfortable
1303,508421,113,2025-10-28,1,Uncomfortable
1304,507686,134,2025-10-29,1,Changed mind
1305,507818,110,2025-10-29,1,Arrived damaged
1306,507840,112,2025-10-29,1,Wrong size
1307,508441,125,2025-10-30,1,Wrong size
1308,508297,132,2025-10-30,1,Defective
1309,508618,113,2025-10-30,1,Wrong size
1310,508250,135,2025-10-30,1,Not as described
1311,508597,122,2025-10-30,1,Changed mind
1312,507543,107,2025-10-30,1,Changed mind
1313,508108,117,2025-10-30,1,Uncomfortable
1314,508162,112,2025-10-30,2,Uncomfortable
1315,507691,120,2025-10-30,1,Wrong size
1316,508358,121,2025-10-31,1,Changed mind
1317,508460,112,2025-10-31,1,Uncomfortable
1318,508024,114,2025-10-31,2,Uncomfortable
1319,508628,112,2025-11-01,1,Uncomfortable
1320,508203,113,2025-11-01,2,Wrong size
1321,508693,121,2025-11-01,1,Wrong size
1322,507990,116,2025-11-01,2,Defective
1323,508443,102,2025-11-02,2,Arrived damaged
1324,508069,120,2025-11-02,2,Wrong size
1325,508369,130,2025-11-02,1,Changed mind
1326,508245,115,2025-11-02,1,Wrong size
1327,508502,116,2025-11-02,1,Defective
1328,508488,119,2025-11-02,2,Changed mind
1329,508311,102,2025-11-02,1,Defective
1330,508306,137,2025-11-03,1,Defective
1331,508464,117,2025-11-03,1,Defective
1332,508015,122,2025-11-03,3,Not as described
1333,508708,138,2025-11-04,1,Changed mind
1334,508220,114,2025-11-04,1,Defective
1335,507971,124,2025-11-05,1,Not as described
1336,508736,111,2025-11-05,1,Not as described
1337,508422,124,2025-11-05,1,Wrong size
1338,508767,121,2025-11-05,1,Changed mind
1339,508849,114,2025-11-05,1,Wrong size
1340,508122,125,2025-11-05,1,Changed mind
1341,508647,123,2025-11-06,1,Wrong size
1342,508703,122,2025-11-06,1,Changed mind
1343,508096,122,2025-11-06,1,Changed mind
1344,508888,115,2025-11-06,1,Wrong size
1345,508803,137,2025-11-07,1,Arrived damaged
1346,508923,123,2025-11-07,1,Wrong size
1347,508211,125,2025-11-07,3,Wrong size
1348,508376,112,2025-11-08,1,Defective
1349,508945,112,2025-11-09,1,Wrong size
1350,508392,132,2025-11-09,1,Defective
1351,507799,112,2025-11-09,1,Wrong size
1352,508851,120,2025-11-09,1,Wrong size
1353,508713,114,2025-11-09,3,Wrong size
1354,508709,114,2025-11-09,1,Wrong size
1355,508732,120,2025-11-09,2,Wrong size
1356,508781,122,2025-11-10,1,Wrong size
1357,508881,138,2025-11-10,1,Not as described
1358,508650,112,2025-11-10,1,Uncomfortable
1359,509058,124,2025-11-10,1,Wrong size
1360,508217,122,2025-11-10,1,Changed mind
1361,508905,114,2025-11-10,3,Wrong size
1362,509032,121,2025-11-10,1,Wrong size
1363,508519,120,2025-11-11,1,Not as described
1364,508253,114,2025-11-11,1,Defective
1365,508725,126,2025-11-11,1,Defective
1366,508780,115,2025-11-11,2,Wrong size
1367,508952,101,2025-11-11,1,Changed mind
1368,508672,115,2025-11-12,2,Uncomfortable
1369,508421,123,2025-11-12,1,Not as described
1370,508940,124,2025-11-12,2,Changed mind
1371,508984,125,2025-11-12,1,Wrong size
1372,508552,109,2025-11-12,1,Defective
1373,509017,118,2025-11-13,1,Changed mind
1374,508156,124,2025-11-13,1,Changed mind
1375,509058,118,2025-11-13,1,Not as described
1376,509053,114,2025-11-14,1,Wrong size
1377,509157,122,2025-11-14,2,Changed mind
1378,508870,110,2025-11-14,1,Arrived damaged
1379,508840,122,2025-11-14,2,Changed mind
1380,508867,113,2025-11-14,1,Wrong size
1381,508460,112,2025-11-14,1,Uncomfortable
1382,509206,115,2025-11-14,1,Defective
1383,508898,125,2025-11-14,1,Changed mind
1384,508883,114,2025-11-15,2,Defective
1385,508705,119,2025-11-15,3,Wrong size
1386,509158,112,2025-11-15,1,Wrong size
1387,509314,106,2025-11-15,1,Changed mind
1388,509145,121,2025-11-15,1,Wrong size
1389,509153,124,2025-11-15,1,Changed mind
1390,508713,124,2025-11-16,1,Changed mind
1391,508953,115,2025-11-16,1,Uncomfortable
1392,508847,112,2025-11-16,2,Uncomfortable
1393,508685,117,2025-11-16,1,Wrong size
1394,508902,134,2025-11-16,1,Changed mind
1395,508974,119,2025-11-16,1,Wrong size
1396,509185,101,2025-11-17,1,Changed mind
1397,508832,103,2025-11-17,1,Arrived damaged
1398,508569,121,2025-11-17,1,Wrong size
1399,508885,111,2025-11-17,1,Defective
1400,509041,108,2025-11-18,1,Changed mind
1401,508740,111,2025-11-18,1,Changed mind
1402,508977,121,2025-11-18,1,Not as described
1403,508758,124,2025-11-18,1,Wrong size
1404,508996,112,2025-11-18,1,Defective
1405,508441,125,2025-11-18,1,Changed mind
1406,508909,107,2025-11-18,3,Defective
1407,509166,122,2025-11-19,1,Wrong size
1408,509026,108,2025-11-19,3,Changed mind
1409,508939,114,2025-11-19,1,Wrong size
1410,509105,117,2025-11-19,1,Uncomfortable
1411,508683,127,2025-11-19,1,Changed mind
1412,509356,134,2025-11-19,1,Arrived damaged
1413,508741,120,2025-11-19,2,Wrong size
1414,509398,103,2025-11-19,1,Not as described
1415,509433,115,2025-11-19,1,Wrong size
1416,508591,116,2025-11-19,1,Wrong size
1417,508533,115,2025-11-20,1,Wrong size
1418,508530,108,2025-11-20,1,Not as described
1419,509151,105,2025-11-20,1,Defective
1420,508709,114,2025-11-21,1,Wrong size
1421,508918,114,2025-11-21,1,Defective
1422,509203,123,2025-11-21,1,Wrong size
1423,508957,120,2025-11-21,1,Changed mind
1424,509337,123,2025-11-21,1,Wrong size
1425,508973,113,2025-11-21,1,Defective
1426,509247,108,2025-11-21,1,Defective
1427,509564,105,2025-11-22,1,Changed mind
1428,508464,117,2025-11-22,1,Uncomfortable
1429,509450,124,2025-11-22,1,Not as described
1430,508703,122,2025-11-22,1,Wrong size
1431,509004,123,2025-11-22,1,Wrong size
1432,509542,136,2025-11-23,1,Defective
1433,509616,109,2025-11-23,1,Arrived damaged
1434,508771,121,2025-11-23,3,Changed mind
1435,509126,119,2025-11-23,1,Not as described
1436,508949,118,2025-11-23,1,Not as described
1437,509226,125,2025-11-23,2,Not as described
1438,508712,108,2025-11-23,1,Defective
1439,509389,137,2025-11-23,1,Arrived damaged
1440,509260,122,2025-11-24,1,Wrong size
1441,509495,103,2025-11-24,1,Not as described
1442,509216,123,2025-11-24,1,Wrong size
1443,509445,116,2025-11-24,1,Wrong size
1444,509243,117,2025-11-24,2,Defective
1445,509347,121,2025-11-24,3,Wrong size
1446,509537,124,2025-11-24,3,Not as described
1447,509570,113,2025-11-24,1,Defective
1448,508891,117,2025-11-24,2,Defective
1449,508358,121,2025-11-24,1,Changed mind
1450,508998,118,2025-11-24,1,Wrong size
1451,509525,119,2025-11-25,2,Wrong size
1452,508650,112,2025-11-25,1,Wrong size
1453,509143,118,2025-11-25,1,Not as described
1454,509218,138,2025-11-25,1,Defective
1455,509048,101,2025-11-25,1,Changed mind
1456,509320,112,2025-11-25,1,Wrong size
1457,508771,122,2025-11-25,1,Not as described
1458,509670,122,2025-11-25,1,Not as described
1459,509392,118,2025-11-26,2,Not as described
1460,509534,118,2025-11-26,1,Changed mind
1461,509353,119,2025-11-26,1,Changed mind
1462,509207,124,2025-11-27,2,Wrong size
1463,509381,125,2025-11-27,3,Not as described
1464,509297,117,2025-11-27,1,Uncomfortable
1465,509022,123,2025-11-27,2,Wrong size
1466,509583,125,2025-11-27,1,Wrong size
1467,509611,108,2025-11-28,1,Changed mind
1468,508870,124,2025-11-28,1,Wrong size
1469,509038,120,2025-11-28,2,Not as described
1470,508994,114,2025-11-28,1,Uncomfortable
1471,508876,125,2025-11-28,3,Not as described
1472,509464,116,2025-11-28,2,Defective
1473,509817,114,2025-11-28,1,Wrong size
1474,509127,125,2025-11-28,1,Changed mind
1475,509294,112,2025-11-28,1,Defective
1476,509641,124,2025-11-29,2,Not as described
1477,508374,116,2025-11-29,1,Uncomfortable
1478,508902,134,2025-11-29,1,Arrived damaged
1479,509265,114,2025-11-29,1,Uncomfortable
1480,508918,114,2025-11-29,1,Wrong size
1481,508597,122,2025-11-29,1,Wrong size
1482,509925,113,2025-11-29,2,Wrong size
1483,509249,113,2025-11-29,1,Wrong size
1484,509196,117,2025-11-29,1,Uncomfortable
1485,508943,134,2025-11-29,1,Changed mind
1486,508945,112,2025-11-29,1,Defective
1487,508984,125,2025-11-30,1,Wrong size
1488,509533,131,2025-11-30,1,Defective
1489,509485,124,2025-11-30,1,Wrong size
1490,509038,138,2025-12-01,2,Changed mind
1491,509859,123,2025-12-01,1,Not as described
1492,508885,111,2025-12-01,1,Arrived damaged
1493,509497,114,2025-12-01,2,Uncomfortable
1494,509352,117,2025-12-01,1,Wrong size
1495,509833,118,2025-12-01,1,Not as described
1496,509260,118,2025-12-02,1,Not as described
1497,509431,116,2025-12-02,1,Defective
1498,509378,126,2025-12-02,1,Changed mind
1499,509185,101,2025-12-03,2,Defective
1500,509838,124,2025-12-03,1,Not as described
1501,509074,113,2025-12-03,3,Wrong size
1502,509898,106,2025-12-03,2,Arrived damaged
1503,508708,138,2025-12-03,1,Changed mind
1504,508781,122,2025-12-04,1,Changed mind
1505,509637,118,2025-12-04,1,Not as described
1506,509203,123,2025-12-04,1,Not as described
1507,510057,123,2025-12-04,1,Wrong size
1508,509559,113,2025-12-04,1,Uncomfortable
1509,509126,119,2025-12-04,1,Wrong size
1510,509874,136,2025-12-04,1,Defective
1511,510173,115,2025-12-04,1,Uncomfortable
1512,509145,121,2025-12-05,1,Not as described
1513,509577,136,2025-12-05,2,Changed mind
1514,509938,126,2025-12-05,1,Changed mind
1515,510220,112,2025-12-05,1,Wrong size
1516,509952,105,2025-12-05,2,Changed mind
1517,509192,121,2025-12-05,1,Changed mind
1518,509699,115,2025-12-05,1,Uncomfortable
1519,509748,134,2025-12-05,1,Changed mind
1520,508977,121,2025-12-05,1,Wrong size
1521,509298,122,2025-12-05,1,Not as described
1522,509117,117,2025-12-05,2,Uncomfortable
1523,509946,125,2025-12-06,1,Changed mind
1524,509648,119,2025-12-06,1,Wrong size
1525,509672,117,2025-12-06,2,Wrong size
1526,510100,124,2025-12-06,1,Wrong size
1527,509583,119,2025-12-06,1,Wrong size
1528,509547,113,2025-12-06,1,Uncomfortable
1529,509513,125,2025-12-06,1,Not as described
1530,508974,119,2025-12-06,1,Not as described
1531,509185,116,2025-12-06,2,Wrong size
1532,509336,118,2025-12-06,1,Changed mind
1533,509248,114,2025-12-06,1,Wrong size
1534,509431,116,2025-12-06,1,Uncomfortable
1535,509519,125,2025-12-07,1,Not as described
1536,509722,134,2025-12-07,1,Arrived damaged
1537,509542,136,2025-12-07,1,Not as described
1538,509249,116,2025-12-07,1,Wrong size
1539,509988,111,2025-12-07,1,Defective
1540,509636,134,2025-12-07,1,Changed mind
1541,509290,121,2025-12-07,1,Wrong size
1542,509583,125,2025-12-07,2,Wrong size
1543,508849,114,2025-12-08,1,Wrong size
1544,509314,106,2025-12-08,1,Arrived damaged
1545,509802,133,2025-12-08,3,Changed mind
1546,509166,122,2025-12-08,2,Wrong size
1547,509580,102,2025-12-08,1,Not as described
1548,510405,125,2025-12-08,1,Changed mind
1549,510212,136,2025-12-08,2,Not as described
1550,509867,138,2025-12-08,1,Changed mind
1551,510015,123,2025-12-09,1,Wrong size
1552,509855,123,2025-12-09,1,Wrong size
1553,509696,113,2025-12-09,1,Wrong size
1554,510401,108,2025-12-09,1,Changed mind
1555,509774,123,2025-12-10,1,Wrong size
1556,509771,122,2025-12-10,3,Wrong size
1557,509320,112,2025-12-10,1,Wrong size
1558,510108,121,2025-12-10,1,Wrong size
1559,510430,115,2025-12-10,1,Defective
1560,509337,123,2025-12-10,2,Changed mind
1561,509851,112,2025-12-10,1,Wrong size
1562,509936,116,2025-12-10,1,Defective
1563,510303,117,2025-12-10,1,Uncomfortable
1564,508736,111,2025-12-10,1,Changed mind
1565,510017,113,2025-12-10,1,Wrong size
1566,509861,117,2025-12-10,1,Wrong size
1567,510199,118,2025-12-10,2,Changed mind
1568,509695,133,2025-12-11,1,Not as described
1569,509247,108,2025-12-11,1,Defective
1570,509694,125,2025-12-11,3,Changed mind
1571,509693,124,2025-12-11,1,Wrong size
1572,510380,110,2025-12-11,1,Not as described
1573,510167,134,2025-12-11,2,Not as described
1574,509053,114,2025-12-11,1,Defective
1575,509559,113,2025-12-11,2,Wrong size
1576,510499,110,2025-12-11,3,Arrived damaged
1577,510432,123,2025-12-11,1,Not as described
1578,510305,120,2025-12-12,1,Wrong size
1579,510283,132,2025-12-12,3,Defective
1580,510072,103,2025-12-12,1,Defective
1581,510134,107,2025-12-12,1,Arrived damaged
1582,509411,134,2025-12-12,1,Arrived damaged
1583,509619,123,2025-12-12,3,Wrong size
1584,510601,114,2025-12-12,1,Uncomfortable
1585,510243,118,2025-12-13,1,Changed mind
1586,509446,117,2025-12-13,1,Wrong size
1587,508851,120,2025-12-13,1,Wrong size
1588,510174,115,2025-12-13,1,Uncomfortable
1589,510555,112,2025-12-13,1,Wrong size
1590,509472,115,2025-12-13,2,Wrong size
1591,510535,121,2025-12-13,1,Not as described
1592,510626,121,2025-12-13,1,Not as described
1593,509873,136,2025-12-13,3,Defective
1594,509143,118,2025-12-14,1,Not as described
1595,509017,118,2025-12-14,1,Wrong size
1596,510669,102,2025-12-14,1,Not as described
1597,509875,115,2025-12-14,1,Uncomfortable
1598,509567,124,2025-12-14,2,Changed mind
1599,509724,109,2025-12-14,1,Changed mind
1600,510627,123,2025-12-14,1,Not as described
1601,509041,108,2025-12-15,1,Changed mind
1602,510464,123,2025-12-15,1,Wrong size
1603,509151,105,2025-12-15,1,Arrived damaged
1604,509643,118,2025-12-15,3,Wrong size
1605,509774,129,2025-12-15,1,Arrived damaged
1606,509847,116,2025-12-15,1,Defective
1607,510615,108,2025-12-15,1,Not as described
1608,509833,118,2025-12-15,1,Changed mind
1609,510797,120,2025-12-16,1,Not as described
1610,510477,114,2025-12-16,1,Uncomfortable
1611,510280,135,2025-12-16,1,Changed mind
1612,510099,121,2025-12-16,2,Wrong size
1613,509931,110,2025-12-16,1,Not as described
1614,510042,132,2025-12-16,1,Arrived damaged
1615,510029,123,2025-12-16,1,Wrong size
1616,509974,118,2025-12-16,1,Wrong size
1617,509827,113,2025-12-17,1,Wrong size
1618,510665,122,2025-12-17,1,Changed mind
1619,510699,108,2025-12-17,1,Defective
1620,509652,114,2025-12-17,2,Wrong size
1621,510624,105,2025-12-17,1,Not as described
1622,509398,103,2025-12-18,1,Not as described
1623,510316,129,2025-12-18,1,Not as described
1624,510567,127,2025-12-18,2,Changed mind
1625,509714,116,2025-12-18,3,Defective
1626,510435,111,2025-12-18,1,Defective
1627,510444,120,2025-12-18,1,Not as described
1628,510655,113,2025-12-18,1,Wrong size
1629,510936,121,2025-12-18,1,Not as described
1630,510317,124,2025-12-18,1,Not as described
1631,510845,113,2025-12-18,1,Wrong size
1632,510861,117,2025-12-18,1,Uncomfortable
1633,510725,121,2025-12-18,3,Wrong size
1634,510018,121,2025-12-18,2,Not as described
1635,510021,116,2025-12-19,1,Defective
1636,510941,104,2025-12-19,2,Changed mind
1637,510377,115,2025-12-19,1,Wrong size
1638,509450,124,2025-12-19,2,Not as described
1639,510406,102,2025-12-20,1,Changed mind
1640,509898,109,2025-12-20,1,Changed mind
1641,509976,117,2025-12-20,1,Uncomfortable
1642,509158,112,2025-12-20,1,Wrong size
1643,510323,115,2025-12-20,1,Defective
1644,510540,121,2025-12-20,1,Wrong size
1645,510258,121,2025-12-20,1,Wrong size
1646,510215,104,2025-12-20,1,Defective
1647,510413,115,2025-12-20,1,Defective
1648,510771,110,2025-12-21,1,Arrived damaged
1649,510750,117,2025-12-21,1,Wrong size
1650,509875,122,2025-12-21,3,Wrong size
1651,510129,103,2025-12-21,1,Not as described
1652,510602,116,2025-12-21,2,Wrong size
1653,510221,133,2025-12-21,1,Defective
1654,511059,118,2025-12-21,1,Not as described
1655,511141,109,2025-12-22,1,Not as described
1656,510768,117,2025-12-22,1,Defective
1657,510771,125,2025-12-22,3,Not as described
1658,510944,125,2025-12-22,1,Wrong size
1659,510442,122,2025-12-22,1,Changed mind
1660,510721,113,2025-12-22,1,Uncomfortable
1661,511024,122,2025-12-22,1,Changed mind
1662,510493,119,2025-12-22,1,Not as described
1663,509817,114,2025-12-23,1,Wrong size
1664,510786,118,2025-12-23,2,Wrong size
1665,510291,119,2025-12-23,1,Not as described
1666,511222,124,2025-12-23,1,Not as described
1667,510193,111,2025-12-23,2,Arrived damaged
1668,510494,125,2025-12-23,3,Not as described
1669,510173,115,2025-12-23,1,Wrong size
1670,510605,115,2025-12-24,3,Wrong size
1671,511161,105,2025-12-24,1,Changed mind
1672,510697,110,2025-12-24,3,Changed mind
1673,511142,122,2025-12-24,1,Wrong size
1674,510054,116,2025-12-24,1,Wrong size
1675,510416,124,2025-12-24,3,Wrong size
1676,511220,106,2025-12-24,1,Not as described
1677,511024,121,2025-12-24,3,Wrong size
1678,510547,123,2025-12-24,1,Wrong size
1679,510853,113,2025-12-24,1,Wrong size
1680,510741,106,2025-12-24,1,Defective
1681,510950,114,2025-12-25,1,Wrong size
1682,510743,120,2025-12-25,2,Changed mind
1683,510059,125,2025-12-25,1,Wrong size
1684,510991,123,2025-12-25,1,Not as described
1685,510277,109,2025-12-26,2,Defective
1686,511323,114,2025-12-26,1,Defective
1687,511315,123,2025-12-26,1,Changed mind
1688,511277,106,2025-12-26,1,Arrived damaged
1689,510783,102,2025-12-26,1,Changed mind
1690,510514,110,2025-12-26,1,Arrived damaged
1691,511103,113,2025-12-26,1,Wrong size
1692,511130,102,2025-12-26,3,Arrived damaged
1693,509946,125,2025-12-26,1,Changed mind
1694,511440,121,2025-12-27,1,Changed mind
1695,510728,119,2025-12-27,1,Not as described
1696,510276,123,2025-12-27,1,Wrong size
1697,511052,123,2025-12-27,1,Not as described
1698,511069,113,2025-12-27,2,Uncomfortable
1699,511060,121,2025-12-27,1,Wrong size
1700,510432,123,2025-12-27,2,Not as described
1701,510140,112,2025-12-27,1,Wrong size
1702,510978,115,2025-12-27,1,Defective
1703,510971,110,2025-12-27,1,Defective
1704,511207,124,2025-12-27,1,Wrong size
1705,509495,103,2025-12-27,1,Defective
1706,511359,108,2025-12-27,1,Arrived damaged
1707,510542,121,2025-12-28,3,Wrong size
1708,510655,119,2025-12-28,2,Changed mind
1709,510247,107,2025-12-28,1,Defective
1710,510613,117,2025-12-28,1,Uncomfortable
1711,509570,113,2025-12-28,2,Wrong size
1712,510948,122,2025-12-28,1,Changed mind
1713,510697,121,2025-12-28,2,Changed mind
1714,511507,129,2025-12-29,1,Changed mind
1715,510947,114,2025-12-29,1,Wrong size
1716,510879,119,2025-12-29,1,Changed mind
1717,511344,120,2025-12-29,1,Wrong size
1718,511101,112,2025-12-29,1,Uncomfortable
1719,511425,112,2025-12-29,1,Wrong size
1720,510790,125,2025-12-29,1,Changed mind
1721,510324,119,2025-12-29,2,Not as described
1722,509988,111,2025-12-29,1,Defective
1723,510624,105,2025-12-29,1,Not as described
1724,510331,119,2025-12-30,2,Wrong size
1725,510424,124,2025-12-30,1,Wrong size
1726,510714,116,2025-12-30,1,Uncomfortable
1727,510985,127,2025-12-31,1,Arrived damaged
1728,510980,120,2025-12-31,1,Wrong size
1729,510318,120,2025-12-31,1,Not as described
1730,511136,137,2025-12-31,1,Not as described
1731,510435,111,2025-12-31,1,Defective
1732,511537,113,2025-12-31,2,Wrong size
1733,510562,102,2025-12-31,1,Changed mind
1734,510887,124,2025-12-31,1,Wrong size
1735,511732,117,2026-01-01,1,Uncomfortable
1736,510015,123,2026-01-01,2,Wrong size
1737,510017,113,2026-01-01,1,Defective
1738,511066,118,2026-01-01,1,Not as described
1739,510501,116,2026-01-01,1,Uncomfortable
1740,510714,123,2026-01-01,1,Wrong size
1741,511566,114,2026-01-01,1,Wrong size
1742,510505,104,2026-01-01,1,Arrived damaged
1743,511551,113,2026-01-02,2,Wrong size
1744,511355,122,2026-01-02,1,Wrong size
1745,510985,114,2026-01-02,2,Wrong size
1746,510412,125,2026-01-02,2,Not as described
1747,510991,110,2026-01-03,1,Arrived damaged
1748,511025,113,2026-01-03,1,Wrong size
1749,510316,129,2026-01-03,2,Defective
1750,511757,122,2026-01-03,2,Wrong size
1751,510577,125,2026-01-03,1,Wrong size
1752,511609,123,2026-01-03,2,Not as described
1753,510528,108,2026-01-03,1,Defective
1754,511048,120,2026-01-03,1,Wrong size
1755,511276,135,2026-01-04,1,Defective
1756,511212,127,2026-01-04,3,Not as described
1757,511932,134,2026-01-04,2,Arrived damaged
1758,511163,120,2026-01-04,2,Not as described
1759,510573,102,2026-01-04,2,Changed mind
1760,510657,101,2026-01-04,1,Changed mind
1761,510932,123,2026-01-04,2,Wrong size
1762,511641,114,2026-01-04,1,Defective
1763,510721,113,2026-01-04,1,Defective
1764,511900,116,2026-01-05,1,Wrong size
1765,511493,114,2026-01-05,1,Wrong size
1766,510796,112,2026-01-05,1,Defective
1767,511488,113,2026-01-05,2,Uncomfortable
1768,510850,119,2026-01-05,2,Not as described
1769,510720,123,2026-01-05,2,Wrong size
1770,511439,135,2026-01-05,1,Not as described
1771,509861,117,2026-01-05,2,Defective
1772,511272,112,2026-01-05,1,Uncomfortable
1773,510880,116,2026-01-05,2,Defective
1774,511398,117,2026-01-05,1,Uncomfortable
1775,511360,115,2026-01-05,1,Defective
1776,511946,124,2026-01-05,1,Wrong size
1777,511536,118,2026-01-06,1,Not as described
1778,511833,125,2026-01-06,1,Not as described
1779,511752,116,2026-01-06,1,Wrong size
1780,510790,125,2026-01-06,1,Changed mind
1781,510615,108,2026-01-06,1,Arrived damaged
1782,510728,119,2026-01-06,1,Wrong size
1783,510947,114,2026-01-06,1,Wrong size
1784,510719,112,2026-01-06,1,Uncomfortable
1785,511115,129,2026-01-06,1,Arrived damaged
1786,511934,121,2026-01-06,1,Changed mind
1787,511791,110,2026-01-07,1,Defective
1788,511949,112,2026-01-07,1,Uncomfortable
1789,511258,116,2026-01-07,1,Defective
1790,511277,120,2026-01-07,1,Wrong size
1791,511930,116,2026-01-07,1,Uncomfortable
1792,511621,117,2026-01-07,1,Wrong size
1793,510280,135,2026-01-08,1,Arrived damaged
1794,510243,118,2026-01-08,1,Not as described
1795,511708,116,2026-01-08,1,Wrong size
1796,511465,116,2026-01-08,2,Wrong size
1797,511393,122,2026-01-08,1,Wrong size
1798,511195,112,2026-01-08,1,Defective
1799,511523,118,2026-01-08,3,Changed mind
1800,510477,114,2026-01-08,1,Defective
1801,510796,116,2026-01-09,3,Uncomfortable
1802,511660,112,2026-01-09,1,Defective
1803,510405,125,2026-01-09,1,Wrong size
1804,511581,107,2026-01-09,1,Changed mind
1805,511469,117,2026-01-09,1,Defective
1806,511678,124,2026-01-09,1,Changed mind
1807,510406,102,2026-01-09,1,Not as described
1808,512079,117,2026-01-09,1,Uncomfortable
1809,512110,125,2026-01-09,1,Changed mind
1810,510891,116,2026-01-09,1,Wrong size
1811,511557,114,2026-01-09,1,Uncomfortable
1812,510555,112,2026-01-09,1,Wrong size
1813,511179,135,2026-01-09,1,Not as described
1814,511782,112,2026-01-09,1,Defective
1815,511684,120,2026-01-10,1,Not as described
1816,512091,117,2026-01-10,1,Defective
1817,511534,108,2026-01-10,2,Arrived damaged
1818,511826,115,2026-01-10,3,Wrong size
1819,511878,121,2026-01-10,1,Changed mind
1820,511208,123,2026-01-11,1,Wrong size
1821,511332,119,2026-01-11,1,Wrong size
1822,511467,114,2026-01-11,1,Wrong size
1823,511778,120,2026-01-11,1,Wrong size
1824,510601,114,2026-01-11,1,Uncomfortable
1825,510547,123,2026-01-11,1,Not as described
1826,510942,124,2026-01-11,3,Changed mind
1827,511805,124,2026-01-11,1,Not as described
1828,511525,128,2026-01-12,1,Changed mind
1829,510845,113,2026-01-12,1,Wrong size
1830,511406,116,2026-01-12,1,Uncomfortable
1831,511250,122,2026-01-12,2,Not as described
1832,511138,106,2026-01-12,3,Defective
1833,511127,104,2026-01-12,1,Changed mind
1834,511042,116,2026-01-12,1,Wrong size
1835,512060,101,2026-01-12,1,Not as described
1836,511591,112,2026-01-12,1,Wrong size
1837,511678,115,2026-01-13,1,Defective
1838,511935,107,2026-01-13,2,Not as described
1839,511944,120,2026-01-13,1,Wrong size
1840,511644,128,2026-01-13,2,Changed mind
1841,511682,112,2026-01-13,3,Wrong size
1842,511025,113,2026-01-13,2,Wrong size
1843,511033,119,2026-01-13,1,Not as described
1844,511277,106,2026-01-13,1,Arrived damaged
1845,511258,116,2026-01-13,1,Uncomfortable
1846,511489,124,2026-01-13,2,Wrong size
1847,510655,113,2026-01-13,1,Wrong size
1848,510944,125,2026-01-14,1,Wrong size
1849,511688,113,2026-01-14,1,Wrong size
1850,512214,119,2026-01-14,1,Not as described
1851,511231,113,2026-01-14,1,Wrong size
1852,511925,113,2026-01-14,1,Wrong size
1853,511711,126,2026-01-14,1,Defective
1854,512086,118,2026-01-15,1,Changed mind
1855,510985,127,2026-01-15,1,Arrived damaged
1856,510771,110,2026-01-15,1,Changed mind
1857,510861,117,2026-01-15,1,Uncomfortable
1858,511733,120,2026-01-15,1,Changed mind
1859,511715,121,2026-01-15,1,Not as described
1860,511536,119,2026-01-15,1,Changed mind
1861,512131,116,2026-01-15,2,Wrong size
1862,511623,113,2026-01-15,1,Defective
1863,511527,106,2026-01-15,1,Not as described
1864,511840,124,2026-01-16,1,Not as described
1865,510540,121,2026-01-16,1,Wrong size
1866,511265,114,2026-01-16,1,Uncomfortable
1867,512168,125,2026-01-16,1,Not as described
1868,511558,107,2026-01-16,1,Arrived damaged
1869,511897,136,2026-01-17,2,Not as described
1870,511489,116,2026-01-17,2,Uncomfortable
1871,512344,116,2026-01-17,1,Wrong size
1872,511783,118,2026-01-17,1,Changed mind
1873,512032,102,2026-01-17,1,Defective
1874,511060,121,2026-01-17,1,Changed mind
1875,511726,110,2026-01-17,1,Arrived damaged
1876,511829,114,2026-01-17,1,Defective
1877,512056,114,2026-01-18,1,Wrong size
1878,512085,104,2026-01-18,1,Changed mind
1879,511638,124,2026-01-18,1,Wrong size
1880,512376,114,2026-01-18,1,Defective
1881,511805,124,2026-01-18,1,Changed mind
1882,511784,110,2026-01-18,1,Changed mind
1883,511711,126,2026-01-18,1,Not as described
1884,511222,124,2026-01-19,1,Not as described
1885,511795,113,2026-01-19,1,Wrong size
1886,511490,135,2026-01-19,1,Arrived damaged
1887,511688,113,2026-01-19,1,Uncomfortable
1888,511161,105,2026-01-19,1,Changed mind
1889,511457,115,2026-01-20,1,Wrong size
1890,512224,102,2026-01-20,1,Defective
1891,511141,109,2026-01-20,2,Not as described
1892,511768,124,2026-01-20,1,Changed mind
1893,512208,102,2026-01-20,1,Not as described
1894,511840,124,2026-01-20,1,Wrong size
1895,512316,115,2026-01-20,1,Uncomfortable
1896,512374,123,2026-01-21,1,Not as described
1897,512303,119,2026-01-21,1,Changed mind
1898,511952,134,2026-01-21,3,Defective
1899,512269,124,2026-01-21,1,Wrong size
1900,512295,127,2026-01-21,1,Not as described
1901,512396,107,2026-01-21,1,Defective
1902,511955,128,2026-01-22,1,Arrived damaged
1903,511799,109,2026-01-22,1,Changed mind
1904,511207,124,2026-01-22,1,Wrong size
1905,512125,118,2026-01-22,1,Wrong size
1906,512284,126,2026-01-22,3,Arrived damaged
1907,512341,115,2026-01-22,1,Wrong size
1908,511323,114,2026-01-22,1,Wrong size
1909,512477,109,2026-01-22,1,Changed mind
1910,512109,122,2026-01-22,1,Changed mind
1911,512304,102,2026-01-23,3,Defective
1912,512137,130,2026-01-23,3,Not as described
1913,512144,112,2026-01-24,1,Uncomfortable
1914,511992,112,2026-01-24,1,Wrong size
1915,512266,102,2026-01-24,1,Arrived damaged
1916,512120,121,2026-01-24,1,Wrong size
1917,512281,121,2026-01-24,1,Wrong size
1918,511315,123,2026-01-25,2,Changed mind
1919,512211,121,2026-01-25,1,Changed mind
1920,511875,138,2026-01-25,3,Not as described
1921,512322,129,2026-01-25,3,Not as described
1922,512373,116,2026-01-25,1,Uncomfortable
1923,511889,120,2026-01-26,1,Wrong size
1924,512541,120,2026-01-26,1,Changed mind
1925,511991,118,2026-01-26,2,Wrong size
1926,512215,124,2026-01-26,1,Wrong size
1927,511767,110,2026-01-26,1,Changed mind
1928,511811,121,2026-01-26,1,Changed mind
1929,511344,120,2026-01-27,1,Wrong size
1930,512547,108,2026-01-27,1,Arrived damaged
1931,512334,119,2026-01-27,2,Not as described
1932,511895,119,2026-01-27,3,Wrong size
1933,511272,112,2026-01-27,1,Wrong size
1934,512606,112,2026-01-28,1,Defective
1935,511355,122,2026-01-28,2,Wrong size
1936,511276,135,2026-01-28,1,Defective
1937,512334,101,2026-01-28,1,Arrived damaged
1938,511684,120,2026-01-28,1,Wrong size
1939,511944,114,2026-01-28,1,Wrong size
1940,511142,122,2026-01-28,2,Wrong size
1941,512088,136,2026-01-28,1,Changed mind
1942,511782,112,2026-01-28,1,Wrong size
1943,511971,113,2026-01-28,2,Defective
1944,511621,117,2026-01-29,2,Wrong size
1945,512536,124,2026-01-29,1,Not as described
1946,512232,125,2026-01-29,1,Wrong size
1947,512604,125,2026-01-29,1,Not as described
1948,512180,114,2026-01-29,1,Wrong size
1949,511995,138,2026-01-29,1,Arrived damaged
1950,512436,116,2026-01-30,2,Defective
1951,512411,116,2026-01-30,1,Wrong size
1952,512544,119,2026-01-31,3,Changed mind
1953,512155,122,2026-01-31,1,Wrong size
1954,512716,102,2026-01-31,1,Changed mind
1955,512058,123,2026-01-31,1,Wrong size
1956,512633,103,2026-01-31,1,Arrived damaged
1957,512056,114,2026-01-31,1,Uncomfortable
1958,512348,114,2026-01-31,1,Uncomfortable
1959,512520,119,2026-02-01,1,Changed mind
1960,512604,119,2026-02-01,1,Wrong size
1961,512189,117,2026-02-01,2,Wrong size
1962,512707,136,2026-02-02,1,Not as described
1963,512544,122,2026-02-02,1,Changed mind
1964,512594,113,2026-02-02,1,Wrong size
1965,512356,130,2026-02-02,1,Not as described
1966,512412,123,2026-02-02,2,Changed mind
1967,512540,108,2026-02-02,1,Not as described
1968,512212,113,2026-02-02,1,Wrong size
1969,512224,114,2026-02-02,1,Uncomfortable
1970,512780,117,2026-02-02,3,Uncomfortable
1971,512642,122,2026-02-03,2,Wrong size
1972,512849,116,2026-02-03,1,Defective
1973,512648,133,2026-02-03,1,Changed mind
1974,512287,138,2026-02-04,1,Not as described
1975,512287,117,2026-02-04,1,Defective
1976,512240,123,2026-02-04,1,Changed mind
1977,512514,119,2026-02-04,1,Not as described
1978,512567,116,2026-02-04,1,Wrong size
1979,512798,125,2026-02-04,1,Changed mind
1980,512816,124,2026-02-04,1,Changed mind
1981,512376,114,2026-02-04,1,Defective
1982,512850,121,2026-02-04,1,Wrong size
1983,512303,119,2026-02-04,1,Wrong size
1984,512708,118,2026-02-05,2,Changed mind
1985,512885,133,2026-02-05,1,Defective
1986,512799,131,2026-02-05,2,Defective
1987,511708,116,2026-02-06,1,Wrong size
1988,512745,123,2026-02-06,1,Wrong size
1989,512334,101,2026-02-06,2,Not as described
1990,512793,138,2026-02-06,1,Changed mind
1991,512626,112,2026-02-07,1,Uncomfortable
1992,512358,134,2026-02-07,1,Arrived damaged
1993,512725,103,2026-02-07,1,Arrived damaged
1994,512733,120,2026-02-07,1,Wrong size
1995,512110,125,2026-02-07,1,Changed mind
1996,512747,117,2026-02-07,1,Wrong size
1997,512248,121,2026-02-07,1,Wrong size
1998,512912,113,2026-02-08,1,Uncomfortable
1999,512893,125,2026-02-08,1,Changed mind
2000,511829,114,2026-02-08,1,Defective
2001,512435,122,2026-02-08,1,Wrong size
2002,511678,115,2026-02-08,1,Wrong size
2003,512523,101,2026-02-08,2,Changed mind
2004,512800,105,2026-02-09,1,Defective
2005,512599,104,2026-02-09,2,Defective
2006,512561,106,2026-02-09,1,Arrived damaged
2007,512424,117,2026-02-09,1,Defective
2008,512616,106,2026-02-10,1,Arrived damaged
2009,512475,119,2026-02-10,2,Wrong size
2010,512364,120,2026-02-10,1,Changed mind
2011,512091,117,2026-02-11,1,Wrong size
2012,512971,114,2026-02-11,1,Uncomfortable
2013,512488,110,2026-02-11,2,Changed mind
2014,512965,125,2026-02-11,1,Changed mind
2015,512909,114,2026-02-11,1,Uncomfortable
2016,512708,134,2026-02-11,1,Defective
2017,512586,130,2026-02-11,1,Defective
2018,512168,125,2026-02-12,1,Changed mind
2019,512548,112,2026-02-12,1,Wrong size
2020,512884,120,2026-02-12,1,Not as described
2021,512556,132,2026-02-12,1,Arrived damaged
2022,512571,123,2026-02-12,1,Wrong size
2023,512467,112,2026-02-12,2,Uncomfortable
2024,512522,112,2026-02-12,1,Uncomfortable
2025,512891,123,2026-02-12,2,Changed mind
2026,512883,117,2026-02-13,1,Wrong size
2027,512668,122,2026-02-13,2,Not as described
2028,512706,124,2026-02-13,1,Changed mind
2029,512454,111,2026-02-13,2,Arrived damaged
2030,512519,104,2026-02-13,1,Defective
2031,512445,114,2026-02-13,1,Uncomfortable
2032,512811,116,2026-02-14,1,Wrong size
2033,512888,109,2026-02-14,2,Arrived damaged
2034,513179,121,2026-02-14,1,Wrong size
2035,512848,103,2026-02-14,1,Arrived damaged
2036,512374,123,2026-02-14,1,Wrong size
2037,512798,105,2026-02-14,1,Defective
2038,513170,123,2026-02-15,1,Wrong size
2039,512992,133,2026-02-15,1,Defective
2040,512822,123,2026-02-15,1,Changed mind
2041,513087,119,2026-02-15,1,Changed mind
2042,513015,113,2026-02-16,1,Wrong size
2043,512942,115,2026-02-16,3,Defective
2044,512851,129,2026-02-16,2,Arrived damaged
2045,512736,123,2026-02-17,1,Wrong size
2046,512780,125,2026-02-17,1,Wrong size
2047,513314,123,2026-02-19,1,Not as described
2048,513268,138,2026-02-19,1,Not as described
2049,512928,119,2026-02-19,1,Wrong size
2050,513206,105,2026-02-20,1,Changed mind
2051,513225,121,2026-02-20,1,Wrong size
2052,512762,133,2026-02-21,2,Not as described
2053,513140,128,2026-02-21,1,Not as described
2054,513419,134,2026-02-21,1,Defective
2055,512816,109,2026-02-22,2,Arrived damaged
2056,513149,124,2026-02-22,3,Wrong size
2057,512961,118,2026-02-22,3,Not as described
2058,512986,127,2026-02-23,1,Defective
2059,513055,112,2026-02-23,1,Wrong size
2060,513253,123,2026-02-23,1,Not as described
2061,513123,112,2026-02-23,1,Wrong size
2062,513248,123,2026-02-24,1,Changed mind
2063,513337,129,2026-02-24,1,Arrived damaged
2064,512948,122,2026-02-24,1,Changed mind
2065,513156,116,2026-02-24,1,Defective
2066,513069,114,2026-02-24,2,Defective
2067,512812,105,2026-02-24,3,Arrived damaged
2068,513173,115,2026-02-25,1,Uncomfortable
2069,513346,118,2026-02-25,1,Wrong size
2070,513215,117,2026-02-25,3,Wrong size
2071,513261,112,2026-02-25,1,Wrong size
2072,513429,115,2026-02-25,1,Wrong size
2073,512849,116,2026-02-25,1,Defective
2074,513378,122,2026-02-25,2,Changed mind
2075,513198,133,2026-02-26,1,Not as described
2076,513145,122,2026-02-26,1,Changed mind
2077,513052,117,2026-02-26,2,Defective
2078,513612,108,2026-02-26,1,Defective
2079,513582,121,2026-02-26,1,Wrong size
2080,513183,137,2026-02-26,1,Not as described
2081,513385,113,2026-02-26,1,Wrong size
2082,513357,118,2026-02-27,1,Changed mind
2083,512811,116,2026-02-27,1,Uncomfortable
2084,513217,118,2026-02-28,1,Changed mind
2085,512897,123,2026-02-28,1,Not as described
2086,512900,115,2026-02-28,1,Defective
2087,512967,118,2026-02-28,1,Wrong size
2088,513135,121,2026-02-28,1,Wrong size
2089,513044,121,2026-03-01,3,Wrong size
2090,512999,121,2026-03-01,1,Not as described
2091,513557,112,2026-03-01,1,Wrong size
2092,512747,117,2026-03-01,1,Defective
2093,513107,116,2026-03-02,2,Wrong size
2094,513645,112,2026-03-03,1,Defective
2095,513261,105,2026-03-03,2,Arrived damaged
2096,513737,113,2026-03-03,1,Defective
2097,512955,117,2026-03-03,2,Uncomfortable
2098,513382,125,2026-03-03,1,Wrong size
2099,513225,121,2026-03-04,1,Changed mind
2100,513499,112,2026-03-04,1,Wrong size
2101,513567,104,2026-03-04,1,Not as described
2102,513499,105,2026-03-04,2,Arrived damaged
2103,513171,135,2026-03-04,1,Changed mind
2104,513802,122,2026-03-05,1,Not as described
2105,513696,114,2026-03-05,1,Wrong size
2106,513735,119,2026-03-06,1,Wrong size
2107,513691,122,2026-03-06,1,Not as described
2108,513549,123,2026-03-07,3,Not as described
2109,513116,132,2026-03-07,2,Arrived damaged
2110,513470,120,2026-03-07,1,Wrong size
2111,513289,121,2026-03-07,1,Wrong size
2112,512745,123,2026-03-08,1,Changed mind
2113,513561,114,2026-03-08,2,Defective
2114,513938,118,2026-03-08,1,Changed mind
2115,513732,129,2026-03-09,1,Not as described
2116,513875,117,2026-03-09,1,Uncomfortable
2117,512822,123,2026-03-09,1,Not as described
2118,513250,110,2026-03-09,1,Arrived damaged
2119,513640,108,2026-03-09,1,Not as described
2120,513218,135,2026-03-09,2,Arrived damaged
2121,513366,118,2026-03-09,1,Changed mind
2122,513691,120,2026-03-10,1,Changed mind
2123,513693,115,2026-03-10,1,Defective
2124,513324,105,2026-03-10,2,Changed mind
2125,513416,108,2026-03-10,1,Not as described
2126,513910,102,2026-03-10,1,Not as described
2127,513224,114,2026-03-11,1,Wrong size
2128,513683,110,2026-03-11,1,Arrived damaged
2129,513550,113,2026-03-11,1,Defective
2130,513574,112,2026-03-11,1,Defective
2131,514137,129,2026-03-12,1,Arrived damaged
2132,514036,121,2026-03-12,1,Changed mind
2133,513385,113,2026-03-12,1,Wrong size
2134,513055,112,2026-03-12,2,Wrong size
2135,513253,123,2026-03-12,1,Not as described
2136,513909,122,2026-03-12,1,Not as described
2137,514087,123,2026-03-12,1,Wrong size
2138,514069,113,2026-03-13,1,Wrong size
2139,513805,125,2026-03-13,2,Wrong size
2140,514028,124,2026-03-13,2,Wrong size
2141,513542,119,2026-03-13,2,Wrong size
2142,513849,121,2026-03-14,1,Not as described
2143,513766,124,2026-03-14,1,Wrong size
2144,513314,123,2026-03-14,1,Not as described
2145,513183,137,2026-03-14,2,Defective
2146,514018,126,2026-03-14,1,Defective
2147,514105,112,2026-03-15,1,Uncomfortable
2148,513752,130,2026-03-15,3,Changed mind
2149,513887,119,2026-03-15,2,Wrong size
2150,513441,116,2026-03-15,1,Wrong size
2151,513337,129,2026-03-15,1,Defective
2152,513518,116,2026-03-15,1,Uncomfortable
2153,514296,125,2026-03-16,1,Wrong size
2154,513982,108,2026-03-16,1,Not as described
2155,513629,124,2026-03-16,2,Not as described
2156,514089,121,2026-03-17,1,Changed mind
2157,513636,123,2026-03-17,1,Wrong size
2158,513848,117,2026-03-17,1,Uncomfortable
2159,513438,101,2026-03-17,1,Changed mind
2160,514032,122,2026-03-17,1,Wrong size
2161,514059,101,2026-03-18,1,Arrived damaged
2162,513217,118,2026-03-18,1,Wrong size
2163,513614,104,2026-03-18,2,Changed mind
2164,513605,123,2026-03-18,3,Not as described
2165,513156,116,2026-03-18,1,Uncomfortable
2166,513871,125,2026-03-19,1,Wrong size
2167,513489,124,2026-03-19,1,Wrong size
2168,514440,112,2026-03-19,1,Wrong size
2169,513641,112,2026-03-19,1,Uncomfortable
2170,514358,130,2026-03-19,2,Arrived damaged
2171,514087,119,2026-03-19,1,Not as described
2172,513715,115,2026-03-19,3,Wrong size
2173,513206,105,2026-03-19,2,Arrived damaged
2174,513813,123,2026-03-20,2,Changed mind
2175,514172,125,2026-03-20,1,Wrong size
2176,513419,134,2026-03-20,2,Arrived damaged
2177,513978,102,2026-03-20,2,Not as described
2178,513586,116,2026-03-20,1,Wrong size
2179,514104,125,2026-03-21,1,Wrong size
2180,514122,102,2026-03-21,1,Not as described
2181,514440,122,2026-03-21,1,Wrong size
2182,513589,122,2026-03-21,1,Changed mind
2183,514396,121,2026-03-21,1,Wrong size
2184,513696,118,2026-03-21,1,Wrong size
2185,513664,105,2026-03-22,1,Not as described
2186,513968,113,2026-03-22,1,Uncomfortable
2187,514335,113,2026-03-22,1,Wrong size
2188,514222,118,2026-03-22,1,Changed mind
2189,513635,119,2026-03-22,1,Changed mind
2190,513871,125,2026-03-22,2,Not as described
2191,514492,115,2026-03-22,1,Wrong size
2192,514111,103,2026-03-23,1,Defective
2193,514236,114,2026-03-23,2,Wrong size
2194,514200,117,2026-03-23,2,Wrong size
2195,514398,117,2026-03-23,1,Wrong size
2196,513382,125,2026-03-23,1,Wrong size
2197,513087,119,2026-03-23,2,Wrong size
2198,514413,122,2026-03-23,2,Not as described
2199,513770,123,2026-03-23,1,Wrong size
2200,513261,112,2026-03-24,1,Defective
2201,514374,131,2026-03-24,1,Changed mind
2202,514224,115,2026-03-24,3,Uncomfortable
2203,513985,116,2026-03-25,1,Wrong size
2204,513712,119,2026-03-25,1,Wrong size
2205,513696,114,2026-03-25,1,Wrong size
2206,514237,106,2026-03-25,1,Changed mind
2207,514502,112,2026-03-25,1,Defective
2208,514327,126,2026-03-25,1,Arrived damaged
2209,513850,114,2026-03-25,1,Wrong size
2210,514198,110,2026-03-25,1,Changed mind
2211,514303,137,2026-03-26,1,Arrived damaged
2212,514495,123,2026-03-26,1,Wrong size
2213,514659,120,2026-03-26,1,Wrong size
2214,513821,126,2026-03-26,2,Defective
2215,513977,124,2026-03-26,1,Wrong size
2216,514202,123,2026-03-26,1,Wrong size
2217,514472,113,2026-03-27,1,Defective
2218,514243,134,2026-03-27,1,Changed mind
2219,514314,121,2026-03-27,2,Not as described
2220,514205,121,2026-03-27,1,Not as described
2221,514651,106,2026-03-27,1,Changed mind
2222,513796,122,2026-03-28,1,Not as described
2223,513574,112,2026-03-28,2,Wrong size
2224,514171,110,2026-03-28,1,Not as described
2225,514298,112,2026-03-28,1,Defective
2226,513766,124,2026-03-28,1,Changed mind
2227,513691,122,2026-03-29,1,Wrong size
2228,513895,112,2026-03-29,1,Uncomfortable
2229,514758,119,2026-03-29,3,Changed mind
2230,514790,114,2026-03-29,1,Uncomfortable
2231,514761,125,2026-03-29,1,Wrong size
2232,514146,121,2026-03-29,1,Wrong size
2233,514536,122,2026-03-29,1,Not as described
2234,514378,114,2026-03-29,2,Uncomfortable
2235,514497,133,2026-03-29,1,Arrived damaged
2236,514436,117,2026-03-29,2,Uncomfortable
2237,514072,117,2026-03-30,2,Wrong size
2238,514913,134,2026-03-30,1,Not as described
2239,514811,123,2026-03-30,1,Wrong size
2240,514460,120,2026-03-31,1,Wrong size
2241,514270,114,2026-03-31,1,Uncomfortable
2242,514674,114,2026-03-31,1,Wrong size
2243,514023,132,2026-03-31,2,Arrived damaged
2244,514186,113,2026-04-01,1,Uncomfortable
2245,514098,118,2026-04-01,1,Wrong size
2246,514987,122,2026-04-01,2,Wrong size
2247,514357,116,2026-04-01,2,Wrong size
2248,513943,120,2026-04-01,1,Wrong size
2249,514862,113,2026-04-01,1,Wrong size
2250,514324,120,2026-04-01,1,Wrong size
2251,514119,120,2026-04-01,3,Wrong size
2252,514775,114,2026-04-02,1,Wrong size
2253,514535,119,2026-04-02,1,Not as described
2254,514122,102,2026-04-02,2,Not as described
2255,514129,118,2026-04-02,3,Wrong size
2256,514123,115,2026-04-02,1,Uncomfortable
2257,513499,112,2026-04-02,1,Wrong size
2258,514112,117,2026-04-02,1,Wrong size
2259,514067,107,2026-04-03,2,Arrived damaged
2260,514247,121,2026-04-03,1,Not as described
2261,515077,118,2026-04-03,2,Wrong size
2262,514817,119,2026-04-03,1,Wrong size
2263,514315,119,2026-04-03,2,Not as described
2264,514623,131,2026-04-03,1,Changed mind
2265,514603,101,2026-04-03,1,Defective
2266,513735,119,2026-04-03,1,Wrong size
2267,514336,111,2026-04-04,2,Arrived damaged
2268,515162,113,2026-04-04,1,Uncomfortable
2269,514263,113,2026-04-04,1,Wrong size
2270,514436,124,2026-04-04,1,Not as described
2271,514158,120,2026-04-04,1,Wrong size
2272,514449,116,2026-04-04,3,Uncomfortable
2273,514686,115,2026-04-05,1,Wrong size
2274,514584,123,2026-04-05,1,Not as described
2275,514647,109,2026-04-05,1,Not as described
2276,514401,101,2026-04-05,1,Defective
2277,514187,114,2026-04-05,1,Uncomfortable
2278,514137,129,2026-04-06,1,Defective
2279,514111,103,2026-04-06,1,Changed mind
2280,514396,121,2026-04-06,1,Wrong size
2281,514787,117,2026-04-06,1,Wrong size
2282,514665,109,2026-04-06,1,Changed mind
2283,514349,116,2026-04-06,1,Wrong size
2284,514985,114,2026-04-06,2,Uncomfortable
2285,514868,108,2026-04-06,2,Arrived damaged
2286,514472,113,2026-04-06,1,Defective
2287,514941,124,2026-04-06,1,Wrong size
2288,514932,112,2026-04-06,1,Wrong size
2289,515186,113,2026-04-06,2,Defective
2290,514469,122,2026-04-07,1,Not as described
2291,514644,124,2026-04-07,1,Not as described
2292,515149,124,2026-04-07,1,Wrong size
2293,515024,121,2026-04-07,1,Wrong size
2294,515102,116,2026-04-07,1,Defective
2295,514699,114,2026-04-07,1,Uncomfortable
2296,515211,136,2026-04-07,2,Not as described
2297,515034,115,2026-04-07,1,Wrong size
2298,515136,124,2026-04-07,1,Changed mind
2299,515236,114,2026-04-07,1,Uncomfortable
2300,514730,111,2026-04-07,2,Defective
2301,514956,125,2026-04-08,2,Not as described
2302,513732,129,2026-04-08,1,Changed mind
2303,514398,117,2026-04-08,2,Uncomfortable
2304,514870,119,2026-04-08,1,Wrong size
2305,515076,117,2026-04-08,1,Defective
2306,514438,124,2026-04-08,1,Not as described
2307,514848,120,2026-04-09,1,Wrong size
2308,515376,138,2026-04-09,2,Not as described
2309,514706,104,2026-04-09,1,Defective
2310,514806,114,2026-04-09,1,Wrong size
2311,515321,123,2026-04-09,1,Changed mind
2312,514298,112,2026-04-09,1,Wrong size
2313,514410,113,2026-04-10,1,Uncomfortable
2314,514897,125,2026-04-10,1,Changed mind
2315,515425,120,2026-04-10,1,Not as described
2316,515468,117,2026-04-10,1,Wrong size
2317,515154,117,2026-04-10,3,Wrong size
2318,514502,112,2026-04-11,1,Wrong size
2319,514514,109,2026-04-11,1,Defective
2320,514554,112,2026-04-11,2,Defective
2321,514894,113,2026-04-11,1,Wrong size
2322,515466,115,2026-04-11,1,Wrong size
2323,514599,119,2026-04-11,1,Changed mind
2324,513848,117,2026-04-11,1,Defective
2325,515490,117,2026-04-11,1,Wrong size
2326,515030,113,2026-04-11,1,Wrong size
2327,514409,124,2026-04-11,1,Wrong size
2328,515302,122,2026-04-11,1,Changed mind
2329,514440,122,2026-04-12,1,Changed mind
2330,515015,118,2026-04-12,2,Wrong size
2331,514543,107,2026-04-12,1,Not as described
2332,514623,131,2026-04-12,1,Arrived damaged
2333,514967,122,2026-04-12,1,Wrong size
2334,514749,104,2026-04-12,1,Changed mind
2335,515132,120,2026-04-12,1,Not as described
2336,514474,123,2026-04-12,1,Wrong size
2337,514757,120,2026-04-13,1,Changed mind
2338,514493,114,2026-04-13,1,Wrong size
2339,514854,120,2026-04-13,2,Changed mind
2340,515282,111,2026-04-13,3,Not as described
2341,515587,110,2026-04-14,1,Changed mind
2342,515575,133,2026-04-14,3,Not as described
2343,515597,134,2026-04-14,1,Changed mind
2344,515108,124,2026-04-14,2,Changed mind
2345,514804,112,2026-04-14,1,Defective
2346,514762,129,2026-04-14,1,Changed mind
2347,514726,119,2026-04-14,1,Wrong size
2348,515360,119,2026-04-15,1,Wrong size
2349,515700,116,2026-04-15,2,Wrong size
2350,515398,123,2026-04-15,1,Changed mind
2351,515326,137,2026-04-15,1,Changed mind
2352,514928,103,2026-04-15,2,Defective
2353,515650,110,2026-04-16,1,Arrived damaged
2354,515360,129,2026-04-16,1,Changed mind
2355,514374,131,2026-04-17,1,Defective
2356,515514,119,2026-04-17,1,Changed mind
2357,515018,134,2026-04-17,1,Not as described
2358,514705,133,2026-04-17,2,Defective
2359,515206,132,2026-04-18,1,Not as described
2360,514827,106,2026-04-18,1,Arrived damaged
2361,515176,106,2026-04-18,1,Changed mind
2362,514840,117,2026-04-18,1,Wrong size
2363,515538,105,2026-04-18,1,Not as described
2364,514785,138,2026-04-18,2,Arrived damaged
2365,514778,104,2026-04-18,1,Not as described
2366,515829,115,2026-04-18,3,Uncomfortable
2367,515450,121,2026-04-18,1,Changed mind
2368,514327,126,2026-04-18,2,Defective
2369,515744,116,2026-04-18,1,Uncomfortable
2370,515245,122,2026-04-19,1,Not as described
2371,515379,116,2026-04-19,1,Wrong size
2372,514603,101,2026-04-19,1,Arrived damaged
2373,515066,124,2026-04-19,1,Wrong size
2374,515049,115,2026-04-19,1,Wrong size
2375,515581,118,2026-04-19,1,Wrong size
2376,515473,110,2026-04-19,1,Not as described
2377,514919,125,2026-04-19,1,Wrong size
2378,515135,122,2026-04-19,1,Wrong size
2379,515706,119,2026-04-20,1,Wrong size
2380,515653,117,2026-04-20,3,Wrong size
2381,515433,106,2026-04-20,1,Arrived damaged
2382,515132,120,2026-04-20,1,Wrong size
2383,514851,137,2026-04-20,1,Arrived damaged
2384,515846,131,2026-04-20,1,Changed mind
2385,515269,117,2026-04-20,1,Wrong size
2386,514811,123,2026-04-20,1,Changed mind
2387,515076,117,2026-04-20,1,Wrong size
2388,515149,124,2026-04-21,2,Changed mind
2389,515021,112,2026-04-21,1,Defective
2390,514761,125,2026-04-21,1,Wrong size
2391,515905,113,2026-04-21,1,Uncomfortable
2392,516023,121,2026-04-22,1,Wrong size
2393,514954,112,2026-04-22,1,Wrong size
2394,515663,118,2026-04-22,1,Wrong size
2395,516002,111,2026-04-22,3,Changed mind
2396,515236,136,2026-04-22,1,Changed mind
2397,515759,125,2026-04-22,2,Changed mind
2398,515104,122,2026-04-22,1,Wrong size
2399,515802,113,2026-04-23,1,Wrong size
2400,515787,122,2026-04-23,1,Wrong size
2401,514848,120,2026-04-23,2,Changed mind
2402,515490,136,2026-04-23,1,Not as described
2403,514964,117,2026-04-23,1,Wrong size
2404,515359,125,2026-04-23,1,Wrong size
2405,515030,113,2026-04-23,1,Uncomfortable
2406,515513,115,2026-04-23,1,Uncomfortable
2407,515185,114,2026-04-23,1,Wrong size
2408,515090,129,2026-04-24,3,Arrived damaged
2409,514986,113,2026-04-24,1,Defective
2410,515405,105,2026-04-24,1,Changed mind
2411,514870,119,2026-04-24,1,Changed mind
2412,515906,101,2026-04-24,2,Not as described
2413,516014,117,2026-04-24,1,Defective
2414,515593,116,2026-04-24,1,Defective
2415,515455,122,2026-04-24,1,Wrong size
2416,515866,117,2026-04-25,1,Defective
2417,515756,129,2026-04-25,1,Arrived damaged
2418,516041,112,2026-04-25,1,Wrong size
2419,516065,118,2026-04-25,1,Wrong size
2420,515664,114,2026-04-25,1,Wrong size
2421,515092,131,2026-04-25,2,Defective
2422,516158,125,2026-04-25,1,Wrong size
2423,516114,123,2026-04-26,1,Wrong size
2424,514665,109,2026-04-26,1,Arrived damaged
2425,515965,115,2026-04-26,2,Wrong size
2426,516019,113,2026-04-26,1,Defective
2427,515472,119,2026-04-26,1,Changed mind
2428,515803,123,2026-04-26,2,Wrong size
2429,515483,117,2026-04-26,1,Wrong size
2430,516183,110,2026-04-27,1,Changed mind
2431,515209,123,2026-04-27,1,Wrong size
2432,515487,121,2026-04-27,1,Wrong size
2433,515344,112,2026-04-27,2,Uncomfortable
2434,515284,117,2026-04-27,1,Wrong size
2435,515437,113,2026-04-27,1,Wrong size
2436,515587,111,2026-04-27,1,Not as described
2437,515490,117,2026-04-27,1,Wrong size
2438,515177,134,2026-04-28,2,Changed mind
2439,515709,121,2026-04-28,1,Not as described
2440,515207,105,2026-04-28,3,Changed mind
2441,515251,109,2026-04-28,3,Defective
2442,515744,123,2026-04-28,1,Wrong size
2443,516280,133,2026-04-28,1,Arrived damaged
2444,514584,123,2026-04-29,1,Changed mind
2445,515292,106,2026-04-29,1,Changed mind
2446,516188,116,2026-04-29,3,Defective
2447,515305,122,2026-04-29,1,Wrong size
2448,515490,136,2026-04-29,1,Arrived damaged
2449,516328,116,2026-04-29,1,Uncomfortable
2450,516122,134,2026-04-29,2,Changed mind
2451,515411,117,2026-04-29,1,Defective
2452,516348,116,2026-04-29,1,Defective
2453,515472,116,2026-04-29,1,Wrong size
2454,516505,124,2026-04-30,1,Changed mind
2455,515912,115,2026-04-30,1,Uncomfortable
2456,516362,119,2026-04-30,1,Wrong size
2457,516224,114,2026-04-30,1,Defective
2458,516313,114,2026-04-30,1,Wrong size
2459,516356,121,2026-04-30,1,Changed mind
2460,516042,123,2026-04-30,3,Changed mind
2461,514775,114,2026-04-30,1,Defective
2462,514894,113,2026-04-30,1,Uncomfortable
2463,515513,115,2026-04-30,1,Defective
2464,514699,114,2026-05-01,1,Defective
2465,516516,124,2026-05-01,1,Wrong size
2466,516035,115,2026-05-01,1,Uncomfortable
2467,516574,113,2026-05-01,3,Uncomfortable
2468,515823,114,2026-05-02,1,Wrong size
2469,515560,112,2026-05-02,1,Defective
2470,516430,131,2026-05-02,1,Arrived damaged
2471,515749,125,2026-05-02,2,Not as described
2472,516282,119,2026-05-02,2,Not as described
2473,515387,123,2026-05-02,2,Changed mind
2474,516196,135,2026-05-02,1,Changed mind
2475,516424,123,2026-05-02,1,Wrong size
2476,515321,123,2026-05-02,1,Wrong size
2477,515972,137,2026-05-03,1,Changed mind
2478,515515,121,2026-05-03,1,Changed mind
2479,515405,113,2026-05-03,1,Uncomfortable
2480,516493,115,2026-05-03,1,Wrong size
2481,515760,110,2026-05-03,1,Arrived damaged
2482,515885,137,2026-05-03,2,Not as described
2483,515945,125,2026-05-04,1,Wrong size
2484,516565,107,2026-05-04,1,Arrived damaged
2485,516093,112,2026-05-04,2,Wrong size
2486,515853,120,2026-05-04,1,Not as described
2487,516596,122,2026-05-04,1,Wrong size
2488,515882,123,2026-05-04,3,Changed mind
2489,516525,111,2026-05-04,1,Not as described
2490,516654,114,2026-05-04,2,Defective
2491,516165,123,2026-05-04,3,Changed mind
2492,516033,114,2026-05-04,1,Wrong size
2493,515581,118,2026-05-05,2,Not as described
2494,516456,117,2026-05-05,3,Defective
2495,516760,121,2026-05-05,1,Not as described
2496,515527,105,2026-05-05,1,Changed mind
2497,516148,111,2026-05-05,1,Arrived damaged
2498,516184,113,2026-05-05,1,Defective
2499,516402,115,2026-05-05,1,Defective
2500,516103,120,2026-05-05,1,Changed mind
2501,515468,117,2026-05-05,1,Uncomfortable
2502,515473,110,2026-05-05,1,Arrived damaged
2503,515787,122,2026-05-05,1,Wrong size
2504,516310,110,2026-05-06,1,Defective
2505,516054,131,2026-05-06,2,Defective
2506,516073,123,2026-05-06,1,Wrong size
2507,516645,113,2026-05-06,1,Uncomfortable
2508,515688,108,2026-05-06,3,Arrived damaged
2509,516147,117,2026-05-07,1,Wrong size
2510,516275,112,2026-05-07,1,Wrong size
2511,516508,118,2026-05-07,1,Not as described
2512,515716,118,2026-05-07,1,Wrong size
2513,516447,116,2026-05-07,1,Uncomfortable
2514,515667,130,2026-05-07,1,Defective
2515,516245,119,2026-05-07,1,Changed mind
2516,516748,113,2026-05-07,1,Wrong size
2517,516337,105,2026-05-07,1,Defective
2518,516446,122,2026-05-07,1,Changed mind
2519,516869,113,2026-05-07,1,Defective
2520,516138,134,2026-05-07,1,Defective
2521,516800,123,2026-05-08,1,Changed mind
2522,516779,112,2026-05-08,1,Uncomfortable
2523,516347,124,2026-05-08,1,Changed mind
2524,516327,119,2026-05-08,1,Changed mind
2525,515647,113,2026-05-08,2,Wrong size
2526,515912,115,2026-05-08,1,Defective
2527,515960,117,2026-05-08,1,Uncomfortable
2528,516216,131,2026-05-08,1,Arrived damaged
2529,516199,117,2026-05-08,1,Wrong size
2530,515719,119,2026-05-08,1,Wrong size
2531,516471,112,2026-05-09,3,Wrong size
2532,516748,110,2026-05-09,1,Changed mind
2533,515830,110,2026-05-09,1,Arrived damaged
2534,516400,116,2026-05-09,2,Wrong size
2535,516097,123,2026-05-09,2,Not as described
2536,516964,122,2026-05-09,3,Wrong size
2537,515749,133,2026-05-09,1,Defective
2538,515905,110,2026-05-10,1,Defective
2539,516465,123,2026-05-10,1,Not as described
2540,516305,117,2026-05-10,3,Defective
2541,516305,125,2026-05-10,2,Changed mind
2542,516776,120,2026-05-10,1,Not as described
2543,516422,121,2026-05-11,1,Wrong size
2544,517012,123,2026-05-11,1,Wrong size
2545,516103,122,2026-05-11,1,Wrong size
2546,516480,116,2026-05-11,1,Wrong size
2547,516707,125,2026-05-11,1,Changed mind
2548,516121,127,2026-05-11,1,Arrived damaged
2549,516001,112,2026-05-11,1,Uncomfortable
2550,516578,109,2026-05-11,1,Arrived damaged
2551,515942,112,2026-05-11,1,Defective
2552,516978,133,2026-05-11,1,Arrived damaged
2553,516945,119,2026-05-12,1,Changed mind
2554,516667,108,2026-05-12,1,Changed mind
2555,516651,116,2026-05-12,1,Uncomfortable
2556,515326,137,2026-05-12,1,Defective
2557,516542,125,2026-05-12,2,Wrong size
2558,516702,121,2026-05-12,1,Changed mind
2559,515836,109,2026-05-12,2,Changed mind
2560,516991,112,2026-05-12,1,Defective
2561,516350,112,2026-05-12,1,Uncomfortable
2562,516408,130,2026-05-12,1,Defective
2563,515360,119,2026-05-12,1,Wrong size
2564,516175,120,2026-05-12,2,Not as described
2565,516174,123,2026-05-12,1,Wrong size
2566,516086,115,2026-05-13,1,Uncomfortable
2567,517235,122,2026-05-13,1,Wrong size
2568,516403,114,2026-05-13,1,Wrong size
2569,517046,107,2026-05-13,1,Not as described
2570,516679,125,2026-05-13,1,Not as described
2571,516939,125,2026-05-13,1,Wrong size
2572,516524,123,2026-05-14,1,Wrong size
2573,516184,117,2026-05-14,2,Defective
2574,517213,114,2026-05-14,2,Defective
2575,516822,114,2026-05-14,1,Uncomfortable
2576,517326,119,2026-05-14,1,Changed mind
2577,516489,116,2026-05-14,2,Wrong size
2578,516356,121,2026-05-14,1,Wrong size
2579,516473,120,2026-05-14,2,Not as described
2580,516502,122,2026-05-14,1,Changed mind
2581,516299,121,2026-05-15,1,Wrong size
2582,516603,123,2026-05-15,1,Wrong size
2583,517039,117,2026-05-15,1,Wrong size
2584,517075,114,2026-05-15,1,Wrong size
2585,517013,116,2026-05-15,1,Wrong size
2586,517291,113,2026-05-15,3,Uncomfortable
2587,517331,125,2026-05-15,1,Wrong size
2588,517203,116,2026-05-15,1,Defective
2589,516313,114,2026-05-15,1,Wrong size
2590,516796,117,2026-05-15,1,Wrong size
2591,517393,116,2026-05-16,1,Uncomfortable
2592,516238,119,2026-05-16,1,Not as described
2593,517495,124,2026-05-16,1,Wrong size
2594,516921,111,2026-05-16,1,Changed mind
2595,516460,125,2026-05-16,1,Wrong size
2596,516186,132,2026-05-16,1,Defective
2597,517130,124,2026-05-16,1,Not as described
2598,517289,117,2026-05-17,1,Wrong size
2599,516825,125,2026-05-17,1,Wrong size
2600,516357,103,2026-05-17,1,Not as described
2601,516346,116,2026-05-17,3,Wrong size
2602,516216,131,2026-05-17,1,Defective
2603,515663,118,2026-05-17,1,Wrong size
2604,516912,132,2026-05-18,2,Defective
2605,517236,137,2026-05-18,1,Changed mind
2606,517202,105,2026-05-18,1,Not as described
2607,517192,124,2026-05-18,1,Changed mind
2608,517289,101,2026-05-18,1,Not as described
2609,517079,123,2026-05-18,1,Wrong size
2610,517495,119,2026-05-18,1,Wrong size
2611,515664,114,2026-05-18,2,Wrong size
2612,517506,120,2026-05-18,2,Changed mind
2613,517429,123,2026-05-18,1,Wrong size
2614,517242,113,2026-05-19,1,Wrong size
2615,516859,122,2026-05-19,1,Not as described
2616,517270,129,2026-05-19,3,Arrived damaged
2617,516035,115,2026-05-19,1,Wrong size
2618,517336,117,2026-05-19,1,Uncomfortable
2619,516601,103,2026-05-19,1,Arrived damaged
2620,516362,119,2026-05-19,1,Not as described
2621,517067,123,2026-05-19,1,Wrong size
2622,517284,124,2026-05-19,1,Wrong size
2623,517560,102,2026-05-20,1,Not as described
2624,517074,124,2026-05-20,3,Not as described
2625,517102,121,2026-05-20,1,Wrong size
2626,517202,122,2026-05-20,1,Wrong size
2627,517747,110,2026-05-21,1,Arrived damaged
2628,517663,116,2026-05-21,1,Wrong size
2629,517546,116,2026-05-21,1,Wrong size
2630,516737,122,2026-05-21,1,Changed mind
2631,517257,113,2026-05-21,1,Uncomfortable
2632,517401,101,2026-05-21,1,Changed mind
2633,516713,118,2026-05-21,2,Wrong size
2634,516590,112,2026-05-21,1,Wrong size
2635,516603,123,2026-05-21,1,Wrong size
2636,517409,111,2026-05-21,1,Defective
2637,516508,118,2026-05-22,1,Wrong size
2638,517047,112,2026-05-22,1,Wrong size
2639,517814,119,2026-05-22,1,Not as described
2640,517813,113,2026-05-22,1,Wrong size
2641,516196,135,2026-05-22,1,Not as described
2642,517022,109,2026-05-22,1,Defective
2643,517714,124,2026-05-22,1,Not as described
2644,517696,134,2026-05-22,3,Defective
2645,517453,112,2026-05-22,1,Wrong size
2646,517265,131,2026-05-22,1,Changed mind
2647,516459,136,2026-05-22,1,Not as described
2648,515756,129,2026-05-22,1,Arrived damaged
2649,517489,114,2026-05-23,1,Wrong size
2650,517848,102,2026-05-23,1,Not as described
2651,517125,114,2026-05-23,1,Wrong size
2652,517117,122,2026-05-23,1,Wrong size
2653,517559,111,2026-05-23,1,Changed mind
2654,517546,114,2026-05-23,1,Wrong size
2655,517241,124,2026-05-23,1,Changed mind
2656,517237,116,2026-05-23,1,Wrong size
2657,516727,125,2026-05-23,1,Changed mind
2658,516719,120,2026-05-23,1,Not as described
2659,516534,134,2026-05-23,1,Defective
2660,517451,112,2026-05-24,1,Wrong size
2661,517304,108,2026-05-24,1,Not as described
2662,516501,111,2026-05-24,1,Changed mind
2663,517542,124,2026-05-24,1,Wrong size
2664,517489,137,2026-05-24,1,Defective
2665,516430,131,2026-05-24,1,Changed mind
2666,516245,119,2026-05-24,2,Wrong size
2667,517807,102,2026-05-24,2,Changed mind
2668,517880,119,2026-05-24,2,Wrong size
2669,516480,122,2026-05-24,1,Changed mind
2670,517272,114,2026-05-24,1,Wrong size
2671,517588,117,2026-05-25,1,Defective
2672,517531,113,2026-05-25,1,Wrong size
2673,517625,122,2026-05-25,1,Wrong size
2674,516800,123,2026-05-25,1,Changed mind
2675,517474,115,2026-05-25,1,Defective
2676,516702,121,2026-05-25,1,Changed mind
2677,517395,117,2026-05-25,1,Wrong size
2678,517330,104,2026-05-25,1,Not as described
2679,517315,116,2026-05-25,1,Wrong size
2680,517305,124,2026-05-25,2,Wrong size
2681,517075,134,2026-05-25,3,Not as described
2682,517918,123,2026-05-25,1,Not as described
2683,516965,103,2026-05-25,1,Arrived damaged
2684,516784,111,2026-05-26,2,Changed mind
2685,517504,102,2026-05-26,1,Changed mind
2686,517202,124,2026-05-26,1,Not as described
2687,517172,122,2026-05-26,1,Not as described
2688,516824,111,2026-05-26,2,Defective
2689,518146,123,2026-05-26,1,Wrong size
2690,517597,122,2026-05-26,1,Wrong size
2691,517603,120,2026-05-26,1,Not as described
2692,517776,123,2026-05-26,1,Changed mind
2693,517942,116,2026-05-26,1,Defective
2694,517365,125,2026-05-26,1,Changed mind
2695,517038,115,2026-05-27,1,Wrong size
2696,517079,123,2026-05-27,2,Wrong size
2697,517496,137,2026-05-27,1,Not as described
2698,516310,110,2026-05-27,1,Not as described
2699,515905,113,2026-05-27,1,Wrong size
2700,515866,117,2026-05-27,2,Wrong size
2701,517470,113,2026-05-27,1,Defective
2702,517431,120,2026-05-27,1,Wrong size
2703,517052,109,2026-05-27,3,Not as described
2704,518140,122,2026-05-27,1,Not as described
2705,517491,114,2026-05-28,2,Wrong size
2706,517111,122,2026-05-28,1,Not as described
2707,517008,119,2026-05-28,1,Not as described
2708,517105,123,2026-05-28,1,Not as described
2709,517368,112,2026-05-28,2,Uncomfortable
2710,517399,114,2026-05-28,1,Wrong size
2711,517430,125,2026-05-28,1,Wrong size
2712,516014,117,2026-05-28,2,Uncomfortable
2713,517947,113,2026-05-28,1,Uncomfortable
2714,516796,117,2026-05-28,1,Defective
2715,518010,115,2026-05-28,1,Uncomfortable
2716,516980,118,2026-05-28,1,Wrong size
2717,518030,112,2026-05-29,1,Uncomfortable
2718,518075,113,2026-05-29,2,Wrong size
2719,517289,117,2026-05-29,1,Defective
2720,517120,124,2026-05-29,1,Wrong size
2721,517627,115,2026-05-29,2,Wrong size
2722,517203,116,2026-05-29,2,Wrong size
2723,517674,121,2026-05-29,1,Wrong size
2724,517103,119,2026-05-29,1,Not as described
2725,516779,112,2026-05-29,1,Wrong size
2726,516760,121,2026-05-30,1,Changed mind
2727,517236,125,2026-05-30,2,Wrong size
2728,518212,117,2026-05-30,3,Wrong size
2729,517584,119,2026-05-30,1,Wrong size
2730,516280,133,2026-05-30,2,Arrived damaged
2731,517244,125,2026-05-30,1,Not as described
2732,516114,123,2026-05-30,2,Not as described
2733,516838,120,2026-05-30,1,Wrong size
2734,518300,116,2026-05-31,3,Uncomfortable
2735,516275,112,2026-05-31,1,Defective
2736,517855,122,2026-05-31,1,Not as described
2737,516328,116,2026-05-31,1,Wrong size
2738,517860,119,2026-05-31,1,Changed mind
2739,516402,115,2026-05-31,2,Wrong size
2740,517629,125,2026-05-31,2,Not as described
2741,517948,114,2026-05-31,1,Wrong size
2742,517196,117,2026-05-31,1,Wrong size
2743,517037,103,2026-05-31,1,Arrived damaged
2744,517330,104,2026-05-31,1,Not as described
2745,517420,124,2026-05-31,1,Wrong size
2746,518271,116,2026-05-31,1,Uncomfortable
2747,516939,125,2026-06-01,1,Wrong size
2748,517716,137,2026-06-01,1,Arrived damaged
2749,517628,117,2026-06-01,1,Uncomfortable
2750,518080,113,2026-06-01,1,Defective
2751,518213,120,2026-06-01,1,Wrong size
2752,518035,123,2026-06-01,1,Wrong size
2753,517001,135,2026-06-01,1,Changed mind
2754,518489,121,2026-06-01,1,Not as described
2755,518460,119,2026-06-01,1,Wrong size
2756,516465,123,2026-06-02,1,Wrong size
2757,518170,124,2026-06-02,1,Wrong size
2758,518599,104,2026-06-02,2,Not as described
2759,518145,123,2026-06-02,1,Not as described
2760,516493,115,2026-06-02,1,Defective
2761,518288,117,2026-06-02,1,Uncomfortable
2762,518433,119,2026-06-02,3,Wrong size
2763,518294,113,2026-06-02,1,Wrong size
2764,517374,112,2026-06-03,1,Wrong size
2765,517242,113,2026-06-03,1,Uncomfortable
2766,517764,117,2026-06-03,2,Defective
2767,517946,133,2026-06-03,1,Defective
2768,517064,115,2026-06-03,2,Uncomfortable
2769,518442,123,2026-06-04,1,Changed mind
2770,517356,116,2026-06-04,3,Wrong size
2771,517323,126,2026-06-04,1,Defective
2772,517840,120,2026-06-04,2,Wrong size
2773,518582,120,2026-06-04,1,Not as described
2774,517661,115,2026-06-04,3,Defective
2775,518154,107,2026-06-04,1,Arrived damaged
2776,517235,122,2026-06-04,2,Changed mind
2777,517409,111,2026-06-04,2,Changed mind
2778,517527,119,2026-06-04,1,Wrong size
2779,517552,120,2026-06-04,1,Changed mind
2780,516525,111,2026-06-04,1,Arrived damaged
2781,518034,125,2026-06-05,3,Wrong size
2782,516502,122,2026-06-05,1,Not as described
2783,518399,134,2026-06-05,1,Not as described
2784,518682,117,2026-06-05,1,Wrong size
2785,518111,105,2026-06-05,1,Not as described
2786,517462,121,2026-06-05,1,Changed mind
2787,518081,123,2026-06-05,3,Wrong size
2788,517356,106,2026-06-05,1,Changed mind
2789,518573,112,2026-06-05,2,Uncomfortable
2790,517761,106,2026-06-05,2,Defective
2791,517734,112,2026-06-05,1,Uncomfortable
2792,517400,108,2026-06-05,1,Arrived damaged
2793,517653,116,2026-06-05,1,Uncomfortable
2794,517841,115,2026-06-05,1,Uncomfortable
2795,518710,114,2026-06-05,1,Wrong size
2796,518053,135,2026-06-06,1,Arrived damaged
2797,518344,121,2026-06-06,1,Wrong size
2798,518357,120,2026-06-06,2,Changed mind
2799,518551,109,2026-06-06,3,Arrived damaged
2800,518500,108,2026-06-06,1,Arrived damaged
2801,517233,119,2026-06-06,1,Wrong size
2802,518344,113,2026-06-06,1,Defective
2803,517300,117,2026-06-06,1,Defective
2804,518667,117,2026-06-06,3,Wrong size
2805,517765,119,2026-06-06,2,Wrong size
2806,517546,116,2026-06-06,1,Wrong size
2807,518131,116,2026-06-07,2,Wrong size
2808,518652,131,2026-06-07,2,Arrived damaged
2809,517202,124,2026-06-07,1,Not as described
2810,517336,117,2026-06-07,1,Uncomfortable
2811,518388,118,2026-06-07,2,Changed mind
2812,517395,117,2026-06-07,1,Wrong size
2813,518732,117,2026-06-08,3,Wrong size
2814,518968,113,2026-06-08,1,Wrong size
2815,518227,112,2026-06-08,1,Uncomfortable
2816,518586,116,2026-06-08,1,Wrong size
2817,517847,113,2026-06-08,3,Uncomfortable
2818,517504,102,2026-06-08,1,Changed mind
2819,517663,116,2026-06-08,1,Uncomfortable
2820,517542,124,2026-06-08,1,Wrong size
2821,517832,119,2026-06-09,1,Wrong size
2822,518415,121,2026-06-09,1,Wrong size
2823,518102,132,2026-06-09,3,Changed mind
2824,516822,114,2026-06-09,1,Wrong size
2825,517462,120,2026-06-09,2,Wrong size
2826,516776,120,2026-06-09,2,Changed mind
2827,517559,111,2026-06-09,1,Changed mind
2828,517495,119,2026-06-09,1,Not as described
2829,517948,114,2026-06-09,1,Uncomfortable
2830,517431,120,2026-06-09,2,Wrong size
2831,516748,110,2026-06-09,1,Arrived damaged
2832,518176,125,2026-06-10,1,Wrong size
2833,518195,112,2026-06-10,1,Wrong size
2834,519038,113,2026-06-10,1,Uncomfortable
2835,518636,120,2026-06-10,2,Changed mind
2836,518722,116,2026-06-10,2,Uncomfortable
2837,518886,122,2026-06-10,2,Changed mind
2838,518247,123,2026-06-10,1,Wrong size
2839,518549,130,2026-06-10,2,Not as described
2840,517393,116,2026-06-10,1,Uncomfortable
2841,517765,114,2026-06-10,1,Uncomfortable
2842,518128,125,2026-06-10,2,Changed mind
2843,517818,110,2026-06-10,1,Changed mind
2844,519081,122,2026-06-11,1,Not as described
2845,519104,117,2026-06-11,3,Uncomfortable
2846,518019,114,2026-06-11,2,Uncomfortable
2847,518954,109,2026-06-11,1,Defective
2848,518161,116,2026-06-11,1,Wrong size
2849,518306,119,2026-06-11,2,Changed mind
2850,518703,123,2026-06-11,2,Changed mind
2851,517953,135,2026-06-11,1,Arrived damaged
2852,518893,120,2026-06-11,1,Wrong size
2853,518812,119,2026-06-11,1,Wrong size
2854,517865,116,2026-06-11,3,Wrong size
2855,517795,125,2026-06-12,1,Wrong size
2856,517399,114,2026-06-12,1,Wrong size
2857,519234,113,2026-06-12,1,Defective
2858,518539,113,2026-06-12,2,Wrong size
2859,518469,123,2026-06-12,1,Wrong size
2860,518645,138,2026-06-12,1,Changed mind
2861,519214,119,2026-06-12,1,Wrong size
2862,518727,119,2026-06-12,2,Wrong size
2863,518492,125,2026-06-12,1,Changed mind
2864,518798,113,2026-06-12,1,Defective
2865,519142,123,2026-06-12,1,Wrong size
2866,517047,112,2026-06-12,1,Defective
2867,518111,105,2026-06-13,2,Arrived damaged
2868,518170,124,2026-06-13,1,Wrong size
2869,518549,115,2026-06-13,1,Wrong size
2870,517825,112,2026-06-13,1,Defective
2871,517947,113,2026-06-13,1,Defective
2872,518614,120,2026-06-13,1,Wrong size
2873,517757,128,2026-06-13,3,Not as described
2874,518814,102,2026-06-13,1,Not as described
2875,518663,103,2026-06-13,1,Not as described
2876,517284,124,2026-06-13,1,Wrong size
2877,518680,131,2026-06-13,1,Arrived damaged
2878,518693,112,2026-06-13,1,Defective
2879,518232,125,2026-06-13,1,Changed mind
2880,517839,113,2026-06-13,1,Uncomfortable
2881,517451,112,2026-06-14,1,Defective
2882,518890,113,2026-06-14,1,Wrong size
2883,517202,122,2026-06-14,1,Wrong size
2884,516921,111,2026-06-14,2,Not as described
2885,518992,121,2026-06-14,1,Wrong size
2886,519209,118,2026-06-14,1,Changed mind
2887,517192,124,2026-06-14,1,Changed mind
2888,518177,123,2026-06-14,1,Not as described
2889,518051,118,2026-06-14,3,Not as described
2890,518357,137,2026-06-15,1,Arrived damaged
2891,519270,112,2026-06-15,1,Wrong size
2892,518064,112,2026-06-15,2,Uncomfortable
2893,517944,128,2026-06-15,2,Not as described
2894,517896,126,2026-06-15,1,Arrived damaged
2895,518147,119,2026-06-15,1,Wrong size
2896,518114,123,2026-06-15,1,Not as described
2897,518736,119,2026-06-16,1,Wrong size
2898,518224,133,2026-06-16,3,Changed mind
2899,519287,119,2026-06-16,2,Not as described
2900,517926,121,2026-06-16,1,Wrong size
2901,519132,118,2026-06-16,1,Changed mind
2902,518692,103,2026-06-16,1,Not as described
2903,519317,113,2026-06-16,1,Uncomfortable
2904,518423,123,2026-06-16,1,Changed mind
2905,518895,134,2026-06-16,1,Not as described
2906,518114,115,2026-06-17,1,Wrong size
2907,518992,116,2026-06-17,1,Uncomfortable
2908,519035,115,2026-06-17,1,Defective
2909,517474,115,2026-06-17,1,Wrong size
2910,518604,133,2026-06-17,1,Defective
2911,519141,115,2026-06-17,3,Defective
2912,519316,114,2026-06-18,1,Wrong size
2913,519193,137,2026-06-18,3,Defective
2914,518294,113,2026-06-18,1,Defective
2915,519646,117,2026-06-18,2,Defective
2916,519403,112,2026-06-18,1,Uncomfortable
2917,518052,123,2026-06-18,2,Wrong size
2918,519549,120,2026-06-18,1,Wrong size
2919,518340,136,2026-06-18,2,Defective
2920,519443,132,2026-06-18,3,Arrived damaged
2921,518120,106,2026-06-19,3,Defective
2922,517237,116,2026-06-19,1,Defective
2923,518219,125,2026-06-19,1,Changed mind
2924,518813,113,2026-06-19,1,Defective
2925,518401,112,2026-06-19,1,Wrong size
2926,517603,120,2026-06-19,1,Wrong size
2927,518939,125,2026-06-19,1,Wrong size
2928,519071,116,2026-06-19,1,Defective
2929,519680,132,2026-06-19,2,Defective
2930,518537,123,2026-06-19,1,Changed mind
2931,518522,123,2026-06-19,1,Wrong size
2932,518767,118,2026-06-19,1,Changed mind
2933,519334,134,2026-06-20,1,Arrived damaged
2934,519123,120,2026-06-20,1,Not as described
2935,518444,123,2026-06-20,2,Not as described
2936,519719,121,2026-06-20,1,Wrong size
2937,517776,123,2026-06-20,2,Wrong size
2938,518611,122,2026-06-20,1,Wrong size
2939,518713,114,2026-06-20,2,Wrong size
2940,519401,137,2026-06-20,2,Not as described
2941,519333,128,2026-06-20,1,Not as described
2942,518807,112,2026-06-20,1,Uncomfortable
2943,519422,121,2026-06-20,3,Wrong size
2944,518030,112,2026-06-20,1,Defective
2945,519045,115,2026-06-20,1,Uncomfortable
2946,518834,113,2026-06-21,1,Wrong size
2947,519660,108,2026-06-21,1,Defective
2948,518567,120,2026-06-21,1,Wrong size
2949,518919,124,2026-06-21,1,Wrong size
2950,519522,125,2026-06-21,1,Wrong size
2951,519218,116,2026-06-21,1,Wrong size
2952,517265,131,2026-06-21,1,Not as described
2953,518307,137,2026-06-21,2,Defective
2954,519470,121,2026-06-21,1,Changed mind
2955,519105,118,2026-06-22,1,Wrong size
2956,519534,114,2026-06-22,1,Uncomfortable
2957,519731,119,2026-06-22,2,Changed mind
2958,519430,120,2026-06-22,1,Wrong size
2959,519725,119,2026-06-22,1,Wrong size
2960,518676,101,2026-06-22,1,Not as described
2961,518664,114,2026-06-22,3,Wrong size
2962,517365,125,2026-06-22,1,Wrong size
2963,519370,111,2026-06-22,2,Changed mind
2964,519221,118,2026-06-22,3,Changed mind
2965,519676,121,2026-06-22,1,Wrong size
2966,519328,109,2026-06-23,1,Defective
2967,519455,128,2026-06-23,2,Not as described
2968,519435,122,2026-06-23,2,Wrong size
2969,518140,122,2026-06-23,1,Wrong size
2970,519472,112,2026-06-23,1,Uncomfortable
2971,518146,123,2026-06-23,1,Not as described
2972,518035,123,2026-06-23,1,Not as described
2973,519020,133,2026-06-23,1,Changed mind
2974,518457,129,2026-06-23,1,Not as described
2975,518861,112,2026-06-23,2,Wrong size
2976,519653,107,2026-06-23,1,Arrived damaged
2977,519070,129,2026-06-24,2,Defective
2978,518145,123,2026-06-24,2,Wrong size
2979,517946,133,2026-06-24,1,Defective
2980,519738,111,2026-06-24,3,Not as described
2981,519335,115,2026-06-24,1,Wrong size
2982,519224,109,2026-06-24,2,Arrived damaged
2983,517674,121,2026-06-24,1,Wrong size
2984,519847,112,2026-06-24,1,Uncomfortable
2985,519462,116,2026-06-24,2,Wrong size
2986,519294,111,2026-06-24,3,Arrived damaged
2987,519884,132,2026-06-24,1,Changed mind
2988,519958,135,2026-06-24,2,Changed mind
2989,519120,121,2026-06-24,1,Wrong size
2990,519173,112,2026-06-24,3,Defective
2991,519891,125,2026-06-24,1,Wrong size
2992,518995,118,2026-06-24,1,Wrong size
2993,519999,119,2026-06-25,1,Not as described
2994,519837,123,2026-06-25,1,Wrong size
2995,519906,117,2026-06-25,1,Wrong size
2996,518734,111,2026-06-25,2,Not as described
2997,519895,124,2026-06-25,2,Changed mind
2998,519220,115,2026-06-25,1,Wrong size
2999,519648,119,2026-06-25,1,Wrong size
3000,518734,125,2026-06-25,1,Wrong size
3001,519714,116,2026-06-26,1,Uncomfortable
3002,519517,103,2026-06-26,1,Changed mind
3003,519695,116,2026-06-26,2,Wrong size
3004,520030,103,2026-06-26,1,Changed mind
3005,519787,113,2026-06-26,1,Wrong size
3006,520126,123,2026-06-26,1,Wrong size
3007,518769,137,2026-06-26,2,Arrived damaged
3008,517716,137,2026-06-26,1,Changed mind
3009,518840,117,2026-06-26,1,Wrong size
3010,518492,125,2026-06-26,2,Not as described
3011,518896,127,2026-06-26,2,Defective
3012,518647,103,2026-06-26,2,Arrived damaged
3013,520128,123,2026-06-26,1,Changed mind
3014,519249,136,2026-06-26,1,Arrived damaged
3015,519846,101,2026-06-27,1,Arrived damaged
3016,519680,125,2026-06-27,1,Not as described
3017,519209,117,2026-06-27,2,Defective
3018,519213,136,2026-06-27,1,Defective
3019,519481,124,2026-06-27,1,Wrong size
3020,518798,113,2026-06-27,1,Wrong size
3021,519393,116,2026-06-27,1,Uncomfortable
3022,520192,116,2026-06-27,2,Wrong size
3023,520030,114,2026-06-27,2,Defective
3024,519926,125,2026-06-27,1,Wrong size
3025,519916,112,2026-06-27,1,Wrong size
3026,519081,122,2026-06-27,1,Wrong size
3027,520226,120,2026-06-28,1,Not as described
3028,518765,112,2026-06-28,1,Uncomfortable
3029,519916,113,2026-06-28,2,Wrong size
3030,519947,116,2026-06-28,1,Wrong size
3031,519923,101,2026-06-28,1,Changed mind
3032,519858,104,2026-06-28,1,Arrived damaged
3033,519406,121,2026-06-28,1,Wrong size
3034,518663,103,2026-06-28,1,Changed mind
3035,519710,126,2026-06-28,3,Changed mind
3036,519817,119,2026-06-28,1,Changed mind
3037,520018,118,2026-06-29,1,Wrong size
3038,519317,113,2026-06-29,1,Wrong size
3039,519753,107,2026-06-29,1,Arrived damaged
3040,519564,116,2026-06-29,1,Wrong size
3041,518868,113,2026-06-29,1,Wrong size
3042,520243,114,2026-06-29,1,Wrong size
3043,520154,118,2026-06-29,1,Not as described
3044,519589,115,2026-06-29,1,Uncomfortable
3045,519713,124,2026-06-29,1,Wrong size
3046,518801,113,2026-06-29,1,Wrong size
3047,519816,114,2026-06-29,1,Wrong size
3048,519693,122,2026-06-29,1,Wrong size
3049,519142,107,2026-06-29,1,Arrived damaged
3050,519532,112,2026-06-29,1,Wrong size
3051,519088,119,2026-06-29,1,Wrong size
3052,517848,102,2026-06-30,1,Not as described
3053,520211,128,2026-06-30,1,Not as described
3054,520183,119,2026-06-30,1,Wrong size
3055,520151,108,2026-06-30,1,Not as described
3056,520043,114,2026-06-30,1,Wrong size
3057,519238,126,2026-06-30,1,Defective
3058,519340,120,2026-06-30,1,Changed mind
3059,519390,121,2026-06-30,1,Not as described
3060,519077,118,2026-06-30,3,Wrong size
3061,519600,136,2026-06-30,1,Defective
3062,520079,113,2026-07-01,1,Defective
3063,518344,113,2026-07-01,1,Uncomfortable
3064,519239,115,2026-07-01,1,Wrong size
3065,518489,121,2026-07-01,2,Wrong size
3066,519360,124,2026-07-01,2,Not as described
3067,520172,115,2026-07-01,1,Wrong size
3068,519850,102,2026-07-01,1,Changed mind
3069,519699,121,2026-07-01,1,Wrong size
3070,519929,120,2026-07-01,2,Wrong size
3071,520023,128,2026-07-01,1,Changed mind
3072,519047,136,2026-07-01,2,Defective
3073,519872,109,2026-07-01,1,Defective
3074,520220,118,2026-07-01,1,Changed mind
3075,519518,117,2026-07-01,3,Wrong size
3076,519942,110,2026-07-01,1,Arrived damaged
3077,520439,114,2026-07-01,1,Uncomfortable
3078,520356,108,2026-07-01,1,Not as described
3079,518930,122,2026-07-01,2,Wrong size
3080,520183,125,2026-07-01,1,Not as described
3081,520206,115,2026-07-02,2,Uncomfortable
3082,520537,119,2026-07-02,1,Wrong size
3083,519936,104,2026-07-02,3,Arrived damaged
3084,520109,114,2026-07-02,3,Wrong size
3085,520277,122,2026-07-02,1,Not as described
3086,520346,101,2026-07-02,1,Not as described
3087,519579,110,2026-07-02,1,Changed mind
3088,519079,106,2026-07-02,1,Defective
3089,519620,129,2026-07-02,3,Changed mind
3090,519282,114,2026-07-02,1,Defective
3091,519012,112,2026-07-02,1,Defective
3092,519067,127,2026-07-03,1,Arrived damaged
3093,519920,114,2026-07-03,1,Wrong size
3094,520289,108,2026-07-03,1,Not as described
3095,519610,120,2026-07-03,2,Wrong size
3096,519765,113,2026-07-03,1,Uncomfortable
3097,519360,121,2026-07-03,2,Not as described
3098,520129,115,2026-07-04,1,Wrong size
3099,519332,124,2026-07-04,3,Not as described
3100,520321,131,2026-07-04,1,Arrived damaged
3101,520177,117,2026-07-04,1,Uncomfortable
3102,519915,113,2026-07-04,1,Uncomfortable
3103,518893,120,2026-07-04,1,Wrong size
3104,520404,124,2026-07-04,1,Changed mind
3105,520614,107,2026-07-04,1,Not as described
3106,519606,130,2026-07-04,1,Arrived damaged
3107,519313,113,2026-07-05,1,Wrong size
3108,520044,130,2026-07-05,1,Changed mind
3109,520116,117,2026-07-05,1,Wrong size
3110,519237,117,2026-07-05,1,Wrong size
3111,519214,119,2026-07-05,1,Changed mind
3112,520037,121,2026-07-05,1,Changed mind
3113,519909,114,2026-07-05,1,Defective
3114,519272,103,2026-07-05,1,Arrived damaged
3115,519748,120,2026-07-05,1,Wrong size
3116,519747,125,2026-07-05,1,Wrong size
3117,519625,127,2026-07-05,1,Arrived damaged
3118,520592,114,2026-07-05,3,Defective
3119,519822,129,2026-07-06,1,Changed mind
3120,519699,121,2026-07-06,2,Wrong size
3121,520069,122,2026-07-06,2,Changed mind
3122,520228,120,2026-07-06,1,Wrong size
3123,519464,112,2026-07-06,3,Wrong size
3124,520204,117,2026-07-06,1,Wrong size
3125,519514,113,2026-07-06,1,Wrong size
3126,519765,126,2026-07-06,1,Not as described
3127,519045,115,2026-07-06,2,Defective
3128,520080,119,2026-07-06,1,Not as described
3129,519652,125,2026-07-06,3,Not as described
3130,519537,122,2026-07-06,1,Wrong size
3131,519914,121,2026-07-06,1,Changed mind
3132,518968,113,2026-07-07,1,Wrong size
3133,519337,108,2026-07-07,1,Changed mind
3134,519644,118,2026-07-07,2,Changed mind
3135,519290,123,2026-07-07,2,Wrong size
3136,520405,111,2026-07-07,3,Defective
3137,519977,119,2026-07-07,1,Changed mind
3138,520476,122,2026-07-07,1,Not as described
3139,520201,113,2026-07-07,3,Uncomfortable
3140,520376,109,2026-07-07,1,Arrived damaged
3141,519020,133,2026-07-08,1,Changed mind
3142,519587,113,2026-07-08,1,Uncomfortable
3143,519538,111,2026-07-08,2,Arrived damaged
3144,520348,138,2026-07-08,1,Not as described
3145,519753,107,2026-07-08,1,Defective
3146,520417,113,2026-07-09,1,Wrong size
3147,520645,120,2026-07-09,3,Wrong size
3148,520150,120,2026-07-09,1,Wrong size
3149,519926,125,2026-07-09,1,Not as described
3150,520220,115,2026-07-09,1,Uncomfortable
3151,520460,117,2026-07-09,2,Uncomfortable
3152,520498,133,2026-07-09,2,Defective
3153,520268,103,2026-07-10,1,Defective
3154,519713,124,2026-07-10,1,Wrong size
3155,520120,118,2026-07-10,1,Wrong size
3156,520571,122,2026-07-10,1,Not as described
3157,519799,114,2026-07-10,1,Wrong size
3158,520536,121,2026-07-10,2,Changed mind
3159,518586,116,2026-07-10,1,Uncomfortable
3160,520643,131,2026-07-10,1,Defective
3161,520069,130,2026-07-11,1,Changed mind
3162,520428,124,2026-07-11,2,Not as described
3163,519430,120,2026-07-11,1,Not as described
3164,520140,116,2026-07-11,1,Uncomfortable
3165,519900,119,2026-07-11,1,Changed mind
3166,520197,115,2026-07-11,1,Wrong size
3167,520008,119,2026-07-11,2,Changed mind
3168,519625,125,2026-07-12,1,Wrong size
3169,519747,119,2026-07-12,1,Wrong size
3170,520545,119,2026-07-12,1,Wrong size
3171,519847,117,2026-07-12,1,Wrong size
3172,518890,113,2026-07-12,1,Defective
3173,520004,123,2026-07-12,2,Not as described
3174,520035,120,2026-07-12,2,Not as described
3175,519904,109,2026-07-13,1,Defective
3176,520659,130,2026-07-13,1,Defective
3177,520059,114,2026-07-13,1,Defective
3178,519661,123,2026-07-13,1,Wrong size
3179,520043,114,2026-07-13,1,Uncomfortable
3180,520116,117,2026-07-13,1,Defective
3181,520120,118,2026-07-13,1,Wrong size
3182,519824,117,2026-07-13,1,Uncomfortable
3183,520591,114,2026-07-14,1,Uncomfortable
3184,520536,115,2026-07-14,3,Defective
3185,520550,123,2026-07-14,1,Wrong size
3186,520680,121,2026-07-14,1,Wrong size
3187,519765,113,2026-07-14,1,Wrong size
3188,519971,125,2026-07-14,1,Wrong size
3189,520074,117,2026-07-14,2,Defective
3190,520122,120,2026-07-14,1,Wrong size
3191,520127,130,2026-07-14,1,Changed mind
3192,519782,122,2026-07-15,3,Not as described
3193,519817,119,2026-07-15,1,Wrong size
3194,519906,117,2026-07-15,1,Wrong size
3195,520492,133,2026-07-15,1,Not as described
3196,520490,121,2026-07-15,1,Wrong size
3197,520074,103,2026-07-15,1,Arrived damaged
3198,519038,113,2026-07-15,2,Uncomfortable
3199,520233,119,2026-07-15,1,Changed mind
3200,520163,125,2026-07-15,1,Wrong size
3201,520609,111,2026-07-16,1,Arrived damaged
3202,520172,115,2026-07-16,1,Wrong size
3203,519517,103,2026-07-16,1,Arrived damaged
3204,520023,128,2026-07-16,1,Arrived damaged
3205,520043,127,2026-07-16,1,Arrived damaged
3206,520365,111,2026-07-16,1,Defective
3207,520482,116,2026-07-17,1,Defective
3208,519931,114,2026-07-17,1,Uncomfortable
3209,520525,113,2026-07-17,1,Uncomfortable
3210,520515,121,2026-07-17,1,Changed mind
3211,520419,107,2026-07-17,1,Arrived damaged
3212,520720,125,2026-07-17,1,Not as described
3213,520265,120,2026-07-17,3,Not as described
3214,519328,109,2026-07-17,1,Not as described
3215,520135,121,2026-07-18,1,Wrong size
3216,519872,109,2026-07-18,2,Changed mind
3217,519220,115,2026-07-18,1,Wrong size
3218,520178,117,2026-07-19,1,Defective
3219,519850,102,2026-07-19,1,Defective
3220,520490,121,2026-07-19,1,Wrong size
3221,520381,112,2026-07-19,1,Wrong size
3222,520080,119,2026-07-19,2,Wrong size
3223,520344,113,2026-07-20,1,Wrong size
3224,520100,119,2026-07-20,3,Changed mind
3225,520357,101,2026-07-20,1,Not as described
3226,520289,108,2026-07-21,1,Arrived damaged
3227,520513,108,2026-07-21,1,Changed mind
3228,520585,123,2026-07-21,1,Changed mind
3229,520226,116,2026-07-21,3,Defective
3230,519218,116,2026-07-21,1,Defective
3231,520590,120,2026-07-21,2,Changed mind
3232,520299,123,2026-07-21,1,Wrong size
3233,519847,112,2026-07-22,1,Wrong size
3234,520404,124,2026-07-22,1,Wrong size
3235,520570,113,2026-07-22,1,Wrong size
3236,519481,124,2026-07-23,1,Wrong size
3237,520388,122,2026-07-23,1,Wrong size
3238,520576,117,2026-07-23,1,Defective
3239,520439,114,2026-07-24,1,Uncomfortable
3240,520476,115,2026-07-25,2,Wrong size
3241,520573,134,2026-07-25,1,Defective
3242,520346,101,2026-07-25,1,Changed mind
3243,519522,125,2026-07-26,1,Wrong size
3244,520477,124,2026-07-26,3,Changed mind
3245,520479,106,2026-07-26,3,Changed mind
3246,519680,125,2026-07-26,1,Not as described
3247,519947,116,2026-07-28,1,Wrong size
3248,520321,131,2026-07-29,1,Not as described
3249,520679,113,2026-07-29,1,Defective
3250,519858,104,2026-07-30,1,Defective
3251,520044,130,2026-07-31,1,Not as described
3252,519942,110,2026-07-31,2,Arrived damaged
3253,520277,122,2026-07-31,1,Changed mind
3254,519909,114,2026-08-01,1,Wrong size
3255,520129,115,2026-08-01,1,Defective
3256,520268,103,2026-08-03,2,Arrived damaged
3257,520591,114,2026-08-06,1,Defective
3258,520609,111,2026-08-09,1,Changed mind
